date,PriceUSD,CapMrktCurUSD,CapMVRVCur,SplyCur,IssTotUSD,IssTotNtv,HashRate,AdrActCnt
2015-07-30,,,,72049301.59323,,39311.09375,0.0272119781252705,9206
2015-07-31,,,,72085493.31198,,36191.71875,0.0479335803236398,424
2015-08-01,,,,72113195.49948,,27702.1875,0.0543474632366013,413
2015-08-02,,,,72141422.68698,,28227.1875,0.0632866584607851,432
2015-08-03,,,,72169399.40573,,27976.71875,0.0688128311935261,444
2015-08-04,,,,72197877.84323,,28478.4375,0.0755807880342778,411
2015-08-05,,,,72225406.43698,,27528.59375,0.0804675676004759,411
2015-08-06,,,,72252481.90573,,27075.46875,0.0817631638140986,396
2015-08-07,,,,72279919.56198,,27437.65625,0.0883419303707688,1390
2015-08-08,1.19999,86768712.5207460052,5.78278879,72307862.99948,33531.845565625,27943.4375,0.0964831071616326,1208
2015-08-09,1.19999,86801326.1864631927,4.88081534,72335041.28073,32613.6657171875,27178.28125,0.101359674382084,1113
2015-08-10,1.19999,86834706.7207897552,4.62344756,72362858.62448,33380.5343265625,27817.34375,0.111855484194767,1430
2015-08-11,0.99,71666977.5726102,3.83427474,72390886.43698,27747.534375,28027.8125,0.124449902409336,2697
2015-08-12,1.288,93274715.49833024,4.70208081,72418257.37448,35253.7675,27370.9375,0.130915032416523,1219
2015-08-13,1.8848,136547211.261419904,6.08626751,72446525.49948,53279.762,28268.125,0.143056636363579,1606
2015-08-14,1.79504416247808,130100550.6235669778841513984,5.43349984,72477632.21823,55837.9339060349376,31106.71875,0.179594595227737,1893
2015-08-15,1.78222244301578,129222078.6518518209207592944,4.41871028,72506144.87448,50815.895878744148465625,28512.65625,0.210530124619289,1601
2015-08-16,1.53307377556984,111198807.1900535888737111832,3.78569826,72533239.40573,41537.9153207325164375,27094.53125,0.215717629260323,1542
2015-08-17,1.29638,94067093.6884846324,3.81169381,72561358.31198,36452.787684375,28118.90625,0.241920987638493,1522
2015-08-18,1.08418656925774,78698415.4988737008037434752,3.15009403,72587521.12448,28365.36992650851579375,26162.8125,0.250772424488451,1544
2015-08-19,1.24,90042355.9131052,3.4798352,72614803.15573,33829.71875,27282.03125,0.265572407379485,1592
2015-08-20,1.5218,110537252.032546164,3.98691003,72635860.18698,32044.59015625,21057.03125,0.208179649440934,1378
2015-08-21,1.43588,104334703.9086183424,3.77588797,72662551.12448,38324.9833375,26690.9375,0.260000349573678,1613
2015-08-22,1.4,101766142.230522,3.64363585,72690101.59323,38570.65625,27550.46875,0.294632621132977,1594
2015-08-23,1.35,98167082.2446105,3.49516511,72716357.21823,35445.09375,26255.625,0.29808919024565,1794
2015-08-24,1.23804,90059598.5859762192,3.24203363,72743690.49948,33839.69551875,27333.28125,0.310769917558956,1622
2015-08-25,1.27119,92505038.5810480437,3.28295633,72770426.59323,33986.6550140625,26736.09375,0.305265964761222,1779
2015-08-26,1.18,85899946.1831364,3.0647458,72796564.56198,30842.803125,26137.96875,0.323633506262941,1715
2015-08-27,1.13646,82758264.3222015408,2.96609185,72821097.37448,27880.56009375,24532.8125,0.322899375027665,1751
2015-08-28,1.295,94334692.67729535,3.29829906,72845322.53073,31371.57734375,24225.15625,0.33660581293319,1697
2015-08-29,1.179,85911192.23873067,3.02115454,72867847.53073,26556.975,22525,0.333576122685001,1537
2015-08-30,1.32,96213877.4843136,3.30712308,72889301.12448,28318.74375,21453.59375,0.326130346124924,1768
2015-08-31,1.30651,95258420.9011724898,3.27217355,72910594.56198,27820.089028125,21293.4375,0.344156834755417,1662
2015-09-01,1.36,99186069.9417928,3.31858996,72930933.78073,27661.3375,20339.21875,0.348326154268698,1709
2015-09-02,1.30828087083577,95438206.2736661924479441496,3.21459317,72949324.87448,24060.7161468722869234375,18391.09375,0.343209216883069,1645
2015-09-03,1.23357,90009539.2884841686,3.04856863,72966705.81198,21440.603071875,17380.9375,0.327088889869291,1570
2015-09-04,1.23357,90038012.3970279186,3.03745708,72989787.68698,28473.10854375,23081.875,0.332865484808825,1583
2015-09-05,1.36287107188779,99510599.2896975031291008492,3.30058859,73015416.74948,34929.107880854162896875,25629.0625,0.355329698211909,1641
2015-09-06,1.34,97875723.9411782,3.23900739,73041585.03073,35065.496875,26168.28125,0.363368192852201,1732
2015-09-07,1.27561,93205053.9095916828,3.09867966,73067045.49948,32477.6285421875,25460.46875,0.354665488602261,1791
2015-09-08,1.26349378725891,92352468.3167419795872928668,3.06021213,73092934.24948,32710.2747848991062625,25888.75,0.346384777167368,1697
2015-09-09,1.21,88474432.4434333,2.83894004,73119365.65573,31982.0015625,26431.40625,0.361394179029549,1712
2015-09-10,1.1857,86728986.768170936,2.78973383,73145809.87448,31354.910171875,26444.21875,0.364349878063079,1676
2015-09-11,0.927715708357686,67883786.49239528497124731578,2.25259009,73173048.46823,25269.6712954484886440625,27238.59375,0.390750041844249,1839
2015-09-12,1.14639,83915118.4163457522,2.68992164,73199450.81198,30267.3828515625,26402.34375,0.397402837821797,1693
2015-09-13,0.88557,64846414.2677979411,2.15049852,73225622.21823,23176.6122328125,26171.40625,0.404061403207807,1760
2015-09-14,0.955,69954905.87778465,2.29659908,73251210.34323,24436.659375,25588.125,0.372284107600736,1781
2015-09-15,0.95,69612984.3729435,2.5170821,73276825.65573,24334.546875,25615.3125,0.359772032082706,1646
2015-09-16,0.93634,68636665.6476487282,2.48099049,73303143.78073,24642.7131625,26318.125,0.354623505016758,1680
2015-09-17,0.875,64162506.98001375,2.33899071,73328579.40573,22256.171875,25435.625,0.336290284200289,1669
2015-09-18,0.85226,62517083.6911993248,2.28456208,73354473.62448,22068.606871875,25894.21875,0.320001546942883,1643
2015-09-19,0.883689479836353,64846601.67246629532350190894,2.34796246,73381660.81198,24025.0315800883983271875,27187.1875,0.326124469603719,1551
2015-09-20,0.94116,69090220.0465593468,2.47372585,73409643.46823,26336.15675625,27982.65625,0.380795665300636,1636
2015-09-21,0.94116,69115303.7252343468,2.46892478,73436295.34323,25083.678675,26651.875,0.38425813318929,1699
2015-09-22,0.80588,59202092.9986396924,2.15548222,73462665.65573,21251.3074375,26370.3125,0.387369987115674,1712
2015-09-23,0.91,66875668.8310893,2.39300012,73489745.96823,24643.084375,27080.3125,0.412255178551145,1878
2015-09-24,0.8,58812905.399584,2.13476982,73516131.74948,21108.625,26385.78125,0.40859970523688,1754
2015-09-25,0.68233,50180687.4321320634,1.84051674,73543135.18698,18425.255509375,27003.4375,0.413975504474069,1701
2015-09-26,0.77032,56671707.1291594336,2.04735816,73569045.49948,19959.231925,25910.3125,0.412415443726036,1556
2015-09-27,0.700769905318527,51572500.07084410480762177221,1.87468697,73594056.59323,17527.02179910030240890625,25011.09375,0.400885724259864,1537
2015-09-28,0.604208065458796,44481055.09376091219215317608,1.63593024,73618770.81198,14932.530300263003455625,24714.21875,0.370098828603301,1692
2015-09-29,0.68163,50197370.4505105524,1.81560795,73643135.49948,16607.701940625,24364.6875,0.32535643116244,1676
2015-09-30,0.713644313851549,52572915.59156994409971419452,1.88747036,73668232.99948,17910.6881668892510275,25097.5,0.309850132700053,1633
2015-10-01,0.654722555230859,48250207.57113145433988929707,1.7449154,73695655.03073,17953.82236962046646234375,27422.03125,0.340903319439569,1622
2015-10-02,0.66467,49001179.3760690591,1.76594782,73722568.15573,17888.34679375,26913.125,0.356107406300401,1521
2015-10-03,0.6796,50119835.287134108,1.80112465,73749021.90573,17977.9685,26453.75,0.369863477061816,1528
2015-10-04,0.60954,44968509.9868592892,1.7681262,73774502.06198,15531.174440625,25480.15625,0.351039142294178,1520
2015-10-05,0.60777,44853814.3267283346,1.76307409,73800638.93698,15885.20851875,26136.875,0.364383174429479,1577
2015-10-06,0.65114,48070850.3447314072,1.87289931,73825675.49948,16302.30730625,25036.5625,0.349124712624149,1555
2015-10-07,0.6,44311085.455938,1.73984036,73851809.09323,15680.15625,26133.59375,0.346501368036553,1512
2015-10-08,0.633798841028638,46824163.15380946087363504574,1.82176106,73878587.53073,16972.142652057818393125,26778.4375,0.356495289911204,1460
2015-10-09,0.635190847457627,46943169.12292178944867334646,1.82134949,73904038.93698,16166.50030492584443796875,25451.40625,0.347612594199429,1490
2015-10-10,0.635190847457627,46959366.29103481910666490896,1.81920274,73929538.62448,16197.1681130296579915625,25499.6875,0.341791045590625,1408
2015-10-11,0.59931,44322597.7219355463,1.72291151,73956045.65573,15885.9288984375,26507.03125,0.360582401138147,1434
2015-10-12,0.63,46609195.1256099,1.79649186,73982849.40573,16886.3625,26803.75,0.366284833687559,1483
2015-10-13,0.601639343658679,44527037.64569004195468229942,1.71740921,74009517.68698,16044.68722775505557546875,26668.28125,0.375906095792244,1624
2015-10-14,0.483236302162478,35776589.69322587013250388644,1.39636066,74035393.31198,12504.04134114296979875,25875.625,0.370330046490726,1708
2015-10-15,0.559861985973115,41463940.65984187624313507395,1.68771447,74061003.78073,14338.32789607740004765625,25610.46875,0.353976829480264,1636
2015-10-16,0.525,38895383.7231645,1.58457216,74086445.18698,13356.73828125,25441.40625,0.328686802505119,1508
2015-10-17,0.52299,38760303.3807074202,1.57654959,74112895.81198,13833.41236875,26450.625,0.351429821267409,1513
2015-10-18,0.505,37440065.76708115,1.52770711,74138744.09323,13053.38203125,25848.28125,0.342015091017267,1468
2015-10-19,0.499479725306838,37043769.38382884864162631924,1.4982944,74164710.81198,12969.8495483699197978125,25966.71875,0.341093109129236,1581
2015-10-20,0.440034716540035,32646573.1087362631677651193,1.32167465,74190903.31198,11525.6093129748667375,26192.5,0.337069886597399,1462
2015-10-21,0.42,31171118.8816566,1.25876092,74216949.71823,10939.490625,26046.40625,0.339435533109054,1638
2015-10-22,0.546183513734658,40549909.63088006638042697784,1.5882966,74242280.49948,13835.2551087689923415625,25330.78125,0.32090621473129,1542
2015-10-23,0.56491,41955772.6837440593,1.62767608,74269835.34323,15566.0067828125,27554.84375,0.358255652152413,1684
2015-10-24,0.55606,41313564.2930814738,1.60330784,74296954.09323,15079.652125,27118.75,0.376369385291649,1807
2015-10-25,0.624364857977791,46405149.04648363582839923618,1.78113684,74323768.31198,16741.85588162917051578125,26814.21875,0.388693629451373,1725
2015-10-26,0.700519544126242,52083404.28942747420273535416,1.96516266,74349680.49948,18151.993774813706374375,25912.1875,0.371840299527095,1779
2015-10-27,0.83,61733084.1958184,2.2236057,74377209.87448,22849.38125,27529.375,0.395283122456269,1850
2015-10-28,0.99,73659519.0163602,2.58630067,74403554.56198,26081.240625,26344.6875,0.393606684434984,1825
2015-10-29,1.17940672121566,87784498.7330474374007509818,2.68866354,74431065.34323,32446.400312143756334375,27510.78125,0.420224466210139,2100
2015-10-30,1.12067336586791,83443977.7641389818730536868,2.52814732,74458785.49948,31065.2408070718820609375,27720.15625,0.449877398231875,2368
2015-10-31,0.889342571595558,66244048.41994913259013868484,2.05135907,74486537.06198,24680.645959544852559375,27751.5625,0.462672220133489,2097
2015-11-01,0.99,73769570.0460477,2.25825307,74514717.21823,27898.3546875,28180.15625,0.464494054756341,2234
2015-11-02,0.9878,73632440.849448844,2.26082824,74541851.43698,26803.18128125,27134.21875,0.447200654207631,2160
2015-11-03,1.04736265341905,78101264.5761037038114892815,2.37680286,74569457.21823,28913.2642997058588828125,27605.78125,0.431525046907573,2192
2015-11-04,0.799,59603141.72595952,1.85455408,74597173.62448,22145.40859375,27716.40625,0.459284719433839,2164
2015-11-05,0.87638,65399388.6636311574,2.01179401,74624465.03073,23917.642609375,27291.40625,0.447986341678588,2042
2015-11-06,0.959652834599649,71639895.17718772548234440127,2.2780684,74651887.21823,26315.7799652980623121875,27422.1875,0.45195940361169,1938
2015-11-07,0.911850192869667,68095698.12088335262725236691,2.18745832,74678602.53073,24360.3628556984256759375,26715.3125,0.430152476450927,2265
2015-11-08,1,74705891.59323,2.37940703,74705891.59323,27289.0625,27289.0625,0.448105416119846,2426
2015-11-09,0.998,74583485.22223104,2.32150138,74732951.12448,27005.4121875,27059.53125,0.450916746906626,2194
2015-11-10,0.901914669783752,67427497.13796786905820594896,2.10777942,74760395.18698,24752.2025672121513725,27444.0625,0.453807574211324,1976
2015-11-11,0.750047340736411,56094701.21624743402687381628,1.78114722,74788214.24948,20865.6138499050136346875,27819.0625,0.446544184021158,2182
2015-11-12,0.88,65838296.7270424,2.31068324,74816246.28073,24668.1875,28032.03125,0.455378899182375,1947
2015-11-13,0.89998421975453,67358807.2297818618707645194,2.36111323,74844431.43698,25366.1958563157646953125,28185.15625,0.466321361890632,1958
2015-11-14,0.88,65888054.4020424,2.31161449,74872789.09323,24954.7375,28357.65625,0.469575792237185,1906
2015-11-15,0.91,68159827.4170268,2.37911147,74900909.24948,25589.3421875,28120.15625,0.49687708999755,1894
2015-11-16,0.914427235534775,68516482.26103978604512426075,2.41513021,74928304.40573,25050.87699673071343359375,27395.15625,0.485675675624586,1999
2015-11-17,0.999284628872005,74902476.5711040082294765574,2.58968209,74956097.99948,27773.71101548802771796875,27793.59375,0.487255568354369,2032
2015-11-18,0.996753607247224,74739924.62661137207110719352,2.58197813,74983350.03073,27163.56045325157492375,27252.03125,0.502175039001543,1979
2015-11-19,0.94,70509318.6601362,2.45442605,75009913.46823,24969.63125,26563.4375,0.50731487854786,1983
2015-11-20,0.92,69032240.4220216,2.40600396,75035043.93698,23120.03125,25130.46875,0.435892629374676,1861
2015-11-21,0.96,72059353.0795008,2.49551433,75061826.12448,25710.9,26782.1875,0.44292449923727,1841
2015-11-22,0.97,72836150.2766831,2.51501082,75088814.71823,26178.9359375,26988.59375,0.440229489958747,2128
2015-11-23,0.92,69106800.0970216,2.36795249,75116087.06198,25090.55625,27272.34375,0.44578153246886,1877
2015-11-24,0.910014781998831,68381181.78293189184712642038,2.3390317,75142935.18698,24432.190618952364541875,26848.125,0.444013799863641,1944
2015-11-25,0.87,65397384.1439226,2.24598819,75169407.06198,23030.53125,26471.875,0.429825063089065,1829
2015-11-26,0.858832719462303,64580738.36585753267836610244,2.17251787,75195945.49948,22792.0784484053617715625,26538.4375,0.42879463331655,1916
2015-11-27,0.88,66196972.4895424,2.245669,75223832.37448,24540.45,27886.875,0.447370515172587,1757
2015-11-28,0.907557786090006,68294661.33541176465712150938,2.30586779,75251033.46823,24686.5644229766991440625,27201.09375,0.447621071121261,1749
2015-11-29,0.87,65492194.4329851,2.22369564,75278384.40573,23795.315625,27350.9375,0.451396913568562,1758
2015-11-30,0.88,66269055.0770424,2.24870122,75305744.40573,24076.8,27360,0.457643332920761,1883
2015-12-01,0.863293395675044,65034729.32998916612779285212,2.21070608,75333287.21823,23777.52812956604782125,27542.8125,0.462969416739874,1880
2015-12-02,0.82,61794621.2845736,2.10810364,75359294.24948,21325.765625,26007.03125,0.436515545306614,1789
2015-12-03,0.83,62571506.7505059,2.12661247,75387357.53073,23292.5234375,28063.28125,0.457187773774719,1868
2015-12-04,0.84,63347791.0008132,2.14817831,75414036.90573,22410.675,26679.375,0.454008161200215,1869
2015-12-05,0.86993,65628057.4959204489,2.21371558,75440618.78073,23124.37051875,26581.875,0.473004204482828,1833
2015-12-06,0.82499,62259416.8448878802,2.11061662,75466874.56198,21660.7569734375,26255.78125,0.446464119432817,2210
2015-12-07,0.78994398012858,59635709.6985025760035450134,2.02679247,75493593.46823,21106.439147807391965625,26718.90625,0.440068589665084,2057
2015-12-08,0.79461,60008872.4814152403,2.03735342,75519905.96823,20908.175625,26312.5,0.429041535795657,1856
2015-12-09,0.80511,60824635.4800410303,2.06036803,75548230.03073,22803.985959375,28324.0625,0.443002831362164,1856
2015-12-10,0.84374,63766247.3401437552,2.14868727,75575707.37448,23183.734015625,27477.34375,0.462901867793684,1881
2015-12-11,0.899800105201637,68027344.57577558133961208626,2.26766408,75602730.18698,24315.1295303441113440625,27022.8125,0.472279788437054,1905
2015-12-12,0.96,72604739.2795008,2.39707248,75629936.74948,26118.3,27206.5625,0.472736690145396,2244
2015-12-13,0.91994,69600677.0951260062,2.30625382,75657844.09323,25673.081809375,27907.34375,0.517681046152961,2095
2015-12-14,0.99,74927707.1601102,2.43363055,75684552.68698,26441.5078125,26708.59375,0.496527955334348,2300
2015-12-15,1,75711567.21823,2.43789551,75711567.21823,27014.53125,27014.53125,0.514672877889511,2273
2015-12-16,0.8671,65672441.097692858,2.08468404,75738024.56198,22941.162765625,26457.34375,0.493834257487907,2245
2015-12-17,0.94,71219013.2257612,2.22900749,75764907.68698,25270.1375,26883.125,0.511658178209093,2560
2015-12-18,0.9,68212421.324532,2.14360332,75791579.24948,24004.40625,26671.5625,0.510246210215857,2345
2015-12-19,0.893520944476914,67745215.59716711483098306722,2.12732627,75818273.78073,23852.1227748684956765625,26694.53125,0.50836542396101,2272
2015-12-20,0.96,72810921.4795008,2.26178739,75844709.87448,25378.65,26436.09375,0.488991478981582,2290
2015-12-21,0.91,69042762.5951518,2.15484683,75871167.68698,24076.609375,26457.8125,0.49038267906682,2435
2015-12-22,0.88,66790717.0145424,2.09197779,75898542.06198,24089.45,27374.375,0.518807578876428,2407
2015-12-23,0.87093,66126180.1757089914,2.0736047,75925941.43698,23862.93766875,27399.375,0.504893304103431,2301
2015-12-24,0.87,66078786.3595476,2.07039047,75952627.99948,23217.309375,26686.5625,0.497600605300634,2305
2015-12-25,0.865924904734074,65792482.06411678006728871902,2.06124569,75979431.59323,23209.8993644995712784375,26803.59375,0.502515451665638,2223
2015-12-26,0.853,64833110.96230644,2.03280208,76005991.74948,22655.81328125,26560.15625,0.489964859719215,2364
2015-12-27,0.86893,66067220.4398631564,2.06489297,76032845.49948,23334.0289875,26853.75,0.499111231296533,2279
2015-12-28,0.842445938047925,64076356.72512764642345492275,2.01273311,76059903.46823,22794.87586526519065234375,27057.96875,0.501811751539234,2507
2015-12-29,0.86,65434445.5233028,2.04714227,76086564.56198,22928.540625,26661.09375,0.496220246048438,2462
2015-12-30,0.896515517241379,68236755.24640092193035492042,2.12437757,76113300.81198,23969.46299784481928875,26736.25,0.493595382749891,2447
2015-12-31,0.94884,72244875.9960203532,2.22548049,76140209.09323,25531.65358125,26908.28125,0.498269651065245,2658
2016-01-01,0.92037,70101158.5766517201,2.16605632,76166279.40573,23994.333515625,26070.3125,0.483217172570618,2433
2016-01-02,0.94999,72383218.2097478802,2.22649136,76193663.31198,26014.4370984375,27383.90625,0.480767233653097,2486
2016-01-03,0.957062928112215,72948617.97720074634378680445,2.23809044,76221339.09323,26487.46424091813779296875,27675.78125,0.494175132642186,2528
2016-01-04,0.95,72436321.7323185,2.22238525,76248759.71823,26049.59375,27420.625,0.491669516416654,2623
2016-01-05,0.9426,71898322.157997348,2.20757338,76276598.93698,26241.24759375,27839.21875,0.492788265556594,2620
2016-01-06,0.95,72489013.1854435,2.22774819,76304224.40573,26244.1953125,27625.46875,0.496249809854807,2743
2016-01-07,0.939947483343074,71747363.13574612943381578902,2.20804468,76331246.59323,25399.437135049672454375,27022.1875,0.473369433135996,2788
2016-01-08,0.985,75213854.6623003,2.29828206,76359243.31198,27576.76796875,27996.71875,0.497670877699048,2696
2016-01-09,0.969910045587376,74088362.58719026449457506448,2.26559203,76386839.09323,26765.4254502067558575,27595.78125,0.497718312684798,2767
2016-01-10,1,76414127.06198,2.3247523,76414127.06198,27287.96875,27287.96875,0.491594800172945,2909
2016-01-11,1.07090673290473,81861323.1633631856761592279,2.4620569,76441132.21823,28920.0036512692500140625,27005.15625,0.521793689302361,3053
2016-01-12,1.17745,90036108.005237726,2.63709005,76467032.99948,30496.8748828125,25900.78125,0.507370321934664,3070
2016-01-13,1.13743,87006079.4050954114,2.56117759,76493568.31198,30182.060496875,26535.3125,0.491295876933386,2908
2016-01-14,1.16592069608416,89216820.0865280072186662368,2.61281352,76520487.53073,31385.67426304177145,26919.21875,0.51495491232934,2835
2016-01-15,1.29089104734074,98814204.7427074726286903152,2.81991099,76547284.87448,34592.451139387333159375,26797.34375,0.529688524676535,3217
2016-01-16,1.21179,92791374.7956898692,2.66310578,76573807.99948,32140.45764375,26523.125,0.537548256057869,2774
2016-01-17,1.31093687901812,100418299.5895190568692893276,2.64132391,76600407.84323,34870.71614799464541875,26599.84375,0.528553523514628,2667
2016-01-18,1.46624418176505,112353933.970185128796882174,2.7990783,76627027.99948,39031.6492192390317890625,26620.15625,0.555148743560846,3137
2016-01-19,1.35304659848042,103715244.3775582289445314316,2.61101411,76653120.81198,35304.79119791238398125,26092.8125,0.548841034884317,2933
2016-01-20,1.45662153009936,111693248.5010000662760783328,2.7676534,76679663.31198,38662.3769626622628,26542.5,0.549097850171391,3455
2016-01-21,1.49593,114746182.0751949289,2.8235497,76705582.53073,38773.3369046875,25919.21875,0.551330029401315,3047
2016-01-22,1.52,116632393.0467096,2.83956376,76731837.53073,39907.6,26255,0.573484339420624,3114
2016-01-23,2.01225053594389,154455536.2626539171302651147,3.58174779,76757607.21823,51855.067482981562834375,25769.6875,0.573856658709611,3519
2016-01-24,2.1013847849211,161354508.015172908965422278,3.62872686,76784846.43698,57240.079834387544390625,27239.21875,0.606592233141845,3936
2016-01-25,2.53372158971362,194616541.8045467880733432926,4.16871915,76810547.21823,65118.624325631997765625,25700.78125,0.583595333567097,4148
2016-01-26,2.38058670368206,182918408.6583602567714215788,3.87587743,76837532.68698,64241.248098877740065625,26985.46875,0.632694229198361,4417
2016-01-27,2.40130981823495,184573406.7173850191465631385,3.88137912,76863637.21823,62685.0671910460721171875,26104.53125,0.624104319807262,4172
2016-01-28,2.54645331911163,195797300.3008095901879941399,4.03478121,76890198.15573,67636.187455591559953125,26560.9375,0.612189118097928,4568
2016-01-29,2.48763545119813,191339869.8199584245677357224,3.91742164,76916362.37448,65087.0381154028229109375,26164.21875,0.62743033871697,4424
2016-01-30,2.44067,187791386.9309158516,3.77984548,76942555.49948,63928.77439375,26193.125,0.631555552010141,4449
2016-01-31,2.24267177966102,172614493.8899968950691987696,3.52024342,76968237.37448,57596.0163112818580125,25681.875,0.603217918527866,4497
2016-02-01,2.16739736703682,166878042.0525704074429133536,2.97920958,76994668.62448,57287.021657491948625,26431.25,0.633803359050668,4303
2016-02-02,2.44653,188433045.3637584294,3.28311151,77020533.31198,63278.733909375,25864.6875,0.612175713750717,4261
2016-02-03,2.53,194931022.6277469,3.34432539,77047835.03073,69073.3484375,27301.71875,0.653326624639572,4423
2016-02-04,2.55007,196545108.5127402136,3.34470424,77074397.37448,67735.8359265625,26562.34375,0.651291682861257,4210
2016-02-05,2.56451,197726172.5900855173,3.1728161,77100955.96823,68109.7792578125,26558.59375,0.652829192660144,4808
2016-02-06,2.54902,196599034.7054595096,3.15461147,77127301.74948,67155.923321875,26345.78125,0.627185342824114,3957
2016-02-07,2.89807110052601,223597738.3833874776837158498,3.33669411,77153986.43698,77334.121670317662471875,26684.6875,0.650706898677325,4143
2016-02-08,3.18377219345412,245725570.1307216542423763576,3.57093132,77180638.31198,84853.498528415024475,26651.875,0.677377170036895,4647
2016-02-09,3.89347676504968,300604098.7349732528389766664,4.14490261,77207112.53073,103076.7555759675829375,26474.21875,0.658323779161859,4872
2016-02-10,4.37768284453536,338102777.6572043442473716128,4.08873952,77233273.78073,114525.6553166006868,26161.25,0.669734948169753,6143
2016-02-11,5.87194032261835,453664650.6957645466177337705,5.06499071,77259751.59323,155476.134873478180359375,26477.8125,0.697139439840925,8046
2016-02-12,5.47040384395091,422787001.8169083299641005268,4.55004515,77286250.49948,144959.7186104947936921875,26498.90625,0.672942438541149,6614
2016-02-13,5.21879062419638,403481065.0410384643635391324,4.34342257,77313135.18698,140305.55505944961493125,26884.6875,0.713276557763781,6183
2016-02-14,5.15584398305085,398750211.403057780635926058,3.55259197,77339464.24948,135748.538469994770328125,26329.0625,0.721950336956253,5643
2016-02-15,5.15268737580363,398641211.9263570151051939874,3.51569827,77365689.56198,135130.836645255135384375,26225.3125,0.74126171295578,5776
2016-02-16,4.26236679544126,329873667.9152795336894036698,2.94045155,77392135.34323,112721.619879503059184375,26445.78125,0.738630119632921,5797
2016-02-17,3.81098028872005,295037737.900069006450234324,2.64807663,77417807.37448,97835.6050651551461015625,25672.03125,0.71523418839181,5846
2016-02-18,4.366827735827,338184704.19656919298352621,2.97167403,77444022.21823,114475.70677787108203125,26214.84375,0.705043898156363,5678
2016-02-19,4.58564058328463,355252683.6159785376993851174,3.07514061,77470677.68698,122232.3992664752273203125,26655.46875,0.737348993604777,6183
2016-02-20,4.35048920105202,337150899.0673878029293473246,2.93386062,77497238.46823,115552.391999629973090625,26560.78125,0.749218799839219,5328
2016-02-21,4.62442860549386,358503162.8579784575683263178,3.09085,77523775.03073,122716.43871647565925625,26536.5625,0.758125164432766,6463
2016-02-22,5.59370853594389,433795077.5321726404134463647,3.65668403,77550532.84323,149675.404184436119140625,26757.8125,0.79345498036166,6109
2016-02-23,5.60993619696084,435200353.3211108897129691132,3.64876153,77576702.84323,146812.0302744651828,26170,0.792767178502098,6178
2016-02-24,6.23428100935126,483799717.8685836854388954698,3.99644109,77603129.71823,164752.5649489995791125,26426.875,0.793471495827967,6145
2016-02-25,6.07227434482759,471390374.8352926212818924657,3.86721974,77629953.46823,162881.1689570690672625,26823.75,0.805837074009896,6740
2016-02-26,5.87555043717125,456275314.3264168364686475125,3.33886106,77656607.53073,156607.288574264820703125,26654.0625,0.822234183629459,6649
2016-02-27,6.31073388778492,490235501.3311471449746868416,3.4736779,77682803.62448,165316.57655571574415625,26196.09375,0.841438878820139,6033
2016-02-28,6.49883606838106,505019542.9080562088269874738,3.54504607,77709229.40573,171736.820322647933203125,26425.78125,0.857873660619457,6648
2016-02-29,6.33325343074226,492312028.7495219183319627748,3.34140044,77734458.93698,159785.015345081559365625,25229.53125,0.83360493839846,7332
2016-03-01,7.52637569959088,585258049.4246299694756277424,3.54725879,77760940.03073,199306.660498587929925,26481.09375,0.845613917060655,7800
2016-03-02,8.51878790765634,662655932.0702689980846637032,3.42307194,77787584.24948,226976.448496450322784375,26644.21875,0.882525017548909,8668
2016-03-03,9.28491024430157,722493178.4900848248248981836,3.57186608,77813695.49948,242440.6126165193696625,26111.25,0.905177587872144,9175
2016-03-04,9.97869814319112,776737643.0951619218712256176,3.47951158,77839577.06198,258264.299661634921725,25881.5625,0.93299244420922,9118
2016-03-05,10.7510062758621,837139607.084710720858851708,3.54122008,77866162.99948,285825.58091217754921875,26585.9375,0.979685496564811,10229
2016-03-06,10.9844067209234,855592604.682089437490757332,3.54561837,77891562.68698,279000.4980843540714375,25399.6875,0.984976960266153,9887
2016-03-07,9.47688401578024,738415566.6658247554289767752,3.085328,77917548.15573,246261.2734394319333875,25985.46875,0.99850026812128,8216
2016-03-08,9.7728496277031,761728847.002806677135191263,2.98989714,77943371.28073,252365.5175423806141875,25823.125,1.01617294572555,9667
2016-03-09,11.8170986516657,921368689.019195724288640086,3.49687097,77969112.06198,304181.351402196731828125,25740.78125,1.03171419047767,9456
2016-03-10,11.1656511233197,870873244.968500561340755006,3.29736543,77995742.06198,297341.289414003611,26630,1.08330861640598,9951
2016-03-11,11.122905396844,867831820.53125040405439112,3.24988767,78022044.56198,292560.21920048931,26302.5,1.09550657803838,9615
2016-03-12,13.283658818235,1036768512.42107830231092405,3.73441292,78048414.71823,350292.15860854729921875,26370.15625,1.14262697221534,10129
2016-03-13,14.3400544862653,1119609292.832700051766385794,3.83057849,78075665.18698,390773.206651269861859375,27250.46875,1.21006179624535,10304
2016-03-14,12.311385849211,961544758.24349663270062903,2.99608053,78102073.15573,325118.69277515630015625,26407.96875,1.18651477681011,10624
2016-03-15,13.0422990222092,1019037819.797724268688551216,3.01175522,78133296.74948,407227.4462354822883125,31223.59375,1.21611986287344,10566
2016-03-16,12.7028209514904,992913292.774889517447799992,2.95057147,78164786.90573,400013.816578206366375,31490.15625,1.23967960398312,9828
2016-03-17,11.0503306107539,864100619.085410756100139222,2.72713865,78196811.43698,353881.657966919856609375,32024.53125,1.27002984753589,10415
2016-03-18,10.8461398468732,848472850.184237264678725936,2.69895933,78228094.24948,339297.759178513026875,31282.8125,1.26274526245964,10940
2016-03-19,10.5016330590298,821859623.258490841911517004,2.60814953,78260173.31198,336882.5432526831435625,32079.0625,1.31292538314204,9708
2016-03-20,10.2405717878434,801752398.591835212527615182,2.47439658,78291760.96823,323475.66143784524803125,31587.65625,1.355995922738,10253
2016-03-21,11.8347655233781,926936176.689063507466737138,2.81484513,78323155.18698,371543.217695890310359375,31394.21875,1.336962586688,10528
2016-03-22,11.2960089403857,885097278.854859086327005686,2.66823898,78354867.06198,358217.6235163937701875,31711.875,1.37483156965229,9934
2016-03-23,12.4052275651666,972398166.708989826734538368,2.79046909,78386161.12448,388209.9667510464033125,31294.0625,1.29847165200056,10346
2016-03-24,11.167820943308,875760776.10393915591410484,2.5067942,78418232.21823,358164.232456044303125,32071.09375,1.39818802146075,10342
2016-03-25,10.6561121274109,835973297.101530478786727582,2.39004105,78450122.06198,339821.750725613693046875,31889.84375,1.46567783700194,10173
2016-03-26,11.0021322945646,863469902.343978703919126408,2.45980523,78482050.49948,351280.8933337374208125,31928.4375,1.51216237038304,9995
2016-03-27,10.3864397071888,815477616.811740068971911824,2.30401407,78513681.28073,328531.20234440298525,31630.78125,1.53833854826783,10785
2016-03-28,11.6568222752776,915585044.043024903107030648,2.55981129,78544994.71823,365015.17576551292275,31313.4375,1.51168851826366,11015
2016-03-29,11.6889505213326,918476031.994532303470050798,2.53185153,78576432.53073,367475.0348114315289375,31437.8125,1.56639724656557,12530
2016-03-30,11.8662580976037,932784394.742588176681346076,2.51034468,78608132.99948,376165.944002520541734375,31700.46875,1.59713704571321,12999
2016-03-31,11.3805020005845,894957236.373168877013899185,2.47382104,78639521.90573,357221.510374284315703125,31388.90625,1.66470654430392,12255
2016-04-01,11.634682565751,915316842.71336135438646573,2.5213166,78671406.59323,370968.2177706688378125,31884.6875,1.67214849202282,11105
2016-04-02,11.6253264757452,914942115.630916462455024996,2.51623501,78702487.84323,361329.6785242554975,31081.25,1.61656736999103,11011
2016-04-03,11.6097399362946,914083789.619422488717833058,2.50948861,78734217.53073,368373.4201348975659375,31729.6875,1.69873017998081,10977
2016-04-04,11.1254464348334,876308812.507270496791305382,2.40634853,78766170.65573,355492.780613035984375,31953.125,1.77849467270768,11850
2016-04-05,10.4364448877849,822368328.187023657601301852,2.25124264,78797745.49948,329529.116637294501109375,31574.84375,1.79477101265696,12303
2016-04-06,10.7240740794857,845368123.074430937583908061,2.28863445,78829008.15573,335263.041546496615890625,31262.65625,1.78388913356863,12049
2016-04-07,10.0923154412624,795881766.894064801521743552,2.15283663,78860175.49948,314550.66459125815475,31167.34375,1.69821037458113,11965
2016-04-08,9.71449246171829,766396612.3748377955312202392,2.07022028,78892089.87448,310031.95535795065141875,31914.375,1.84638259727381,11777
2016-04-09,9.10883037872589,718896251.5717022008784934747,1.94261626,78923003.46823,281586.6818655908060671875,30913.59375,1.84355657906613,12119
2016-04-10,8.87182292402104,700472806.6443340688520540592,1.89057967,78954777.68698,281895.2422991091545625,31774.21875,1.90134561955301,12983
2016-04-11,8.69525671537113,686801361.1456257142702032624,1.85514642,78985748.62448,269300.252278214556534375,30970.9375,1.85609918412168,12213
2016-04-12,7.4949641735827,592230592.641203432251805746,1.60922608,79017134.56198,235236.47711680577328125,31385.9375,1.8168315425411,12764
2016-04-13,8.04542446054939,635979706.1962999028578515047,1.71940722,79048620.65573,253318.9888234012700453125,31486.09375,1.89678531453222,13109
2016-04-14,8.45583827527761,668687874.7190388501848731428,1.96824968,79080021.74948,265522.5704168305388859375,31401.09375,1.91939718904797,12455
2016-04-15,8.21057201344243,649552763.0725269838381155614,1.92996852,79111755.18698,260549.673827824512253125,31733.4375,1.98549198404715,11977
2016-04-16,8.57401139099942,678575439.4317964205330465516,1.98745536,79143286.43698,270349.296672450461875,31531.25,2.01207995315142,12022
2016-04-17,9.33850245178258,739373931.4245358590437193084,2.17329886,79174785.81198,294156.9906671189058875,31499.375,1.9650084925785,12623
2016-04-18,8.98708852425482,711837167.1104457774144568686,2.0908682,79206649.09323,286358.129266978776328125,31863.28125,2.06929415311652,12628
2016-04-19,8.74754864932788,693138046.9227563980667707524,2.0371651,79237975.65573,274030.6294849604158125,31326.5625,2.07471606022633,12548
2016-04-20,8.50508721332554,674196622.4456286894526969692,1.98005412,79269807.06198,270728.886279045677240625,31831.40625,2.11202772309203,12843
2016-04-21,8.15181716540035,646448728.2533368614685808805,1.89829574,79301180.96823,255754.3475144113246171875,31373.90625,2.14006513194769,13765
2016-04-22,7.90673911747516,627263418.5008229607392054168,1.83973835,79332757.68698,249668.87734213633743125,31576.71875,2.07776643052379,12957
2016-04-23,8.41247736469901,667651649.9608984794854630773,1.94137752,79364451.28073,266621.6400278410139671875,31693.59375,2.16198022448744,12726
2016-04-24,8.00785114552893,635790909.3646831878909540189,1.85059553,79395945.03073,252197.2620145017391875,31493.75,2.11848949497052,12833
2016-04-25,7.51964895265927,597271303.4886636485300490546,1.73941026,79428083.31198,241668.5929418315546796875,32138.28125,2.22703580226765,13365
2016-04-26,7.43243647223846,590576728.0067166856729035008,1.72123326,79459371.12448,232544.67876155839176875,31287.8125,2.17036026930003,13516
2016-04-27,7.79292508533022,619469325.9876188238760257856,1.80550592,79491246.12448,248399.4870949007625,31875,2.18110492110664,13354
2016-04-28,7.25401684395091,576860663.7222838901749442768,1.76032084,79522928.62448,229825.388658474706075,31682.5,2.23492266165702,13144
2016-04-29,7.4498408755114,592669201.938828502839652822,1.81167894,79554612.21823,236037.73180184752109375,31683.59375,2.27979557357129,15158
2016-04-30,8.81711589421391,701723428.8276642814172793918,2.09867251,79586503.93698,281192.9802844247700578125,31891.71875,2.36349766968506,19807
2016-05-01,8.77974883343074,699021766.8778413071562360152,2.06660645,79617512.99948,272251.78031015590608125,31009.0625,2.37202674415925,15667
2016-05-02,10.0712527831677,802169495.092079828969196546,2.30774334,79649425.18698,321395.70717634448634375,31912.1875,2.27227019784732,17759
2016-05-03,9.36254626475746,746019104.5813349020121373708,2.14762375,79681219.56198,297676.3068965479672875,31794.375,2.39511919426543,15057
2016-05-04,9.37736405669199,747494804.4654123824559870402,2.14705359,79712678.31198,295000.1515184591404125,31458.75,2.3651211397736,14731
2016-05-05,9.76751992986558,778905549.2303998206791786484,2.22057924,79744454.56198,310375.155171391136475,31776.25,2.3672421497408,14974
2016-05-06,9.37613761835184,747992592.0667296926656020432,2.00688454,79776195.96823,297611.793200013208875,31741.40625,2.37534533856879,14813
2016-05-07,9.38955362945646,749359327.9481608401119657658,2.00205784,79807769.09323,296457.5504370324936375,31573.125,2.36251025560992,14378
2016-05-08,9.50255639976622,758680475.9453978397030253156,2.01227257,79839618.31198,302648.997460366789640625,31849.21875,2.4134874512638,14903
2016-05-09,9.35556831794272,747242523.8249780401156797856,1.98161811,79871419.71823,297520.22877852560295,31801.40625,2.44030050114279,15448
2016-05-10,9.39206859146698,750455589.8708782164602427954,1.98127575,79903120.65573,297737.37941380776629375,31700.9375,2.48435262886731,15518
2016-05-11,9.93194304792519,793903647.9617749093625035887,2.0183421,79934373.78073,310404.25756968695371875,31253.125,2.38605609417996,17098
2016-05-12,10.0866100637054,806592223.108731790329510692,2.02538327,79966630.81198,325364.09603150957859375,32257.03125,2.44282184186699,18113
2016-05-13,10.6019870642899,848146534.639158182577878627,2.03763251,79998827.53073,341349.195700080078765625,32196.71875,2.58452374814782,18920
2016-05-14,10.2316977346581,818847837.906892012226199663,1.93082624,80030495.34323,324015.48541782746240625,31667.8125,2.54132887127408,16806
2016-05-15,9.98070815254237,799078458.4254283953523535926,1.83405325,80062300.81198,317441.1012485565820859375,31805.46875,2.58409556462364,16252
2016-05-16,11.114176936879,890176837.01096239981732292,1.93485742,80093815.49948,350259.8129854489103125,31514.6875,2.57880226271788,15620
2016-05-17,12.1861296873174,976425921.000529176215107452,2.05208367,80126007.68698,392298.1717934381128125,32192.1875,2.56217884339807,17239
2016-05-18,13.3669491794272,1071473420.336070931747297856,2.0954554,80158412.06198,433147.633816101274,32404.375,2.66007065463155,19994
2016-05-19,14.4955469053185,1162402481.939930662552000005,2.15973435,80190315.65573,462460.039651351138359375,31903.59375,2.74893322781301,19769
2016-05-20,13.6553194693162,1095462573.558784570914399326,2.06867675,80222405.34323,438194.9344830226966875,32089.6875,2.79836303117241,20056
2016-05-21,14.0069761648159,1124119242.555979352228183232,2.09943358,80254241.12448,445923.029157042938921875,31835.78125,2.81447168570668,19027
2016-05-22,14.2251007592051,1142083568.099761562860950848,2.11403848,80286501.12448,458901.750491956526,32260,2.82123793787488,16248
2016-05-23,13.3380535230859,1071293542.272914583590320332,2.0153438,80318581.74948,427893.0933040476006875,32080.625,2.80752508205611,18526
2016-05-24,12.7534579099942,1024747804.232825078181121766,1.96785407,80350585.03073,408152.50040358156846875,32003.28125,2.85963276262596,17641
2016-05-25,12.5230016165985,1006635713.38911910298377503,1.929779,80382942.06198,405207.154652078183203125,32357.03125,2.86270790859211,18653
2016-05-26,12.5269520222092,1007354676.962652001736176216,1.92579418,80414986.43698,401418.34820667993325,32044.375,2.92344268593708,24821
2016-05-27,11.2072346171829,901591856.822077495567093017,1.81033973,80447308.15573,362237.085261849611109375,32321.71875,2.92090289484695,20485
2016-05-28,11.8741358088837,955626017.871594959538355476,1.85338454,80479626.74948,383755.371339639941296875,32318.59375,2.97501644420632,29324
2016-05-29,12.382008962595,996895302.87145132687835685,1.91794295,80511595.96823,395843.15308966012265625,31969.21875,3.0316619819104,19701
2016-05-30,12.6808595523086,1021362119.454691869966818278,1.95734539,80543603.15573,405878.6493519074180625,32007.1875,3.01801952888602,18014
2016-05-31,14.0467417369959,1131818074.888577771629024632,2.14696458,80575132.37448,442882.792950498698953125,31529.21875,2.9948221762803,18729
2016-06-01,13.9132192115722,1121506761.464013795603926206,2.12289032,80607280.34323,447281.73642552272396875,32147.96875,2.93611890940293,18033
2016-06-02,13.8279425201636,1115077852.731820789709627428,2.10494895,80639462.53073,445013.438923127505875,32182.1875,3.01547171359964,17774
2016-06-03,13.8905734938632,1120576659.981009303286166136,2.11306519,80671734.71823,448279.19227648328975,32272.1875,3.13997357281376,17209
2016-06-04,13.7240073641146,1107580592.389332115517491658,2.00058453,80703876.28073,441111.0404441496730625,32141.5625,3.13364314809858,16879
2016-06-05,13.932690873758,1124862198.45087385313183334,2.01412991,80735459.40573,440037.91745225813375,31583.125,3.09936237907698,16846
2016-06-06,13.9915409222677,1130066416.567147013466911421,2.01704982,80767831.28073,452932.4137930347009375,32371.875,3.20056828497444,18113
2016-06-07,14.5364203635301,1174539526.923774028720873723,2.05148378,80799777.21823,464379.57640705985396875,31945.9375,3.2047111463988,21757
2016-06-08,14.5036702378726,1172361835.673233294085418748,2.02682037,80832080.18698,468511.60645430366428125,32302.96875,3.23306675865656,18505
2016-06-09,14.4792054728229,1170850903.793597166664394592,2.0190475,80864306.12448,466605.97061684872396875,32225.9375,3.39536836734254,17937
2016-06-10,13.9494789590883,1128449661.438438463128877209,1.91422529,80895470.34323,434724.613729550081765625,31164.21875,3.20202856174892,18752
2016-06-11,14.2295804792519,1151569241.633131439503832762,1.93154547,80927842.06198,460635.977204832717203125,32371.71875,3.31526370997788,15665
2016-06-12,15.7741600157802,1277076983.712018418013081796,2.05182102,80960062.68698,508253.294558447906625,32220.625,3.32571159092685,19526
2016-06-13,17.6730242136178,1431378647.601246173290849994,2.19355442,80992286.90573,569499.39823366671609375,32224.21875,3.46226627591809,22543
2016-06-14,18.7374935756867,1518194781.090480471677555416,2.25782327,81024432.37448,602325.514190562574640625,32145.46875,3.46717655553445,22750
2016-06-15,18.4093292127411,1492192100.526594352674346503,2.22990544,81056299.40573,586650.669313958531859375,31867.03125,3.45875066460726,19951
2016-06-16,20.728866373758,1680865986.80941199701152084,2.21327176,81088177.06198,660787.6767148415446875,31877.65625,3.45907347906253,20507
2016-06-17,15.4545176265342,1253695038.192861061749458466,1.89446565,81121589.71823,516376.48496495310346875,33412.65625,3.27644246368021,35310
2016-06-18,11.2595861858562,913782758.690870499727486026,1.45994489,81155980.65573,387227.7247936439581875,34390.9375,3.11343832467947,34979
2016-06-19,12.3184533749269,1000125080.638135147345300512,1.56813499,81189176.12448,408916.834055717942484375,33195.46875,3.56164395509099,24631
2016-06-20,11.6931481367621,949727909.891316300726168083,1.4985522,81220890.96823,370846.366103013632421875,31714.84375,3.52476728069812,23734
2016-06-21,13.0507380344828,1060410043.671604718711906444,1.63878909,81252879.40573,417472.717944925892625,31988.4375,3.47225605908219,22409
2016-06-22,13.2261549602572,1075095280.736174385388703756,1.66046578,81285550.03073,432106.74889845288475,32670.625,3.62382689615989,25137
2016-06-23,13.7982121712449,1122034712.966361270198168277,1.75574723,81317398.15573,439447.1860063289808125,31848.125,3.71384850477545,20580
2016-06-24,14.3846063056692,1170181538.027516934017214516,1.80489235,81349570.03073,462779.75599020129375,32171.875,3.69277869368466,21462
2016-06-25,14.348954899474,1167735971.55068156218771102,1.79332239,81381255.96823,454660.088135051946875,31685.9375,3.71299863626555,18544
2016-06-26,13.8508364576271,1127646052.583984930106818283,1.73318988,81413570.65573,447585.45174182672803125,32314.6875,3.77543837456407,22252
2016-06-27,14.0692094097019,1145876123.424717413221405012,1.75563804,81445665.49948,451549.077690412214578125,32094.84375,3.87506628656622,19552
2016-06-28,12.1880433097604,993055283.112198439839687092,1.57175854,81477826.90573,391984.6122777988145625,32161.40625,3.92069267092757,21499
2016-06-29,12.7123285505552,1036178047.121812321313561296,1.62520194,81509696.90573,405141.910906194224,31870,3.80937330624915,20187
2016-06-30,12.4567760923437,1015746448.389965900305018776,1.59845681,81541679.87448,398404.680487175671359375,31982.96875,3.80983837903294,19713
2016-07-01,12.2765263693746,1001449060.736190049829131458,1.5762053,81574301.28073,400477.55403420638503125,32621.40625,3.91907088545648,20006
2016-07-02,12.1115057475161,988374176.441331059071701003,1.55565722,81606217.84323,386557.63015970682540625,31916.5625,3.93397080696758,19728
2016-07-03,11.808243704851,964004440.56224726618257123,1.51727898,81638257.53073,378332.4382272682740625,32039.6875,4.04235233127559,20052
2016-07-04,11.4185644190532,932558663.219611473657379836,1.45830154,81670394.71823,366960.545715941260875,32137.1875,4.0333312002577,20543
2016-07-05,10.5196850140269,859479055.496776621142171637,1.33796587,81701976.28073,332228.08975080391903125,31581.5625,4.02328145068647,20930
2016-07-06,10.5590482302747,863036744.412626874430294656,1.34206433,81734331.12448,341636.355639251938078125,32354.84375,4.02058241583288,19880
2016-07-07,10.1132561992987,826922802.727834364237433426,1.32983519,81766227.06198,322571.78765431887903125,31895.9375,4.03209881064413,20059
2016-07-08,11.3497097738165,928385564.360550587825162295,1.52118921,81798176.59323,362617.907096980698515625,31949.53125,4.01563281036709,20907
2016-07-09,10.9529740350672,896292541.353013672659115056,1.46976975,81830974.71823,359237.011523888409,32798.125,4.00034702541936,21237
2016-07-10,10.9615454120397,897344336.422670999861183106,1.45715749,81862940.18698,350390.937320260904109375,31965.46875,4.09112035378519,20305
2016-07-11,10.5665038094681,865343042.266361662145626588,1.41755146,81894925.49948,337972.92637827763728125,31985.3125,4.13716074722119,19487
2016-07-12,10.5533483343074,864600821.918931965984828902,1.41423473,81926682.84323,335146.31076609001996875,31757.34375,4.15269555822468,21151
2016-07-13,10.4472725622443,856246348.848346999703126714,1.39680883,81958840.81198,335963.064579384629265625,32157.96875,4.21632587220125,18017
2016-07-14,11.5363697253068,945874521.269933867087802964,1.53342748,81990655.96823,367031.4053684054211875,31815.15625,4.15530801619239,20859
2016-07-15,11.9935055680888,983737798.063287727714868824,1.55367209,82022540.65573,382409.17706802136025,31884.6875,4.06884500155598,20896
2016-07-16,11.7186658790181,961571692.197967467185085588,1.5241321,82054706.74948,376943.705289422362546875,32166.09375,4.12399967713069,19326
2016-07-17,11.256689301578,924022096.54443050974186694,1.47360367,82086488.46823,357756.9334388859271875,31781.71875,4.16105818012674,16402
2016-07-18,11.082677006429,910098204.50804144151787567,1.45245902,82118986.59323,360166.222689555445625,32498.125,4.22707618720612,18988
2016-07-19,11.6756251139684,959161482.419331907908936432,1.48504629,82150760.49948,370980.2177813775070625,31773.90625,4.17334919477502,26614
2016-07-20,12.5035100672122,1027571861.616345396958493406,1.58086761,82182671.59323,399000.68195887731534375,31911.09375,4.05638308349064,25428
2016-07-21,12.7455916423144,1047884668.287713727122571512,1.59622328,82215459.09323,417896.08597238339,32787.5,4.25926604481171,22477
2016-07-22,14.824882893045,1219304362.85949881897671035,1.80928548,82247149.71823,469809.804432404203125,31690.625,4.10851279587473,24563
2016-07-23,14.4444565990649,1188483258.506580615058608127,1.72251768,82279540.96823,467874.004814460942125,32391.25,4.28701593907783,22510
2016-07-24,12.7206305338983,1047048086.604809751102351009,1.53565124,82311020.96823,400445.449207118484,31480,4.18570036307411,26999
2016-07-25,13.8402949456458,1139651580.138311193652195434,1.62387863,82343012.53073,442772.6607720617135625,31991.5625,4.05134097468065,25220
2016-07-26,11.9632849389246,985461031.912132530472652958,1.41274779,82373782.53073,368110.277570709942,30770,3.86470008956493,30114
2016-07-27,13.0615638901227,1076360740.700301854471064321,1.50275066,82406727.84323,430317.30409880801484375,32945.3125,3.67228213514866,28854
2016-07-28,12.8882031560491,1062491637.613001382538123218,1.49895319,82439082.06198,416987.744205252967140625,32354.21875,3.91955706963883,24418
2016-07-29,12.8780128211572,1062062871.439358728090473256,1.47844414,82471021.43698,411315.68074974774475,31939.375,3.81658956346581,23504
2016-07-30,12.5187606575102,1032831093.653769046856663446,1.4460724,82502663.15573,396115.10382350282365625,31641.71875,3.78572989468754,20537
2016-07-31,11.9461159415546,985971277.801270537086379108,1.39696176,82534882.68698,384898.25589504160828125,32219.53125,3.801342323893,21395
2016-08-01,11.0070294517826,908811644.751146337321685548,1.31202406,82566477.06198,347760.216135663882875,31594.375,3.75721921378204,21697
2016-08-02,8.35610662244301,690196292.7981883177700580723,1.03821217,82597832.21823,262007.0287883603352703125,31355.15625,3.46557713690266,20299
2016-08-03,10.5420244903565,871082593.45106527814357712,1.28194042,82629536.12448,334223.356127466505078125,31703.90625,3.36845766701323,22724
2016-08-04,11.2604717407949,930817536.878229291892080402,1.37067625,82662392.68698,369980.39353091143153125,32856.5625,3.66288733475257,21846
2016-08-05,11.1665537159556,923413968.936905018105190588,1.35538289,82694624.71823,359920.7083274845228125,32232.03125,3.74356623052404,20746
2016-08-06,10.9901114880187,909170279.804998186168424026,1.33732917,82726210.81198,347134.691783510659953125,31586.09375,3.66760599721762,19499
2016-08-07,11.0233006756283,912271891.308796995721245159,1.33727286,82758505.65573,355995.772928685381578125,32294.84375,3.76924718658908,20085
2016-08-08,11.3098848924605,936353078.987779575354842415,1.36170784,82790681.59323,363906.14943200326921875,32175.9375,3.84501563355586,20439
2016-08-09,12.3070738457043,1019313059.978065865596633764,1.44237233,82823347.99948,402027.873992526481171875,32666.40625,4.02673855453097,22799
2016-08-10,12.094597383986,1002104046.20517788795676478,1.40555632,82855510.96823,388998.1577049734684375,32162.96875,4.12406026434433,21183
2016-08-11,11.7053606078317,970230501.116794105385308766,1.36139959,82887707.06198,376866.887507306397421875,32196.09375,4.2225624422756,22502
2016-08-12,11.7980366867329,978291067.719182729649208267,1.37023345,82919819.09323,378858.922773013345203125,32112.03125,4.17802328244916,20078
2016-08-13,11.5771173313852,960342929.831690697281279696,1.34810231,82951817.99948,370455.0921322451974375,31998.90625,4.16720778373318,19446
2016-08-14,11.2605888357686,934446262.153255640008044078,1.31342481,82983783.15573,359946.48160234888784375,31965.15625,4.18299507517116,19439
2016-08-15,11.1594932787843,926417786.434569861501775914,1.30295006,83016115.81198,360816.060107118189796875,32332.65625,4.19508581760044,19883
2016-08-16,11.1599375049679,926812197.377209251786116692,1.30228173,83048152.99948,357533.01033493879378125,32037.1875,4.31487301338941,20876
2016-08-17,10.8013383448276,897376783.217607997407552148,1.27532003,83080147.53073,345583.7572154099240625,31994.53125,4.27429342451818,20012
2016-08-18,10.7569965517241,894045572.337038877336887843,1.27147291,83112936.59323,352711.83224676599765625,32789.0625,4.31578215031399,19717
2016-08-19,10.7463138515488,893499879.499761848963594624,1.26922712,83144777.99948,342177.7450371675325,31841.40625,4.34859723329121,20028
2016-08-20,11.2954566779661,939522269.281984814769820128,1.32847972,83177006.12448,364031.3897495762165625,32228.125,4.44751090547587,19626
2016-08-21,11.1615502969024,928749318.354858961761810752,1.31014572,83209705.96823,364980.950716474589,32699.84375,4.44616382590527,20155
2016-08-22,11.0871430450029,922915913.186588485685251617,1.30046418,83241995.65573,358000.38419094207759375,32289.6875,4.53609695933003,19998
2016-08-23,10.9988015020456,915916205.619175322574486288,1.29050651,83274182.68698,354018.767658888666125,32187.03125,4.57962841464893,21902
2016-08-24,11.0160879602572,917711248.324578809776016256,1.29220364,83306456.12448,355527.026279863228125,32273.4375,4.58810731869158,19911
2016-08-25,11.3389093699591,944968738.867374916225046268,1.32563714,83338591.74948,364382.9394219919029375,32135.625,4.75065372034176,21375
2016-08-26,11.2794702279369,940374657.054366786381313437,1.32003879,83370463.15573,359492.577919357039265625,31871.40625,4.86813530902708,19894
2016-08-27,11.1837917556984,932759206.629685379736986832,1.30782477,83402769.56198,361308.119874993262875,32306.40625,4.85363022865898,19759
2016-08-28,11.0071141431911,918376298.658106012955887503,1.28920071,83434793.78073,352494.231127770609453125,32024.21875,4.80525645359037,20068
2016-08-29,10.9581454997078,914640505.285370693855614444,1.2816991,83466723.93698,349895.29801590438334375,31930.15625,4.74395350865245,21079
2016-08-30,11.2509861542957,939441536.593886969063006861,1.31421311,83498595.03073,358581.234503510219921875,31871.09375,4.75749382317859,20261
2016-08-31,11.6065258129749,969501612.362218230733609302,1.35351779,83530733.31198,373013.790912772235390625,32138.28125,4.85514817205046,21843
2016-09-01,12.1157511525424,1012422189.131498753467877952,1.4069544,83562477.99948,384610.7341652233185,31744.6875,4.89330808135183,22184
2016-09-02,12.1418857457627,1014999264.089354069769772146,1.40823201,83594862.06198,393203.58685863838696875,32384.0625,4.94448639142905,22712
2016-09-03,11.8944626241964,994690589.622482488146617872,1.3792781,83626357.99948,374627.251407775802125,31495.9375,4.71794187282013,20236
2016-09-04,11.7517066943308,983126836.827866201054972984,1.36379393,83658217.68698,374405.702873037309625,31859.6875,4.59303689176216,20979
2016-09-05,11.7740570724722,985375684.357075498750664456,1.35789725,83690411.74948,379054.7292697370363125,32194.0625,4.75815539729103,20429
2016-09-06,11.7258868883694,981715794.401615890279966662,1.35132229,83722093.15573,371492.58615197936146875,31681.40625,4.72945763109992,20734
2016-09-07,11.586400940678,970411606.70818483887265994,1.33630618,83754360.96823,373867.813103621326875,32267.8125,4.86321128144277,19728
2016-09-08,11.4100041174752,956001680.690078821967512896,1.31033871,83786269.56198,364077.1860703434325,31908.59375,4.76903645715287,22666
2016-09-09,11.6603326066628,977351430.442241550980310344,1.33684985,83818486.43698,375659.47804727959475,32216.875,4.79878849528667,20896
2016-09-10,12.1512841496201,1018889028.655857406165153798,1.38921683,83850317.06198,386782.9690350012955625,31830.625,4.84210216283969,20367
2016-09-11,11.6625664564582,978287213.778543226600960486,1.33253298,83882670.03073,377318.64811059038028125,32352.96875,5.02141461475166,20742
2016-09-12,11.9029244231444,998832796.733934229317289912,1.35600695,83914907.06198,383714.9465952942460625,32237.03125,4.99911270055837,21974
2016-09-13,11.9358937463472,1001980227.251387381658249456,1.35850955,83946811.90573,380812.82499380954925,31904.84375,4.98046463104647,20755
2016-09-14,11.9219326843951,1001196046.177497716372398923,1.3558153,83979340.65573,387805.567807517109125,32528.75,5.11550605916098,20528
2016-09-15,11.9770412472238,1006209481.821100983034999874,1.36144815,84011523.46823,385454.8727641697009375,32182.8125,5.10514427677885,21252
2016-09-16,12.6065540923437,1059502238.467736398428971901,1.41376052,84043762.53073,406423.48529269931578125,32239.0625,5.10022161631953,21568
2016-09-17,12.8097695207481,1076993125.814076011254339113,1.43385201,84075917.53073,411898.1389396551555,32155,5.27600141270699,21193
2016-09-18,12.4434286271186,1046560679.844795209710885828,1.39464272,84105491.43698,368000.79164697168403125,29573.90625,4.67900907933885,19686
2016-09-19,13.0277880993571,1096155072.297476674390228058,1.45507705,84139768.31198,446551.8642081508970625,34276.875,4.6665840246262,20994
2016-09-20,14.7165246510812,1238723151.176739733696912776,1.58188417,84172260.81198,478176.677225255891,32492.5,5.33729989959938,24631
2016-09-21,13.7703979170076,1159527330.959279622414331048,1.47419981,84204344.56198,441806.0041697925865,32083.75,5.46815599188331,20955
2016-09-22,13.1966770894214,1111634633.938161261510013372,1.40669176,84235950.18698,417089.227334344235375,31605.625,4.74283730011714,17551
2016-09-23,13.3695272238457,1126653094.864800249307856486,1.4416445,84270227.06198,458265.6134608560781875,34276.875,5.23878876606128,18092
2016-09-24,12.9613744593805,1092689896.405128062137387765,1.39926668,84303551.28073,431927.677785058771484375,33324.21875,5.04843477519546,18565
2016-09-25,13.085549912332,1103608395.33698150795158736,1.40945375,84337945.49948,450067.266148790130625,34394.21875,5.47393387478411,20158
2016-09-26,12.862145917592,1085180192.00691100796260216,1.38573874,84370073.15573,413230.60267773660375,32127.65625,5.1021550880836,23266
2016-09-27,13.0980911209819,1105549104.968092113745461287,1.4020752,84405360.65573,462198.89043164879625,35287.5,5.01187182825732,17521
2016-09-28,13.3183411092928,1124570944.699632594918567744,1.40005345,84437764.09323,431560.033738649914,32403.4375,5.75298549239031,18839
2016-09-29,13.133496025716,1109387427.54176484586025268,1.37875637,84470077.53073,424388.40298347235875,32313.4375,5.93595689652391,19818
2016-09-30,13.2596977603741,1120467013.004413473438561718,1.38414255,84501700.81198,419315.151566305269515625,31623.28125,5.7975294065286,17640
2016-10-01,13.2374148895383,1119040479.970091299288074459,1.37912542,84536179.40573,456407.450276592170765625,34478.59375,5.10426912780451,22028
2016-10-02,13.2839713617767,1123451082.009056511035132366,1.38227991,84571928.93698,474895.749321941192171875,35749.53125,5.34054200192698,22758
2016-10-03,13.5005305698422,1142215245.482369317651688306,1.40210881,84605211.59323,449333.51814867455934375,33282.65625,5.85598019208663,21671
2016-10-04,13.3260360841613,1127879262.439583306762198624,1.3833614,84637266.12448,427159.840098376020890625,32054.53125,6.08885758705894,40270
2016-10-05,13.0834668217417,1107781684.747936920570013066,1.35803587,84670347.68698,432821.52538012440740625,33081.5625,5.43987094394568,17560
2016-10-06,12.8729818819404,1090382375.159907783353215992,1.33754572,84703170.18698,422523.447819988779,32822.5,5.77877734770228,18040
2016-10-07,12.6904481753361,1075385297.097375745608468978,1.32677321,84739741.43698,464105.552832260347125,36571.25,4.76341138639754,19625
2016-10-08,12.2435036364699,1037953257.874847194004173152,1.28211003,84775836.12448,441925.43766349464365625,36094.6875,5.46910691802389,19591
2016-10-09,12.0857872589129,1024986695.089674547176940292,1.2667223,84809261.74948,403974.9927462005030625,33425.625,5.94688992307276,20008
2016-10-10,11.7732482127411,998870548.066665857900080878,1.2366807,84842392.68698,390058.75070831208778125,33130.9375,6.04354792040396,51780
2016-10-11,11.7647782507306,998534050.706571139140138838,1.23497556,84874872.21823,382114.48284392485803125,32479.53125,6.28007833091802,2268294
2016-10-12,11.8266073921683,1004173165.038491530644534984,1.2411892,84907964.87448,391373.853032734494046875,33092.65625,5.75595910490219,7157228
2016-10-13,11.9585693606078,1015794259.345714702378258944,1.25416414,84942791.12448,416472.12619486739475,34826.25,5.81600777457508,4981603
2016-10-14,11.9049818819404,1011634226.935798932160840992,1.2447116,84975704.87448,391837.5974167158405,32913.75,6.47312065483859,1015290
2016-10-15,11.957119257744,1016449742.37690952212297312,1.24960496,85007912.06198,385105.181894021835,32207.1875,6.65989857499402,713710
2016-10-16,11.96180171128,1017241693.8437476026001344,1.25002324,85040842.37448,393905.868415485175,32930.3125,6.67006238717786,1183203
2016-10-17,11.9689210987727,1018234615.153026383744894446,1.25012532,85073216.43698,387482.59970923606309375,32374.0625,6.35561027475308,1078043
2016-10-18,12.5500731595558,1068093309.625172616666930984,1.30730549,85106540.49948,418219.4223486099514375,33324.0625,6.58187311754109,879126
2016-10-19,11.9925057539451,1021038134.512667662303404798,1.25238111,85139682.68698,397457.87429207736890625,33142.1875,6.17216716153053,14565
2016-10-20,12.0624716101695,1027411601.61520503742558686,1.25938079,85174219.24948,416596.30466909457234375,34536.5625,6.76530967754686,20948
2016-10-21,12.0819085330216,1029455280.308946849264128768,1.26124104,85206346.12448,388153.9652018183155,32126.875,7.20823746047343,23299
2016-10-22,12.043858585038,1026595005.57968283892071774,1.25695605,85238048.78073,381822.3086450711071875,31702.65625,7.25686592977,19093
2016-10-23,11.9570144576271,1019567217.293472178497818283,1.24785332,85269380.65573,374635.6823595650938125,31331.875,7.09947844263351,17749
2016-10-24,11.9264431618936,1017342805.970284709882990328,1.2447803,85301442.53073,382384.1298512373665,32061.875,7.14085505341205,18902
2016-10-25,11.3266441046172,966537734.032244123244574056,1.19909151,85333107.06198,358652.8762082795986875,31664.53125,7.30349187026056,19401
2016-10-26,11.4940479836353,981190141.017743433230503394,1.21459513,85365063.93698,367313.8546570353276875,31956.875,7.39330772595042,19013
2016-10-27,11.4758968591467,980001528.691981878806874966,1.21287765,85396508.93698,360859.5767358679815,31445,7.29456095732958,18772
2016-10-28,11.1283608649912,950669027.084005109575804576,1.17555376,85427587.99948,345859.02284561556675,31079.0625,7.00216583838294,18838
2016-10-29,10.4133396382233,889894991.634998145412977009,1.10381714,85457213.78073,308503.322203957624453125,29625.78125,5.57936362220575,17149
2016-10-30,11.2365086464056,960599887.765264414100669088,1.21118769,85489177.99948,359166.220359974999625,31964.21875,5.35497991579595,15450
2016-10-31,10.976982628872,938764718.56184308377898656,1.18520079,85521199.24948,351496.70500476753,32021.25,5.75827905434007,19967
2016-11-01,10.8072025587376,924574526.147075871508756448,1.16660267,85551697.68698,329602.7917874987725,30498.4375,4.95742236868061,20645
2016-11-02,10.8340809251899,927211411.314860199025241877,1.1690831,85582839.71823,337395.286737292777984375,31142.03125,4.45994692427073,21127
2016-11-03,10.8688609450614,930527265.864876865482111822,1.17235566,85614055.65573,339281.6839572275960625,31215.9375,4.23696765039715,19392
2016-11-04,11.1541980824079,955301063.312414202533222892,1.20191474,85644979.24948,344927.890107410921390625,30923.59375,3.90623248103334,13375
2016-11-05,11.1425230835769,954651306.844639212931693137,1.201394,85676403.78073,350148.564843708655828125,31424.53125,3.67822306592258,16488
2016-11-06,10.9939136177674,942268590.417149907557898452,1.1861356,85708203.93698,349608.17084400609615625,31800.15625,3.61852015575654,15005
2016-11-07,10.9156866861485,935926946.11431806817870278,1.17931621,85741462.99948,363045.50572503084578125,33259.0625,4.28285071817377,18175
2016-11-08,10.8588094389246,931401242.494716655124121708,1.17352113,85773790.18698,351034.7687588853425625,32327.1875,4.79553640215409,16982
2016-11-09,10.6574666475745,914461714.598304550871214385,1.15304062,85804792.53073,330406.444512264752734375,31002.34375,4.69714427782519,17488
2016-11-10,10.5204114956166,903030075.981138942852266868,1.13933413,85836003.31198,328350.26184967503646875,31210.78125,4.31760040924705,16205
2016-11-11,10.290054452367,883579631.92908150620108166,1.12280897,85867342.68698,322483.875253149050625,31339.375,4.20115891349537,17674
2016-11-12,9.88841032670953,849407452.8629774428956729194,1.08179005,85899292.68698,315934.7099383694835,31950,4.25972842590374,16239
2016-11-13,10.1176767387493,869429333.257894395386203489,1.10718267,85931716.90573,328057.763818993904609375,32424.21875,4.64113283245562,17673
2016-11-14,10.0172283571011,861117022.862669062953044928,1.09702172,85963601.12448,319391.500206514588265625,31884.21875,4.78628405075221,16136
2016-11-15,10.2417277703098,880737770.388390788442745154,1.12240225,85995038.15573,321969.51596922200478125,31437.03125,4.8388702087352,17175
2016-11-16,10.0225825832846,862208898.920751012921679508,1.1004251,86026619.56198,316527.25223688541196875,31581.40625,4.75379862985551,16052
2016-11-17,9.93872796025716,855301367.3991755134353275268,1.09275226,86057428.15573,306198.23211932898796875,30808.59375,4.51822447079123,15955
2016-11-18,9.51819493395675,819426436.389620025882795615,1.04848239,86090528.93698,315059.6884037605787109375,33100.78125,4.83627756599998,16522
2016-11-19,9.7004858679135,835433586.632388783330981855,1.06837705,86122860.03073,313627.318016061485390625,32331.09375,5.12267255347497,15736
2016-11-20,9.58891222559906,826135767.0829131679452372388,1.0586793,86155316.43698,311221.630689634740978125,32456.40625,5.6037339542098,16560
2016-11-21,9.53756317708942,822015214.1127948902189985016,1.05517831,86187131.74948,303440.55296759273774375,31815.3125,5.93822895804281,16573
2016-11-22,9.85380703156049,849578581.9317828572451210452,1.09004016,86218309.24948,307217.068726477176975,31177.5,5.55697218016015,121548
2016-11-23,9.79015008942139,844409561.0610060219452646272,1.08363233,86250931.12448,319373.05244834340690625,32621.875,5.10701456458914,2201887
2016-11-24,9.22138124488603,795651504.3451382967503227019,1.02428709,86283332.53073,298785.7199016829929796875,32401.40625,4.66454689409957,1518571
2016-11-25,9.41386307305669,812574199.5539196288173430212,1.04486502,86316764.24948,314721.6226094419628859375,33431.71875,4.67171013416103,1707643
2016-11-26,9.31205627118644,804089175.6565118671123655512,1.0348159,86349260.81198,302609.8186201270966125,32496.5625,4.74264427069325,2236731
2016-11-27,8.91463851198129,770072929.1286749761512600417,0.99242615,86382967.53073,300483.2130812718472921875,33706.71875,4.50990733784733,4138216
2016-11-28,8.68169444944477,750245185.0912058281544674696,0.96813845,86416907.37448,294655.3530993977680546875,33939.84375,4.73086306347532,4295076
2016-11-29,8.16833660783168,706151763.1919570092628675264,0.91354977,86449885.34323,269375.1493925541483,32977.96875,4.78244141542358,3154919
2016-11-30,8.60721732904734,744367005.0201617737104185082,0.9601684,86481725.34323,274053.7997568673056,31840,4.86059267203374,159809
2016-12-01,8.45638715955582,731591427.4866237789622784736,0.94496302,86513473.62448,268475.757900466798434375,31748.28125,4.9289546842747,14917
2016-12-02,7.67124288720047,663909787.1440815142005704431,0.86097289,86545270.03073,243917.9552838490693109375,31796.40625,5.01066754680689,18020
2016-12-03,7.89398178550555,683440311.570195368122515239,0.91748554,86577386.43698,253526.3259533966054296875,32116.40625,5.29463194800973,19886
2016-12-04,7.47449172238457,647354956.8621131831899543986,0.87109415,86608558.93698,232998.593216033008325,31172.5,5.24046488151897,21023
2016-12-05,6.73351910169491,583390684.2950937673834736468,0.7892518,86639790.49948,210298.322669528437596875,31231.5625,5.11490970400022,20575
2016-12-06,7.7770034289889,674046646.649740659828250772,0.90980056,86671769.24948,248698.848404778785875,31978.75,5.0188744182412,18629
2016-12-07,8.35538933781414,724441331.2946130615247691472,0.96911038,86703479.87448,264954.6180204225132375,31710.625,5.17678786797556,15252
2016-12-08,8.26426946493279,716806155.2108041503913955742,0.96135161,86735573.93698,265233.980724394520559375,32094.0625,5.4154130697941,15363
2016-12-09,8.49242592811222,736864312.5047536940799853956,0.98756528,86767234.56198,268875.5126502379553375,31660.625,5.55241200760631,16393
2016-12-10,8.12186280713033,704968846.6922840976880994159,0.94650017,86798910.96823,257271.4257854257297765625,31676.40625,5.69677092553643,16651
2016-12-11,8.2296987445938,714590419.452221637300586224,0.95822121,86830689.87448,261530.82487018906453125,31778.90625,5.85682105173256,15625
2016-12-12,8.52116493980129,740165704.8693035722780670792,0.9899655,86862032.37448,267074.612125721931825,31342.5,5.61524257414104,16013
2016-12-13,8.41006104558737,730782518.8550233863270983176,0.98115873,86893842.37448,267524.0418601342397,31810,5.77669094910997,14703
2016-12-14,8.239893685564,716258467.57220666276613172,0.96213726,86925692.84323,262444.476335378508125,31850.46875,5.74696635166876,16620
2016-12-15,7.81254800701344,679356210.9216702275253230112,0.91351739,86957060.65573,245062.5410312462709,31367.8125,5.73262561708296,17580
2016-12-16,7.8575081987142,683515343.260957537257706116,0.92013666,86988817.06198,249526.22247107386284375,31756.40625,5.91799592260282,16335
2016-12-17,7.79680409760374,678483969.4472668146342254302,0.91921881,87020779.40573,249204.132719019289165625,31962.34375,5.98556948911776,15730
2016-12-18,7.90739229719462,688359602.5669789744349156726,0.93210238,87052668.78073,252161.7982373506851625,31889.375,6.19193628390745,13717
2016-12-19,7.60991483635301,662702907.0666331928848951848,0.90094953,87084142.37448,239511.3680314723683296875,31473.59375,6.20592129954448,17182
2016-12-20,7.62558996580947,664309456.3656861216318625131,0.90275535,87115811.28073,241494.0937281608107921875,31668.90625,6.35889244167503,16898
2016-12-21,7.88992567153711,687586541.9957944826975182028,0.93367416,87147404.24948,249266.1751806946806953125,31592.96875,6.33071239128109,16045
2016-12-22,7.58389207481006,661152170.7642258193879225188,0.89926144,87178478.31198,235662.33632590248006875,31074.0625,6.1064032296676,23152
2016-12-23,7.16697962127411,625029394.8441720641435221503,0.85815166,87209595.65573,223017.3685244312938453125,31117.34375,5.66264111465428,17335
2016-12-24,7.24266080187025,631856409.9323173017470977825,0.86712761,87240922.53073,226889.92960758908796875,31326.875,5.34847331372561,15279
2016-12-25,7.20134819403857,628482763.8165158988240646311,0.86172008,87272930.96823,230503.903584621440434375,32008.4375,5.58454442521542,13822
2016-12-26,7.24033197545295,632114110.7235331185100129035,0.86689544,87304575.65573,229118.042759466273703125,31644.6875,5.79510282654311,13945
2016-12-27,7.15374168614845,624777742.1952368969183887435,0.85789039,87335798.46823,223359.935340046901515625,31222.8125,5.62053902937369,14690
2016-12-28,7.62361589012274,666055297.8418760924258686752,0.91186237,87367373.62448,240716.862920608347178125,31575.15625,5.57168817688826,15321
2016-12-29,8.30259408708358,725640017.8242379621984190384,0.98861146,87399192.37448,264178.165608390661125,31818.75,5.52631754015395,15585
2016-12-30,8.21893582700175,718588742.186718466211849715,0.97695096,87430873.93698,260388.729086645130234375,31681.5625,5.54582093837116,15825
2016-12-31,8.12632962185856,710745870.7762847142559135488,0.96602604,87462102.06198,253770.037222601844,31228.125,5.62451734278383,15928
2017-01-01,8.17785176797195,715511738.7160566598285123985,0.97391776,87493850.34323,259632.7379503832107109375,31748.28125,5.65124692604286,13946
2017-01-02,8.3784564868498,733327565.827188672570113104,0.99632089,87525377.37448,264147.85948767885865625,31527.03125,5.65078479565909,15232
2017-01-03,9.69747177030976,849080608.7702769279508189248,1.14563138,87556904.40573,305732.4955485486257,31527.03125,5.62710414385718,14868
2017-01-04,11.0686323909994,969490486.072230797316817812,1.29313453,87589003.93698,355297.91132964745903125,32099.53125,6.21057281622355,18066
2017-01-05,10.2247939114553,895904836.752672988234365119,1.19730663,87620820.96823,325322.587405583013078125,31817.03125,6.35189987516022,18850
2017-01-06,10.1258320169492,887551255.657044905081786416,1.183551,87652180.49948,317541.3455677689670625,31359.53125,6.38730657969759,17287
2017-01-07,9.92474459380479,870242054.2762351714328665092,1.14188793,87684075.49948,316549.72881940377705,31895,6.60590260143492,16709
2017-01-08,10.4385973290473,915629496.741101258705982904,1.19809376,87715759.87448,330740.4322475330459375,31684.375,6.64662400176507,15727
2017-01-09,10.3648285651666,909487900.108257530280850868,1.18148158,87747510.18698,329086.5459529661645625,31750.3125,6.85448530183045,17353
2017-01-10,10.6283672121566,932945952.889047083207166068,1.20980089,87778859.56198,333192.669371601812125,31349.375,6.89224375813677,16350
2017-01-11,9.97243464874343,875683301.2688666494178606039,1.13812353,87810382.53073,314360.7457937563706578125,31522.96875,6.93971678918316,16407
2017-01-12,9.77226410344828,858414629.7049779499431968944,1.12206561,87841939.24948,308380.58986323827713125,31556.71875,7.0075642652537,18118
2017-01-13,9.81302504967855,862306520.618885276518301529,1.12634919,87873669.56198,311370.351396628416046875,31730.3125,7.16234742705911,17532
2017-01-14,9.77886792986558,859612829.5863061905993161484,1.12183707,87905147.68698,307820.4270547999604375,31478.125,7.19931973574387,16539
2017-01-15,9.87137750146113,868057839.8579041310537973999,1.13156195,87936849.71823,312942.7180318676639203125,31702.03125,7.30602303635081,16277
2017-01-16,9.61363526943308,845696016.9946712721708785484,1.10169099,87968390.03073,303217.0606589410410375,31540.3125,7.300675661184,16857
2017-01-17,10.2436392735243,901437040.842534730138104864,1.16593611,87999686.12448,320585.895045398385703125,31296.09375,7.21270282464906,17779
2017-01-18,10.2417576405611,901595153.283425482490161353,1.16545675,88031291.59323,323695.551053827578515625,31605.46875,7.16689333454433,16719
2017-01-19,10.4345745926359,918904274.650807962929560582,1.18519114,88063415.18698,335196.035167907393265625,32123.59375,7.63913158714454,16434
2017-01-20,10.6508334517826,938280233.938074994792529298,1.21473823,88094536.28073,331465.58636856239921875,31121.09375,7.37806036156061,18418
2017-01-21,10.9621638223261,966052307.073006522426081053,1.24823964,88126060.03073,345568.511794052394875,31523.75,7.58217239603449,16291
2017-01-22,10.7040929427236,943647549.084901212226021228,1.21851884,88157637.84323,338011.839927899080125,31577.8125,7.63831114337155,16436
2017-01-23,10.7988108357686,952337800.465420895854919078,1.22825002,88189136.28073,340145.6681847800115625,31498.4375,7.77887771346506,16840
2017-01-24,10.545993207481,930373392.24020816857885988,1.20010777,88220556.74948,331360.05001336902671875,31420.46875,7.67985842824557,17693
2017-01-25,10.5133496668615,927823928.141364766926872645,1.1967031,88251980.34323,330367.228883153613515625,31423.59375,7.65829178502481,16459
2017-01-26,10.6258650140269,938091370.146605375159546637,1.20868548,88283765.03073,337739.79888802813309375,31784.6875,7.85730321733146,16994
2017-01-27,10.5341234798364,930319849.704690906442935072,1.19871227,88314879.87448,327767.6061183158615625,31114.84375,7.80833408447479,16409
2017-01-28,10.5638735827002,933280283.941555149321689646,1.20177483,88346407.84323,333057.47619432244621875,31527.96875,7.83342642798996,16621
2017-01-29,10.4949952659264,927521736.328977454099918272,1.1919209,88377527.84323,326604.252675629568,31120,7.63534243523514,15710
2017-01-30,10.5793407966102,935313767.636852767883581446,1.20124104,88409456.28073,337781.8214157689825625,31928.4375,7.82971960004382,17322
2017-01-31,10.7060901987142,946855933.474581474709581116,1.21447012,88440870.18698,336320.11380645174934375,31413.90625,7.85238879257226,15900
2017-02-01,10.7228105669199,948670666.499750011719964152,1.21591765,88472202.37448,335969.11120971560428125,31332.1875,7.75811863951735,16645
2017-02-02,10.8279625645821,958313854.069098213924451683,1.21648824,88503617.21823,340158.752097195955546875,31414.84375,7.97489475959517,16639
2017-02-03,10.9571067597896,970086247.169084343523709408,1.2307662,88534890.49948,342664.681385176351625,31273.28125,7.78622486980886,16220
2017-02-04,11.3959769257744,1009303514.388306791907047312,1.2760707,88566651.28073,361945.13026956820525,31760.78125,7.92509839840645,17283
2017-02-05,11.2444300976037,996236825.726673944923205451,1.25885716,88598249.71823,355306.42166224941421875,31598.4375,8.31457783297298,17145
2017-02-06,11.3366601163063,1004766785.316266684642326974,1.26823287,88629876.43698,358541.361062761638953125,31626.71875,8.34985491267349,16440
2017-02-07,11.4869003085915,1018444293.638543181794110545,1.28330989,88661367.84323,361738.644171105291796875,31491.40625,8.28933543009843,16941
2017-02-08,11.4007932261835,1011171375.17362661487085333,1.27126823,88693072.06198,361453.242366439911640625,31704.21875,8.44432441847406,17666
2017-02-09,10.9898948129749,975072955.297761208671953052,1.22692943,88724502.99948,345422.69699818827096875,31430.9375,8.45826785024211,17228
2017-02-10,11.3733687919345,1009454713.738086610017084685,1.26200152,88755999.40573,358220.243901840735390625,31496.40625,8.69911901805991,17116
2017-02-11,11.4835259848042,1019594588.274525617762751816,1.2723906,88787589.24948,362762.79155902955234375,31589.84375,8.71657648790515,16194
2017-02-12,11.4637379637639,1018199564.215437306083699022,1.26910897,88819158.93698,361906.62509791264678125,31569.6875,8.86979183192434,17549
2017-02-13,11.3888621858562,1011910575.461333131249954776,1.26103663,88850892.99948,361414.8644098472668125,31734.0625,8.96152542407446,18652
2017-02-14,13.0940965563998,1163834165.529969762894259604,1.43600208,88882357.06198,411993.4724315980821875,31464.0625,9.06457440395064,19469
2017-02-15,13.0142665108124,1157151603.221913847160140052,1.41715642,88914085.34323,412920.3081175119931875,31728.28125,9.13328354412625,19536
2017-02-16,12.8854819877265,1146107251.23390329362760097,1.37417255,88945625.18698,406406.088536333227734375,31539.84375,9.10777189580492,18484
2017-02-17,12.774232597896,1136612293.46741768993709408,1.36097742,88976952.99948,400188.7636582737825,31327.8125,9.27581213067872,18335
2017-02-18,12.8982752191701,1148051805.288956415360940923,1.37186589,89008164.71823,402577.338500831769609375,31211.71875,9.37906097704467,18471
2017-02-19,12.8614133553478,1145172938.664936837440962894,1.36734337,89039431.90573,402140.2228966637903125,31267.1875,9.55964430841769,17465
2017-02-20,12.7023435815313,1131408155.149590395697925599,1.34847794,89070819.71823,398698.77864768290728125,31387.8125,9.54923692307473,18807
2017-02-21,12.8127439205143,1141644060.134484972727123189,1.35758958,89102230.34323,402456.2945083044844375,31410.625,9.82773427344284,19273
2017-02-22,12.7348605955582,1135099181.270111530904722236,1.3491682,89133223.93698,394699.09576161390528125,30993.59375,9.71049635663417,18605
2017-02-23,13.2532427001753,1181718142.042939458113980719,1.40085224,89164453.46823,413892.557068958911828125,31229.53125,9.74030111749427,18090
2017-02-24,13.1775699006429,1175382796.422208008901146942,1.39114835,89195717.06198,411978.191985927489421875,31263.59375,9.75812343268417,19912
2017-02-25,13.6454301665693,1217544494.950538754988393339,1.43737813,89227270.96823,430566.624216849576328125,31553.90625,9.99064336338269,18853
2017-02-26,14.6590073091759,1308449669.204150022953116032,1.53464353,89259091.12448,466451.903047869196734375,31820.15625,10.3868210827198,18893
2017-02-27,15.6568423302162,1398004736.330425710775043826,1.59037004,89290337.53073,489220.05604213203553125,31246.40625,10.4504856080188,20317
2017-02-28,15.6533547393337,1398191982.899436410423208976,1.58064141,89322193.62448,498654.736078221159734375,31856.09375,10.9225706015662,23302
2017-03-01,17.2656843547633,1542746538.036788440326219959,1.71998987,89353338.46823,537737.041465922546734375,31144.84375,10.5241330401364,25905
2017-03-02,19.204561207481,1716599067.96975535309776613,1.77821423,89384966.90573,607410.2638657373409375,31628.4375,10.7182119031744,32103
2017-03-03,19.6547031858562,1757450213.658846088585017276,1.78849247,89416268.31198,615219.84914365417028125,31301.40625,11.1399238859671,27002
2017-03-04,18.6842248883694,1671256102.739555668001904162,1.70236634,89447440.96823,582436.91974283392921875,31172.65625,10.997418405421,23685
2017-03-05,19.3011112244302,1727044186.128288332436677546,1.75244901,89479002.84323,609179.259826562918625,31561.875,11.5240057504817,23431
2017-03-06,19.7310337568673,1766127908.991603151843125879,1.78081222,89510155.96823,614683.3610069066053125,31153.125,11.5112923577742,23416
2017-03-07,18.8391078433665,1686876788.893849116937121295,1.70608514,89541224.71823,585307.531808592946875,31068.75,11.4826594606844,21977
2017-03-08,16.6778201776739,1493874892.691851316551106447,1.53991894,89572550.65573,522448.35252205148678125,31325.9375,11.877781398638,22169
2017-03-09,17.798087509059,1594768445.71360324068385182,1.62290661,89603360.18698,548350.73330058791859375,30809.53125,11.9378565616604,25523
2017-03-10,19.1809420046756,1719271982.857505513537556188,1.73271439,89634387.21823,595127.6869835074873125,31027.03125,11.9206884206526,25460
2017-03-11,21.4462162478083,1922988334.139358994181945934,1.91264436,89665622.68698,669882.617414158410640625,31235.46875,12.1658518923805,24761
2017-03-12,23.2196188281707,2082717895.138903420642091861,2.04783657,89696472.21823,716314.356652740389984375,30849.53125,12.1804829405175,26504
2017-03-13,28.5448137270602,2561271464.367752261843247446,2.35728953,89728084.71823,902372.9239466905725,31612.5,12.5991032678325,34982
2017-03-14,28.5762455482174,2564983820.239449932061564452,2.16039483,89759300.81198,892038.76005617450378125,31216.09375,12.4145867189254,31196
2017-03-15,34.6731720058445,3113327509.026021923950695235,2.51336325,89790674.71823,1087832.847901489795078125,31373.90625,12.7629426943803,32623
2017-03-16,44.7765893758036,4021927576.798378819820257128,2.89800111,89822106.43698,1407405.1638444968104375,31431.71875,12.8872248287947,45633
2017-03-17,44.127845295149,3965061130.26936807343258502,2.68608473,89853948.31198,1405113.333907472564375,31841.875,13.4926727220835,43985
2017-03-18,32.2416653909994,2898055978.727926445582036562,2.04941514,89885430.65573,1015043.19291192126684375,31482.34375,13.7055774861595,36446
2017-03-19,43.3432976668615,3897274382.01935684788726327,2.64483203,89916425.18698,1343405.194013590851171875,30994.53125,13.1521915839236,31968
2017-03-20,41.8270432928112,3762262884.562666218557338176,2.50860178,89948095.49948,1324675.5320343597075,31670.3125,14.005608269936,32701
2017-03-21,42.3989190461718,3815016949.040857445672109414,2.49841214,89979108.78073,1314929.60107490776921875,31013.28125,13.7633490899822,33443
2017-03-22,41.1990631186441,3708347621.934047131583730068,2.42604888,90010484.24948,1292639.917408295501921875,31375.46875,14.0223241875234,31097
2017-03-23,43.140975748685,3884476666.0075688690141213,2.50083212,90041465.18698,1336547.8733590256921875,30980.9375,14.4360675406994,30922
2017-03-24,52.9880817066043,4772758716.426221141353903264,2.94763375,90072306.12448,1634202.11615827655353125,30840.9375,14.4498877727295,37091
2017-03-25,50.1573111630625,4519342712.61232585806630125,2.77425635,90103368.93698,1558027.15216236736328125,31062.8125,14.577060111664,34083
2017-03-26,50.380642766803,4541036125.21411628634760619,2.74740042,90134541.28073,1570482.71467273420453125,31172.34375,15.3186316517859,30560
2017-03-27,48.8407655622443,4403754322.951561649377986089,2.48838542,90165546.59323,1514323.19899662272284375,31005.3125,15.9546819805417,36649
2017-03-28,50.2165826206897,4529340011.259579282379747606,2.52115135,90196102.06198,1534391.220998277231796875,30555.46875,15.6739916356087,33145
2017-03-29,52.9549353074226,4777984559.484605122128658998,2.46167164,90227370.34323,1655809.81076804506940625,31268.28125,16.1504634878675,33690
2017-03-30,51.8379855821157,4678802761.580525996726993586,2.16940543,90258190.18698,1597638.615955558668421875,30819.84375,16.2110816902218,39494
2017-03-31,50.0319167153711,4517351664.443438329236010153,2.07544007,90289398.46823,1561410.128329877486921875,31208.28125,16.6054155419782,45702
2017-04-01,50.6856101426067,4577936949.361835256228116391,2.08338307,90320249.40573,1563698.59065892538878125,30850.9375,16.3972485179044,32819
2017-04-02,48.7942622232613,4408595269.036143655802397874,2.00517202,90350690.18698,1485335.462593435894890625,30440.78125,16.3764061852348,36178
2017-04-03,44.1242026744594,3988028234.003251942519668612,1.86644721,90381876.43698,1376068.41565635946325,31186.25,15.623869430356,43803
2017-04-04,44.2334705575687,3999277754.564091914346289276,1.86606516,90412931.74948,1373684.25112484521871875,31055.3125,16.5203465294858,36556
2017-04-05,45.345952899474,4101276939.62470282886739852,1.89363704,90444167.06198,1416395.009425351475625,31235.3125,17.062748552106,37087
2017-04-06,43.2308226411455,3911303985.18897610536826059,1.76458071,90474891.43698,1328240.0063850447715625,30724.375,16.9239046651702,41331
2017-04-07,42.4313812974869,3840293151.695340273024241187,1.73256843,90505965.96823,1318535.284109422220515625,31074.53125,17.1762763243905,33358
2017-04-08,44.6247199088253,4040182926.735469741370107719,1.81232706,90536880.34323,1379545.3255313911336875,30914.375,17.3525560916345,30344
2017-04-09,43.9210733267095,3977805277.69995034283204856,1.78109503,90567123.62448,1328317.373421548545546875,30243.28125,16.986778714583,29946
2017-04-10,43.9867391759205,3985073682.71549016184392759,1.77963484,90597160.81198,1321237.93214071954359375,30037.1875,17.0706271735644,32259
2017-04-11,43.9088074582116,3979350334.123219158231342468,1.76871893,90627611.28073,1337043.7693560392566875,30450.46875,17.6720163617519,31056
2017-04-12,46.356845351841,4202610782.12706774971223018,1.85309355,90657825.18698,1400621.37950627223890625,30213.90625,17.4612104086012,35689
2017-04-13,49.9132952574518,4526545313.514389560745368814,1.97512687,90688168.15573,1514517.55820638317203125,30342.96875,17.0995598666862,34575
2017-04-14,47.1097739795441,4273759021.609150709094671443,1.86248554,90719157.84323,1459917.17382170305146875,30989.6875,18.5759032934606,33338
2017-04-15,49.1234506072472,4457911680.854718857570956456,1.93487998,90749155.96823,1473611.4117475274115,29998.125,18.0464626328514,31420
2017-04-16,48.1771319462303,4373503629.223700714011719619,1.89630007,90779659.40573,1469568.13325108931665625,30503.4375,18.3650282031935,28167
2017-04-17,47.8490843132671,4345190061.551614041579947983,1.88252772,90810307.53073,1466484.7171685492391875,30648.125,18.6918231567588,30233
2017-04-18,49.8912425108124,4532161748.423027353303827552,1.95413453,90840827.37448,1522672.9259233521335625,30519.84375,19.1796885566045,34926
2017-04-19,48.0668974666862,4367860101.178397907570110676,1.87550613,90870439.56198,1423365.9803267867580625,29612.1875,19.1118864569487,35182
2017-04-20,49.3441459731151,4485425391.248295966031405148,1.89339076,90900861.74948,1501156.86082147753128125,30422.1875,19.2551316664602,37459
2017-04-21,48.5441502594974,4414184588.239067177711542602,1.86259904,90931339.09323,1479496.75451035396203125,30477.34375,19.787061061238,36875
2017-04-22,48.6126565376973,4421871864.613098144751625529,1.86314801,90961329.40573,1457908.76102071005740625,29990.3125,19.9165613142604,32677
2017-04-23,48.8707930379895,4446842435.416038864690854835,1.86922549,90991820.65573,1490131.568219597341875,30491.25,20.2588727836472,31519
2017-04-24,50.1052582127411,4560660952.542341594675862128,1.88801393,91021603.62448,1492283.339560749033140625,29782.96875,19.5474898376402,37171
2017-04-25,50.2949234336645,4579471672.66456383308846321,1.88818676,91052363.93698,1547087.56198309304015625,30760.3125,20.3645408825991,35038
2017-04-26,53.5068268007014,4873492539.246667301725710272,1.97627098,91081696.12448,1569472.2762481985963125,29332.1875,20.1613455412382,43652
2017-04-27,63.3839737416715,5774978887.45078637132226832,2.29803694,91111026.12448,1859051.949843225095,29330,20.490946255875,50941
2017-04-28,73.2896960841613,6679674801.628692839386839249,2.5515924,91140708.15573,2175387.049473078336640625,29682.03125,21.6669185145552,43952
2017-04-29,70.4783451390999,6425505497.682859136553836802,2.40883975,91169925.81198,2059212.061343079312609375,29217.65625,22.3021008010296,40604
2017-04-30,80.5040275862069,7341910512.681492530480325537,2.56007159,91199294.40573,2364290.081418103549546875,29368.59375,21.7400415498388,43238
2017-05-01,78.3656599269433,7149193510.837924978118655109,2.3561582,91228651.90573,2300619.86130523792975,29357.5,21.8843107712746,50352
2017-05-02,77.6578077147867,7086903074.550766420688754666,2.27180685,91258088.31198,2285966.776376845433296875,29436.40625,21.8071153240935,48989
2017-05-03,81.155050748685,7408453135.50444153979927755,2.33560581,91287640.96823,2398347.31772719294453125,29552.65625,22.2026837363691,42085
2017-05-04,95.4461979970777,8715866609.781202057227135221,2.60551357,91317064.40573,2808355.24137964088859375,29423.4375,21.9990717096785,53852
2017-05-05,91.2619477144945,8336483822.45980981206680661,2.35578304,91346766.43698,2710665.222951781716953125,29702.03125,22.9777058955644,51379
2017-05-06,95.5202134447691,8728299906.239843131489582568,2.41495519,91376469.87448,2837278.69004335866378125,29703.4375,22.9532635128021,46305
2017-05-07,76.6355311633548,7004974186.308525895629893004,1.94535437,91406350.03073,2289881.6454627856981875,29880.15625,23.3985291944824,53043
2017-05-08,89.3967222244301,8174058665.607078486187455723,2.23124645,91435775.96823,2630582.36088094109571875,29425.9375,23.096777185472,58390
2017-05-09,86.2167880181181,7885864294.452502281875487963,2.03213949,91465530.96823,2565380.5274791040655,29755,23.9989064251705,57329
2017-05-10,88.0493733267096,8056090251.180757378713661008,2.06378226,91495145.81198,2607568.433355922505625,29614.84375,23.77482599063,57321
2017-05-11,88.2398370724722,8076140529.564128686720633206,2.0574029,91524880.34323,2623770.19292633314565625,29734.53125,24.371496233529,58056
2017-05-12,85.485073163647,7826566214.55782974450887231,1.98227911,91554770.03073,2555122.1227760451903125,29889.6875,24.9719029858253,52550
2017-05-13,88.2832749123319,8085337507.628943820383006162,2.0384694,91584023.31198,2582575.470681514164046875,29253.28125,24.5002161262861,48670
2017-05-14,89.4800016691993,8197463460.775058634788447614,2.05473122,91612240.81198,2524901.94710063124775,28217.5,25.3077394539546,50833
2017-05-15,90.8514018176505,8325686345.253258433364212365,2.06074936,91640703.15573,2585843.828703343348359375,28462.34375,25.8896704188775,61036
2017-05-16,88.2582728825248,8090584784.587439242557487104,1.99102441,91669421.12448,2534598.3225693196275,28717.96875,26.3521404465894,61723
2017-05-17,86.8320563541789,7962266860.435525022311917597,1.94071806,91697320.03073,2422519.399719953926828125,27898.90625,25.1510100670686,68437
2017-05-18,95.83543393045,8790581923.434126252846791,2.10554891,91725800.81198,2729468.0297719741640625,28480.78125,26.201691944586,68814
2017-05-19,124.608196428989,11433323141.56042279666673822,2.5968212,91754182.06198,3536536.37490024405625,28381.25,27.0958559426814,84077
2017-05-20,124.620777756867,11438048169.42781133135071041,2.54396639,91782834.09323,3570638.41868905818609375,28652.03125,27.9406740504362,69003
2017-05-21,147.731762711864,13563472982.44541650075058072,2.66277701,91811488.15573,4233115.1619809205475,28654.0625,28.4009273934968,73366
2017-05-22,153.63485777557,14109864879.7999786612854536,2.63355833,91840257.37448,4419954.8309705117359375,28769.21875,29.3084589124539,89303
2017-05-23,169.076412100526,15532852746.66905074398728898,2.78103576,91868833.46823,4831543.4030982654003125,28576.09375,28.1418703200435,101993
2017-05-24,191.874668920514,17632797416.27001876509552022,2.9782333,91897474.09323,5495410.43955159628125,28640.625,28.8382640670445,102757
2017-05-25,180.691296002338,16610284632.59261224587278424,2.72686103,91926312.99948,5210939.3456024253628125,28838.90625,28.9610937243452,97544
2017-05-26,164.60314556692,15136127804.4410706094152016,2.44872441,91955276.74948,4767524.35741387915,28963.75,29.0264958812944,91512
2017-05-27,155.72604947107,14324313066.2855711517116061,2.20084862,91984052.21823,4481090.0701157288140625,28775.46875,29.8042873009992,79409
2017-05-28,173.216734450029,15938169821.37700664647548492,2.40222101,92012875.49948,4992674.65425974993765625,28823.28125,29.6145134031624,80003
2017-05-29,193.881140413501,17845287968.45570343528844823,2.59217897,92042412.84323,5726733.89103559617796875,29537.34375,31.4930433354088,85386
2017-05-30,228.073706624196,20999255279.17543592207029308,2.85497762,92072232.21823,6801015.3854668845975,29819.375,33.1594360005532,108206
2017-05-31,229.102651646406,21100578887.46208784197780638,2.70237309,92100980.65573,6586343.261940974990625,28748.4375,32.5617190682694,117434
2017-06-01,220.986285654588,20359256567.17672913956548924,2.58211219,92129050.03073,6202946.9218957510425,28069.375,34.257680473207,110181
2017-06-02,221.467074215663,20409491045.92159596724669899,2.55890678,92155870.65573,5939885.347385466449375,26820.625,33.8343752731406,102330
2017-06-03,224.307389632379,20677417162.41784942087785042,2.488726,92183397.06198,6174376.33189790250796875,27526.40625,34.6852021225729,92861
2017-06-04,245.468700092928,22634823373.32974940993567744,2.66229595,92210629.56198,6684726.37528066176,27232.5,35.6960277621075,97988
2017-06-05,248.05642671128,22880332723.2817706758876344,2.61094785,92238419.40573,6893449.3394897975625,27789.84375,36.4315779017722,103393
2017-06-06,264.404235562244,24395495592.35082697044025812,2.71681563,92265903.15573,7266819.909133823535,27483.75,37.1120692916544,109053
2017-06-07,256.981876225599,23717801492.07878672098875102,2.59532406,92293673.93698,7136587.46987568547921875,27770.78125,38.3549266392263,110230
2017-06-08,258.372808144944,23853314872.76640689886162912,2.5744985,92321305.18698,7139163.6550549839,27631.25,38.6235048042064,101337
2017-06-09,278.428987158387,25712626057.84611095446020126,2.70400914,92348955.18698,7698561.49492940055,27650,38.6270756239062,112166
2017-06-10,344.951987142022,31865669019.00622625481777356,3.14319546,92377113.93698,9713416.7679354119925,28158.75,40.8867371557105,115271
2017-06-11,344.026909994155,31789820604.67505823166725815,3.0453661,92405040.65573,9607542.75783833082890625,27926.71875,41.4588290170215,135899
2017-06-12,389.19372150789,35974398245.7118824213999597,2.87986851,92433141.28073,10936586.82044765143125,28100.625,40.9973777508649,158263
2017-06-13,387.25153943834,35805826216.9182570166495632,2.74276157,92461417.37448,10949960.833990324184375,28276.09375,42.3961091499764,154634
2017-06-14,341.446636869375,31580292272.3077941237498,2.40212873,92489686.12448,9652269.61600114453125,28268.75,43.6883914184236,139341
2017-06-15,342.119337795441,31652157507.49194468220124568,2.38115654,92517884.87448,9647337.67665919189875,28198.75,44.7344469116241,142301
2017-06-16,352.629732300117,32634561412.35665444488400166,2.42925179,92546255.81198,10004436.0957283506496875,28370.9375,45.5405216497313,129910
2017-06-17,368.03726914436,34070886368.2583197367999328,2.4689192,92574554.87448,10415109.6818455651625,28299.0625,46.5569294524669,127728
2017-06-18,350.534463086499,32460592792.36097091649014552,2.33834468,92603142.37448,10020903.9634852901625,28587.5,47.6533040134503,133592
2017-06-19,357.681361649328,33132659536.76115395609884944,2.35658689,92631775.34323,10241479.2505626570825,28632.96875,47.8796893482948,152181
2017-06-20,349.288913500877,32364580144.03474620591413771,2.26420573,92658480.96823,9327978.740611858333125,26705.625,48.6974037065674,159337
2017-06-21,320.277859038574,29684836623.54406714307694152,2.08023256,92684635.49948,8376717.2729074786384375,26154.53125,49.574364720307,133149
2017-06-22,320.145963176505,29681106426.52632653863274865,2.01706748,92711168.78073,8494522.88201435055703125,26533.28125,49.9353708915834,168978
2017-06-23,325.991536277031,30231565534.94495890145191263,2.0408777,92737271.28073,8509194.0756712016775,26102.5,49.8872800846871,158543
2017-06-24,304.768927811221,28271513589.10877812273007133,1.9071929,92763766.28073,8074852.742358300395,26495,50.7952316576364,146929
2017-06-25,276.242345104617,25632568474.44663869722925541,1.7465263,92790149.40573,7288136.321188248388125,26383.125,51.5888400188367,138239
2017-06-26,255.033414298656,23671397769.29367613334769888,1.64846512,92816848.46823,6809153.06794821021,26699.0625,53.1058343331414,175036
2017-06-27,281.08192129398,26096609912.1560400036858804,1.80907247,92843430.81198,7471816.253747021165625,26582.34375,53.8657927565391,142785
2017-06-28,317.776258400351,29511903471.04903056532247373,2.01409612,92870070.34323,8465410.56616422547546875,26639.53125,54.5797242674629,150010
2017-06-29,293.999290413793,27311676299.60879652618320264,1.81499129,92897082.37448,7941518.02013520194703125,27012.03125,56.0277045941703,144689
2017-06-30,276.846878461718,25725702342.55555746725765664,1.73695905,92923938.62448,7435068.9796875140375,26856.25,56.6527986497013,145470
2017-07-01,261.219362042665,24280501298.5577213253734392,1.63686371,92950618.62448,6969332.5792983022,26680,57.5448092799848,130618
2017-07-02,286.533256667446,26641098333.99034918806999058,1.80154229,92977334.09323,7654870.2643348827553125,26715.46875,58.4100280485684,128992
2017-07-03,276.381727718293,25704734817.07801158299470639,1.74024881,93004465.34323,7498581.75015693695625,27131.25,59.2480753882808,159480
2017-07-04,269.404834744594,25063225090.07751100062106112,1.70159539,93031831.12448,7372473.7753129590240625,27365.78125,60.3721521103226,151480
2017-07-05,266.262281550555,24777992873.8912353599665239,1.67840347,93058591.43698,7125261.8612558363484375,26760.3125,59.0176049316365,142843
2017-07-06,266.656013065459,24821813103.87435779596796132,1.68062161,93085517.99948,7180129.8018078983546875,26926.5625,60.5727508362984,133953
2017-07-07,240.161421859147,22362103874.62498556401689981,1.52443863,93112805.96823,6553517.37464797023765625,27287.96875,61.0832029214371,154707
2017-07-08,244.196069263004,22744389962.39315446621023792,1.54858633,93139869.24948,6608746.902609157471875,27063.28125,62.2299024255069,132014
2017-07-09,237.960754773232,22170045178.35419149045141936,1.51441627,93166813.15573,6411592.2677892030175,26943.90625,63.1778036707844,120184
2017-07-10,203.667605391584,18980038068.92282776254837632,1.32375822,93191246.74948,4976331.530173273125,24433.59375,63.759100651386,144224
2017-07-11,192.891972717709,17980466684.44357832690816632,1.26821857,93215214.87448,4623258.913594639025625,23968.125,63.5199742700159,147519
2017-07-12,220.375114831385,20547588188.20118784709502355,1.48464662,93239149.09323,5274506.20543073795546875,23934.21875,61.8928106369583,143779
2017-07-13,205.861691116014,19199263336.58855280143636022,1.41173838,93262924.40573,4894426.038061706604375,23775.3125,63.0792520141974,141249
2017-07-14,197.24683492519,18400505458.7222144125448387,1.36293394,93286695.65573,4688803.8247154227875,23771.25,61.6086957946447,127907
2017-07-15,170.574619883109,15916461788.82703830243403332,1.18853634,93310844.24948,4119137.19961787172796875,24148.59375,64.367412958951,116743
2017-07-16,155.12095854062,14478192007.9530979622501276,1.10966101,93334853.93698,3724405.73926074225625,24009.6875,65.8867656208002,124854
2017-07-17,189.221658703682,17665426045.00922450460852286,1.34578709,93358372.21823,4450168.1879847036865625,23518.28125,62.1766153373736,132893
2017-07-18,228.78765892519,21364723814.7564616820085887,1.59119958,93382326.28073,5480393.881122684084375,23954.0625,63.9411086799174,147492
2017-07-19,191.651705937463,17901574458.62035619375964424,1.35933414,93406809.87448,4692322.50966730699765625,24483.59375,66.2776213928752,138440
2017-07-20,224.107144172414,20938622421.48747840659296972,1.5693159,93431302.68698,5489014.262125403774375,24492.8125,68.1640003328052,138729
2017-07-21,216.214063375804,20206316616.68576307664908192,1.51524605,93455144.87448,5155016.23914280193125,23842.1875,68.6333699912864,130431
2017-07-22,231.983774798363,21685716191.66820291132275749,1.61070866,93479452.21823,5638909.35844639637828125,24307.34375,68.8596932861152,108987
2017-07-23,228.563602995324,21371596392.00352902404443152,1.57749101,93503935.49948,5595986.975647859926875,24483.28125,70.9266476415322,145759
2017-07-24,225.714163052016,21110592979.22298151099845168,1.55800793,93527994.40573,5430435.8881656668175,24058.90625,69.0832737549088,130068
2017-07-25,204.267246499123,19109749788.74478373151664354,1.41636046,93552687.06198,5043900.90093686016546875,24692.65625,72.0505331845941,130009
2017-07-26,202.456667746347,18945327873.81797554067821206,1.40808482,93577198.93698,4962592.532714989370625,24511.875,71.6447571052972,119762
2017-07-27,202.88998441204,18990817977.7243938144194892,1.41483676,93601554.71823,4941544.07815555610625,24355.78125,70.9448234475259,120388
2017-07-28,191.488124044418,17928313034.89686099826465264,1.34294051,93626239.87448,4726914.2620558402703125,24685.15625,71.6522508936875,122826
2017-07-29,205.994907945646,19291573994.52333724035751408,1.43470658,93650732.37448,5045330.282858734655,24492.5,72.2180807613518,104002
2017-07-30,196.771915156049,18432697705.65151124979538577,1.37354925,93675450.03073,4863740.55848138429015625,24717.65625,74.0301957256378,120731
2017-07-31,200.760819609001,18811190148.41126270093694448,1.40504214,93699508.62448,4830022.99988998890234375,24058.59375,74.872434862261,147248
2017-08-01,225.735534699591,21156143194.89447321661561893,1.57613932,93720925.34323,4834514.45854200618703125,21416.71875,76.0306989954851,124859
2017-08-02,217.584664142607,20396835599.75539630342793811,1.51938572,93742064.40573,4599535.8143520782859375,21139.0625,75.1913395137708,126128
2017-08-03,224.028898297195,21005627793.7235213614720211,1.56661272,93763027.68698,4696380.80313174487109375,20963.28125,71.6332967840032,132391
2017-08-04,221.471094210403,20770518641.55849122495677794,1.54906072,93784332.06198,4718303.242718754413125,21304.375,74.4211990288666,135064
2017-08-05,248.939666132671,23351915732.47843324846338608,1.72046076,93805523.62448,5275420.4935796307884375,21191.5625,74.0523112042306,134502
2017-08-06,266.031145936879,24960848263.61720353986357292,1.81974392,93826789.24948,5657318.587813942484375,21265.625,74.6346022752199,135792
2017-08-07,269.646053845704,25305853635.14090853227473392,1.80786722,93848410.81198,5830169.0061032543925,21621.5625,76.8026569521982,152806
2017-08-08,294.522035516072,27646797058.56941536035264256,1.95035408,93870046.12448,6372076.2765263164925,21635.3125,77.5856113735802,169229
2017-08-09,296.828835021625,27869785040.99644793136688,1.91001956,93891771.12448,6448606.440844803125,21725,79.1175954626547,160410
2017-08-10,301.437411189947,28308963715.82537235200097756,1.90794071,93913239.24948,6471296.023102180939375,21468.125,76.9580216223575,169210
2017-08-11,309.864902527177,29107203396.83000191341139921,1.93073117,93935141.28073,6786670.77842843462828125,21902.03125,77.9387680457103,170497
2017-08-12,309.254121247516,29056607551.59395035965241668,1.92028659,93957058.46823,6777980.56052954208125,21917.1875,80.5545512359788,167082
2017-08-13,297.04311033986,27915843251.8091518946813978,1.84689637,93979096.90573,6546366.02203060836875,22038.4375,80.7979567089428,166131
2017-08-14,299.899655571596,28190908019.05501417717514508,1.85976357,94001135.03073,6609226.0969437790975,22038.125,82.7508085903309,209225
2017-08-15,286.238491115137,26913103452.47803780356378501,1.77368696,94023355.65573,6360398.171635291100625,22220.625,82.9264219418801,213108
2017-08-16,300.581495599649,28268464847.75514792754737002,1.84084632,94045925.18698,6783983.45810801559453125,22569.53125,82.616841210287,188623
2017-08-17,301.525778841613,28364065109.83617068175839249,1.8362768,94068458.15573,6794270.95195747692859375,22532.96875,83.3927239139768,196255
2017-08-18,292.570930255406,27528223704.91028121770393888,1.78199872,94090768.62448,6527394.5966216650815625,22310.46875,83.634626642261,206639
2017-08-19,294.006381612507,27669920496.67006493739249636,1.78757038,94113332.99948,6634070.247097712638125,22564.375,87.6198702967003,192634
2017-08-20,297.946730439509,28047354163.97126700661095532,1.80235748,94135465.49948,6594306.0114524329425,22132.5,86.2592125263437,171234
2017-08-21,320.268020935126,30155863981.67085273670392198,1.91016113,94158211.28073,7284746.3455607964371875,22745.78125,87.442289512734,192142
2017-08-22,314.667140353594,29635581241.01736566793125612,1.87107757,94180730.81198,7086156.5005408961328125,22519.53125,87.407948725128,180890
2017-08-23,317.911476100818,29948324124.63835551151844964,1.87980528,94203343.93698,7188971.94800231003625,22613.125,89.982800066586,200456
2017-08-24,324.404678510228,30567313885.67718924454930644,1.89643904,94225872.53073,7308381.212756281831875,22528.59375,88.5413238672339,168031
2017-08-25,330.229825942724,31122409700.40876613235553352,1.9114808,94244696.43698,6216215.284499654445625,18823.90625,88.6254314158027,175112
2017-08-26,332.432620397428,31336182227.56413169750421244,1.91749734,94263259.09323,6170832.458724194348125,18562.65625,89.0975456753472,144211
2017-08-27,345.159394547049,32542282722.38483633788472202,1.96444536,94281897.68698,6433285.73395841157234375,18638.59375,88.6743953720925,151002
2017-08-28,347.312148939801,32751647880.93426281011820973,1.96144277,94300323.15573,6399389.14678564895671875,18425.46875,85.0654272337891,176815
2017-08-29,373.270473714202,35206648354.70364765076273996,2.07507806,94319403.31198,7122058.9619784920040625,19080.15625,90.3297374516435,188218
2017-08-30,385.096362653419,36329354372.47566158024862837,2.08904609,94338347.21823,7295229.39132237077796875,18943.90625,91.1949530906649,199429
2017-08-31,388.628983109293,36669907538.20443444169748014,2.05577343,94357109.56198,7291590.57230949908546875,18762.34375,89.049294009372,201738
2017-09-01,391.600977030976,36957711364.44076238013189248,2.05874705,94375942.68698,7375070.15054649988,18833.125,91.1417729156556,194535
2017-09-02,349.100817241379,32953298615.79123159906492042,1.83462921,94394790.81198,6579895.840967666564375,18848.125,91.4874562525524,170203
2017-09-03,352.873988895383,33316044652.69693164070980709,1.85056566,94413432.84323,6578287.92829988286671875,18642.03125,92.2390728163569,155252
2017-09-04,313.259609643483,29581842332.01357984924970134,1.6601133,94432353.93698,5927214.44215274591953125,18921.09375,91.6784006125064,217222
2017-09-05,321.673799707773,30382558477.92430172907439554,1.7067802,94451455.18698,6144371.66666809901625,19101.25,91.9596116074632,209290
2017-09-06,338.424651081239,31971093025.76054357074553697,1.77776395,94470343.46823,6392259.99155555883046875,18888.28125,90.7481072233864,219517
2017-09-07,336.414099064874,31787590719.97598982434201552,1.76351133,94489472.37448,6435233.7621901874140625,19128.90625,92.553904941936,203211
2017-09-08,310.01521244886,29299146973.5812096795503428,1.6373551,94508739.56198,5973121.22610451978125,19267.1875,97.7727062631054,212715
2017-09-09,305.233473699591,28853042373.73416719140186893,1.62216165,94527779.09323,5811502.26104941595671875,19039.53125,95.6881437474321,187363
2017-09-10,301.328705435418,28489655157.30350347791352014,1.60308202,94546767.84323,5721855.4553367935475,18988.75,94.75707573209,168148
2017-09-11,298.009521917008,28181453399.14775849170215584,1.58897965,94565613.93698,5616315.3884406124875,18846.09375,95.0975820463822,192744
2017-09-12,293.927871127995,27801146068.4195447288812551,1.57371741,94584926.43698,5676482.0111594034375,19312.5,99.1424407673866,206092
2017-09-13,276.957384570427,26201227864.32009383286578421,1.49081616,94603824.71823,5234018.54787633987859375,18898.28125,95.1181205728673,184759
2017-09-14,225.336907948568,21322080020.65079966272449464,1.27579729,94623114.40573,4346678.5365441427925,19289.6875,96.7568348716705,201842
2017-09-15,258.900247808299,24503005748.45593256773262202,1.45446712,94642650.81198,5057980.41940860138546875,19536.40625,99.1082844803821,211723
2017-09-16,255.184495616599,24156271861.07473840155933727,1.43783212,94661988.78073,4934749.80171830344328125,19337.96875,98.2334641712531,172971
2017-09-17,259.595284921099,24578795248.42237499727646602,1.46051587,94681208.31198,4989299.69089371601484375,19219.53125,100.448115483794,151929
2017-09-18,296.59002980713,28087157625.8185803635434174,1.65248977,94700275.81198,5655230.393347451275,19067.5,96.8170696368565,191107
2017-09-19,284.68624050263,26965380713.1155452218583199,1.58850028,94719648.78073,5515217.6408124352828125,19372.96875,99.9695400604929,174538
2017-09-20,284.783950029223,26980097391.84611196423224154,1.5862306,94738827.06198,5461666.68914638441296875,19178.28125,99.2364034411337,182509
2017-09-21,258.71685534775,24515535041.2167169167894825,1.45295452,94758167.21823,5003624.4069341330859375,19340.15625,101.506842803271,174750
2017-09-22,263.592519286967,24981693913.60812844160146466,1.48147829,94773910.81198,4149893.53919304811765625,15743.59375,102.085919690973,131621
2017-09-23,285.098802746932,27024206634.40866935927447036,1.59268902,94788916.59323,4278130.268657360700625,15005.78125,98.8831996375674,131179
2017-09-24,284.710706604325,26991821449.415474167415751,1.58676283,94804377.99948,4402027.89853402683203125,15461.40625,100.165139480755,132444
2017-09-25,294.606179135009,27934337650.48368235574617032,1.63706975,94819252.37448,4382082.785771299494375,14874.375,95.5793133520287,147862
2017-09-26,288.873323495032,27395145425.25146565322858336,1.60203476,94834459.24948,4392860.521223514745,15206.875,96.6542998771498,159185
2017-09-27,310.386890707189,29440156339.81517721285848047,1.70878973,94849870.34323,4783401.47145949347796875,15411.09375,97.9969797932399,161803
2017-09-28,302.473999707773,28694156150.07576264779502054,1.65683076,94864868.31198,4536495.59530468858609375,14997.96875,95.8252886549484,166745
2017-09-29,291.483834891876,27655904875.74646941022547448,1.59895372,94879720.81198,4329263.65773158829,14852.5,91.7942628166932,166723
2017-09-30,301.653574810053,28625311071.98580516735386619,1.65072162,94894652.21823,4504112.07225366792703125,14931.40625,91.2249816456851,150248
2017-10-01,302.921215371128,28750187384.78978273409601344,1.64883986,94909784.87448,4584002.62304349619875,15132.65625,94.9838097876945,133565
2017-10-02,296.383131209819,28134131413.44933546049742537,1.6174612,94924874.09323,4472189.90063491103890625,15089.21875,94.0917549253502,153749
2017-10-03,291.627101987142,27687092382.04381664901987366,1.59789726,94940052.53073,4426443.740817960650625,15178.4375,94.0446032716551,156587
2017-10-04,292.153131209819,27741508953.55833700931305037,1.59978836,94955370.96823,4475329.4808669117378125,15318.4375,96.7407095802861,144259
2017-10-05,295.104265926359,28026302383.29036556415029332,1.61459442,94970847.99948,4567337.94575056844171875,15477.03125,101.20220752605,139560
2017-10-06,307.36563383986,29195392772.1623324433145228,1.67535089,94985872.06198,4617880.49316217163125,15024.0625,96.0291254220148,141273
2017-10-07,311.539527761543,29596531540.89498063204252889,1.69435018,95000887.21823,4677814.68739078088609375,15015.15625,94.3170232315821,134989
2017-10-08,308.811207773232,29342032506.99310421183391936,1.678259,95016086.74948,4693785.6028994826975,15199.53125,97.1255459684528,141322
2017-10-09,296.16992226768,28145411401.0779198198608064,1.61205026,95031295.49948,4504374.3052885782,15208.75,97.7743151267973,153436
2017-10-10,297.805755406195,28305478079.4458483835144036,1.62193259,95046779.87448,4611335.993867800703125,15484.375,98.3059043526499,159757
2017-10-11,302.037225599065,28712347225.21645571115145495,1.64255276,95062279.71823,4681529.80346900764609375,15499.84375,101.191949673399,164924
2017-10-12,302.722357977791,28782136841.13988555986626743,1.64405125,95077671.28073,4659370.0929625437884375,15391.5625,97.7286688377333,163736
2017-10-13,336.118935417884,31962593123.47282965712282532,1.80771345,95093104.71823,5187470.58233844909625,15433.4375,101.43149843024,176192
2017-10-14,339.239905902981,32264573582.05545040204985613,1.79912966,95108426.28073,5197685.4207866423278125,15321.5625,97.4873010874583,153996
2017-10-15,335.292906779661,31894403574.99187436010163878,1.7710949,95124003.31198,5222868.08681011626140625,15577.03125,100.315271244646,154242
2017-10-16,334.387035067212,31813641368.23884025107704976,1.75759431,95140175.99948,5407937.02219356117225,16172.6875,101.326021296086,166773
2017-10-17,315.673910286382,30039630634.01316261527308136,1.63779113,95160320.99948,6359250.92271916539,20145,100.210426135989,207471
2017-10-18,313.292919637639,29819439601.58979256128902147,1.62658205,95180700.65573,6384802.00777395738159375,20379.65625,101.734299739261,179137
2017-10-19,308.361189362946,29356331882.98667833838764308,1.60203704,95201124.18698,6297824.3872412952230625,20423.53125,105.483531096441,183418
2017-10-20,304.104843950906,28957350359.78748591176265388,1.57973933,95221601.81198,6227344.95511017147825,20477.625,104.522701263849,198225
2017-10-21,299.96448918761,28569141397.4795175321852553,1.56047294,95241745.03073,6042250.3229380380196875,20143.21875,106.037269596029,173297
2017-10-22,294.862483343074,28089227344.82442407153066402,1.53613736,95262127.03073,6009887.135498534268,20382,107.55463821714,207996
2017-10-23,285.272274400935,27181483923.5386018980193263,1.49257282,95282599.68698,5840281.21146601693359375,20472.65625,105.382317005987,197761
2017-10-24,297.201345119813,28324218179.21022427038547849,1.55197648,95303129.15573,6101385.72709516598934375,20529.46875,108.247243300173,214936
2017-10-25,297.963974576271,28402923453.61460769835896408,1.55676744,95323347.37448,6024300.81760248563728125,20218.21875,106.131269706909,192161
2017-10-26,296.136726183518,28234724769.89193746577300814,1.54556,95343543.28073,5980749.5591842498231875,20195.90625,102.415954282138,197162
2017-10-27,297.075979836353,28330358726.26577461128387769,1.55141274,95364016.78073,6082185.0731795731455,20473.5,104.392884587288,178047
2017-10-28,295.060524254822,28144188634.90004664905968006,1.54143478,95384459.53073,6031848.5322102624405,20442.75,106.040932264331,154861
2017-10-29,304.336856808884,29035182034.30545066706575532,1.58486545,95404750.96823,6175432.30888391913075,20291.4375,104.655372220927,161233
2017-10-30,306.156846873174,29214971055.24277590651232452,1.59139506,95424849.56198,6153322.0890848819990625,20098.59375,101.715958382518,178292
2017-10-31,304.758790181181,29087850155.74909612041453588,1.58262116,95445483.74948,6288450.0188716477254375,20634.1875,106.195314567289,214027
2017-11-01,290.520131209819,27734711857.03427928091217537,1.51069495,95465714.34323,5877394.75070254420003125,20230.59375,107.001857541674,232914
2017-11-02,284.507127410871,27166450732.94827704568622208,1.48432266,95486011.12448,5774578.92912432755896875,20296.78125,102.508977772303,250046
2017-11-03,305.85942402104,29211508197.4560120841440592,1.58976988,95506320.56198,6211832.855941310565,20309.4375,101.962878613893,211882
2017-11-04,300.036860023378,28661473771.69433205726759344,1.55999076,95526508.87448,6057237.891670712369625,20188.3125,100.780856078753,174924
2017-11-05,296.308627410871,28311429785.40545844674450333,1.53976049,95547099.09323,6101059.45590208001803125,20590.21875,104.939884863836,168183
2017-11-06,297.987309468147,28477854659.15422143125046981,1.54656164,95567340.46823,6031672.876185813982125,20241.375,102.873444705313,195513
2017-11-07,292.059068381064,27917270345.21906962706484672,1.51792884,95587753.87448,5961920.41185918923925,20413.40625,101.544093639577,187168
2017-11-08,309.827165692577,29621958339.31619471620951621,1.59804852,95608008.65573,6275481.46641065188378125,20254.78125,104.981552205758,215842
2017-11-09,319.44557685564,30548043566.4547442761500672,1.63597976,95628319.12448,6488089.40605219948125,20310.46875,101.857378975286,243554
2017-11-10,299.664234365868,28662538195.04848326252437364,1.54156784,95648845.96823,6151160.916291552769125,20526.84375,104.249850443729,233966
2017-11-11,316.147826125073,30245630393.68000470556471204,1.61904806,95669265.74948,6455669.45213702580028125,20419.78125,104.296269610574,194696
2017-11-12,307.17681823495,29393589265.6529325026693885,1.57453306,95689477.59323,6208609.8537869601890625,20211.84375,107.4971772437,213315
2017-11-13,315.537040327294,30200018191.29642885074024462,1.60950976,95709898.78073,6443641.063718732141625,20421.1875,104.994311281487,214384
2017-11-14,334.214478959673,31994334336.37991496329240754,1.68518178,95729946.93698,6700384.09519586175290625,20048.15625,102.655925816302,226170
2017-11-15,330.784093804793,31672723312.25041891652488264,1.66669538,95750442.37448,6779564.7205702721319375,20495.4375,102.8127013911,258219
2017-11-16,329.662060490941,31571954356.54058555097536693,1.65611584,95770663.78073,6666230.45039939240578125,20221.40625,99.5042817126193,242563
2017-11-17,332.276588836937,31829116325.97639440851494901,1.66491802,95791028.90573,6766854.266237826622125,20365.125,101.262336202578,255402
2017-11-18,347.42983635301,33287725418.5225891015486223,1.73328736,95811360.84323,7063921.718364627256875,20331.9375,99.9726031152008,206670
2017-11-19,355.932445353594,34109641088.05767195251438112,1.76816175,95831783.62448,7269130.4712340291633125,20422.78125,101.724230974354,207546
2017-11-20,369.559533606078,35423091358.89933444031090194,1.80501036,95852191.96823,7542097.9979225169133125,20408.34375,106.453718134858,234513
2017-11-21,361.197126534191,34628902565.12687587793475193,1.75923112,95872585.96823,7366254.198538291254,20394,105.14219570502,237062
2017-11-22,380.819107247224,36517920365.45161357703119352,1.82212804,95893088.53073,7807767.5475304130115,20502.5625,105.703758818619,242021
2017-11-23,414.980221215664,39802178707.06479476461885472,1.95583038,95913435.56198,8443615.5292070283975,20347.03125,108.864341447594,250344
2017-11-24,473.450565458796,45419935972.75302746818267608,2.17756169,95933850.93698,9665670.8378033673885,20415.375,111.800532330302,242143
2017-11-25,466.802904734074,44791681309.27971363848928152,2.12974302,95954161.49948,9481029.571782955856625,20310.5625,112.097111787174,236910
2017-11-26,472.277975452952,45326655217.81697400903996496,2.13696078,95974526.81198,9618088.5569666965275,20365.3125,110.937699273197,252960
2017-11-27,477.648246639392,45851747219.63137552922151616,2.09625186,95994798.56198,9682765.843812094776,20271.75,108.314054830916,277958
2017-11-28,467.924269725307,44927799380.98896189139390286,2.04264696,96015108.18698,9503366.446519838179875,20309.625,106.374293603035,309063
2017-11-29,429.046690531853,41203727700.74341560741528019,1.87395745,96035533.21823,8763292.06182217664540625,20425.03125,107.542912843714,315598
2017-11-30,438.558600233781,42126162688.09392417140965263,1.90778133,96055949.34323,8953667.202197902118625,20416.125,109.82114071111,299340
2017-12-01,461.586232320281,44347555506.32283071490823513,1.99298331,96076426.03073,9451757.0335247939491875,20476.6875,109.709686318314,290214
2017-12-02,459.85709585038,44190717753.0202120972084274,1.97723084,96096631.21823,9291498.84486239984625,20205.1875,110.027601909666,284287
2017-12-03,464.386072764465,44635381179.2097549931662282,1.98359943,96116967.74948,9444001.88083931636203125,20336.53125,105.38311619317,304550
2017-12-04,466.900428404442,44886590487.81575884429412766,1.94802245,96137394.09323,9537068.6476113963189375,20426.34375,100.478076118898,289747
2017-12-05,458.076665400351,44047749976.98194209645828623,1.90565422,96158030.53073,9453070.4757427558895625,20636.4375,95.5687193536339,303039
2017-12-06,434.233698714202,41764020208.35819268003636496,1.80518033,96178671.37448,8962949.9261444193879375,20640.84375,93.0125866264087,394106
2017-12-07,431.749817066043,41534151174.54311322357640764,1.77801614,96199580.24948,9027402.956306759831625,20908.875,99.3671157070197,330894
2017-12-08,462.933985680888,44543513237.64822133479718824,1.89159646,96220011.09323,9458131.92801096008925,20430.84375,104.346122886548,361582
2017-12-09,483.060178842782,46489990442.97075479407431586,1.95723313,96240577.21823,9934676.02060300995975,20566.125,104.509428767303,330732
2017-12-10,444.877736995909,42824362285.86331073165978357,1.81033419,96260969.53073,9072085.8371133875495625,20392.3125,103.684985015986,335622
2017-12-11,506.33839333723,48750918259.6412282890230779,2.02125099,96281299.03073,10293606.367349217285,20329.5,104.854114315047,394749
2017-12-12,683.905956165985,65861421413.9636982853921253,2.5615938,96301868.43698,14067539.44917283789640625,20569.40625,102.95910662988,422384
2017-12-13,701.59801899474,67579658806.3272567716608602,2.51660691,96322476.65573,14458685.450010257019375,20608.21875,105.685299641554,458001
2017-12-14,698.089197545295,67256192072.4443759930611341,2.38217166,96343264.31198,14511638.27040993626484375,20787.65625,108.16219742155,489334
2017-12-15,689.464290181181,66439601776.03287682492931713,2.33338023,96364094.15573,14361433.43567865942046875,20829.84375,115.249357163089,452357
2017-12-16,697.827856516657,67259772658.91934850581736961,2.30404731,96384476.53073,14223389.056968696720375,20382.375,116.325703199799,426989
2017-12-17,729.331224722384,70311047969.22941300979386032,2.37258056,96404823.46823,14839656.846224802099,20346.9375,117.418149552427,446682
2017-12-18,787.728504091175,75957024429.7551001723429015,2.45215768,96425385.18698,16197051.95248096470703125,20561.71875,119.358781773985,518226
2017-12-19,823.847225599065,79456783164.6686964172025487,2.48520871,96446016.56198,16997101.054043909664375,20631.375,112.619377488189,524427
2017-12-20,797.287250730567,76911628520.86830708837566766,2.37841653,96466647.93698,16449132.252541351739625,20631.375,110.650112745095,518097
2017-12-21,793.748969023963,76586506581.55017477078578924,2.33506681,96487062.74948,16204236.3746925126519375,20414.8125,112.321664156323,558243
2017-12-22,682.334545879603,65850492640.27307498418220019,2.02876516,96507634.03073,14036495.84988034195134375,20571.28125,112.898519571849,597846
2017-12-23,725.150860023378,69997702538.32254785837546844,2.12888138,96528469.31198,15108722.1172664622050625,20835.28125,123.378968185371,490621
2017-12-24,688.890793687902,66511698962.28115695313235346,2.02579537,96548973.46823,14125124.4729632563426875,20504.15625,126.238319379976,415698
2017-12-25,737.894633255406,71258057007.85484425677300138,2.14286317,96569420.34323,15087639.32934412955625,20446.875,129.442318639037,423259
2017-12-26,750.003065166569,72442649086.88572125504466537,2.15946117,96589804.03073,15287828.1043974779431875,20383.6875,129.462668428294,465903
2017-12-27,740.721733489188,71561376410.96723409262724724,2.12614565,96610337.15573,15209331.9439501833525,20533.125,128.716194449206,473086
2017-12-28,716.352512273524,69221695769.87922777755039252,2.05381522,96630771.28073,14638036.7798612236065,20434.125,130.652147860559,493568
2017-12-29,747.100341320865,72208168789.4437880386256502,2.11193683,96651232.49948,15286583.51196588270421875,20461.21875,125.289579777463,580463
2017-12-30,713.782832554062,69002656933.76623918011745026,2.0196486,96671779.96823,14666430.4461910716305625,20547.46875,125.258114232807,611071
2017-12-31,742.255464932788,71770339636.17007414706832524,2.08315971,96692234.71823,15182649.971333945343,20454.75,131.233773849176,492424
2018-01-01,756.071765634132,73121861826.98926962459200136,2.10992367,96712858.68698,15593200.467195662301375,20623.96875,132.723273487665,520683
2018-01-02,863.918307714787,83569772289.43491663283156076,2.33353986,96733419.74948,17763078.3198179676811875,20561.0625,128.089550649587,619409
2018-01-03,943.648126241964,91301748705.74968248260880372,2.47650782,96754018.96823,19438414.175485831865625,20599.21875,122.109163710093,648959
2018-01-04,952.354543541789,92164094016.70717875992261347,2.42999826,96774982.21823,19964446.38490240825425,20963.25,119.658816762405,716438
2018-01-05,958.55284628872,92783985183.9868767492273656,2.37822836,96795899.71823,20050529.1622443006,20917.5,119.500373516827,703108
2018-01-06,1006.15747457627,97412995908.4398167203490896,2.41483049,96816848.62448,21077898.6076350387046875,20948.90625,119.055791298298,669883
2018-01-07,1102.88953652835,106801648714.763625964089633,2.55957535,96838028.81198,23359407.175458552065625,21180.1875,124.818797278169,614040
2018-01-08,1134.69905990649,109905398957.3133907871511252,2.50487897,96858632.24948,23378701.162092122559375,20603.4375,125.617216361446,661636
2018-01-09,1288.40687521917,124820043877.9435092106441566,2.70068497,96879368.06198,26716163.388255605525625,20735.8125,125.088733229398,715228
2018-01-10,1231.76729456458,119358805137.9498370678264184,2.5234669,96900449.99948,25968041.11855456527375,21081.9375,125.733414443027,671853
2018-01-11,1128.56387580362,109382082703.8791368910227426,2.31265001,96921481.40573,23735285.351100477440625,21031.40625,130.416536676137,668789
2018-01-12,1257.23113442431,121879001678.6032408683940463,2.47329286,96942398.53073,26297660.79264509530875,20917.125,131.679180244434,617412
2018-01-13,1380.14454091175,133823062253.42832836331964,2.60892949,96963077.62448,28540138.3500647887265625,20679.09375,133.656082523812,654142
2018-01-14,1361.91507568673,132084112657.9039600571979004,2.5208012,96984103.49948,28635456.14200472413875,21025.875,141.263834590895,614264
2018-01-15,1281.72139830508,124332765651.1279332836463584,2.35466429,97004517.37448,26164900.409825114985,20413.875,137.458337423558,714821
2018-01-16,1061.18708854471,102962107013.1074345544845633,2.00257414,97025404.96823,22165644.7982671811915625,20887.59375,140.749647133424,735111
2018-01-17,1012.62289070719,98271252403.0315495621500737,1.93504998,97046248.21823,21106352.0667326379675,20843.25,145.567669422814,718205
2018-01-18,1018.76687463472,98888437696.4912401080449456,1.94857816,97066797.28073,20934704.17979852595,20549.0625,146.717171263703,681654
2018-01-19,1029.93438457043,99993688613.4599947196774389,1.96457989,97087435.96823,21256493.908653926510625,20638.6875,149.282205965686,543995
2018-01-20,1151.94553243717,111863353588.5846891396379841,2.16293499,97108196.90573,23915469.202332309046875,20760.9375,160.672859838259,470143
2018-01-21,1039.42323290473,100957589918.0483819956301654,1.96895811,97128471.56198,21073948.7454070897490625,20274.65625,159.55180271173,612388
2018-01-22,992.037435710111,96375480740.64041883207255478,1.88740313,97149036.18698,20400877.851340041423375,20564.625,163.172510943241,547707
2018-01-23,985.212768264173,95732656223.04607015624113004,1.90039739,97169524.49948,20185347.0751864589780625,20488.3125,163.811879163118,527571
2018-01-24,1047.12019959088,101769716811.5455650725677424,1.98678561,97190099.90573,21544923.499163439795,20575.40625,169.700035683395,510896
2018-01-25,1043.62177206312,101450929013.6253091165546776,1.9653537,97210437.46823,21224723.015694456945,20337.5625,171.535736804353,410985
2018-01-26,1040.46817066043,101165592665.3336642218115764,1.95103595,97230838.49948,21226623.6642737655684375,20401.03125,171.079878148833,480908
2018-01-27,1092.768235827,106273089529.03502101705746,2.0339235,97251261.56198,22317673.9783095601875,20423.0625,172.705414531101,424637
2018-01-28,1214.83129924021,118168857391.7307154026188408,2.20203835,97271824.87448,24980955.641057450795625,20563.3125,174.206320110928,448123
2018-01-29,1162.00829953244,113054554928.9232172316581312,2.09811434,97292381.62448,23887114.11141348597,20556.75,177.755789033078,479352
2018-01-30,1051.93348831093,102366473832.0517832189564414,1.92371119,97312686.56198,21359443.734310414216875,20304.9375,176.358357997515,466227
2018-01-31,1096.25005698422,106701548450.4969716893644556,1.9863663,97333220.43698,22510261.6388568504525,20533.875,178.845352278194,461713
2018-02-01,1019.17100789012,99220136898.4581231510696376,1.86223247,97353767.06198,20940524.509990336845,20546.625,178.354647795521,501671
2018-02-02,912.820928696668,88885395744.25738781805660764,1.69097862,97374406.03073,18839682.621716509081125,20638.96875,184.043379484054,499746
2018-02-03,960.893826125073,93585992591.60765749429071204,1.77416014,97394727.74948,19527014.08312513582921875,20321.71875,191.201432267329,433090
2018-02-04,836.672457334892,81504483564.63518565283410616,1.56471305,97415043.18698,16997367.01495841499525,20315.4375,190.328128272481,425727
2018-02-05,692.76282729398,67499815077.4627826542671304,1.32925577,97435676.99948,14294338.28535386569875,20633.8125,194.355581995951,457677
2018-02-06,789.043020748101,76897022887.26372004263211248,1.51013498,97456058.62448,16081978.957755014044125,20381.625,191.145368722341,452196
2018-02-07,754.536574810053,73549578680.73838930894464744,1.46476678,97476492.37448,15418011.73552492048875,20433.75,194.19992450935,418269
2018-02-08,808.450633547633,78821409932.75458774525019959,1.56439845,97496874.46823,16477916.60521475089659375,20382.09375,196.114850536353,353159
2018-02-09,873.56737434249,85187797375.2318594363015927,1.67578142,97517146.21823,17708739.4208273716575,20271.75,197.655031365765,399711
2018-02-10,850.714849503214,82976885951.69389972872020372,1.63324016,97537836.56198,17601582.6694510143898125,20690.34375,197.688826120017,420048
2018-02-11,814.783270894214,79488590465.54814555027482122,1.57282516,97557955.96823,16392955.6328244922404375,20119.40625,203.372734971481,382341
2018-02-12,867.572440385739,84656371229.71952232600635322,1.68196689,97578446.81198,17777291.31775036757728125,20490.84375,202.553084379551,421764
2018-02-13,840.090783752192,81991929043.12060674956886016,1.63403271,97598891.24948,17175183.522747704832,20444.4375,205.132131813379,365156
2018-02-14,920.463681472823,89854692402.66376456839181954,1.77351687,97618943.81198,18457655.5017138752589375,20052.5625,200.314386120629,387178
2018-02-15,929.869215663355,90792009305.77429759231833665,1.78728914,97639547.34323,19158589.44333292422234375,20603.53125,199.745079136574,400782
2018-02-16,939.339457334892,91735820453.35370937612448116,1.80307119,97659924.46823,19141037.5395452611455,20377.125,206.24948918024,346010
2018-02-17,975.231806253653,95261104088.51806853319044419,1.8610655,97680472.96823,20039550.7708031886705,20548.5,207.866862875552,349625
2018-02-18,915.310905610754,89426625174.53333093728053292,1.7479162,97700819.06198,18623001.4959538018921875,20346.09375,208.065503877202,343310
2018-02-19,937.840183226184,91646911663.54840357144188432,1.80155775,97721246.43698,19157613.112829970387,20427.375,203.290132465259,392016
2018-02-20,885.553141145529,86555428498.61068624518807492,1.70907954,97741653.74948,18071759.6867134182808125,20407.3125,197.342378672173,392070
2018-02-21,840.667042957335,82185564091.9882065083693733,1.62879796,97762324.31198,17377060.6531397779509375,20670.5625,197.124985377759,363398
2018-02-22,807.076898889538,78918180399.57760759657825274,1.57724792,97782727.40573,16466865.6315025147081875,20403.09375,202.625037187645,343322
2018-02-23,855.767194038574,83696931263.43636352598262902,1.66793511,97803388.40573,17681005.996030977414,20661,203.665814877311,329223
2018-02-24,834.00284628872,81585386457.6080583572123656,1.6221155,97823870.53073,17082150.54804134913,20482.125,201.53737514286,293520
2018-02-25,842.311720046756,82415223480.64918366300443688,1.6407222,97844089.68698,17030832.278831616869625,20219.15625,209.969255002257,294581
2018-02-26,865.863039158387,84737188455.53777890211263876,1.68393239,97864424.99948,17607595.4834855366409375,20335.3125,203.546425678813,368611
2018-02-27,875.052981881941,85654419153.71245688949414068,1.69821627,97884837.74948,17862237.75591059114775,20412.75,202.228545186468,355055
2018-02-28,851.323646405611,83349187983.20728794184470728,1.65428102,97905406.87448,17510982.498372813360375,20569.125,208.37379102357,373014
2018-03-01,869.302266803039,85127114729.40109434682338847,1.68500825,97925794.03073,17722601.14179274406784375,20387.15625,211.130525144048,342494
2018-03-02,855.352857685564,83778792158.91572258751950672,1.65884301,97946468.99948,17684393.602872233026125,20674.96875,210.19603654477,355811
2018-03-03,854.387569549971,83701705698.64095088296945258,1.65748506,97966904.81198,17460104.1736539167364375,20435.8125,219.709774395719,309915
2018-03-04,861.13072238457,84379723815.9203759091634611,1.66925161,97987125.09323,17412305.3996316760603125,20220.28125,213.812046678849,287392
2018-03-05,851.608753068381,83463995978.24153347415766063,1.65108944,98007442.59323,17302560.8404668309675,20317.5,213.608645893883,358287
2018-03-06,812.346192869667,79632582119.14806579654564816,1.58017196,98027888.62448,16609255.64523173865909375,20446.03125,212.663251158676,364952
2018-03-07,751.754232028054,73708379000.24465607439578692,1.47476601,98048505.56198,15498870.017082887564625,20616.9375,218.729463688427,467576
2018-03-08,699.337428988895,68583186061.62110873691561835,1.38262832,98068805.15573,14196265.70264404176140625,20299.59375,219.44558765476,347207
2018-03-09,725.310906779661,71145152249.35798735450542003,1.44035658,98089180.21823,14778255.0575672666038125,20375.0625,215.428799537277,335308
2018-03-10,684.880582115722,67193388210.10851350203232456,1.37004051,98109641.24948,14013362.9931879789583125,20461.03125,216.111293829749,318074
2018-03-11,718.054689655172,70462831502.36938561096256056,1.43619107,98130173.81198,14743502.79376292253825,20532.5625,217.114640586278,288838
2018-03-12,696.739231151374,68385327770.07929632136078552,1.39843978,98150534.24948,14185915.569655603366125,20360.4375,215.211219909577,322689
2018-03-13,689.902102571596,67728321273.18302298714927008,1.38992827,98170915.87448,14061325.9413258053235,20381.625,215.620512383055,333398
2018-03-14,612.332631502046,60125752982.53067128129812358,1.24845781,98191325.90573,12497728.1443514932989375,20410.03125,212.0814556974,359709
2018-03-15,611.166275862069,60023753325.16009563006281787,1.25508563,98211821.71823,12526349.3963922420860625,20495.8125,215.208153472271,339262
2018-03-16,604.484301870251,59379916608.49186606791384448,1.24651026,98232355.12448,12412121.74204949857246875,20533.40625,224.276900325795,313390
2018-03-17,550.865004091175,54124011996.867822411447589,1.15055511,98252768.99948,11245289.335391735053125,20413.875,221.156797342978,279550
2018-03-18,538.26132817066,52896610439.3321807073375068,1.12510162,98273102.06198,10944501.22702704044625,20333.0625,224.223571589337,318550
2018-03-19,550.138212741087,54074961984.42542280005966601,1.15480117,98293411.96823,11173255.52531403249309375,20309.90625,226.806189978023,356019
2018-03-20,555.636667153711,54626764547.20707146350328903,1.16932635,98313822.28073,11340718.0130657270446875,20410.3125,226.306024107508,329322
2018-03-21,557.397838983051,54811222955.15941865350900098,1.17931911,98334114.56198,11310873.71678628487509375,20292.28125,224.062832998146,352609
2018-03-22,539.114045295149,53024347273.09744354477749127,1.14537471,98354601.84323,11044981.07178695682365625,20487.28125,224.568132771111,345780
2018-03-23,537.592859731151,52885609158.54678243019877023,1.14464095,98374835.53073,10877485.9260314433493125,20233.6875,226.848728210266,401205
2018-03-24,525.082402980713,51665672185.54106149416099799,1.12052195,98395360.21823,10777152.2329282028521875,20524.6875,225.694736363978,354616
2018-03-25,522.222801870251,51394917526.39764980722556323,1.1166913,98415690.28073,10616822.2009473197206875,20330.0625,227.641048510001,266883
2018-03-26,489.817600526008,48215745480.84748293608397584,1.05456042,98436122.81198,10008213.42954767489775,20432.53125,231.687864597185,318207
2018-03-27,450.549594389246,44359486903.12765116012815458,0.98763844,98456390.71823,9131696.9400567639361875,20267.90625,224.51833459859,292427
2018-03-28,445.458083576856,43867261672.81757954518078488,0.98245777,98476744.03073,9066547.5806908679355,20353.3125,224.39052914546,272121
2018-03-29,385.35647019287,37956512542.5585482651012701,0.8611093,98497146.09323,7862066.789654320794375,20402.0625,216.246062011809,293419
2018-03-30,392.467127703098,38664934990.18559115004357654,0.88138377,98517639.46823,8042976.02319247597575,20493.375,220.794456635782,316912
2018-03-31,394.512378141438,38874500291.61880352036582724,0.88914572,98538100.31198,8072056.1265928783183125,20460.84375,223.365272782247,273912
2018-04-01,378.066090298071,37261553155.70388138084719058,0.85535842,98558305.31198,7638825.354472524555,20205,225.564639847431,273312
2018-04-02,383.397693746347,37794873285.81341518476208706,0.87189648,98578770.56198,7846329.65194242794175,20465.25,225.561468179927,306197
2018-04-03,415.214929865576,40939843368.86612754412615048,0.94609593,98599160.15573,8466063.73889383674975,20389.59375,217.333960674245,327729
2018-04-04,378.529877264757,37330412030.37448351242404511,0.86884248,98619459.84323,7684038.2178879218634375,20299.6875,220.902421072034,330922
2018-04-05,382.700794272355,37749629021.8481534240121254,0.88227321,98640059.24948,7883409.13341391378921875,20599.40625,220.861570817952,372734
2018-04-06,369.936752776154,36498142130.06954059036289992,0.85728562,98660492.24948,7558917.669475154682,20433,228.030456596794,350661
2018-04-07,384.50724956166,37943461940.5724008573429368,0.89080189,98680745.24948,7787425.32537229998,20253,226.624759202395,293326
2018-04-08,399.415550847458,39422755561.08808886354700934,0.92412917,98701103.34323,8131339.2293604419131875,20358.09375,223.795899816208,309376
2018-04-09,396.165397136178,39110002723.29465742622812494,0.91921794,98721400.21823,8040919.54499836284375,20296.875,214.36636614086,319374
2018-04-10,413.452699298656,40825118603.39807380758269888,0.96085422,98741932.68698,8489204.627952801237,20532.46875,220.416875711553,339055
2018-04-11,429.797426651081,42447727254.96742480045690663,0.99965056,98762171.71823,8698683.54916081120528125,20239.03125,217.107126913921,371762
2018-04-12,493.565206604325,48755541073.5929997322079385,1.139628,98782370.43698,9969384.79298640320859375,20198.71875,213.846905861667,353014
2018-04-13,496.317744301578,49037683873.61261949075911694,1.1449447,98803003.59323,10240601.5678220059955625,20633.15625,211.535779416857,374208
2018-04-14,503.221350964348,49730039822.41496339721853904,1.16039066,98823389.99948,10258874.894433027594375,20386.40625,214.516293818445,301862
2018-04-15,531.263950029223,52512140617.57891410300649154,1.22107196,98843786.81198,10836091.1767554310516875,20396.8125,215.74558650987,302284
2018-04-16,510.983758328463,50518088448.91876490472754299,1.17579392,98864372.15573,10518776.31585833626415625,20585.34375,213.810192584462,334786
2018-04-17,502.126641437756,49652671564.88728617386924188,1.15609887,98884758.28073,10236416.4781802735355,20386.125,211.565607912432,339274
2018-04-18,524.994593804793,51924595435.09342512935303889,1.20593937,98905009.78073,10631928.0164377654395,20251.5,206.452947804127,339669
2018-04-19,566.582526300409,56049555138.98076134096472482,1.29384483,98925668.43698,11704833.64809673376540625,20658.65625,208.362798234848,360686
2018-04-20,616.317340736412,60982148654.40819358754631576,1.39707226,98946021.18698,12543752.756673009333,20352.75,203.107734087753,369410
2018-04-21,605.396331092928,59913992797.53920206186167744,1.37040878,98966560.78073,12434594.698389234618,20539.59375,215.752510545132,411088
2018-04-22,621.139101402688,61484703315.09276009768060224,1.40354047,98987011.40573,12702682.83562334628,20450.625,215.08450844013,414637
2018-04-23,642.581729398013,63620404247.62573083652256449,1.43334673,99007490.15573,13159270.59090955872375,20478.75,212.671935730746,428031
2018-04-24,705.007020455874,69815337159.26743528713875802,1.55790945,99027860.90573,14361521.7619514952855,20370.75,207.343088240388,417221
2018-04-25,614.546471654004,60869873799.18024851921654292,1.36282871,99048447.28073,12651284.1203961965955,20586.375,210.848383934189,365985
2018-04-26,661.796761835184,65563708805.73387056114670432,1.45887021,99069249.93698,13767130.5438204519075,20802.65625,218.176897696322,358539
2018-04-27,648.91000087668,64300245299.3402672241628764,1.43096882,99089619.84323,13218235.88254538941125,20369.90625,208.473760440079,346176
2018-04-28,682.535550555231,67646021864.54618396358443613,1.49954035,99109887.84323,13833630.538653421908,20268,206.892880745087,341856
2018-04-29,688.306110169492,68232210482.60166044190373916,1.5097924,99130618.59323,14269101.893396196279,20730.75,215.420897576629,318879
2018-04-30,667.063407656341,66140114956.55290532127389018,1.46345418,99151166.43698,13706714.67186504856471875,20547.84375,211.792450475728,361168
2018-05-01,671.531682349503,66596881902.61067702438460219,1.47164055,99171615.65573,13732298.26992050080078125,20449.21875,202.635327099342,328660
2018-05-02,686.611843366452,68106732699.19037020329719496,1.49815735,99192481.68698,14326864.180304492633625,20866.03125,205.755317549118,363346
2018-05-03,778.377544126242,77225247395.72132781715491666,1.67700609,99213097.78073,16047104.4226013669071875,20616.09375,208.134324332907,394992
2018-05-04,783.391213617767,77738801109.75263522025616741,1.67844175,99233690.34323,16132032.5283747180579375,20592.5625,208.795678470357,644295
2018-05-05,811.356392168323,80530696454.28939899408934704,1.72826208,99254405.62448,16807475.85775210828584375,20715.28125,215.415825287982,396427
2018-05-06,784.875179719462,77918506987.96949717417269226,1.6723889,99275029.96823,16187535.5073772128530625,20624.34375,218.233145645512,389642
2018-05-07,747.835312098188,74256868775.13111431541831724,1.59606162,99295750.78073,15495755.28286553513775,20720.8125,224.723006242291,419460
2018-05-08,751.6712314436,74653075460.418375914236828,1.60177919,99316126.96823,15316193.950250689275,20376.1875,221.913643187806,410500
2018-05-09,748.334789596727,74337075823.85339855819660821,1.5942497,99336656.34323,15362845.521177307355625,20529.375,216.827992655708,390605
2018-05-10,725.943168907072,72127622001.44535442450432256,1.54828574,99357119.24948,14854907.008173329298,20462.90625,215.819907944445,390235
2018-05-11,679.532485680888,67530432009.26948890638868824,1.45987902,99377783.15573,14041795.57793933704875,20663.90625,218.64907863561,392464
2018-05-12,685.777640268849,68165196147.76836823077079227,1.47253925,99398394.09323,14134520.0824787299359375,20610.9375,224.230485553241,383918
2018-05-13,731.426734365868,72717595029.55424721537862364,1.56509105,99418836.65573,14952236.73144515445675,20442.5625,226.559139163737,359287
2018-05-14,726.421808883694,72234826147.44848656915622912,1.5542795,99439231.12448,14814986.8805969696675625,20394.46875,216.755977435142,398274
2018-05-15,706.471170660433,70265478866.63607177314107484,1.51381273,99459796.49948,14528844.551320802307375,20565.375,216.511575505669,400914
2018-05-16,705.390606954997,70172420855.39835205884524531,1.51221319,99480231.46823,14414635.00966889635134375,20434.96875,214.734619355162,414046
2018-05-17,668.044736995909,66471039961.66444775707975232,1.43971798,99500881.12448,13794894.17858717850628125,20649.65625,216.68174716756,412529
2018-05-18,693.651683810637,69033309266.08972866722581251,1.49222575,99521576.71823,14355533.45214839528071875,20695.59375,211.153624577038,419826
2018-05-19,693.809580654588,69063391771.74293311259523924,1.49231142,99542286.09323,14368362.7843686083625,20709.375,210.798102516247,424160
2018-05-20,713.591691408533,71047289543.30276345206959409,1.53178592,99562943.90573,14741243.3626753356140625,20657.8125,216.097414966814,389190
2018-05-21,697.845526008182,69494006578.39235564878762036,1.49812325,99583652.81198,14451617.5750853777709375,20708.90625,219.944802398881,397743
2018-05-22,643.667876680304,64112011370.58203311499824192,1.3897053,99604180.49948,13213013.026281817917,20527.6875,215.450235805087,422824
2018-05-23,578.229988603156,57606202909.69106768836010888,1.26280432,99625069.68698,12078754.65005418877575,20889.1875,212.964530178394,410012
2018-05-24,600.610572764465,59848092835.55059969913107195,1.31637511,99645420.09323,12222669.15380204831390625,20350.40625,207.548724230976,418876
2018-05-25,578.594272939801,57666215319.19862999957536598,1.27263401,99666066.56198,11945928.57518057197771875,20646.46875,208.907688811843,394287
2018-05-26,584.287411455289,58245730404.84228402175209347,1.28586339,99686779.59323,12102363.41245500903478125,20713.03125,215.398511096714,375954
2018-05-27,570.388842781999,56871875725.93627609098857927,1.26009992,99707202.28073,11648873.0896233962023125,20422.6875,209.631977730149,403522
2018-05-28,513.597075102279,51219944809.59917026639450242,1.1416378,99727874.81198,10617351.58496045957371875,20672.53125,213.461616972476,445032
2018-05-29,563.903260958504,56248518064.83623098211707792,1.25264302,99748524.18698,11644249.899255008535,20649.375,210.511859163796,409323
2018-05-30,556.762384570427,55547739838.44974470100215921,1.23976503,99769203.84323,11513654.72584673427571875,20679.65625,206.273323343627,413796
2018-05-31,575.469864699006,57426107819.63130024651270438,1.28068553,99789947.90573,11937582.840182724151875,20744.0625,212.384044496336,416236
2018-06-01,578.827563997662,57773072953.47110545004009076,1.28793241,99810507.56198,11900495.7438168065236875,20559.65625,205.168854811765,371923
2018-06-02,591.811959088253,59081309627.14491033882342094,1.31497844,99831219.56198,12257609.296635896136,20712,208.194602912035,404528
2018-06-03,618.232842781999,61731602955.46365395661164177,1.37031158,99851704.21823,12664287.26684954320284375,20484.65625,208.278832186073,415409
2018-06-04,589.882670660433,58913062573.81122670345448109,1.3105608,99872509.40573,12272619.5660910573961875,20805.1875,207.369965128435,397194
2018-06-05,607.180310344827,60652973637.24952664625843996,1.34684862,99892853.24948,12352381.36173166910878125,20343.84375,209.225010050964,380350
2018-06-06,605.429444769141,60490562172.36741628736601543,1.34285375,99913479.09323,12487493.12945755708771875,20625.84375,206.23499840861,374278
2018-06-07,602.159334015196,60176361051.62577106710672308,1.33702395,99934282.59323,12527021.705185129986,20803.5,206.405105067114,403581
2018-06-08,600.128180596143,59985796781.61273962951934939,1.3313574,99954974.15573,12417589.7568163801434375,20691.5625,210.162786482889,364344
2018-06-09,595.953623319696,59580934257.19203281823275808,1.31920168,99975789.93698,12405240.2581676907525,20815.78125,214.484503580241,388714
2018-06-10,521.276917299825,52125734660.685048472519716,1.1617924,99996245.62448,10663077.7212485640046875,20455.6875,212.314648981598,406267
2018-06-11,529.37152893045,52946184119.9390227936452285,1.18501233,100017060.28073,11018686.4032242469078125,20814.65625,211.892917628503,403546
2018-06-12,489.836085330216,49002051611.44107352992153768,1.10629446,100037651.53073,10086337.29205581021,20591.25,220.438203180988,355775
2018-06-13,474.450975160725,47472702348.6476322178648605,1.07849175,100058182.68698,9741027.10398971383828125,20531.15625,217.645406940613,385073
2018-06-14,517.722229105786,51812954965.54539670730799128,1.17313082,100078675.49948,10609584.568146915163125,20492.8125,218.663151928398,372165
2018-06-15,486.499246347165,48698186727.9802895113010367,1.108696,100099202.81198,9986522.0607827394440625,20527.3125,217.961270011867,385201
2018-06-16,497.322004675628,49791769790.27211515608892344,1.13335781,100119780.18698,10233581.3859621507165,20577.375,223.819482572462,310364
2018-06-17,495.830741087084,49652590864.41196188605884132,1.13084684,100140202.59323,10126056.825718996075875,20422.40625,225.611671461035,321511
2018-06-18,516.850604032729,51768180559.41840180402469967,1.1780153,100160820.46823,10656361.147621302430875,20617.875,234.104431641545,344436
2018-06-19,537.07477936879,53804847663.9867943851391667,1.22191667,100181296.40573,10997109.615181633490625,20475.9375,230.642694151332,375907
2018-06-20,535.268937755699,53634957063.33215289581544277,1.21750926,100201885.96823,11020953.2482295742916875,20589.5625,227.482160292696,388423
2018-06-21,525.611178258329,52677984169.55010820532663767,1.19710454,100222343.71823,10752822.08201433009975,20457.75,234.996372536243,384776
2018-06-22,462.967082700175,46409205552.66851670621544025,1.0638575,100242991.96823,9559460.06536388844375,20648.25,230.965772967199,383910
2018-06-23,475.24524050263,47649818254.7242951793045699,1.09176427,100263641.15573,9813428.079621401113125,20649.1875,232.795706853636,340250
2018-06-24,454.388768264173,45567922299.19120842764581754,1.04817453,100283997.93698,9249892.75801071197315625,20356.78125,235.21501095748,359869
2018-06-25,459.194290181181,46059269148.34713906214072338,1.0628783,100304533.68698,9429899.14458818772075,20535.75,222.789893041512,492435
2018-06-26,432.493081531268,43389943766.31902252105274064,1.00675517,100325174.24948,8926900.48016373285825,20640.5625,223.716137019339,372838
2018-06-27,441.675166861485,44320230443.43869457546749655,1.03004605,100345760.34323,9092366.39205742347421875,20586.09375,235.988324967149,382764
2018-06-28,419.791454120397,42132849861.96094061458554981,0.98368254,100366144.78073,8557212.6595513501216875,20384.4375,227.192114011679,393195
2018-06-29,436.736421098773,43842449566.66938691634523179,1.02454718,100386520.21823,8898695.6520717305881875,20375.4375,225.38846752451,379509
2018-06-30,451.723416715371,45356265518.81560200322144458,1.05897491,100407160.31198,9323613.67007557450603125,20640.09375,235.798670270873,261580
2018-07-01,451.798441554646,45373027563.71401590266464658,1.05943096,100427587.59323,9229013.8339484410861875,20427.28125,227.094807277669,197829
2018-07-02,475.989448568089,47812309224.21053913413674997,1.11439496,100448254.40573,9837184.6855350888463125,20666.8125,232.814643887435,235721
2018-07-03,461.751690239626,46391613627.82932052979089448,1.08587639,100468746.74948,9462374.3635339358634375,20492.34375,232.365532950164,232199
2018-07-04,465.729150204559,46800758496.57746527185228557,1.09527063,100489218.84323,9534450.82509556352540625,20472.09375,232.249910266823,230552
2018-07-05,467.058666277031,46943896931.98774013549685013,1.10437233,100509636.84323,9536403.848044418958,20418,239.330472152888,253141
2018-07-06,468.512964640561,47099635611.31113075604762703,1.10842193,100530058.21823,9567678.943286636391375,20421.375,237.588181067039,219912
2018-07-07,480.533474868498,48317919426.99296714622163104,1.13642762,100550579.62448,9861222.6545006127853125,20521.40625,237.551339471863,217148
2018-07-08,486.132053769725,48890784166.462435294767868,1.14993373,100570994.62448,9924385.877708935875,20415,227.715052676006,272797
2018-07-09,471.721562536528,47451247795.12014177410950544,1.11767572,100591644.65573,9741065.0076781324665,20650.03125,239.472361991677,290889
2018-07-10,433.128439216832,43577920082.81400283109724736,1.03375057,100612003.59323,8818034.823488031636,20358.9375,234.215186077569,294141
2018-07-11,446.347075394506,44917101639.72005974256766938,1.06592173,100632678.28073,9228086.300320350766875,20674.6875,230.452800662537,271336
2018-07-12,423.881741963764,42665048968.09081061026621772,1.01629152,100653188.71823,8693999.97593890878675,20510.4375,238.768687741443,257081
2018-07-13,431.35368264173,43425877299.2002317667647379,1.03581228,100673482.21823,8753675.958689947755,20293.5,237.418531398825,239602
2018-07-14,433.919185856225,43693029766.79499375645554425,1.04277989,100693933.78073,8874325.3494877016015625,20451.5625,238.046614176893,229822
2018-07-15,448.72806779661,45193443807.6552354361785753,1.07783434,100714546.40573,9249463.38846609820125,20612.625,240.401580848252,231420
2018-07-16,477.365285797779,48087356366.61825905122431117,1.1447682,100734925.21823,9728137.6532818511574375,20378.8125,233.329632551558,341295
2018-07-17,499.438759789597,50321283885.28509911574231581,1.19509655,100755664.03073,10357766.7945089916335625,20738.8125,235.329651653222,357364
2018-07-18,479.001641145529,48271866199.47807577567691867,1.14760033,100775993.34323,9737774.0508603170188125,20329.3125,231.846235609032,409849
2018-07-19,468.405446814728,47213593976.89019146144759144,1.12358728,100796423.90573,9569786.7564887263245,20430.5625,230.299430685117,379165
2018-07-20,447.55797194623,45121276908.4552559321413979,1.07805741,100816608.65573,9033845.7742416659925,20184.75,231.640159968137,356950
2018-07-21,461.986799532437,46585445339.98165820247032026,1.11213988,100837178.43698,9502967.40676983136940625,20569.78125,224.638320028577,319591
2018-07-22,457.135277907656,46105726387.93323343227526888,1.10153969,100857948.65573,9494799.72048405741975,20770.21875,231.379787393801,338502
2018-07-23,448.955673290473,45289922851.03101625650279779,1.08408943,100878384.09323,9174605.6017978803369375,20435.4375,238.572166934394,398296
2018-07-24,478.036987726476,48233429465.21487824267773248,1.15058252,100898948.62448,9830606.572756982154375,20564.53125,230.550355514216,423877
2018-07-25,472.696508474576,47704398423.22361324414422048,1.13801665,100919718.18698,9817699.676294485893,20769.5625,237.388042033475,431947
2018-07-26,463.433338690824,46779027058.19175882315352152,1.11816576,100940142.09323,9465119.06254588711125,20423.90625,239.016674022117,388974
2018-07-27,469.311792811221,47382026382.51695303661022758,1.13261639,100960655.81198,9627330.12378765943809375,20513.71875,239.58644814175,416595
2018-07-28,467.32178842782,47190666788.7849380350800336,1.12820618,100981096.87448,9552553.88486484535875,20441.0625,245.898193851946,382761
2018-07-29,466.918763588545,47159537595.99040984019411285,1.12755782,101001590.15573,9568697.54312231196328125,20493.28125,247.445700235979,359339
2018-07-30,455.8956735827,46055495044.406301162155746,1.10268067,101022005.06198,9307067.435971422121875,20414.90625,245.949346383759,376103
2018-07-31,431.798523670368,43630045372.65395179750140864,1.05001895,101042599.68698,8892728.670544852572,20594.625,241.849167200002,374451
2018-08-01,419.019926651081,42347422383.06266435371521913,1.0212763,101063027.53073,8559673.58976474343659375,20427.84375,238.51984359779,374393
2018-08-02,410.974208357686,41542743561.88519419276119078,1.00619777,101083578.28073,8445828.2124067155645,20550.75,240.828407666852,369948
2018-08-03,417.253495616598,42186037098.80315116514543154,1.02234641,101104095.09323,8560711.734535313053875,20516.8125,238.112969100474,394710
2018-08-04,406.419219462303,41099020587.99836370963119619,0.99749273,101124697.40573,8373175.7653684483756875,20602.3125,247.710838881792,340854
2018-08-05,408.949922852133,41363332727.18008540279126584,1.00389694,101145226.87448,8395524.66150777529434375,20529.46875,244.944693996486,320195
2018-08-06,405.378087375804,41010332511.01246482467583192,0.99738708,101165637.18698,8273893.44399246457875,20410.3125,246.449693094132,348727
2018-08-07,378.559632086499,38304948370.97457587602952052,0.94355719,101186035.49948,7721977.6751854336329375,20398.3125,242.499540012759,323836
2018-08-08,354.369194330801,35864499353.74480368614248348,0.88861832,101206594.49948,7285476.266246937759,20559,247.709179433085,291558
2018-08-09,365.001145821157,36948015244.23738985845924836,0.91739158,101227121.24948,7492287.26998443444975,20526.75,247.498854681999,284548
2018-08-10,330.642003798948,33476698060.50405404372404704,0.83710084,101247565.87448,6759851.7769180672545,20444.625,245.726480122082,325203
2018-08-11,322.902082700175,32699713498.385159602433409,0.82126865,101268202.49948,6663609.192402498909375,20636.625,244.631888362562,336510
2018-08-12,317.954640561075,32205166058.066009513398866,0.81116825,101288554.87448,6471132.077689208803125,20352.375,235.795736531728,332668
2018-08-13,284.391617767387,28811417224.47429003441967751,0.73508766,101308953.65573,5801242.40017054079709375,20398.78125,237.8771782421,352269
2018-08-14,276.242141729982,27991419338.40147903069184686,0.72328652,101329287.28073,5617004.11913430524475,20333.625,244.230129884131,334805
2018-08-15,281.149638515488,28494413129.56341218793494624,0.73960735,101349634.59323,5720639.554136670426,20347.3125,242.200146796536,328753
2018-08-16,285.766308007013,28968148431.47498276639560324,0.75279712,101370062.24948,5837535.90779888415328125,20427.65625,236.343800007457,354449
2018-08-17,314.950714786674,31933030889.68432744787024202,0.82847546,101390564.90573,6457326.2409629691028125,20502.65625,235.474224369537,312809
2018-08-18,295.433896551724,29960257592.53200693778810352,0.78100832,101411036.24948,6047928.851712281659125,20471.34375,234.338428605679,305324
2018-08-19,300.065017241379,30436042376.88869872091629542,0.79351541,101431491.93698,6138036.2223717608930625,20455.6875,238.098092445583,304996
2018-08-20,271.61710578609,27556081818.2487758264877957,0.72334286,101451938.15573,5553542.7611442868471875,20446.21875,239.943988093224,336770
2018-08-21,280.940823787259,28507748479.60131873518543782,0.74808903,101472431.43698,5757399.31647898885359375,20493.28125,242.586965178986,300645
2018-08-22,270.081112799532,27411270218.92513297238799336,0.72282001,101492732.81198,5483017.9513605989565,20301.375,246.303554038379,306983
2018-08-23,275.208127703098,27937223763.80451828820045154,0.73818071,101513076.65573,5598791.1487218721029375,20343.84375,233.869336368896,300126
2018-08-24,281.684925482174,28600543897.28312341068389452,0.75632795,101533810.68698,5840464.0476013170339375,20734.03125,236.150389351092,316189
2018-08-25,278.42391320865,28275127215.640657913690877,0.74597103,101554233.93698,5686321.1854385611125,20423.25,240.10479199335,304696
2018-08-26,273.289948860316,27759332150.74777749118438568,0.73292732,101574654.56198,5580751.5619456904175,20420.625,245.769497400906,320400
2018-08-27,284.203754821742,28873736743.31054724240869416,0.76432546,101595197.99948,5838522.074445780418125,20543.4375,240.353361991991,329885
2018-08-28,296.625988895383,30141823712.08827718415455709,0.79682005,101615586.09323,6047638.47028552754615625,20388.09375,238.304234639936,320916
2018-08-29,288.599854763296,29332093379.39939449178208608,0.77666889,101635856.34323,5849991.206015700744,20270.25,235.57997243499,267879
2018-08-30,283.884303331385,28858640608.4212272172464298,0.7669537,101656344.74948,5816336.93465164425515625,20488.40625,234.847459052617,287916
2018-08-31,282.215765341905,28694789067.9982592309568969,0.76351171,101676775.68698,5765932.6632151271859375,20430.9375,238.818913771003,290044
2018-09-01,294.940272063121,29994588517.57131959745880208,0.79759438,101697161.62448,6012633.9525117807609375,20385.9375,233.263706817913,322434
2018-09-02,293.788012565751,29883429633.12978773011174698,0.79527788,101717661.56198,6022635.8958471101405625,20499.9375,236.253469470198,333290
2018-09-03,288.642138223261,29365870710.40471370868362303,0.7826428,101737989.09323,5867382.08480015745440625,20327.53125,232.078418585871,340844
2018-09-04,285.306009643483,29032321104.24607758173051384,0.77300272,101758533.37448,5861406.90443092698159375,20544.28125,234.713707220388,316527
2018-09-05,234.201679135009,23836780585.65504474974067032,0.64355896,101778862.87448,4761203.0359751654655,20329.5,236.870845086168,321744
2018-09-06,229.094761250731,23321715796.18607688772449488,0.63319051,101799428.62448,4711505.58619222106325,20565.75,238.042227628032,303884
2018-09-07,215.279640853302,21919697024.40306545781890796,0.59887984,101819646.93698,4352591.053659826492875,20218.3125,232.869908876569,305417
2018-09-08,196.648755990649,20026696859.66107314892005002,0.55236631,101839936.68698,3989954.09686127054775,20289.75,231.97696896899,281740
2018-09-09,195.588831677382,19922718209.10797265460113636,0.55092899,101860203.56198,3963974.40300154132125,20266.875,219.210938101049,284904
2018-09-10,196.122111922852,19981046342.03796886297136696,0.55463952,101880640.31198,4008098.570839345611,20436.75,223.921019911589,282579
2018-09-11,184.303709818819,18780711219.85788087144252662,0.52407329,101900885.43698,3731251.643245718007375,20245.125,222.123363199012,261353
2018-09-12,182.668748392753,18617834227.61029562217039344,0.5242721,101921288.62448,3727024.7238476631001875,20403.1875,219.197793297867,261275
2018-09-13,212.601965517241,21673008213.04954300866119093,0.60931851,101941711.40573,4341923.43507865604653125,20422.78125,211.959920568422,276678
2018-09-14,211.697804208065,21585161864.7253190031311812,0.60719773,101962143.37448,4325402.92002280257796875,20431.96875,220.722812660863,258740
2018-09-15,222.813010520164,22723045760.81538950146613972,0.6386023,101982580.40573,4553636.458907170423125,20437.03125,220.35098534727,244687
2018-09-16,220.022490356517,22442973782.60998158792726741,0.63074915,102003089.53073,4512468.757533101717625,20509.125,221.436593039961,228206
2018-09-17,196.811666861485,20079428052.75856274163499655,0.56673872,102023565.84323,4029977.1943016610740625,20476.3125,220.988981879115,291307
2018-09-18,209.519992986558,21380205260.41314504975198984,0.60340767,102043747.49948,4228460.4759571244266875,20181.65625,219.688495756234,258463
2018-09-19,209.085130625365,21340126739.6441181846266852,0.60272018,102064296.37448,4296464.213579297214375,20548.875,224.706031211678,235612
2018-09-20,223.652088544711,22831460983.15741393734334403,0.64465676,102084720.65573,4567933.15858708066396875,20424.28125,221.119792230086,261726
2018-09-21,246.733348918761,25192817169.31614912582480678,0.70828037,102105440.06198,5112168.49167080740565625,20719.40625,219.201942846611,254561
2018-09-22,240.176264465225,24528183925.12812652993042675,0.6898456,102125761.59323,4880749.46383833437578125,20321.53125,229.091363000662,231040
2018-09-23,244.650700467563,24990110969.90997355060349224,0.70247727,102146083.87448,4971860.34291132178809375,20322.28125,228.620944102667,228519
2018-09-24,227.800091466978,23273521216.01079466643742144,0.65557688,102166426.12448,4633966.4106441332205,20342.25,229.653699977196,226513
2018-09-25,217.622940093513,22238201457.24686192581249824,0.62799011,102186844.12448,4443425.190829348434,20418,227.992340979858,238299
2018-09-26,215.031261835184,21977796357.72841755023920432,0.62211485,102207447.28073,4430322.6862249576995,20603.15625,232.261931143013,221050
2018-09-27,228.436735242548,23352621811.13534288522400004,0.66009596,102227961.65573,4686236.8505413456275,20514.375,230.760791300972,242499
2018-09-28,221.042023962595,22601188122.87230986871241935,0.64047475,102248376.65573,4512572.919196376925,20415,231.880136166556,249548
2018-09-29,231.326054646406,23657395532.82635273038193138,0.67174583,102268616.34323,4681967.056651180438125,20239.6875,230.510186583775,222349
2018-09-30,232.215880479252,23753159791.23272414482753896,0.67431396,102289127.43698,4763001.694748732701875,20511.09375,230.7787750032,242254
2018-10-01,229.918147282291,23522794559.06297335468523993,0.66878158,102309429.84323,4667891.63037240531271875,20302.40625,228.645127507416,235188
2018-10-02,225.34053798948,23059084640.3180757215367204,0.65593297,102329944.03073,4622678.0476670657475,20514.1875,229.717982076592,237819
2018-10-03,218.985656049094,22413233850.85779600640597112,0.63844225,102350237.24948,4443923.8213165252813125,20293.21875,226.830905371594,288662
2018-10-04,220.934906487434,22617240953.97864658686178432,0.64521449,102370609.12448,4500858.29809869451875,20371.875,232.008831997591,294709
2018-10-05,226.533247516073,23194917310.66044872393332954,0.66324024,102390786.18698,4570775.4934597746755625,20177.0625,231.337374882666,315425
2018-10-06,223.670021040327,22906332739.85890998451612371,0.65477061,102411278.15573,4583439.08147022337378125,20491.96875,234.406959021187,326444
2018-10-07,224.381154003507,22983765371.33726205815508261,0.65682124,102431799.46823,4604595.7804165932429375,20521.3125,236.595210572551,266999
2018-10-08,227.629361484512,23321134424.14425678979905376,0.66621976,102452224.40573,4649315.481486064818,20424.9375,236.896328702128,281024
2018-10-09,226.366257451783,23196333824.62534779996647909,0.66307287,102472577.34323,4607218.2900250486625625,20352.9375,234.135588706204,278759
2018-10-10,223.637414962011,22921255950.66879693723728553,0.65601199,102492939.09323,4553649.13410272747925,20361.75,235.21725519181,259112
2018-10-11,190.503173290473,19529132654.16458630869561029,0.56458744,102513424.40573,3902517.0370969926778125,20485.3125,228.892460352784,276591
2018-10-12,194.233684102864,19915519363.88174753359601072,0.57682199,102533808.46823,3959271.556358036205,20384.0625,231.175649778048,277706
2018-10-13,196.640900350672,20166359188.23668351766915056,0.58410063,102554245.59323,4018774.660579227498,20437.125,228.530774581758,281709
2018-10-14,192.082561659848,19702812463.96071917686212904,0.57135835,102574706.90573,3930261.3199226686305,20461.3125,230.441568952891,286828
2018-10-15,204.845595265926,21016138768.89686949474590598,0.60935975,102595024.03073,4161873.56471722678275,20317.125,226.857315430138,298338
2018-10-16,205.678965517241,21105830346.42576663553603468,0.6130596,102615404.99948,4191936.56873921640721875,20380.96875,226.840177531657,304839
2018-10-17,203.589184395091,20895539276.06964138321589643,0.60822994,102635802.28073,4152665.85356478224634375,20397.28125,226.314332298216,308025
2018-10-18,199.104167738165,20439285576.6580827741649042,0.59685784,102656241.74948,4069583.41447898169984375,20439.46875,230.12336587915,316673
2018-10-19,200.18542226768,20554345584.6668673737358064,0.61041166,102676535.34323,4062481.634172501675,20293.59375,225.604929684766,287643
2018-10-20,202.620590298071,20808523785.74571477712719058,0.61804319,102696985.31198,4143584.73970210513528125,20449.96875,225.149011855453,344066
2018-10-21,202.197792518995,20769219407.63660403740871635,0.61718038,102717340.03073,4115679.19859499725765625,20354.71875,221.759199258696,308778
2018-10-22,200.986967855056,20648916836.90994993210637088,0.61430234,102737590.68698,4070117.9967625388805,20250.65625,218.673479319769,333040
2018-10-23,201.106208649912,20665305285.09596031846954576,0.61529447,102758166.56198,4137936.210904508073,20575.875,221.32704963376,313343
2018-10-24,200.548608123904,20612095065.91591613263956992,0.61546587,102778549.59323,4087788.546533539104,20383.03125,223.07388167946,323381
2018-10-25,199.862744593805,20545649553.11470981148606515,0.61565502,102798796.21823,4046546.041261547158125,20246.625,221.237120767052,314814
2018-10-26,200.622661601403,20627880839.93708163834295794,0.61823665,102819296.06198,4112733.21553788628078125,20499.84375,217.187797774185,318269
2018-10-27,201.418418468732,20713777723.04856088585188436,0.62087605,102839541.09323,4077722.176225056487875,20245.03125,220.879014390634,308409
2018-10-28,202.451103156049,20824090134.49343702714151077,0.62430644,102859850.15573,4111592.1071901463940625,20309.0625,219.971580371983,333518
2018-10-29,194.321351256575,19991828462.73559360217236225,0.60093096,102880246.21823,3963390.4253135572359375,20396.0625,215.84365090758,333546
2018-10-30,195.65895295149,20133387940.1050933118061627,0.60557184,102900417.46823,3946685.6547227426625,20171.25,216.781646006315,359738
2018-10-31,196.897931911163,20264916802.84281782772138274,0.60981471,102920922.56198,4037410.55301951398653125,20505.09375,221.491092556589,352140
2018-11-01,197.8192106955,20363739371.541779841797715,0.61321759,102941161.78073,4003706.278218564140625,20239.21875,215.189927420067,317485
2018-11-02,199.850372589129,20576854454.44207611082659042,0.61887095,102961301.43698,4024917.80537948054690625,20139.65625,211.08636611911,267634
2018-11-03,198.354677381648,20426858594.90076053286204304,0.61450669,102981481.78073,4002865.5739820065815,20180.34375,212.496766272378,278264
2018-11-04,209.989572764465,21629296599.9779331073293532,0.64957989,103001764.87448,4259238.19090409026359375,20283.09375,214.518285771464,299497
2018-11-05,208.075581531268,21436395637.92119414236361564,0.64401502,103022158.96823,4243512.916834448148375,20394.09375,210.275971039717,291779
2018-11-06,218.089755698422,22472494186.93054617787332056,0.67428949,103042410.74948,4416706.0252703833141875,20251.78125,211.546167486306,278348
2018-11-07,216.783056399766,22342288776.46755848139293418,0.67010524,103062892.21823,4440035.3951812948363125,20481.46875,213.547684633239,270280
2018-11-08,210.643103448276,21713749494.68897118387939648,0.65227399,103083125.62448,4262027.485829744170125,20233.40625,215.069432893512,288705
2018-11-09,208.102855932203,21456106357.92533239199022319,0.64534031,103103372.90573,4213517.05298754507309375,20247.28125,211.797077859896,316813
2018-11-10,210.56486528346,21714246744.7756125401007258,0.65284203,103123789.03073,4298918.6102352797925,20416.125,212.216978193342,329225
2018-11-11,209.064253652835,21563744102.1534431653699008,0.64873215,103144099.12448,4246114.59146285880328125,20310.09375,218.394458192028,355871
2018-11-12,208.28941233197,21488054208.6942601211801881,0.64697636,103164409.40573,4230416.5458595290665625,20310.28125,214.923373873665,327353
2018-11-13,203.619797194623,21010443965.05771610935707729,0.63460253,103184681.71823,4127844.1599160207756875,20272.3125,213.962694328426,336439
2018-11-14,176.673708649912,18233574915.44900932246529576,0.55537959,103204800.84323,3554520.428541160767,20119.125,215.19327182587,336750
2018-11-15,177.585899766219,18331270412.33241586076790987,0.56297432,103224808.03073,3552994.3939789496990625,20007.1875,216.108529117486,367079
2018-11-16,172.027222969024,17760965585.58827487579810752,0.54729564,103245086.90573,3488518.551185966568,20278.875,221.054978189658,330177
2018-11-17,172.325834307423,17795245772.38252077649082754,0.5487503,103265107.31198,3450033.21020479585059375,20020.40625,213.210343724824,336902
2018-11-18,174.887517533606,18063312605.73208851010671238,0.55823932,103285316.53073,3534340.0984811041303125,20209.21875,213.2438735809,311575
2018-11-19,146.837374634717,15169068768.33658614976975966,0.48110099,103305230.06198,2924050.64845639431440625,19913.53125,208.096742532903,362855
2018-11-20,126.699694038574,13091277015.00085381124956652,0.42061386,103325245.68698,2535973.56349083271875,20015.625,204.069488969823,325428
2018-11-21,134.894838690824,13940770859.10619721457377152,0.44961473,103345472.62448,2728509.4712718788715,20226.9375,198.134141964005,305267
2018-11-22,124.98310666277,12918929895.2599119921381721,0.42276008,103365408.65573,2491667.1201510659315625,19936.03125,193.500462008173,304552
2018-11-23,121.464526884863,12557674491.92341514356183999,0.41347151,103385530.03073,2444033.294647910246625,20121.375,195.779223254086,296227
2018-11-24,111.207919345412,11499514538.57649619866951076,0.38086606,103405536.28073,2224853.436404148825,20006.25,195.303848708201,285249
2018-11-25,114.328124196376,11824449697.05966616409788448,0.39318103,103425554.99948,2288702.56350232091325,20018.71875,192.822890229891,306399
2018-11-26,105.976193161894,10962771102.55705670605300262,0.36693085,103445602.03073,2124508.0560725253271875,20047.03125,189.338653907218,324681
2018-11-27,108.939132963179,11271425673.87085972797961567,0.37900944,103465351.40573,2151479.789064683263125,19749.375,174.606940433662,325795
2018-11-28,120.843035651666,12505471113.13010364848550868,0.42144303,103485244.68698,2403964.4953223687690625,19893.28125,167.398474695764,321224
2018-11-29,116.45006779661,12053204406.1103076587551378,0.40763014,103505344.68698,2340646.362711861,20100,171.464887996642,263790
2018-11-30,111.631448568089,11556675459.24592599971031247,0.38680613,103525266.46823,2223897.29899409478853125,19921.78125,169.767084546403,278002
2018-12-01,116.974022793688,12112078644.50070809424603224,0.39897866,103545029.53073,2311764.9233480805495,19763.0625,176.124132494993,310612
2018-12-02,114.873848918761,11896871077.38465395513199428,0.39215367,103564659.74948,2254998.78292972940896875,19630.21875,170.165151263732,276777
2018-12-03,107.436093804792,11128688059.13190939555750816,0.36794301,103584257.99948,2105559.425409764814,19598.25,169.139646494715,269535
2018-12-04,108.393074225599,11229947227.97704501108418852,0.37206288,103603918.49948,2131062.0358123891395,19660.5,172.435580405375,258028
2018-12-05,101.132688778492,10479736000.47457248635193416,0.34822197,103623626.81198,1993154.63441176361475,19708.3125,167.071928099472,279019
2018-12-06,90.8128144360023,9412146042.147691502492122554,0.31503695,103643369.06198,1792849.285799166407175,19742.25,171.311183441143,283624
2018-12-07,92.1289161309176,9550346923.267031287583222848,0.32164176,103662859.87448,1795667.43013594039455,19490.8125,163.215428887761,313613
2018-12-08,90.5991420222092,9393536448.781713345900001216,0.31749678,103682399.62448,1770284.5853284622157,19539.75,160.964857664697,333138
2018-12-09,92.9939959088252,9643661213.202478620944660896,0.32637723,103701976.87448,1820566.7064060481467,19577.25,161.514018582432,289050
2018-12-10,89.3385888369375,9266377555.199488592337995625,0.31444501,103722004.96823,1789281.632718887712890625,20028.09375,168.745737780033,290286
2018-12-11,87.1420371127995,9040233838.069335345394078635,0.30728913,103741364.53073,1687031.71386256147021875,19359.5625,162.786715038041,282399
2018-12-12,88.8542311513735,9219601287.795284526067676405,0.31507885,103760970.84323,1742103.82290106364521875,19606.3125,158.864467069301,314610
2018-12-13,85.0300748100526,8824483679.448357442458778898,0.30236014,103780735.21823,1680566.284823933356125,19764.375,156.605264591044,303851
2018-12-14,83.0865353594389,8624394661.880877558605360522,0.29645094,103800147.93698,1612935.542844717523509375,19412.71875,154.347722065728,297473
2018-12-15,82.8301902396259,8599427179.791669128396410157,0.29579961,103819961.71823,1641179.270303832664434375,19813.78125,157.318785133229,378120
2018-12-16,83.7853918760959,8700232191.631295794995633257,0.29946449,103839487.96823,1636014.508120617567375,19526.25,155.388864535668,372962
2018-12-17,93.8437010520164,9746471049.232668495605863972,0.33649934,103858553.53073,1789182.947638534425225,19065.5625,152.839127185694,303060
2018-12-18,100.277705143191,10416589506.83339066982641568,0.36012113,103877422.12448,1892099.28052915655765625,18868.59375,150.604633509608,277282
2018-12-19,99.9495049678551,10384375582.067758961392290348,0.3610743,103896218.24948,1878663.3890639254414875,18796.125,152.598336471539,322980
2018-12-20,114.083974868498,11855039064.84877556911275604,0.41000337,103915024.68698,2145513.143115978355875,18806.4375,151.982131770278,340424
2018-12-21,107.811862068966,11205302362.01007421358482518,0.38848702,103933854.28073,2030053.5641896642625625,18829.59375,152.915550472438,320212
2018-12-22,115.230315897136,11978524669.94367887589748928,0.41466708,103952892.74948,2193808.7682602519505,19038.46875,155.51860538381,325282
2018-12-23,129.693795441262,13484492456.74572351525116876,0.46495142,103971762.18698,2447248.967216678230125,18869.4375,156.202600034175,357263
2018-12-24,140.372449444769,14597444328.96170988091493887,0.50207255,103990807.21823,2673397.68631467075403125,19045.03125,163.777457584912,346049
2018-12-25,127.919814436002,13304925400.51058223589159146,0.45816263,104009886.65573,2440638.104543297908875,19079.4375,169.665325524238,252176
2018-12-26,130.30945119813,13555978981.3771228602316599,0.4667826,104029131.09323,2507732.089241712901875,19244.4375,174.295517890345,288376
2018-12-27,114.117396551724,11873694511.52150074457697852,0.41302625,104048066.90573,2160905.62409159221575,18935.8125,170.449962437099,297630
2018-12-28,135.222091759205,14072163786.9245646648705259,0.48612785,104067047.06198,2566536.43004154827578125,18980.15625,167.640798691882,314344
2018-12-29,140.09879836353,14582351887.6440259219553394,0.50287937,104086202.43698,2683645.01970280347375,19155.375,168.238279350834,314501
2018-12-30,138.401716247808,14408317568.36662717423113984,0.49833465,104105049.84323,2608513.371819663048,18847.40625,169.836198082701,247598
2018-12-31,130.790460549386,13618432547.70492781368550678,0.47254964,104124050.71823,2485133.19209131471275,19000.875,171.623297371615,286665
2019-01-01,139.154644360023,14491949908.86476289235756929,0.501839,104142768.46823,2604661.84446982050825,18717.75,162.97415381486,227755
2019-01-02,154.426368790181,16085342149.39252320872973088,0.55484275,104161888.12448,2952579.08720398909528125,19119.65625,166.443039624893,266633
2019-01-03,147.06208679135,15320901932.881117609974748,0.52864019,104179821.37448,2637301.1679509773875,17933.25,167.335745541485,298379
2019-01-04,153.442376972531,15988335594.35485415724162763,0.54952594,104197653.28073,2736170.08095133161721875,17831.90625,166.608668157402,264923
2019-01-05,154.301756867329,16080661808.21942899585639517,0.55361162,104215675.40573,2780845.549982611654125,18022.125,171.579870752989,257064
2019-01-06,155.940283167738,16254198815.51344523227227624,0.55912841,104233482.74948,2776882.2268402494759375,17807.34375,174.326549308663,266956
2019-01-07,150.346131794272,15673813423.35932990484697856,0.5410863,104251524.37448,2712488.530032832572,18041.625,175.407798833552,288553
2019-01-08,149.052762711864,15541627570.98126847502958072,0.53747466,104269302.28073,2649846.04179501395475,17777.90625,171.793873239685,277503
2019-01-09,149.62985622443,15604497412.9710657754192339,0.53987829,104287324.78073,2696704.083804789675,18022.5,175.546308730797,279728
2019-01-10,126.929803915839,13239434977.73662408046216997,0.46188903,104305171.59323,2265292.4111477444131875,17846.8125,172.356757363243,276872
2019-01-11,124.970574225599,13037301364.21636145213350102,0.45627489,104322969.18698,2224175.51077143185240625,17797.59375,173.485439985883,309317
2019-01-12,124.329310637054,12972603284.93215909646135692,0.45438856,104340667.68698,2200442.304309900219,17698.5,168.355793721484,267659
2019-01-13,115.339895382817,12036712893.33902573173896641,0.42384764,104358625.03073,2071198.14947828271234375,17957.34375,170.155157640466,260303
2019-01-14,128.323583869082,13393983738.98452357455845236,0.47036371,104376633.93698,2310967.3915623100115625,18008.90625,171.554771517955,296695
2019-01-15,120.32987609585,12561783789.2023453732785955,0.44292432,104394554.34323,2156360.2636497959390625,17920.40625,175.744789938485,277216
2019-01-16,122.420913793103,12782231812.53445865127393019,0.45083728,104412158.15573,2155074.8124924490051875,17603.8125,167.720642730983,259885
2019-01-17,122.647751607247,12808087809.38598571861645031,0.45235215,104429862.28073,2171371.125423651793875,17704.125,166.10240737391,249911
2019-01-18,119.485191408533,12479948049.78528654058256284,0.44174902,104447654.99948,2125966.40552194401909375,17792.71875,167.320288607267,250566
2019-01-19,123.487991233197,12900255069.59988476104005006,0.45636238,104465664.56198,2223964.6961137134463125,18009.5625,173.476212102937,235309
2019-01-20,117.515231735827,12278394345.72126224806821371,0.43521185,104483428.78073,2087566.28301217304015625,17764.21875,173.357243063141,234174
2019-01-21,115.918843074226,12113469245.22642574621271498,0.42995283,104499569.90573,1871060.53591646614425,16141.125,167.526416236438,242165
2019-01-22,117.97571975453,12330309587.3123823695870194,0.44056514,104515654.68698,1897613.6450629187465625,16084.78125,168.96988130775,221052
2019-01-23,116.313436586791,12158407880.87747227199508743,0.43471843,104531413.03073,1832907.11647847928740625,15758.34375,159.055214955579,241743
2019-01-24,116.326357977791,12161629154.50128801071004868,0.43535499,104547493.49948,1870582.36426318136953125,16080.46875,165.183877143532,232516
2019-01-25,114.967366452367,12021398682.86191862782867541,0.43089808,104563573.59323,1848686.03074466626940625,16080.09375,166.364665812304,242692
2019-01-26,115.040040035067,12030838854.29059624529114016,0.43148997,104579578.12448,1841161.91574248089734375,16004.53125,160.871167529152,281294
2019-01-27,111.82207685564,11696077576.1625041287825672,0.41985527,104595424.31198,1771953.5964938818725,15846.1875,159.060007766933,253559
2019-01-28,105.667155756867,11053930033.05100009155552291,0.39847231,104610841.03073,1629040.82141606192015625,15416.71875,147.271706488026,275560
2019-01-29,104.227875803624,10904977503.73515952072261552,0.39406571,104626304.81198,1611757.07157940949325,15463.78125,137.815388258963,247558
2019-01-30,107.66988603156,11266777160.4625723917810888,0.40710112,104641860.18698,1674845.453428177635,15555.375,137.81590055295,244601
2019-01-31,105.739236119229,11066405544.79031678921312592,0.40062661,104657513.62448,1655182.5238900936996875,15653.4375,140.789486621411,226825
2019-02-01,106.634947691409,11161780075.53821252033524857,0.40437959,104672814.28073,1631584.67886298018715625,15300.65625,135.148694514003,233701
2019-02-02,108.571131794272,11366140886.34589090162597856,0.41160897,104688425.90573,1694971.795397751612,15611.625,134.751169715058,230615
2019-02-03,106.021722676797,11100861558.84990910050197181,0.40236043,104703652.03073,1614300.002192245721625,15226.125,132.383443416732,217389
2019-02-04,106.026675628288,11103012398.49730920975329024,0.40508712,104719046.71823,1632247.53796135992,15394.6875,135.01509454893,208209
2019-02-05,106.135586499123,11116053922.45947311877695604,0.40564886,104734465.49948,1636481.39107043085384375,15418.78125,134.191119697227,214341
2019-02-06,103.394712156634,10830572094.62500213611648782,0.39610329,104749767.84323,1582181.4273531173109375,15302.34375,132.998856018112,210354
2019-02-07,103.299053769725,10822142564.19588134594833675,0.40495776,104765166.46823,1590663.391854831628125,15398.625,132.878994102352,196941
2019-02-08,117.501485096435,12311880544.9154787791711038,0.4583933,104780637.74948,1817898.52321962925734375,15471.28125,135.154809483648,210686
2019-02-09,118.103963471654,12376821162.21009329724961492,0.46088424,104795984.81198,1812548.908897190916375,15347.0625,134.401376787132,193871
2019-02-10,123.577868205728,12952116678.16214040111802144,0.48156962,104809355.15573,1652278.577802779079,13370.34375,139.288744051534,171484
2019-02-11,119.726615429573,12550041499.56319579584787204,0.4669473,104822486.24948,1572141.41157591958546875,13131.09375,135.542707067222,195256
2019-02-12,120.828701928697,12667179674.80465539771885881,0.47153349,104835850.03073,1614728.34129655980553125,13363.78125,140.731465031325,207073
2019-02-13,120.690225891292,12654238017.52714764048790316,0.47131967,104848904.90573,1575595.8127325806485,13054.875,135.767157664289,206023
2019-02-14,119.68091320865,12549978529.532606174575252,0.46762715,104861988.37448,1565841.4879368345046875,13083.46875,133.28374610822,207805
2019-02-15,120.360025423729,12622763966.34607243509450467,0.47102055,104875052.34323,1572379.61088480116446875,13063.96875,132.82812531316,208673
2019-02-16,121.804881063705,12775911024.9384115798721859,0.47659499,104888333.81198,1617747.72144506471671875,13281.46875,136.456462954955,215553
2019-02-17,132.80649006429,13931576531.4123307533818817,0.51870126,104901323.15573,1725069.1516760224096875,12989.34375,133.50968167416,203761
2019-02-18,144.415395967271,15151286525.37010711543358158,0.56094026,104914620.93698,1920404.34470490191746875,13297.78125,136.000656275496,248067
2019-02-19,143.137295733489,15019131838.53028454678749197,0.55679578,104928151.40573,1936714.70688148124296875,13530.46875,145.484950797455,235079
2019-02-20,147.192143483343,15446574757.52386890182378664,0.57175624,104941570.87448,1975240.36972023753403125,13419.46875,144.105230207186,218723
2019-02-21,143.601283459965,15071659862.1261644569811307,0.5706152,104954910.56198,1915596.2459548518609375,13339.6875,144.50411187651,210293
2019-02-22,147.063304208065,15436970714.7377091609824312,0.58383715,104968202.62448,1954774.6309901129840625,13292.0625,142.712018187329,217612
2019-02-23,157.5305,16537844044.998818515,0.62413569,104981854.59323,2150601.463171875,13651.96875,152.167261181759,211612
2019-02-24,135.383128872005,14214580418.6064332670503074,0.54004988,104995212.74948,1808468.98908612904078125,13358.15625,148.267805123807,217755
2019-02-25,137.924874926943,14483295870.41564738282058339,0.55023218,105008584.40573,1844284.01584732565934375,13371.65625,145.590427728742,231575
2019-02-26,135.725916130918,14254221126.63431468780117264,0.54200005,105022102.87448,1834806.5557809358918125,13518.46875,147.548233225137,239116
2019-02-27,133.996758912916,14074432189.72512099013653368,0.53611014,105035616.56198,1810790.32596198653775,13513.6875,147.535698771532,235484
2019-02-28,134.754724137931,14155791260.86289267108374463,0.53963599,105048571.40573,1745726.39578124955328125,12954.84375,147.95899025423,233394
2019-03-01,134.864564582116,14169065498.97905785876442468,0.54024349,105061441.03073,1735656.3719601146265,12869.625,141.264233626206,268402
2019-03-02,132.19729748685,13890641067.9631335165146505,0.53006025,105075075.90573,1802493.62657101389375,13634.875,142.525037737313,279249
2019-03-03,129.645783752192,13624303451.47258641652886016,0.52029964,105088673.59323,1762882.853154884256,13597.6875,141.02482751791,291044
2019-03-04,125.120439509059,13150448327.08619110598582057,0.50375655,105102318.84323,1707299.67721098731975,13645.25,139.476203485556,272293
2019-03-05,135.707658971362,14265056013.14678686170332926,0.54495536,105116071.71823,1866370.47037577016575,13752.875,141.636781920635,270746
2019-03-06,137.182303915839,14421925886.30259677769623247,0.55108693,105129637.53073,1860989.4132402876541875,13565.8125,141.590025243034,266235
2019-03-07,136.142440677966,14314466780.47242617051089518,0.54726327,105143309.53073,1861339.448949151152,13672,141.955624561301,279134
2019-03-08,132.441421098773,13927133317.87483086664179429,0.53404658,105156930.53073,1803984.596786387033,13621,142.646384971824,272589
2019-03-09,136.296960841613,14334414208.79979280025576749,0.54918683,105170461.03073,1844166.0286674446965,13530.5,139.052503034787,284250
2019-03-10,135.225663062537,14223617476.06864992178238701,0.54646845,105184305.65573,1872148.595477176313625,13844.625,142.069370541774,248152
2019-03-11,132.080107539451,13894539374.31962418029164173,0.53467567,105197819.96823,1784971.8483217468924375,13514.3125,139.259346164309,262743
2019-03-12,132.696165108124,13961159817.61220506694190052,0.53943745,105211479.21823,1812530.093253142747,13659.25,138.488504454074,298223
2019-03-13,131.13371244886,13798553682.4197665571734678,0.53388935,105225067.03073,1781820.29718402551875,13587.8125,136.355149527378,272122
2019-03-14,131.309282583285,13818816928.97401435771091055,0.5347493,105238690.34323,1788867.3907828988315625,13623.3125,137.69585800244,280348
2019-03-15,135.602942723553,14272514476.48443502481815869,0.55202024,105252247.40573,1838377.5696871282430625,13557.0625,138.215511913921,258613
2019-03-16,140.628877556984,14803448033.96444866928461832,0.57169949,105266061.21823,1942620.9466576350415,13813.8125,142.631825206676,268643
2019-03-17,138.143052308591,14543649947.76674768670231393,0.5621976,105279633.71823,1874946.5774583513475,13572.5,141.188232748458,282235
2019-03-18,137.063216247808,14431812874.93195466038313984,0.55775345,105293114.15573,1847672.120177560256,13480.4375,138.783552148688,263811
2019-03-19,137.928077147867,14524755456.26750615151557791,0.56135157,105306734.90573,1878683.85681180944025,13620.75,134.334119500687,265142
2019-03-20,138.685892460549,14606466275.64429972730304577,0.56420597,105320490.90573,1907763.136687312044,13756,139.949251297753,261950
2019-03-21,134.586574225599,14176552088.90497429527928227,0.54845008,105334073.40573,1828022.1444191984175,13582.5,137.330445396475,237078
2019-03-22,135.893367913501,14316051499.88989093172776073,0.5557606,105347683.40573,1849508.73730274861,13610,136.620477212782,247350
2019-03-23,136.475040619521,14379201263.62657750043725533,0.55830098,105361399.40573,1871891.657137350036,13716,136.50729163688,241066
2019-03-24,135.419440385739,14269826903.36726612331138447,0.55434114,105375024.90573,1845157.5849758867445,13625.5,137.48883997885,260748
2019-03-25,133.093157802455,14026509293.87291429465944215,0.54572861,105388658.03073,1814475.656965594321875,13633.125,137.164857296365,294083
2019-03-26,133.164339859731,14035815959.85924356516197113,0.54637917,105402211.84323,1804884.4941450702744375,13553.8125,132.024509057796,275745
2019-03-27,139.21530742256,14675513594.9367719561552688,0.5699238,105415947.90573,1912270.16371299807,13736.0625,131.649966595234,262880
2019-03-28,137.336611922852,14479336682.75898045029424196,0.56267481,105429546.28073,1867554.7501564125655,13598.375,130.955275938531,277318
2019-03-29,142.368977498539,15011824226.81071711232116597,0.58210009,105443085.21823,1927524.6882916258623125,13538.9375,132.055429092654,257930
2019-03-30,142.107745178258,14986210515.77495974886486834,0.5820787,105456676.53073,1931430.773388072683625,13591.3125,126.643179448144,249624
2019-03-31,141.27678515488,14900509959.4774458865894624,0.57880133,105470335.71823,1929726.09782772246,13659.1875,127.860201133348,241677
2019-04-01,141.295688778492,14904438854.94274097203805916,0.58149892,105484031.28073,1935123.93664638584175,13695.5625,134.472680655086,296278
2019-04-02,165.466880479252,17456367141.55187726450666396,0.67640248,105497650.59323,2253545.15364708275425,13619.3125,132.17951090543,336880
2019-04-03,160.239572764465,16907070015.38911349021450945,0.65641648,105511202.53073,2171556.6751307319009375,13551.9375,131.208612949128,320514
2019-04-04,157.865736879018,16658771420.53791175441109814,0.6472127,105524933.71823,2167684.032911460973875,13731.1875,134.975462595713,283098
2019-04-05,165.938985388662,17512964184.41875269914008326,0.67902169,105538575.78073,2263750.009858713795375,13642.0625,135.523329039011,290567
2019-04-06,165.408794856809,17459259648.06961659376080307,0.67518209,105552184.59323,2251017.2750572780293125,13608.8125,137.668706044968,281955
2019-04-07,174.463659555815,18417406483.19767117881894495,0.70988977,105565861.28073,2386084.9518512705628125,13676.6875,136.700154497132,287126
2019-04-08,180.779501168907,19086623811.57806418998051211,0.73425763,105579580.03073,2480068.78166094290625,13718.75,136.099696882773,299606
2019-04-09,175.957886616014,18579958561.89232971468861022,0.71573766,105593212.78073,2398789.8787644648585,13632.75,137.810904609262,296515
2019-04-10,177.474878959673,18742579575.87822799480406379,0.72085201,105606943.84323,2436918.6551752049425625,13731.0625,140.323204447125,300565
2019-04-11,165.550361192285,17485513471.08483904509298055,0.67461794,105620509.34323,2245773.4247539421675,13565.5,139.977058473162,314322
2019-04-12,164.89181735827,17418197956.1419606875290121,0.67261069,105634095.34323,2240220.23062945622,13586,139.635089377869,320739
2019-04-13,164.128659263589,17339830952.54817533542508997,0.67073972,105647795.03073,2248511.3417051494284375,13699.6875,142.611569200023,290028
2019-04-14,168.013099064874,17752504741.62285849782320302,0.68585336,105661432.59323,2291289.139315910729625,13637.5625,143.446452506932,245862
2019-04-15,160.557473115137,16966933735.39784769449791001,0.65677127,105675141.78073,2201112.5034616222211875,13709.1875,143.452320108269,294905
2019-04-16,166.662340151958,17614342918.05252879472504434,0.68095983,105688801.09323,2276492.986116891808875,13659.3125,140.695607545142,283757
2019-04-17,166.364139684395,17585084684.58467195062645835,0.67991356,105702375.03073,2258216.4343172474553125,13573.9375,137.668681769967,308498
2019-04-18,173.54595207481,18346579178.2863530427132863,0.70711094,105715972.96823,2359867.009691261704375,13597.9375,137.501580136766,325334
2019-04-19,173.652783459965,18360252059.51145394216097445,0.70738754,105729673.28073,2379097.3998963517390625,13700.3125,140.452737448713,336310
2019-04-20,173.215369374635,18316362316.22269649374847105,0.70463904,105743285.84323,2357905.0415728048521875,13612.5625,138.118341364123,369030
2019-04-21,169.945601110462,17972938248.31836659280112226,0.69251483,105757007.71823,2331972.29523762075625,13721.875,140.471855072897,307683
2019-04-22,171.565414669784,18146587276.74300193258046232,0.70092298,105770660.78073,2342393.3293249778135,13653.0625,141.777574958503,335022
2019-04-23,170.937409643483,18082477241.29692199412110759,0.69904922,105784200.65573,2314471.159396554384625,13539.875,138.210702704659,356264
2019-04-24,165.142114202221,17471672684.66001821239862633,0.67726718,105797801.90573,2246139.18079295837625,13601.25,137.128914601247,344470
2019-04-25,152.045494447691,16088159635.76454479935804443,0.62705068,105811485.53073,2080533.528961785759875,13683.625,138.492361933253,299191
2019-04-26,152.960927527762,16187127320.27123422860900126,0.63158927,105825242.96823,2104350.400405215229875,13757.4375,138.065187452246,307928
2019-04-27,155.726733489188,16481950898.34091122433399724,0.64254001,105838930.34323,2131490.1987915746015,13687.375,141.955500472905,258512
2019-04-28,153.2518471654,16222096003.374599369167742,0.63345114,105852531.65573,2084426.2644988445875,13601.3125,139.386152643941,256712
2019-04-29,152.545208766803,16149383529.98724580074210619,0.63081826,105866212.78073,2086990.069289727693375,13681.125,142.321703343671,274907
2019-04-30,159.938501461134,16934266388.13732570284164782,0.65957257,105879861.53073,2182960.6218176526825,13648.75,143.133415898716,292816
2019-05-01,158.222859731151,16754780411.83510078755764523,0.65290233,105893550.65573,2165932.504717192432875,13689.125,143.653874849061,291650
2019-05-02,159.191619520748,16859537925.69005210987283604,0.65726722,105907195.21823,2172100.00202706613275,13644.5625,142.286429090152,266188
2019-05-03,164.69545207481,17444653890.5806786353851613,0.67889207,105920677.65573,2220496.139132871149375,13482.4375,139.2488162461,275199
2019-05-04,162.037265751023,17165337847.68735320831206179,0.66851191,105934506.90573,2240853.85738733482275,13829.25,147.084996276776,256938
2019-05-05,161.485596434833,17109098947.36623191743666809,0.66646976,105948142.28073,2201916.664487611017375,13635.375,144.83039135836,261416
2019-05-06,172.068616014027,18232684806.22164197715773721,0.70788094,105961710.09323,2334594.7192128157059375,13567.8125,141.165458195033,282859
2019-05-07,170.05011484512,18021117318.8065675421105376,0.69959339,105975331.65573,2316348.2674949799,13621.5625,143.974025254782,277792
2019-05-08,169.558764172998,17971347710.67013836697672854,0.69764768,105988904.78073,2301442.30096562347875,13573.125,141.771591655593,277410
2019-05-09,170.250314728229,18046961865.18494778296285217,0.70028354,106002516.90573,2317468.565369994176625,13612.125,142.397432377588,281070
2019-05-10,172.221821975453,18258310738.25815546823510819,0.70816385,106016244.21823,2364142.7695764106600625,13727.3125,143.53122276812,310015
2019-05-11,199.606514552893,21164246570.10208848776996439,0.81456448,106029838.84323,2713575.712903623000125,13594.625,144.372559651563,320467
2019-05-12,187.184103740503,19849662681.71906321984103219,0.76685375,106043527.65573,2562328.0990842942226875,13688.8125,146.931587422303,286729
2019-05-13,195.825203097604,20768649640.84602511631762092,0.79694959,106057082.09323,2654300.47631127981775,13554.4375,144.581206677593,320643
2019-05-14,218.214805669199,23146219315.92757206256311027,0.87954207,106070801.40573,2993757.1111025127056875,13719.3125,150.212792057788,355627
2019-05-15,249.061431034483,26421567926.64307023575160009,0.99298413,106084542.34323,3422337.5575053912478125,13740.9375,151.921303353101,369579
2019-05-16,263.38047019287,27944173299.9567254132756451,1.02946837,106098122.15573,3576657.401381013436875,13579.8125,148.916086181794,399571
2019-05-17,242.263793687902,25707072531.92163910389435346,0.95022391,106111904.46823,3338955.312042192833375,13782.3125,157.69490404696,357861
2019-05-18,234.841279661017,24922642492.94816044138011491,0.92433601,106125475.59323,3187060.361439619334125,13571.125,160.249891007412,318252
2019-05-19,261.974045295149,27805680786.64007255979655377,1.02263998,106139067.15573,3560636.6100068485803125,13591.5625,156.349437723927,330704
2019-05-20,252.417419637639,26794758162.13458788944827147,0.98843196,106152571.40573,3408707.93914158646575,13504.25,153.899019878769,331537
2019-05-21,256.818162185856,27265379245.33777443313135488,1.00264522,106166086.59323,3470945.615347253688,13515.1875,151.137456258065,370207
2019-05-22,244.550514319112,25966311654.93178386002331176,0.95865177,106179746.65573,3340575.3100062148645,13660.0625,152.937960345501,331007
2019-05-23,245.840384862654,26106597308.89799846334148242,0.96308499,106193281.96823,3327526.434236291469375,13535.3125,150.255100959905,339775
2019-05-24,248.839252016365,26428440990.20245033225602145,0.97369143,106206881.65573,3384136.0651563088859375,13599.6875,148.511451263677,350611
2019-05-25,251.888460958504,26755756058.25245031285482792,0.98459699,106220650.03073,3468094.788649542511,13768.375,152.330399192829,323361
2019-05-26,268.294339567504,28502062053.66502038383839792,1.04375501,106234302.59323,3662905.239341571329,13652.5625,149.902535033579,319134
2019-05-27,272.616331092928,28964909148.69350049762167744,1.05780938,106247887.03073,3703339.511211187108,13584.4375,154.268671994233,361711
2019-05-28,271.223498538866,28820587743.64177745514747718,1.05220031,106261396.59323,3664110.804979468906125,13509.5625,149.651432266984,350001
2019-05-29,269.327810929281,28622877517.79857036917593013,1.04101912,106275239.15573,3728187.0557767553225625,13842.5625,160.276055143033,346909
2019-05-30,254.294201753361,27028582996.64507900788340853,0.98643067,106288632.65573,3405889.3911836405535,13393.5,156.410147858332,352640
2019-05-31,266.573922559906,28337443738.45425965608178638,1.0234614,106302384.96823,3666007.887394627282625,13752.3125,157.471210812149,399069
2019-06-01,265.140144360023,28188644583.87692767711619429,1.01735924,106316018.84323,3614887.585686508579125,13633.875,155.667930399539,508448
2019-06-02,269.967041496201,28705474602.22548931064281923,1.03450786,106329552.09323,3653531.46432846218325,13533.25,159.042439370906,435046
2019-06-03,251.05775862069,26698247973.8962915924313037,0.96335715,106343050.78073,3388950.228071125344375,13498.6875,151.041927679644,393251
2019-06-04,239.457040911748,25467841364.27309986913551604,0.92328027,106356619.40573,3249102.7917411667065,13568.625,153.490121628205,361274
2019-06-05,246.337600233782,26203000843.03001251072237086,0.94849003,106370285.40573,3366449.644794864812,13666,149.871217826598,324986
2019-06-06,247.488754237288,26328840003.39389814954436024,0.94969741,106383985.34323,3390580.4650037057695,13699.9375,156.860354589559,413745
2019-06-07,250.225909585038,26623410894.34201647618584274,0.95909631,106397498.71823,3381396.55093871288325,13513.375,155.638557707107,311139
2019-06-08,244.62647019287,26030942434.6814571416268951,0.94028122,106410980.03073,3297885.890442015741875,13481.3125,151.482557850645,276543
2019-06-09,231.039578024547,24588265817.02377144705351681,0.8950244,106424475.09323,3117893.5454148882991875,13495.0625,149.2711756492,355087
2019-06-10,246.746325248393,26263242434.45868239976436689,0.94802675,106438231.28073,3394288.7150528781816875,13756.1875,151.589059137243,325166
2019-06-11,245.800910870836,26165946769.03372983437379028,0.94482609,106451789.28073,3332568.749586794488,13558,150.643081945367,381772
2019-06-12,259.656640093513,27644437996.49634387664490449,0.99337062,106465361.28073,3524059.919349158436,13572,149.733175597032,480717
2019-06-13,255.336300409117,27187936879.45228247044260291,0.97619187,106478933.21823,3465408.3106337603541875,13571.9375,148.524523625244,360497
2019-06-14,264.76342314436,28195333889.2089146821786828,1.00823837,106492556.84323,3607037.590635081505,13623.625,148.74702118563,351579
2019-06-15,269.057187405026,28656246026.22572213237682398,1.0232598,106506153.21823,3658202.41640401038075,13596.375,148.203565424597,330124
2019-06-16,269.848518702513,28744223456.49227324135816199,1.02567349,106519848.96823,3695777.85001994241975,13695.75,149.454807814735,443504
2019-06-17,273.7140949737,29159717277.829894339998051,1.03738108,106533488.09323,3733220.7556081660125,13639.125,149.510083331942,338539
2019-06-18,263.702251899474,28096673837.03264504257596102,1.0021107,106546962.09323,3553124.142093512676,13474,149.558677886143,378719
2019-06-19,268.93683810637,28658051559.5724983066093751,1.01775567,106560528.34323,3648464.3799605420125,13566.25,151.988468454784,331466
2019-06-20,272.137500292227,29002824434.96522503765632321,1.02637189,106574156.09323,3708621.81960739649925,13627.75,150.309313399277,313165
2019-06-21,294.852892752776,31427669737.81368756472930648,1.10180804,106587625.59323,3971521.038933516332,13469.5,148.187514486451,390272
2019-06-22,308.009769725307,32834250518.40767223918637161,1.14179934,106601328.09323,4220503.8696610191675,13702.5,149.130383228466,379012
2019-06-23,306.55350742256,32683197662.4527949864252688,1.13597344,106614985.21823,4186639.57005832974,13657.125,150.273551506771,339193
2019-06-24,309.798750263004,33033428214.30341314288061292,1.14596448,106628668.40573,4239034.38711435804525,13683.1875,154.589745859032,363545
2019-06-25,316.171920046756,33717303643.98690090848531188,1.16230869,106642309.15573,4312822.118377786907,13640.75,155.520275310546,350197
2019-06-26,334.035053477499,35626835304.31266319004185677,1.2146512,106655977.96823,4565862.5144114067999375,13668.8125,162.116659931632,388619
2019-06-27,293.215036236119,31277121970.13330861566799937,1.08022015,106669570.46823,3985525.3800394475075,13592.5,160.236239786281,357014
2019-06-28,309.446182933957,33012712165.83180483027512361,1.13040959,106683210.15573,4220749.2332870066184375,13639.6875,157.521350235405,325663
2019-06-29,318.529788135593,33986122327.52036721891627289,1.15937299,106696841.53073,4341998.990746819030375,13631.375,163.092462248708,310251
2019-06-30,291.660696317943,31123251907.60101974756132589,1.06707775,106710476.59323,3976811.8230886726764375,13635.0625,162.672572488896,275123
2019-07-01,293.862392752776,31362196295.49540897969630648,1.07693244,106724089.46823,4000312.019744445591,13612.875,161.21406525152,309889
2019-07-02,290.571834307423,31014977550.82123453270867129,1.06568856,106737728.46823,3963109.248118942297,13639,162.861678509714,382288
2019-07-03,302.057210403273,32244992776.98211495347251679,1.10331734,106751276.46823,4092271.086543542604,13548,158.270321139686,370570
2019-07-04,283.489202805377,30266698381.73183770714823521,1.04650539,106764907.03073,3864117.2969138665345625,13630.5625,157.161883964355,360399
2019-07-05,287.858582992402,30737088966.10987383217626346,1.06066376,106778434.90573,3894114.92839834020575,13527.875,157.772852334922,319406
2019-07-06,287.274129982466,30678641882.76844174203168018,1.05877222,106792219.28073,3959894.33547705476875,13784.375,162.142175615644,318241
2019-07-07,306.198590590298,32703819520.00934789978598254,1.12431068,106805911.34323,4192490.239774272109625,13692.0625,161.327529962605,309297
2019-07-08,313.326290473407,33469380606.83760681063467211,1.14350761,106819573.15573,4280605.0317682226701875,13661.8125,158.650774594595,335258
2019-07-09,308.343054061952,32941289279.38143579202778496,1.13499212,106833245.78073,4215858.949543796464,13672.625,163.114360617135,351558
2019-07-10,288.731157802455,30850017856.86928859771756715,1.06848964,106846860.90573,3931110.804875150131875,13615.125,162.83479044415483,347412
2019-07-11,267.536604617183,28589106849.98988237025503359,0.98712344,106860543.03073,3660469.266447874953875,13682.125,166.6358668388077,313587
2019-07-12,275.872600233781,29483619493.18706009653721513,1.01618274,106874040.65573,3723624.905730488270125,13497.625,166.4999562137437,343689
2019-07-13,268.688629339568,28719507481.79974871038392464,0.9910879,106887692.09323,3667986.030389778829,13651.4375,166.77088577175707,287614
2019-07-14,230.335976329632,24623254873.68904848850559136,0.85778384,106901471.78073,3173957.77382972595,13779.6875,170.69340699100943,297781
2019-07-15,230.578357977791,24652279501.11142724977801743,0.86326673,106914975.53073,3113672.50154259521625,13503.75,167.44632002814143,360602
2019-07-16,199.001611046172,21278947976.77495555983236556,0.75500075,106928521.15573,2695601.1976273035975,13545.625,160.86743376659263,268611
2019-07-17,210.931314728229,22557452353.08999560184241467,0.80223374,106942169.21823,2878803.7666180399063125,13648.0625,165.87332595996602,312639
2019-07-18,227.241794272355,24304844708.50845125923728165,0.86280075,106955873.96823,3114291.98005405718625,13704.75,168.2793380989905,308987
2019-07-19,221.03139333723,23643586277.5501894827468279,0.84098188,106969358.15573,2980428.751145460050625,13484.1875,162.10610073970332,296342
2019-07-20,230.67205371128,24678003207.6298848281076344,0.87633059,106983064.53073,3161677.67018694541,13706.375,167.1237312025177,293720
2019-07-21,225.672067124489,24146132846.29571326017454697,0.85734074,106996551.03073,3043526.3332744208985,13486.5,163.07321543983304,284257
2019-07-22,217.013625365284,23222675637.24523088599217732,0.82795359,107010219.28073,2966196.484899043033,13668.25,162.25887059805845,332359
2019-07-23,212.361456750438,22727747986.21871626164483474,0.81137244,107023884.34323,2901932.579085782172375,13665.0625,164.76405546768365,295644
2019-07-24,216.848442548217,23210925584.64377209142270841,0.82843959,107037548.03073,2962949.3538405407701875,13663.6875,164.83234776510352,268921
2019-07-25,219.638668264173,23512562982.53007059408259879,0.83887751,107051108.84323,2978478.7980801505205625,13560.8125,162.5276633839506,271079
2019-07-26,219.365355873758,23486303435.88335800814183334,0.83902495,107064779.40573,2998847.807806950848875,13670.5625,162.84476354226229,314692
2019-07-27,206.645765049679,22127310383.79919738355119817,0.7926561,107078460.46823,2827133.6270049740039375,13681.0625,168.26202766560644,279933
2019-07-28,210.927540561075,22588657453.43696124831683475,0.80897672,107092025.03073,2861139.8069119869046875,13564.5625,166.49369533647112,292897
2019-07-29,210.840748977206,22582206929.60322724070729038,0.80864285,107105514.65573,2844162.63842164248775,13489.625,164.53560659047133,304681
2019-07-30,210.029560841613,22498210629.98571561961107999,0.80579195,107119257.59323,2886423.1277987348581875,13742.9375,169.03935272074088,331809
2019-07-31,218.08824050263,23364399796.9285315331620699,0.83480225,107132781.40573,2949384.473012473876875,13523.8125,164.17925543598005,294035
2019-08-01,217.353194915254,23288593514.95737596706125542,0.83789184,107146313.28073,2941196.26444385272125,13531.875,160.56604481263196,269308
2019-08-02,217.667191992987,23325235985.93407559570630301,0.83930516,107160090.46823,2998841.7166858805840625,13777.1875,164.80715695995073,299037
2019-08-03,221.83531648159,23774926195.0332110026242607,0.85475609,107173765.53073,3033611.817593023349375,13675.0625,167.13433988266948,259678
2019-08-04,222.788521917008,23880114247.41949674747865584,0.85837096,107187363.34323,3029436.548179615345,13597.8125,169.60831576432466,301295
2019-08-05,232.299908825248,24902785291.67540434601987104,0.89257255,107201011.90573,3170559.824345698906,13648.5625,171.36441610548752,335179
2019-08-06,225.729268264173,24201476457.03089423704491129,0.86862087,107214614.40573,3070482.3715634132325,13602.5,171.72962191739475,346542
2019-08-07,226.042916773817,24238198759.22035263082658391,0.86845131,107228304.71823,3094598.1690450465478125,13690.3125,172.8627543850209,310904
2019-08-08,220.550041320865,23652189079.69625177395580645,0.84946423,107241825.65573,2982043.3243218331109375,13520.9375,171.02529827826734,306119
2019-08-09,209.817827878434,22504087876.41968705793977682,0.81154859,107255365.78073,2840959.61670248116425,13540.125,170.13819418622748,326034
2019-08-10,206.324379310345,22132229773.77962313639596435,0.799584,107269096.59323,2833001.3664892265053125,13730.8125,174.54863637703073,315155
2019-08-11,215.789734658095,23150490321.70123460041700935,0.83418283,107282630.28073,2920430.8345705770753125,13533.6875,170.91582000397162,293410
2019-08-12,210.972497662186,22636570385.26155814795272578,0.81748912,107296309.40573,2885919.16708325006725,13679.125,173.31842911483193,349597
2019-08-13,208.597628345996,22384585077.50699479570420708,0.80814047,107309873.34323,2829405.19353331811925,13563.9375,172.7624798531813,322202
2019-08-14,186.381814143776,20003157815.29140326560623648,0.72795215,107323549.28073,2548946.04136689659,13675.9375,171.06334145662103,321012
2019-08-15,188.016636469901,20181152795.77802682051024523,0.73484601,107337058.96823,2540046.0035094656659375,13509.6875,172.04874551214462,304059
2019-08-16,185.577936879018,19921927094.34828242294122314,0.72971667,107350730.53073,2537140.362662549525625,13671.5625,170.63589487026016,325186
2019-08-17,185.547666510812,19921209462.08476573904075276,0.73000362,107364376.15573,2531913.8768315989975,13645.625,175.76440003227327,290153
2019-08-18,194.706162068966,20907145547.70940624972707518,0.76501723,107377934.65573,2639923.498412075511,13558.5,168.95578913597734,283406
2019-08-19,202.767035067212,21775438956.85588438130367476,0.79603354,107391415.71823,2733515.07268077667275,13481.0625,168.312053254052,295257
2019-08-20,196.717822033898,21128485242.93723778905606054,0.77317201,107405038.46823,2679837.7101122839795,13622.75,167.1192147977165,304960
2019-08-21,186.497284628872,20033290069.36649018940423656,0.73513461,107418668.90573,2542039.5820535504915,13630.4375,166.42852694597187,316421
2019-08-22,191.596093220339,20583575753.59051141808689247,0.75456809,107432126.65573,2578452.32353601717725,13457.75,161.5114953190012,305383
2019-08-23,194.624304792519,20911572320.24166319180454637,0.76603268,107445842.09323,2669357.4883627448120625,13715.4375,165.63467415432228,312715
2019-08-24,191.114351256575,20536982017.97607592215204975,0.75346819,107459130.53073,2539611.1120260433515625,13288.4375,162.96434225246546,297544
2019-08-25,186.324488895383,20024841261.80034555765418209,0.73623491,107472943.46823,2573688.5198313694175625,13812.9375,164.71479451546784,295058
2019-08-26,188.569805376973,20268697018.33037168505031779,0.74525153,107486439.71823,2544985.23581897185125,13496.25,165.53189553084428,309070
2019-08-27,186.883293103448,20089950253.33730989017795704,0.74076913,107499979.90573,2530434.8292381428165,13540.1875,159.98204822554385,308164
2019-08-28,173.17579748685,18618753079.6522934430709005,0.6897001,107513598.03073,2358329.65715060915625,13618.125,161.83040890498359,303065
2019-08-29,168.735882349503,18143722526.69691594906078969,0.67474164,107527351.46823,2320698.4119012426665625,13753.4375,167.63377241667342,308537
2019-08-30,168.372436002338,18106935778.14145700570997174,0.67453816,107540974.09323,2293674.55599634969725,13622.625,168.19039423746,288572
2019-08-31,172.177609877265,18518486184.32055779161616595,0.69037737,107554554.84323,2338301.07534066664875,13580.75,166.55237463422387,282011
2019-09-01,171.211480479252,18416896815.31322719253616396,0.68696684,107568118.46823,2322248.3169153944085,13563.625,165.0965384406521,275912
2019-09-02,178.580194623027,19211969612.82583673135349471,0.71602468,107581748.65573,2434081.5364983498275625,13630.1875,167.03306137652953,319698
2019-09-03,179.233673874927,19284688784.30348343215519421,0.72074993,107595232.34323,2416730.8480064297533125,13483.6875,168.47228304959316,303296
2019-09-04,174.729775277615,18802443384.57274368283048395,0.70383924,107608696.65573,2352616.2973925826146875,13464.3125,164.78246885379,296005
2019-09-05,174.54153974284,18784566921.5545472853099732,0.70339597,107622328.46823,2379317.5432356930975,13631.8125,166.96480094651463,326386
2019-09-06,169.23070338983,18215297411.6215853994626009,0.68368867,107635890.21823,2295064.4916970270025,13561.75,160.82204436082154,320381
2019-09-07,178.287494389246,19192558161.86208326830202958,0.71888623,107649491.78073,2424988.497903728796875,13601.5625,169.47477581575333,284448
2019-09-08,181.604640268849,19552102093.38930300292110477,0.73185971,107663009.40573,2454863.425414199963625,13517.625,169.28079116279025,279927
2019-09-09,181.388241671537,19531256644.29157136918439451,0.73106757,107676531.09323,2452675.1200570009586875,13521.6875,167.07217687464907,316921
2019-09-10,179.595805669199,19340677279.36915102983686027,0.72463439,107690027.65573,2423926.0159521986284375,13496.5625,167.16750521382087,296904
2019-09-11,178.058855639977,19177575307.17750597409293071,0.71976293,107703574.96823,2412218.9607471559118125,13547.3125,168.5447100864966,295327
2019-09-12,180.84650818235,19480282265.9494011586779905,0.73162702,107717215.34323,2466814.18904782238125,13640.375,173.43217277770944,301354
2019-09-13,181.51325949737,19554530056.2357911134723051,0.73478401,107730587.34323,2427195.30599883164,13372,169.52208273232043,270785
2019-09-14,188.595950496786,20320121901.65406607066135878,0.76216383,107744211.09323,2569384.0805805882675,13623.75,172.93558054935787,271533
2019-09-15,189.443608416131,20414013910.32608006374076813,0.76523723,107757733.71823,2561774.875258183463875,13522.625,171.33279122954124,277976
2019-09-16,197.430535651666,21277376292.10699400627169618,0.79536541,107771456.03073,2709203.507254551997625,13722.3125,176.31644199637975,307380
2019-09-17,209.287582700175,22558065691.81962353187325275,0.83952277,107785017.15573,2838175.069944910696875,13561.125,180.2632847186094,297547
2019-09-18,210.7212235827,22715476815.836384057146371,0.84506907,107798713.53073,2886116.8986475027125,13696.375,183.64866626124427,305563
2019-09-19,221.562201052016,23887092068.09462607610345168,0.88505503,107812126.59323,2971827.650348256359,13413.0625,177.6732129149794,295149
2019-09-20,217.195570134424,23419282705.61928872565434952,0.8679429,107825784.34323,2966402.798003429386,13657.75,181.18155164104277,309840
2019-09-21,215.50002980713,23239383805.9726817658087299,0.86005749,107839353.09323,2924066.0294454951875,13568.75,185.52807729890293,242789
2019-09-22,211.051801870251,22762531859.17535254349525073,0.84301017,107852819.34323,2842076.32693526752875,13466.25,181.3082720504473,239625
2019-09-23,201.226725014611,21705620816.96840175359230853,0.80670152,107866491.46823,2751196.937740388418375,13672.125,186.00315748531054,251471
2019-09-24,168.43832817066,18171096118.7594149899006318,0.68344877,107879817.59323,2244630.2159932364925,13326.125,178.41514511006642,296761
2019-09-25,169.84662478083,18325332283.5080355747480309,0.68942916,107893414.46823,2309383.32631684790625,13596.875,182.67844528584837,278971
2019-09-26,166.334617884278,17948652110.43171663332436294,0.67760665,107906894.78073,2242242.628648156276875,13480.3125,185.58269755430385,265068
2019-09-27,174.083654120397,18787159116.85668956278817481,0.70820563,107920293.90573,2332568.642015964452625,13399.125,182.15096344351997,268165
2019-09-28,173.798880362361,18758777867.53083819582741603,0.7084324,107933824.59323,2351618.3380329934531875,13530.6875,184.52128304323512,248610
2019-09-29,169.853334891876,18335225930.59022202659634948,0.693785,107947400.28073,2305875.79532495486475,13575.6875,182.12904268202414,231663
2019-09-30,179.508727936879,19379914104.30770816096947917,0.73299245,107960845.84323,2413595.8207708026494375,13445.5625,181.9040634807857,285523
2019-10-01,176.635159555815,19072078358.08970709352831995,0.72272104,107974416.90573,2397126.7900294376034375,13571.0625,182.189877855627,339783
2019-10-02,180.731424605494,19516786183.41281641754333062,0.73892398,107987784.78073,2415995.09269816810525,13367.875,176.9464573054447,327680
2019-10-03,175.467113267095,18950671629.80694256101970435,0.71849608,108001273.15573,2366766.223914052520625,13488.375,175.8438865810398,288751
2019-10-04,176.204069316189,19032647256.72527098597742547,0.72297309,108014799.71823,2383435.3563597627703125,13526.5625,177.84794312297475,268748
2019-10-05,176.184813267095,19032954336.35846574995126685,0.72316904,108028348.09323,2387017.919447578220625,13548.375,177.99855571587625,272795
2019-10-06,169.854954237288,18351456741.36800775497586024,0.69866463,108041928.03073,2306619.6626077312095,13579.9375,178.69625037226953,343035
2019-10-07,181.001570426651,19558183240.70938693414379773,0.74336173,108055323.46823,2424595.2240520518048125,13395.4375,176.75573252345484,284288
2019-10-08,180.668669783752,19524626055.32831127240819896,0.74175409,108068687.71823,2414501.270157507666,13364.25,175.63644354274152,306302
2019-10-09,194.229131502046,20992694653.52095946118687358,0.79399486,108082111.53073,2607295.443321308870375,13423.8125,174.491670754097,318125
2019-10-10,191.574099707773,20708294401.07384779915380179,0.78276434,108095480.71823,2561190.0591369124444375,13369.1875,177.63540380921293,326182
2019-10-11,180.902172472238,19557135399.23680033595612374,0.74252558,108108902.90573,2428102.878079716980625,13422.1875,182.0325848479233,315705
2019-10-12,180.319804997078,19496576966.86311355399508194,0.74049038,108122216.34323,2400676.453840785635625,13313.4375,176.4240547810929,279716
2019-10-13,181.47459760374,19623873247.0228735585841802,0.74517961,108135648.21823,2437544.1106887352125,13431.875,181.5851280000852,250851
2019-10-14,186.520615137347,20172029261.74531967741161081,0.76542412,108149060.34323,2501637.805298990132375,13412.125,178.27747817309353,300285
2019-10-15,180.282949853887,19499881803.10425998931488501,0.74103979,108162651.09323,2450180.50072671474525,13590.75,187.31907570381,302212
2019-10-16,174.995676329632,18930329980.25640676858759136,0.72054134,108175986.84323,2333698.590612889944,13335.75,182.80137378686632,291507
2019-10-17,177.070229865576,19157102786.74151204276415048,0.72885355,108189291.90573,2355930.4752508552785,13305.0625,181.3079908454094,285894
2019-10-18,173.130578725891,18733179055.12424780078769293,0.7168197,108202601.71823,2304335.5408580981054375,13309.8125,176.34098041489347,310446
2019-10-19,171.613132729398,18571275922.18756040235090054,0.71086389,108215936.78073,2288471.850767317917375,13335.0625,182.6990936248828,276993
2019-10-20,175.187846580947,18960460615.26602756411912631,0.72515673,108229314.90573,2343684.910040731584375,13378.125,182.87696176647415,248121
2019-10-21,174.198366861485,18855669092.92275648504374655,0.72137568,108242513.59323,2299189.8072150963009375,13198.6875,176.1821350983764,271474
2019-10-22,171.261682057276,18540097818.29191498315984148,0.70996249,108255960.09323,2302870.207783161734,13446.5,177.53867942729462,274766
2019-10-23,161.323558386908,17466401721.48085902054193284,0.67210036,108269380.46823,2165022.6498867004505,13420.375,183.4755460702256,275838
2019-10-24,161.024464640561,17436144751.07578360673112703,0.67288679,108282581.71823,2125724.21383620590125,13201.25,178.22876481069636,272369
2019-10-25,181.161944476914,19619024348.73481973399544222,0.75217744,108295505.46823,2341291.6799335173075,12923.75,171.87286430025065,290755
2019-10-26,179.720602337814,19465304291.25167757042577422,0.74626659,108308697.15573,2370818.023352211721125,13191.6875,176.68605534329856,303660
2019-10-27,184.572484570427,19993191637.66469631949953421,0.76496565,108321625.96823,2386303.0456701937279375,12928.8125,172.70175663628805,256776
2019-10-28,182.81422063121,19805137190.2790433809320833,0.7574837,108334773.53073,2403561.391637622925625,13147.5625,173.88481571675493,290065
2019-10-29,190.830495441262,20676078433.58402684158248126,0.7889711,108347873.78073,2499927.1979043925155,13100.25,174.4872025849366,283366
2019-10-30,183.277003798948,19860089769.44062119530367204,0.75893571,108361056.53073,2416094.921830581747,13182.75,177.03599819884127,278695
2019-10-31,182.430567212157,19770762290.41711888046345961,0.75611429,108374175.40573,2393283.807435386163375,13118.875,177.46571932968726,288701
2019-11-01,183.362267679719,19874161256.78574923364045237,0.75984838,108387409.84323,2426696.4714655111230625,13234.4375,179.15382716745808,287405
2019-11-02,182.998768848627,19837147560.08220364328337021,0.75812905,108400442.71823,2385000.079558049612625,13032.875,175.82751628698153,243269
2019-11-03,181.907013734658,19721195071.13365960365929034,0.75392083,108413604.65573,2394248.745587210179875,13161.9375,176.12770065236583,230486
2019-11-04,186.034432787843,20171089546.90647598718766539,0.77021801,108426645.78073,2426098.292290359043375,13041.125,172.46696879427716,262207
2019-11-05,189.217251373466,20518676028.95880161475711018,0.79757672,108439774.28073,2484138.684656548381,13128.5,174.54750333982747,302907
2019-11-06,191.556660666277,20774867850.86127788420244221,0.80682327,108452860.78073,2506806.2398092339605,13086.5,176.8450850229923,289661
2019-11-07,186.770622443016,20258242191.76273864332288168,0.78755498,108465892.15573,2433878.020038357627,13031.375,176.21561529886964,375764
2019-11-08,184.038223085915,19964272573.24992172684735545,0.77736103,108478946.59323,2402515.4808861344978125,13054.4375,174.8323845556299,275241
2019-11-09,184.962579777908,20066928432.06545672075686284,0.78184467,108491828.21823,2382618.5917315941405,12881.625,175.4194698538426,230831
2019-11-10,189.045104675628,20512236271.73206674950354844,0.79820257,108504456.15573,2387249.76652478815725,12627.9375,175.2737895868846,257611
2019-11-11,184.418845295149,20012596599.62344134558530377,0.77956796,108517090.90573,2330086.00559288382775,12634.75,172.66129378717278,284231
2019-11-12,186.5779264173,20249264554.450768373391129,0.78818604,108529797.40573,2370752.42202142245,12706.5,175.34006155591896,285556
2019-11-13,188.033356107539,20409605331.40310019975623597,0.79414238,108542472.21823,2383287.5324087866614375,12674.8125,178.55084957685256,278616
2019-11-14,184.766463763881,20057345709.28114697839687563,0.78279974,108555120.34323,2336949.329493537373125,12648.125,175.74195161442452,271266
2019-11-15,179.989789070719,19541082963.11019931905244487,0.76581348,108567730.78073,2269749.9857144850295625,12610.4375,173.45283466001302,257911
2019-11-16,182.287117182934,19792798442.95431930912956182,0.77486213,108580347.03073,2299779.8421591910775,12616.25,170.82948270254772,233167
2019-11-17,183.829805961426,19962638063.56796851427999598,0.78108292,108593043.21823,2333937.684574882263375,12696.1875,174.62014341555502,242722
2019-11-18,178.062372004676,19338575929.40058286319994348,0.75838499,108605629.09323,2241070.7562543515515,12585.875,175.44724952266634,269423
2019-11-19,175.435199883109,19055434734.61644760084831457,0.74828724,108618080.90573,2184486.2148444951850625,12451.8125,164.50490373539955,283555
2019-11-20,174.409720338983,18946251669.47991450445544759,0.74449806,108630709.53073,2202554.954515889188375,12628.625,163.38885417821024,269725
2019-11-21,160.728296902396,17462081474.70662811629162908,0.689448,108643479.78073,2052540.533517822519,12770.25,172.54675628578184,306522
2019-11-22,149.776162478083,16274081420.15314268132567809,0.64890351,108656018.09323,1877940.3302009790549375,12538.3125,168.11266066993102,341671
2019-11-23,152.327056282876,16553182890.63430607270052948,0.6613204,108668698.09323,1931507.07366686768,12680,171.00072878174544,281447
2019-11-24,141.576619520748,15386734417.06709402799083604,0.61653331,108681323.71823,1787493.3068366439675,12625.625,170.56375993097367,247215
2019-11-25,146.562241846873,15930399706.72783018199309479,0.63986243,108693750.21823,1821255.6983101673345,12426.5,172.92065517796624,326634
2019-11-26,147.942878550555,16082214168.12502735879480515,0.6462043,108705564.78073,1747880.3850654414571875,11814.5625,160.83974627746116,264714
2019-11-27,153.24832226768,16660766598.1352446994958064,0.66836031,108717448.59323,1821174.32776868393,11883.8125,165.16303497093202,252198
2019-11-28,151.010392460549,16419242981.57448331997492077,0.65888083,108729225.28073,1778402.2012602416514375,11776.6875,165.31598679106617,260028
2019-11-29,154.256289012274,16773980284.12365413154530502,0.68005828,108740981.59323,1813485.138718609479625,11756.3125,165.18131661524066,280233
2019-11-30,152.016210111046,16532206751.08224802297281858,0.67158553,108752920.09323,1814845.524410722671,11938.5,167.18021829241206,255240
2019-12-01,151.380223378141,16464810252.49350556938433543,0.6692581,108764605.34323,1768915.75522942212025,11685.25,164.3180727801401,244768
2019-12-02,149.052715663355,16213430931.98694242061521165,0.66005568,108776487.96823,1771137.525459273706875,11882.625,166.57591098872697,283061
2019-12-03,147.465369140853,16042513006.56638755812110019,0.65421314,108788341.96823,1748054.485795671462,11854,168.81058301723178,250073
2019-12-04,145.69724465225,15851869192.1287002323042675,0.64732033,108800061.59323,1707517.07085762540625,11719.625,165.07615810982583,253029
2019-12-05,148.022399883109,16106591214.27520236083518957,0.65792383,108811850.28073,1744989.8152220085294375,11788.6875,163.45506998203103,288568
2019-12-06,148.700186732905,16182094050.75954925861279565,0.66275053,108823629.65573,1751595.262096912834375,11779.375,161.7227545068108,239911
2019-12-07,147.515199298656,16054885075.05784284917169888,0.65803297,108835463.40573,1745657.98970047044,11833.75,167.50514531348585,207488
2019-12-08,150.838420806546,16418332794.99997744024178358,0.67253015,108847153.84323,1763367.131037625603875,11690.4375,161.92880058963874,200052
2019-12-09,147.375495149036,16043142656.96759369412287628,0.65788104,108858956.78073,1739463.75827562509325,11802.9375,163.2980379217672,269250
2019-12-10,145.696360140269,15862096882.87193432979221637,0.65092845,108870920.78073,1743111.252718178316,11964,169.49263310734375,249591
2019-12-11,143.130404734074,15584410423.03802683640596902,0.64099493,108882598.71823,1671467.920834220292375,11677.9375,163.03664990923713,250575
2019-12-12,144.734203682057,15760761090.18836016894729911,0.64767506,108894516.21823,1724869.8723809142975,11917.5,165.62136772139758,325420
2019-12-13,144.599715078901,15747768043.44315189521562773,0.64745006,108905941.03073,1652024.6323298666310625,11424.8125,166.09351092953258,346490
2019-12-14,141.842442840444,15448990461.81836303462834412,0.63613424,108916556.65573,1505746.1822780883375,10615.625,169.16961095357274,320605
2019-12-15,142.304544126242,15500840692.96669679178179166,0.63836633,108927236.21823,1519750.273030209329125,10679.5625,166.4915515098443,327301
2019-12-16,132.379981122151,14421187891.22988051234813773,0.59585461,108937830.09323,1402416.972510427425125,10593.875,165.1287596131141,308325
2019-12-17,121.505916423144,13237868779.13204726043721512,0.55151711,108948347.28073,1277900.5053815347875,10517.1875,157.39241736521623,285240
2019-12-18,132.883688018703,14478842240.25839347252799319,0.60249482,108958762.78073,1384050.0525588010965,10415.5,150.12457003644553,294956
2019-12-19,127.844947691409,13931158617.61492548225406107,0.58446816,108969176.09323,1331289.3918567954823125,10413.3125,150.58639864257455,277875
2019-12-20,128.217562828755,13973088528.71006689450232865,0.58816933,108979520.59323,1326346.5786820560975,10344.5,145.99349523042252,302200
2019-12-21,127.097141145529,13852322032.57183870442391867,0.5838911,108990036.34323,1336521.76200109658175,10515.75,150.06528137146293,358805
2019-12-22,132.060468731736,14394640676.26967167526074728,0.6062308,109000375.46823,1365389.693776009971,10339.125,147.60315023361719,298388
2019-12-23,127.814310578609,13933130465.76721006652909207,0.58812061,109010723.46823,1322622.485867445932,10348,148.39763233902755,295909
2019-12-24,127.656445938048,13917260084.71054251483621504,0.589136,109021209.09323,1338557.62093914456,10485.625,148.84693122936034,307989
2019-12-25,124.881023085915,13615970041.32360425530923045,0.57805793,109031538.21823,1289911.697582301774375,10329.125,144.68061142205326,314833
2019-12-26,125.308429865576,13663869133.60611921879765048,0.5813102,109041898.84323,1298273.651176033345,10360.625,143.87591335516825,298790
2019-12-27,126.181629456458,13760400044.73373711496107934,0.58545472,109052324.84323,1315569.668713031108,10426,144.91180321696706,259478
2019-12-28,128.037601694915,13964141742.76945283580880045,0.59409234,109062818.71823,1343610.587486226145625,10493.875,148.4369601237597,243589
2019-12-29,134.639243717125,14685535888.38886778120850125,0.6231622,109073220.28073,1400458.5084764080078125,10401.5625,149.2608370314262,270245
2019-12-30,131.287466744594,14321315329.09092803128299862,0.60866437,109083644.34323,1368548.758812319393125,10424.0625,147.9951428210848,261226
2019-12-31,128.511079777908,14019789564.49118518264486284,0.59737151,109094014.21823,1332643.8334119337215,10369.875,145.7970082440359,232196
2020-01-01,129.963875336061,14179620092.76739481102471703,0.60401742,109104318.84323,1339228.998884857582125,10304.625,141.54757568971382,231794
2020-01-02,126.730876972531,13828388490.16716415202537763,0.59007664,109116174.53073,1502481.6739872736200625,11855.6875,146.05796014602325,220624
2020-01-03,133.800767095266,14601654728.57377959744789918,0.6217776,109129828.21823,1826873.861179044693375,13653.6875,149.69087019658033,255934
2020-01-04,134.050349210988,14630731356.00661006318391124,0.62295237,109143552.71823,1839774.017746204806,13724.5,157.9610363492778,240546
2020-01-05,134.982177089421,14734260130.10799012277284483,0.62722837,109157078.71823,1825768.927311508446,13526,153.30855471285054,229160
2020-01-06,143.988824079486,15719385892.40542821930897978,0.66720181,109170874.84323,1986487.81560359879175,13796.125,154.87743634557387,274755
2020-01-07,143.248955698422,15640564381.28721409987413306,0.66257856,109184491.46823,1950567.31138702546575,13616.625,159.31358170418864,276248
2020-01-08,140.872484044418,15383007551.43259112382821514,0.65340864,109198099.65573,1917019.176467198472375,13608.1875,155.2402139246162,283219
2020-01-09,137.473664114553,15013734414.70625510764615119,0.63867031,109211713.46823,1871540.6869435030633125,13613.8125,152.31236173003865,282797
2020-01-10,143.789400935126,15705453489.29252592433017198,0.66686883,109225390.65573,1966634.597102393638125,13677.1875,157.52956031297418,329508
2020-01-11,142.846074284044,15604367250.22178482101942212,0.66279614,109239034.59323,1948982.90965185358325,13643.9375,158.40100705747338,281332
2020-01-12,145.447126008182,15890489273.65794003868580786,0.67477319,109252686.59323,1985644.164263700664,13652,156.42362679508912,231191
2020-01-13,143.910222209234,15724539631.08457484081413582,0.66859452,109266314.71823,1961226.49704521710625,13628.125,157.447702793516,260729
2020-01-14,166.047976914085,18145716456.78076203838514455,0.76360036,109279961.09323,2265952.960960946691875,13646.375,156.582988352002,311555
2020-01-15,165.85377936879,18126744829.5674157788141667,0.76241979,109293528.90573,2250272.980892111071875,13567.8125,159.1159052152327,321562
2020-01-16,164.052933255406,17932157511.73262410323675138,0.75477525,109307143.46823,2233508.913114053449875,13614.5625,157.5992804774922,305282
2020-01-17,171.034402337814,18697635815.30458157721164922,0.7839624,109320905.96823,2353860.962174165175,13762.5,157.74035363245284,294423
2020-01-18,175.074978375219,19141735600.57976488831085487,0.80102117,109334502.15573,2380352.2325479228775625,13596.1875,156.43809071809096,289993
2020-01-19,166.791822443016,18238394007.82492605255888168,0.76505223,109348250.65573,2293137.370857805476,13748.5,157.28871237367161,268612
2020-01-20,166.927411046172,18255488041.10313493899761556,0.76355683,109361835.34323,2267656.71424629469125,13584.6875,158.2207955906207,257251
2020-01-21,169.171668731736,18503243947.08704748425374728,0.77332135,109375547.84323,2319766.5074839299,13712.5,159.4924073140975,287163
2020-01-22,167.545226271186,18327614940.09992613186304578,0.76618535,109389060.78073,2264028.171025894468875,13512.9375,156.7552004443951,271578
2020-01-23,162.156525599065,17740382342.28821528829739245,0.74349304,109402827.15573,2232307.540093828439375,13766.375,157.99096928610334,257068
2020-01-24,162.247590707189,17752547988.53267788678448047,0.74345936,109416404.34323,2202865.9604547626509375,13577.1875,160.38907687006275,209083
2020-01-25,160.521455172414,17565862413.04867756158565722,0.73622929,109429997.34323,2181968.140158623502,13593,157.3150687192368,208109
2020-01-26,167.159112974868,18294489564.76744569401519364,0.76527927,109443566.90573,2268276.03095703225525,13569.5625,155.80698701104205,194392
2020-01-27,169.934313676213,18600541811.18617847245502549,0.77648692,109457245.03073,2324382.784252450940625,13678.125,157.4945422444814,238028
2020-01-28,175.276188486265,19187626398.41891137918229845,0.79924832,109470810.40573,2377687.225386867074375,13565.375,154.80166928500947,230718
2020-01-29,174.676776680304,19124399288.89009707241074192,0.79607101,109484498.46823,2390986.636498543671,13688.0625,157.97439202247386,230599
2020-01-30,184.256748977206,20175746449.48415099225029038,0.83732058,109498005.15573,2488698.328201066065125,13506.6875,153.6702134927775,242946
2020-01-31,180.163670368206,19730021909.85702779756384538,0.81877224,109511656.09323,2459403.003966982093125,13650.9375,154.6122153327196,234054
2020-02-01,183.562507656341,20104716996.24207696821348393,0.83183978,109525181.65573,2482786.1699625687168125,13525.5625,153.69044041553568,231516
2020-02-02,188.398108533022,20636907529.14334993756689106,0.85183419,109538825.46823,2570468.468179202226375,13643.8125,158.3157819121807,234423
2020-02-03,189.341644067797,20742848491.30238960707221431,0.8543368,109552489.59323,2587187.892247886682625,13664.125,157.2978383586132,276784
2020-02-04,188.276665984804,20628773379.01512967257177692,0.84956064,109566277.21823,2595888.0668487332505,13787.625,159.84979633263342,233452
2020-02-05,205.125087901812,22477575741.62528594012343276,0.92026678,109579846.96823,2783496.161555613387,13569.75,156.90649445998855,273508
2020-02-06,212.849642723553,23326944443.52450379519822119,0.94443546,109593533.46823,2913166.6351359081345,13686.5,157.98526889680335,285946
2020-02-07,222.863079719462,24427403242.33960386640594226,0.98169653,109607222.84323,3050856.27193461011625,13689.375,157.460556155791,284491
2020-02-08,223.973379602572,24552143773.29755433397253756,0.98610361,109620812.15573,3043644.24710047671175,13589.3125,160.35408896528293,345426
2020-02-09,228.467053126826,25047843469.98198765278811298,1.00224522,109634378.90573,3099555.3930083666355,13566.75,158.84769109278722,302335
2020-02-10,224.139831618936,24576508891.60491068424290328,0.98416009,109648109.90573,3077664.027959610216,13731,161.43203132644453,316498
2020-02-11,237.649539333723,26061071165.19783575843849529,1.04033691,109661778.59323,3248357.2876716178985625,13668.6875,162.20532006881243,317953
2020-02-12,266.649455289304,29244885010.20703145938031192,1.14850047,109675397.53073,3631482.2659940755945,13618.9375,161.94994461618063,393036
2020-02-13,267.940001870251,29390078107.75980869324981323,1.14480701,109689027.03073,3651888.2554905860045,13629.5,164.76991496588244,373243
2020-02-14,284.830649094097,31246702917.38253809815753831,1.20363637,109702740.96823,3906149.7197608778769375,13713.9375,165.42616734669738,322936
2020-02-15,265.033846464056,29078546533.67496708149644088,1.12840133,109716351.03073,3607127.2149912061635,13610.0625,166.00286597496319,343022
2020-02-16,261.128690531853,28653671392.27605793568809269,1.11365892,109730077.28073,3584317.68841284724125,13726.25,168.13721154382569,336916
2020-02-17,266.608233372297,29258562974.67958009741087431,1.1333764,109743658.71823,3620923.0585312659369375,13581.4375,166.68157032421462,332194
2020-02-18,283.564988310929,31123321279.54614855148991067,1.1971991,109757278.09323,3861977.912677158649375,13619.375,168.1752329590615,343606
2020-02-19,261.077341028638,28658741206.74479645015379574,1.11024438,109771078.15573,3602883.623529018689875,13800.0625,175.63230500463996,332251
2020-02-20,258.631871011105,28393811401.65059045590281915,1.09840864,109784657.59323,3512075.3279033621534375,13579.4375,170.24433858268293,316659
2020-02-21,265.90940414962,29196379780.2597562058065726,1.12502844,109798221.96823,3606894.8739120017875,13564.375,167.68748866792654,322730
2020-02-22,261.763375803624,28744732199.39518895638686552,1.10851831,109811894.46823,3578959.75567504914,13672.5,172.1634099485578,314161
2020-02-23,274.979647574518,30199786831.50187642005806314,1.15814833,109825534.71823,3750791.1378283191495,13640.25,171.31336597147663,310961
2020-02-24,264.367167504383,29037843709.67901691805212709,1.1164964,109839069.59323,3578176.566275885857125,13534.875,173.56183483961445,319585
2020-02-25,248.53713220339,27302449384.5115574883045497,1.04981425,109852596.84323,3362023.9215983073775,13527.25,168.2597630691627,307754
2020-02-26,225.706557159556,24797542423.39581383055940588,0.96596272,109866291.59323,3090994.873660829531,13694.75,170.28017412028228,368261
2020-02-27,226.398922033898,24876694797.23128755480493554,0.97349437,109879917.15573,3084812.662105504317625,13625.5625,176.50640540557927,366741
2020-02-28,228.673918468732,25129789100.14603031342513436,0.98256402,109893551.78073,3117883.1256017350455,13634.625,172.093413609671,386851
2020-02-29,220.10229421391,24190816862.7364059202884543,0.94817948,109907154.53073,2993996.4826182642525,13602.75,173.32477246353355,293696
2020-03-01,218.6236685564,24031269874.712956167313172,0.94316225,109920714.59323,2964550.609604068775,13560.0625,171.13816212385242,321061
2020-03-02,231.194931618936,25416268973.97954753858440328,0.99287888,109934369.21823,3156880.093157213979,13654.625,169.59906568276568,331709
2020-03-03,224.283570017534,24659542481.00681394225519482,0.96460055,109948055.84323,3069685.11649123128275,13686.625,170.05004265423003,334835
2020-03-04,224.156026826417,24648595462.27334886691666941,0.96491949,109961778.90573,3076107.1658905971420625,13723.0625,172.70513576916562,313112
2020-03-05,227.813605844535,25053847968.82759576642724805,0.9792524,109975204.84323,3058611.2337183616265625,13425.9375,171.6367886783265,320575
2020-03-06,244.330236002338,26873626775.29513157373522174,1.0453275,109988952.71823,3359021.54328064253175,13747.875,169.13003765068643,331490
2020-03-07,238.059852600818,26187209697.39426918359851214,1.01973768,110002629.21823,3255825.574095087377,13676.5,172.06816935862778,289779
2020-03-08,202.765954997078,22307571242.41206625848070694,0.87928638,110016354.78073,2783076.788184581406375,13725.5625,176.1155892750303,326707
2020-03-09,200.151101052016,22022599885.44970336826845168,0.87528188,110029871.28073,2705342.357369574264,13516.5,171.48032265236617,382701
2020-03-10,200.851090531853,22102362849.45532451600328019,0.8786926,110043529.21823,2743211.6412908900331875,13657.9375,172.0520204290615,326143
2020-03-11,194.236009351257,21377073264.56237739588056511,0.85365652,110057209.96823,2657294.28493220920275,13680.75,169.89398818751928,348052
2020-03-12,110.32820163647,12143917957.3252400121174731,0.5139851,110070841.15573,1503904.403044529408125,13631.1875,170.48008235552422,408227
2020-03-13,134.759985680888,14834953541.26230092440768824,0.62365503,110084261.78073,1808563.232828567515,13420.625,165.53255404611934,398976
2020-03-14,122.078151256575,13440544621.38530392176298725,0.56817437,110097871.59323,1661460.7489486251421875,13609.8125,163.47625702963308,460071
2020-03-15,123.754734073641,13626823852.18845972105642543,0.57669557,110111535.96823,1691031.094407508239375,13664.375,164.5772103023589,437327
2020-03-16,110.34905873758,12152205580.2193281916995834,0.51946253,110125140.34323,1501229.9759630649125,13604.375,165.48030105122774,472866
2020-03-17,117.783463763881,12972529568.53788411105581313,0.557511,110138801.78073,1609091.4287437750389375,13661.4375,160.75664837236855,444516
2020-03-18,117.683343658679,12963115619.26039449824683067,0.55842448,110152509.40573,1613159.143619299727375,13707.625,164.88765228552984,434102
2020-03-19,137.357502980713,15132153196.17714363850087299,0.65004493,110166193.09323,1879557.1465683952191875,13683.6875,164.39085744197558,464746
2020-03-20,131.532323261251,14492205427.99508998823030573,0.62210744,110179802.71823,1790105.594964403140875,13609.625,163.15327856269755,497117
2020-03-21,132.511633430742,14601932583.72362857084257666,0.62653152,110193589.84323,1826954.45406381879675,13787.125,166.23450061295492,536497
2020-03-22,122.442055523086,13493983692.64310913258118278,0.58158763,110207098.65573,1654046.770175958195375,13508.8125,157.48099568306313,378553
2020-03-23,135.589770601987,14944830431.96840606077693551,0.642512,110220928.65573,1875206.52742548021,13830,161.2481697371689,425569
2020-03-24,139.414792226768,15368322349.05131311539558064,0.66344446,110234517.46823,1894481.471296007833,13588.8125,164.04453249735926,387085
2020-03-25,136.095511981297,15004282174.55559291823381931,0.64902157,110248177.59323,1859081.705603514682125,13660.125,161.71389410180018,380010
2020-03-26,138.608215488019,15283190455.12891010002569887,0.65899386,110261793.65573,1887298.1250983347051875,13616.0625,166.27638407027413,410784
2020-03-27,133.681614728229,14741811153.46212073136922717,0.63710894,110275531.78073,1836534.733338251030625,13738.125,167.04492031821627,393140
2020-03-28,131.027766510812,14450937018.93399678876275276,0.62601709,110289119.65573,1780388.9128780996045,13587.875,166.58463038633795,375565
2020-03-29,125.178745470485,13807576535.21177294037362905,0.59966949,110302883.15573,1722897.6632830202975,13763.5,170.2214634607162,317430
2020-03-30,132.902320514319,14661311186.60574063527264787,0.6353069,110316442.40573,1802055.78943377990075,13559.25,168.76158536370167,343106
2020-03-31,133.508133372297,14729956063.91893402977243681,0.63926836,110330027.78073,1813758.057412669356375,13585.375,164.32746885195982,353106
2020-04-01,135.85480654588,14990731879.1958371465723924,0.65060128,110343772.59323,1867298.8431968932475,13744.8125,166.00973225640138,332003
2020-04-02,141.151746639392,15577136434.20961751939251616,0.67529373,110357376.40573,1920201.895329793882,13603.8125,169.7702049281576,339805
2020-04-03,141.727211279953,15642576937.08485029967239319,0.67789141,110371020.46823,1933734.9286543837290625,13644.0625,168.1404471238931,326579
2020-04-04,144.336282700175,15932500517.37965040081544025,0.69025586,110384583.96823,1957705.1704038236125,13563.5,164.59233824805875,324063
2020-04-05,142.972632963179,15783917713.79440500829005317,0.68413033,110398174.71823,1943105.31144432499425,13590.75,166.77360131267574,309080
2020-04-06,169.609724313267,18726897716.95483907340863241,0.79925329,110411698.34323,2293738.307966005432875,13523.625,159.70053326598656,388114
2020-04-07,164.21725949737,18133769083.2497355382310551,0.77387957,110425476.21823,2262564.87419732668875,13777.875,165.1244993256742,365110
2020-04-08,173.294784336645,19138519729.72357097407666335,0.81442094,110439098.34323,2360643.214081820270625,13622.125,165.99258876385883,418777
2020-04-09,170.28360490941,18808287211.1697995920086693,0.80063997,110452719.28073,2319422.339745766771875,13620.9375,166.115435198358,382622
2020-04-10,157.550598188194,17404051136.51763814676857662,0.7438983,110466423.71823,2159142.325957717910875,13704.4375,169.49335906675142,375908
2020-04-11,158.431649327878,17503514314.25423609986381594,0.74838693,110479909.71823,2136609.222835762708,13486,163.16418533455692,387083
2020-04-12,160.649303331385,17750727980.30329296231596105,0.75898713,110493650.53073,2207451.9553321866503125,13740.8125,170.19044930307948,365161
2020-04-13,157.198628579778,17371602605.40230130009645294,0.74416808,110507341.96823,2152275.198285744250875,13691.4375,166.90103853794824,379831
2020-04-14,159.006158445354,17573510966.65170850839810342,0.75251463,110520945.46823,2163040.276411373139,13603.5,170.41654679638467,384356
2020-04-15,152.951140736411,16906396014.25808009108478503,0.72544132,110534618.65573,2091329.6256278356800625,13673.1875,168.9600660291767,365728
2020-04-16,172.970440327294,19121580177.10892187593374462,0.81636589,110548254.03073,2358516.81777777642525,13635.375,169.98947328016567,366904
2020-04-17,172.23222063121,19042305466.5503578103127083,0.80957163,110561806.59323,2334187.934618262975625,13552.5625,167.29566642320484,383745
2020-04-18,188.109414903565,20800266031.23806041745748995,0.87925515,110575358.71823,2549282.304449975825625,13552.125,168.25479882417233,407052
2020-04-19,181.230814377557,20042136926.75023860285526411,0.84905653,110589013.21823,2474616.1549183520565,13654.5,164.70244473035925,376420
2020-04-20,171.013763296318,18914582017.70736630907860214,0.80241005,110602688.65573,2338688.031598590789125,13675.4375,164.2798529462281,385538
2020-04-21,171.489232904734,18969498940.65626168332860082,0.80427693,110616267.96823,2328705.883998665715375,13579.3125,166.29272497860265,370990
2020-04-22,182.581804178843,20199023449.97080441225034539,0.85297669,110629991.53073,2505672.8010111130881875,13723.5625,165.43460058476592,368604
2020-04-23,185.6463264173,20540584547.352046111441129,0.86634584,110643635.90573,2533028.0950100476875,13644.375,169.00267814154037,411521
2020-04-24,187.621841320865,20761718894.21368599624424395,0.87169447,110657260.09323,2556195.1452507124221875,13624.1875,167.06168423402858,390131
2020-04-25,193.785201928697,21446374558.99559594675129631,0.89866138,110670857.96823,2635066.952676180718875,13597.875,164.69185220379617,385113
2020-04-26,197.062440268849,21811751086.71779944032329227,0.91210923,110684466.59323,2681748.851203665222625,13608.625,166.43739862467612,397095
2020-04-27,196.565708679135,21759449585.14317252265638105,0.90904594,110698095.46823,2678969.472874346023125,13628.875,162.65936507756516,390226
2020-04-28,197.466412565751,21861836532.28113500878540323,0.91270639,110711671.15573,2680742.3087387087788125,13575.6875,161.95566844224328,403593
2020-04-29,215.38395207481,23848478278.6705204192707863,0.98368906,110725418.71823,2961004.342645455150625,13747.5625,169.03498017236572,426288
2020-04-30,206.88486528346,22910234921.2805781678132258,0.94843872,110739057.15573,2821586.30486438899375,13638.4375,168.11177100132153,416722
2020-05-01,212.713617767387,23558639806.92347009079242751,0.97394619,110752851.90573,2934331.17869666181825,13794.75,173.80591974765522,403318
2020-05-02,214.133870601987,23718858206.87903856817056051,0.97882936,110766494.53073,2921348.096421432895875,13642.625,174.5739749766364,397884
2020-05-03,210.090575306838,23273846688.81938595291025674,0.96098116,110780060.71823,2850128.136595434340125,13566.1875,169.40632773348221,400536
2020-05-04,206.961926592636,22930096291.00035018279070428,0.9479483,110793790.28073,2841496.70627400800175,13729.5625,177.11790235376117,362240
2020-05-05,204.885417007598,22702822334.84598218797423654,0.94014076,110807409.65573,2790411.32625785501125,13619.375,177.28440913864412,365620
2020-05-06,202.736075569842,22467386684.71912069229549466,0.93154985,110820862.15573,2727307.056603299505,13452.5,170.23847517587444,383615
2020-05-07,212.990972822911,23606747651.08774678854961753,0.97523188,110834498.46823,2904411.4650922215556875,13636.3125,167.64927364266126,400810
2020-05-08,212.413128872005,23545623499.53129870098390115,0.97087573,110848249.46823,2920892.935118940755,13751,170.74502605168846,406408
2020-05-09,210.774871127995,23366876239.73545411689078635,0.96374647,110861774.53073,2850743.3054355778746875,13525.0625,170.0086600021664,411314
2020-05-10,187.542486849795,20793867006.47762614339420035,0.86514904,110875500.03073,2574114.4032568612725,13725.5,168.2658290759286,413692
2020-05-11,185.715372296902,20593814372.68382565671304846,0.86183502,110889120.90573,2529605.87163456502925,13620.875,168.770405377724,413435
2020-05-12,189.818459438925,21051379335.26808483793941525,0.87989052,110902698.28073,2577236.405724574321875,13577.375,167.8998741736004,376965
2020-05-13,199.938022559907,22176401180.50613020016425461,0.92014952,110916377.46823,2734989.6989761978355625,13679.1875,168.823605580735,365096
2020-05-14,203.532877030976,22577916785.99270810804989248,0.93510549,110930072.40573,2787370.030134401884,13694.9375,170.58626948958022,363123
2020-05-15,195.121980303916,21647546818.09218459322583868,0.89850788,110943660.90573,2651415.029359762566,13588.5,173.12759885071657,377160
2020-05-16,200.819766218586,22282398179.71225244941477278,0.91490782,110957196.09323,2718133.189474727494875,13535.1875,168.64995357874224,374266
2020-05-17,207.07257685564,22979026769.8292548842813172,0.94138765,110970883.34323,2834254.12756735859,13687.25,174.2151373074945,374952
2020-05-18,214.748162478083,23833700453.19965766813411559,0.97183213,110984420.90573,2907166.6713072034926875,13537.5625,168.48022859333832,380741
2020-05-19,213.820466744594,23733631010.96466379099324862,0.96693951,110997938.46823,2890331.522999220932125,13517.5625,165.82247423672754,398308
2020-05-20,209.804793103448,23290759062.77664997853295704,0.95009562,111011568.03073,2859547.5404030134815,13629.5625,171.70918381149735,385038
2020-05-21,198.91755698422,22084862175.4145244458125806,0.90539641,111025203.15573,2712265.7541744627275,13635.125,167.2472528844572,399018
2020-05-22,207.063677673875,22992079534.79387389328536625,0.93984958,111038690.09323,2792654.8793076975078125,13486.9375,166.03769929651463,412238
2020-05-23,206.906197253068,22977451317.36098785217552964,0.93839766,111052504.09323,2858202.208853881352,13814,171.50083375914065,402293
2020-05-24,202.376306370544,22477139536.03456940224381712,0.91902122,111066062.71823,2743944.446963317142,13558.625,171.01350547090203,366123
2020-05-25,204.292245002922,22692687074.57793758290479306,0.92680231,111079532.53073,2751778.235393421292125,13469.8125,166.6339861858707,383360
2020-05-26,200.86048918761,22314236110.4733515856152553,0.9122871,111093208.03073,2746867.619885160555,13675.5,168.0776187427333,398558
2020-05-27,207.498003798948,23054442573.73930579861242204,0.94026382,111106816.21823,2823671.74157179668675,13608.1875,171.2053487369747,374181
2020-05-28,219.378571011105,24377420748.07392182955625665,0.98521117,111120337.03073,2966176.5251590861228125,13520.8125,167.76804428825997,405005
2020-05-29,220.784826300409,24536687659.56384513744713107,0.99332451,111133940.09323,3003349.7912161074025625,13603.0625,169.45112006125808,446558
2020-05-30,243.572401285798,27072481305.85333220085369754,1.08464571,111147573.21823,3320652.99327944485875,13633.125,171.4737272051859,419608
2020-05-31,231.444047457627,25727611146.41297637280006521,1.03112157,111161256.59323,3166935.692880506851125,13683.375,174.49326219589636,410575
2020-06-01,249.07495295149,27690866057.4438782038792877,1.09956615,111174832.03073,3381301.456608393026875,13575.4375,170.32021536791683,417798
2020-06-02,237.179632554062,26371655363.98254597554570026,1.04622416,111188532.84323,3249553.674442099575375,13700.8125,172.57260572796883,458079
2020-06-03,243.934139450614,27125980068.89410585455411822,1.07947462,111202065.15573,3300993.004464286964875,13532.3125,174.64762402062448,417615
2020-06-04,243.647765984804,27097433830.20957650753502692,1.07718602,111215605.53073,3299082.1193464904615,13540.375,176.13032262474647,463567
2020-06-05,240.312976037405,26729853920.71548424672101815,1.0626328,111229340.84323,3300773.8236787693640625,13735.3125,173.87103198729002,561563
2020-06-06,242.019700292227,26922981130.21077875260088571,1.06956994,111242932.28073,3289395.6302905350063125,13591.4375,174.33574058672218,452815
2020-06-07,244.384643483343,27189398546.25507356613963039,1.07901461,111256575.53073,3334200.78720411938475,13643.25,177.08347825855404,395012
2020-06-08,245.968303565167,27368926535.45194702997783191,1.06938337,111270135.78073,3335391.68841955581175,13560.25,173.12979615950113,439530
2020-06-09,244.326140970193,27189553095.85052122276684339,1.06236211,111283847.84323,3350215.3153670970530625,13712.0625,171.4122545693382,435346
2020-06-10,247.704879544126,27568884901.47906949699811698,1.0756452,111297302.46823,3332776.26493638628275,13454.625,167.95710719039997,401804
2020-06-11,230.904400935126,25702177728.21521312220342198,1.01150062,111310904.53073,3140776.093044642297375,13602.0625,170.5491683955288,409119
2020-06-12,237.162442723554,26402014078.51056149329481442,1.03579288,111324600.03073,3248058.234320433807,13695.5,171.35109771500024,447397
2020-06-13,238.090407890123,26508567845.76265503967935479,1.03949931,111338243.65573,3248416.241349879415875,13643.625,172.12047410140278,442706
2020-06-14,232.137277089421,25848929526.93718348511059483,1.01491656,111351911.46823,3172808.7775187519615625,13667.8125,173.7742701059941,411251
2020-06-15,231.19783974284,25747471930.1027877346374732,1.01100274,111365538.53073,3150547.4120406646075,13627.0625,172.21252562065925,441200
2020-06-16,235.136621215663,26189299288.67543586580869899,1.02746121,111379074.65573,3182838.696852866325875,13536.125,175.25853005274976,428801
2020-06-17,233.687851022794,26031090456.44228679175670962,1.02129397,111392570.65573,3153851.237403627824,13496,170.95404438905265,395656
2020-06-18,231.331098889538,25771716738.81849980459475274,1.01232995,111406191.65573,3150960.897974397098,13621,171.4697772429162,469137
2020-06-19,228.77822402104,25490449737.9573077857965592,1.00231012,111419912.65573,3139066.01179268984,13721,175.46195806051563,456847
2020-06-20,228.919830800701,25509347515.66006778822847923,1.00314857,111433541.71823,3119962.6814721789728125,13629.0625,176.51893192227465,495418
2020-06-21,227.579033606078,25363050533.11164470321565194,0.99769724,111447219.59323,3112797.57428473412425,13677.875,176.66595205402214,469431
2020-06-22,243.220758153127,27109581716.75018596926671771,1.05773488,111460805.90573,3304473.2267553062741875,13586.3125,173.25885281878277,446833
2020-06-23,242.92121899474,27079509865.1710585652158602,1.05592669,111474452.40573,3315024.41501171941,13646.5,175.27291229437392,488474
2020-06-24,234.823753360608,26180061369.11880429938148384,1.01978094,111488130.96823,3212051.386827661566,13678.5625,177.3170336821354,485009
2020-06-25,232.421420689655,25915394279.94472206783684815,1.00937647,111501746.28073,3164490.2743836183421875,13615.3125,179.695032213632,497757
2020-06-26,229.694167387493,25614425361.38628558762115989,1.00077293,111515349.53073,3124587.18251391415225,13603.25,179.60227374700204,503140
2020-06-27,220.699442022209,24614343963.77606722531860757,0.96408708,111528800.15573,2968545.432349974930625,13450.625,175.87602679986156,488249
2020-06-28,224.443460666277,25034993920.44723713613169221,0.98148784,111542541.03073,3084049.537582728972375,13740.875,176.75212597337523,512464
2020-06-29,228.02034137931,25437055978.8417212350405713,0.99641958,111556082.34323,3087694.698973917744375,13541.3125,177.38632038340322,544440
2020-06-30,225.722754821742,25183841813.70993679481625666,0.98722658,111569796.46823,3095590.07496972250575,13714.125,176.8980437100665,511173
2020-07-01,231.145918468732,25792038110.11070643540238436,1.00789435,111583359.46823,3135032.092191412116,13563,173.44626538694467,503129
2020-07-02,226.701505376973,25299190857.40115761007694279,0.99083263,111596924.84323,3075290.933503155109875,13565.375,175.81327891201693,541706
2020-07-03,225.098854763296,25123416136.05984893857608608,0.98434431,111610590.65573,3076158.743159935018,13665.8125,178.56798440696005,505502
2020-07-04,228.866272063121,25546997596.95715899774570833,0.9991269,111624126.03073,3097790.817226366405375,13535.375,179.13646387417194,529832
2020-07-05,227.667268264173,25416258980.71051371302934879,0.9944873,111637738.59323,3099134.9184503214733125,13612.5625,178.72115839072123,563037
2020-07-06,241.179081239042,26927972853.36434973191926066,1.04856386,111651361.78073,3285627.844797201486375,13623.1875,178.71677224297574,520949
2020-07-07,239.013429573349,26689447482.56307769163207727,1.0365502,111665053.84323,3272586.8160576428423125,13692.0625,176.634510847078,547398
2020-07-08,246.8441157218,27567241571.146901493343414,1.06453383,111678747.09323,3380098.18760753785,13693.25,182.84979376145932,514234
2020-07-09,241.651818585622,26990662346.43662615789466406,1.04236573,111692361.78073,3290013.993849935523125,13614.6875,178.87159721781512,510551
2020-07-10,241.033700116891,26924876120.16830622170749793,1.03966003,111705857.34323,3252885.3645337597961875,13495.5625,177.39802270143872,504988
2020-07-11,239.307040619521,26735288582.56989812264506783,1.0323651,111719607.21823,3290441.895138336309875,13749.875,181.24783370725658,568635
2020-07-12,241.309591174752,26962311536.63740939490212896,1.04017844,111733277.59323,3298792.602455550372,13670.375,182.1373925602798,566647
2020-07-13,239.326373816482,26743992425.65361287846124186,1.03269853,111746950.40573,3272264.635497667795625,13672.8125,183.72034987853067,528474
2020-07-14,240.638817942724,26893914229.04455732045340852,1.0357618,111760498.40573,3260174.705488024752,13548,178.60539382453632,519047
2020-07-15,238.38143962595,26644882052.3503420011116935,1.02670604,111774146.90573,3253549.078734778575,13648.5,178.43128630754782,520020
2020-07-16,233.549674108708,26107970752.12817504816259684,1.00854188,111787656.53073,3155168.5160808543145,13509.625,179.39507068446244,446665
2020-07-17,232.845427235535,26032399059.77118775420424055,1.00719893,111801203.78073,3154415.21411660152875,13547.25,176.39966455990043,474068
2020-07-18,235.909914962011,26378254394.84699401806291053,1.01893534,111814945.96823,3241918.2845170105390625,13742.1875,181.4487828448269,446411
2020-07-19,239.358145821157,26767061818.92136684269165461,1.03185264,111828497.53073,3243676.8729795229078125,13551.5625,181.08110270606915,461740
2020-07-20,236.361256282876,26435139785.61867540396402948,1.02033838,111842102.21823,3215621.02883593958125,13604.6875,176.0879374469346,477316
2020-07-21,245.250595441262,27432666168.36871020038760626,1.05265102,111855655.71823,3324003.945313144517,13553.5,170.02352431956223,439255
2020-07-22,264.199169491525,29555758887.69639265252768825,1.11957716,111869234.65573,3587544.0100773247546875,13578.9375,170.2742400357223,469922
2020-07-23,275.223812536528,30792866273.72068535510550544,1.15280912,111883001.65573,3789006.227190380976,13767,178.13778028448468,490259
2020-07-24,279.907534424313,31320722610.56665230884932599,1.16520206,111896675.71823,3827473.1199389574815625,13674.0625,184.56845417503638,487179
2020-07-25,305.402152542373,34177582482.03387206068868479,1.259956,111910090.34323,4096855.350548730405125,13414.625,175.33053581298014,509434
2020-07-26,311.039973524255,34812771346.53264908950066865,1.27009295,111923785.71823,4259809.077404743820625,13695.375,182.58811939334777,518269
2020-07-27,323.233886908241,36181952861.89257661559537093,1.29599835,111937375.15573,4392566.7040216093044375,13589.4375,182.84418488181785,550501
2020-07-28,318.015537200468,35602169877.13607456951013164,1.27564913,111951039.21823,4345384.17627826978125,13664.0625,188.27354390273234,595098
2020-07-29,318.025945938048,35607672741.75499769286021504,1.27654189,111964678.34323,4337595.629892278928,13639.125,190.9668062283111,522641
2020-07-30,335.964082875511,37620638891.91242401914976553,1.33266236,111978157.21823,4528417.877568653330125,13478.875,184.50159745671417,520204
2020-07-31,346.179992285213,38769324646.44138535670640799,1.36147041,111991812.09323,4727044.522155547863375,13654.875,179.70081675877327,549742
2020-08-01,387.185885447107,43366955915.68128180065747311,1.47302432,112005518.65573,5306987.5379986125396875,13706.5625,183.94336474413097,561652
2020-08-02,372.180671654004,41691372173.24519722063154292,1.41986318,112019176.03073,5083011.0005306028795,13657.375,188.81583798265345,624503
2020-08-03,385.487812390415,43187296587.70036639944182795,1.46008704,112032845.65573,5269473.837447326644375,13669.625,181.99957546744523,574214
2020-08-04,390.662864699006,43772364123.66642246323432938,1.47112169,112046391.09323,5291699.417351342085125,13545.4375,182.63491322366957,593325
2020-08-05,400.601196084161,44891355573.78334787535014253,1.49225376,112059963.90573,5437284.9217260514728125,13572.8125,183.37181716611778,609752
2020-08-06,393.995932495617,44156591358.49441431134618541,1.46794205,112073723.90573,5421384.03113968992,13760,184.96116562441796,580876
2020-08-07,380.330053886616,42630189303.43323253834570968,1.42370351,112087353.78073,5183851.093217840253,13629.875,188.87751163014832,528137
2020-08-08,392.360176504968,43983933679.79013561793466664,1.46050907,112100912.15573,5319766.408120545507,13558.375,190.13862682369975,531429
2020-08-09,389.183157393337,43633107486.70878517141893351,1.44887328,112114583.21823,5320547.2686716472105625,13671.0625,195.9098647921996,492442
2020-08-10,395.407852425482,44336365679.60971411935431186,1.45477743,112128187.15573,5379103.711405480535375,13603.9375,193.06357478510412,498832
2020-08-11,379.111338983051,42514230903.73247719739440723,1.40236134,112141807.78073,5163733.381536019026875,13620.625,189.73166461606175,471926
2020-08-12,387.208174751607,43427532505.38049659247625811,1.42629263,112155515.65573,5307801.258473184805125,13707.875,193.05400092378724,438789
2020-08-13,424.799460081823,47649376741.71351037310992079,1.53239028,112169108.53073,5774245.960959709811125,13592.875,193.71423309695643,485347
2020-08-14,438.076865575687,49144669695.50733075682586151,1.55353796,112182755.03073,5978215.9460786126455,13646.5,201.44745820973841,519261
2020-08-15,432.609198421976,48537169375.48736106831132248,1.51621458,112196341.53073,5877644.874360176924,13586.5,204.619147332941,599255
2020-08-16,432.939172822911,48580086006.43733100710699253,1.51523133,112209957.09323,5894710.3662686461524375,13615.5625,200.01694012482824,548520
2020-08-17,432.841464172998,48574926932.84638841130022854,1.50565854,112223368.03073,5804809.823432565365625,13410.9375,191.21291409839972,525698
2020-08-18,423.346332086499,47515172268.72815301030630177,1.47701108,112237118.09323,5821038.5253351166561875,13750.0625,188.16489982234762,465761
2020-08-19,406.879427819988,45672533761.56989913753023124,1.42582514,112250781.53073,5559371.63205416728875,13663.4375,195.77432455615346,474096
2020-08-20,416.25978755114,46731165712.8425534659465322,1.44944988,112264425.03073,5679240.41145397859,13643.5,201.16589763878875,465935
2020-08-21,387.2406050263,43478608746.690445116470699,1.3643469,112278020.90573,5264874.8608619465125,13595.875,205.03079058290993,491572
2020-08-22,395.912521332554,44457618324.74065425693688442,1.39290826,112291518.78073,5343977.72388164732275,13497.875,202.28237805482553,553364
2020-08-23,391.947607364115,44017778355.39700708331425395,1.37977844,112305261.03073,5386242.00729950935875,13742.25,207.74954641498417,580967
2020-08-24,408.792199473992,45915066246.16836264297927416,1.42761421,112318841.46823,5551576.9154440812315,13580.4375,205.6877789742228,488056
2020-08-25,383.604969725307,43091225867.22749615860968411,1.35310591,112332293.03073,5160086.2255705749421875,13451.5625,205.30595095813413,507718
2020-08-26,386.34381735827,43404201326.9191545581902621,1.36269047,112346048.71823,5314424.819137437660625,13755.6875,208.0350149708945,514309
2020-08-27,382.349150496785,42960602783.62168498736370305,1.34988164,112359613.53073,5186494.5360231703778125,13564.8125,204.9690658518776,536809
2020-08-28,395.03972980713,44391895465.6506010677806049,1.3878392,112373242.78073,5384095.2374738265525,13629.25,210.2355439104336,508615
2020-08-29,400.368165575687,44996121010.33787834944129901,1.40103885,112386860.09323,5451938.4256958722811875,13617.3125,203.510340236621,452427
2020-08-30,428.196437931035,48129499622.52679760685195555,1.47375312,112400513.78073,5846460.3521234984415625,13653.6875,207.55357289073808,388718
2020-08-31,436.09076943308,49022839168.0512892695960484,1.48380189,112414301.34323,6012628.7392316800675,13787.5625,208.64035593733288,410572
2020-09-01,480.749175862069,54049626232.94758079244525537,1.57920264,112427912.40573,6543507.0794821125383125,13611.0625,217.6173021166301,432937
2020-09-02,441.214134132087,49610772982.30134305292734601,1.43608203,112441486.21823,5988957.9290587991716875,13573.8125,216.10356127482896,403519
2020-09-03,383.542584979544,43131280398.86159858511838712,1.2871747,112454997.40573,5182115.7798933026485,13511.1875,211.80189640926906,408643
2020-09-04,386.66907597896,43488229604.4857419219934408,1.29600047,112468858.53073,5359668.39577886193,13861.125,221.7025985776624,473841
2020-09-05,331.420088544711,37278944501.74332170897309403,1.1474203,112482452.90573,4505448.966210005600625,13594.375,223.23492133271287,401502
2020-09-06,353.227129573349,39736730665.16469829318001477,1.21545587,112496259.03073,4876697.904280852962625,13806.125,229.69374293814167,542253
2020-09-07,352.806469023963,39694172820.95557772181294549,1.21032339,112509764.71823,4764893.9186160742895625,13505.6875,229.52987085631386,469447
2020-09-08,336.716558094682,37888484829.27636575797470286,1.16688451,112523378.84323,4584101.31147076258325,13614.125,227.83893752336405,519031
2020-09-09,352.053948568089,39619068728.76601988380012497,1.21679278,112536924.78073,4768900.7839315480884375,13545.9375,226.03667615313276,405626
2020-09-10,367.380867621274,41348916471.33338028239850002,1.25785562,112550543.90573,5003405.95874258326525,13619.125,222.08210521475962,364825
2020-09-11,373.966615780245,42095259300.93511659609192885,1.27301466,112564217.03073,5113292.283390262415625,13673.125,230.95981903552087,355438
2020-09-12,386.216055055523,43479345004.14432060713778429,1.31075203,112577777.21823,5237162.1220632147905625,13560.1875,234.80000044834924,402902
2020-09-13,365.641607831677,41168100878.04465172866462171,1.25157651,112591400.96823,4981409.85469680952875,13623.75,234.5942256745953,417497
2020-09-14,375.801003682057,42317036024.73272804106329911,1.28207244,112604904.21823,5074534.90296973618525,13503.25,230.72550007306248,384069
2020-09-15,363.936595733489,40986000227.87668636959355447,1.24716977,112618518.46823,4954723.79846465261825,13614.25,235.558672964714,407614
2020-09-16,365.322076212741,41146947103.16366497527040593,1.25187519,112631975.40573,4916116.3469650923406875,13456.9375,229.13030606199996,390534
2020-09-17,389.446111046172,43869451052.19489020960861556,1.31934691,112645754.59323,5366250.98525102514525,13779.1875,241.10160074539638,498388
2020-09-18,382.261676271186,43065296801.33962814843479578,1.2946466,112659205.65573,5141825.698878489835125,13451.0625,232.4474425804824,478504
2020-09-19,385.246569666861,43406819674.85391329669101353,1.30273497,112672825.90573,5247154.59050506353525,13620.25,236.94297489824018,480127
2020-09-20,371.207025715956,41830036917.45871651805707788,1.26193404,112686544.21823,5092333.98096702064425,13718.3125,240.7001708780312,464897
2020-09-21,342.456390473407,38594926759.75053220185648461,1.17776214,112700267.34323,4699571.853515373436875,13723.125,242.98879995015324,484834
2020-09-22,343.503662536528,38717574918.72729142378550544,1.18791372,112713717.90573,4620317.481926478397,13450.5625,237.26965378995112,430354
2020-09-23,320.588590882525,36139108531.71362723564968075,1.12902221,112727369.46823,4376535.1852197201953125,13651.5625,243.04360561618722,453652
2020-09-24,349.144016014027,39362832187.22950208345498721,1.21671076,112740961.84323,4745696.394668660244125,13592.375,236.04455941570885,486348
2020-09-25,351.713962361192,39657310393.41875350920043016,1.22074551,112754438.65573,4739983.1243738418605,13476.8125,235.44787823451009,453864
2020-09-26,354.601045762712,39987598879.06345415565813976,1.22888345,112767853.78073,4757017.354037501819,13415.125,241.82076562692146,489912
2020-09-27,356.121992752776,40163831868.40369793477280648,1.23316314,112781105.03073,4719061.55646522297,13251.25,241.24051206281504,487071
2020-09-28,355.45993395675,40093894095.6200123454128025,1.23043724,112794411.59323,4729949.827441366171875,13306.5625,240.42054358349102,432792
2020-09-29,359.701439801286,40577084095.88678038109964378,1.23890977,112807677.71823,4771844.26308383523675,13266.125,240.32884969341913,426935
2020-09-30,359.976752483928,40612933220.80850213837760744,1.23697417,112820988.96823,4791740.54650168659,13311.25,242.09937172621372,411868
2020-10-01,352.360856049094,39758391695.70111839014415862,1.21616561,112834303.28073,4691442.550205152857875,13314.3125,242.7533534366962,445018
2020-10-02,345.801279485681,39022839809.19753547750147713,1.19822479,112847586.53073,4593364.84572817214325,13283.25,241.8719507610286,457319
2020-10-03,346.652968907072,39123566090.84261857600632256,1.20094121,112860900.09323,4615185.967354859764,13313.5625,237.19204601426128,469269
2020-10-04,352.339400233781,39770015476.68894984938121513,1.21772435,112874164.65573,4673627.9956135026858125,13264.5625,239.9958183136524,471250
2020-10-05,353.191780187025,39870969678.65809034570352825,1.2199971,112887592.28073,4742526.777433801565625,13427.625,243.26676636556314,405915
2020-10-06,340.10351987142,38398034415.8073179738674866,1.18155643,112901020.34323,4566931.32130341972375,13428.0625,254.35984485274375,421913
2020-10-07,341.159963997662,38521806016.49598353308877826,1.18838844,112914204.71823,4497980.90033167493125,13184.375,247.6359695008338,426978
2020-10-08,350.527496376388,39584167809.24169136331315324,1.21539816,112927425.71823,4634324.029592225748,13221,240.71905279075696,428704
2020-10-09,366.247890999416,41364317572.62778497023955368,1.25868643,112940766.59323,4886067.332836833929,13340.875,244.6840508295402,461741
2020-10-10,371.282805143191,41937985052.23244998375488443,1.2728201,112954288.40573,5020416.4756202643536875,13521.8125,251.32471004132188,471663
2020-10-11,374.145406195207,42266442521.06648462248427361,1.27995698,112967957.96823,5114404.0140732692869375,13669.5625,248.9964989147222,565035
2020-10-12,387.670968731736,43799633633.75232095636374728,1.31405657,112981464.09323,5235932.562561917883,13506.125,246.4604100278159,495534
2020-10-13,381.544274576271,43112673009.42350779591118283,1.29078087,112995203.65573,5242251.4070578364214375,13739.5625,252.65637650260393,505669
2020-10-14,378.828993045003,42811014987.70333195958806719,1.2788118,113008813.40573,5155767.88809422957925,13609.75,248.2699799534331,497061
2020-10-15,377.502910286382,42666305749.00017492670826886,1.2725033,113022455.15573,5149800.3263992516485,13641.75,253.9438853859088,620270
2020-10-16,366.299949853887,41405061866.40550733020657251,1.24186032,113035947.40573,4942210.49841610687575,13492.25,251.16530731650295,647940
2020-10-17,368.318269374635,41638209280.28478264992503355,1.2476802,113049535.53073,5004754.684046212209375,13588.125,252.08340502748734,653170
2020-10-18,377.921652425482,42728924786.60020157891843686,1.27470738,113062917.96823,5057512.893480736272375,13382.4375,243.03767123836835,621057
2020-10-19,379.463028462887,42908426781.36940122932970501,1.2782239,113076699.34323,5229522.293882719329625,13781.375,253.9720183508807,489485
2020-10-20,368.843862653419,41712644603.66990713241219087,1.2482645,113090249.90573,4998041.8136265699981875,13550.5625,252.04320175111,483042
2020-10-21,392.473164231444,44390199440.91029493822752412,1.30863402,113103782.59323,5311216.68368030932575,13532.6875,251.4135466181574,497821
2020-10-22,414.43640578609,46879969296.3554210333109207,1.3581291,113117401.46823,5644157.60585003644875,13618.875,252.3512105013941,518298
2020-10-23,409.339998597312,46308986137.45921822987939776,1.34033323,113130860.15573,5509179.122371660548,13458.6875,253.54518665726889,516755
2020-10-24,412.26885710111,46645974148.0207924474814853,1.34642589,113144549.59323,5643728.752482076525625,13689.4375,258.58222880728414,602310
2020-10-25,406.742800642899,46026201771.38409618521272377,1.33055168,113157999.84323,5470792.35434715227475,13450.25,251.9477115989693,585011
2020-10-26,394.010756575102,44590776701.90411529110000946,1.29390318,113171470.46823,5307571.14778948337875,13470.625,243.2075086910853,489903
2020-10-27,404.045446814728,45731920476.25424199350059144,1.32118764,113185090.53073,5503124.2384570212805,13620.0625,249.47103949951187,515413
2020-10-28,388.90336364699,44023369567.5355219885651277,1.27926827,113198736.96823,5307145.445548421098125,13646.4375,252.161114425219,484504
2020-10-29,386.788421098773,43789226262.31333953895516929,1.27386525,113212350.40573,5265519.9963518275621875,13613.4375,257.13338959598946,436247
2020-10-30,383.596369959088,43433013309.68129047657277424,1.26471066,113225819.40573,5166659.506978956272,13469,251.8763409866588,486439
2020-10-31,386.585236119229,43776670002.69398208387903217,1.2754658,113239373.65573,5239872.93666905967325,13554.25,253.0692847879435,521508
2020-11-01,395.57778264173,44800351864.4588888835134879,1.29889542,113252952.59323,5371525.986880636561875,13578.9375,255.98133033822558,523516
2020-11-02,383.848317066043,43477115712.44632172411668889,1.26683433,113266396.59323,5160456.774635882092,13444,246.65331693456648,488898
2020-11-03,388.54819970777316,44014721133.1118939878783192068,1.279466262773,113279951.28073,5266649.4257264565046875,13554.6875,252.69929407,506039
2020-11-04,401.79561385154875,45520820968.6638832472373899625,1.312792743239,113293474.09323,5433406.749436896580859375,13522.8125,252.34510458,624330
2020-11-05,416.99735464640565,47248734782.8237396060441549995,1.351224122781,113307037.21823,5655787.24573853063165625,13563.125,249.02893918,501094
2020-11-06,456.4478808883693,51724971109.451088450683132339,1.448713896922,113320651.21823,6214081.4504142596502,13614,256.77604922,572052
2020-11-07,436.77211285797785,49501206896.1000194507840999555,1.395749220032,113334174.59323,5906633.07172075620724375,13523.375,258.65249604,543961
2020-11-08,455.37572986557575,51615811182.7734177202029084225,1.444749159284,113347742.96823,6178708.66871483136690625,13568.375,250.57368795,606394
2020-11-09,444.5479997077731,50394519196.058001883996186113,1.413017403172,113361255.09323,6006788.1405513935988375,13512.125,253.08562419,544077
2020-11-10,451.5016406195208,51188864451.344404657280324184,1.420761198063,113374703.09323,6071794.0630513157184,13448,252.6086322,490166
2020-11-11,464.2159424897722,52636636662.819858808987624706,1.44876813814,113388257.15573,6292011.8980027780095625,13554.0625,257.23844957,644638
2020-11-12,462.86649982466395,52489887339.9721227338041700585,1.436681644887,113401785.09323,6261629.080471814874103125,13527.9375,253.26671408,587186
2020-11-13,476.57134097019286,54050512182.3189912963891740878,1.464276392574,113415364.15573,6471392.02474305948299375,13579.0625,259.00859394,521392
2020-11-14,462.5514587960258,52466731076.477595829727935334,1.427895055642,113428960.34323,6288936.3621892910316375,13596.1875,253.89554599,570887
2020-11-15,449.3456436002338,50974919025.302421497778684674,1.395113567726,113442557.53073,6109836.9683405540224375,13597.1875,261.53086331,502933
2020-11-16,462.2547316189363,52445588185.842030358898368749,1.426362154347,113456033.21823,6229200.30869315466120625,13475.6875,252.24402969,496246
2020-11-17,482.69500502630035,54771213441.0836773072338160055,1.473172755249,113469608.90573,6552916.546047982832740625,13575.6875,257.83446929,516399
2020-11-18,479.4918066627703,54414177251.193751354242900069,1.459102475557,113483017.84323,6429475.66730317052955625,13408.9375,255.29764643,498949
2020-11-19,471.1500233781415,53474003939.275019097665444545,1.432729354966,113496765.96823,6477429.4151556116096875,13748.125,262.94938377,497408
2020-11-20,509.56297720631215,57840602350.0429959836939973695,1.517803829928,113510213.53073,6852379.983667958031634375,13447.5625,262.03876882,528075
2020-11-21,547.3534804208066,62137690708.855800309737736818,1.590027187326,113523879.78073,7480269.50180084819725,13666.25,265.81210134,576466
2020-11-22,565.1310609000584,64163519384.318385911450994632,1.614061024185,113537414.28073,7648766.3437518404148,13534.5,267.85670925,555649
2020-11-23,607.2141186440678,68949701372.157119276274190994,1.682304713194,113550886.34323,8180426.5572552966558375,13472.0625,255.47108376,555903
2020-11-24,604.573530742256,68658132503.91694299876452688,1.65654924299,113564569.09323,8272228.477763603284,13682.75,267.13978331,543359
2020-11-25,568.2473562828757,64540440796.879499193490807761,1.572114885437,113578074.90573,7674642.24757721616500625,13505.8125,266.38071542,544008
2020-11-26,518.3973562244302,58885598655.964432862308827546,1.459834741382,113591626.09323,7024899.7737015457208625,13551.1875,266.14541055,550015
2020-11-27,517.041817182934,58738522860.17093683441506182,1.469453160098,113604975.28073,6902088.162915707766125,13349.1875,264.17947875,557982
2020-11-28,540.829210052601,61448304280.81784938377755373,1.526532726989,113618686.15573,7415241.695379955735875,13710.875,264.7296573,688339
2020-11-29,574.8735552308593,65324166330.141195148991800039,1.590180583957,113632233.96823,7788279.13747607601028125,13547.8125,272.50980956,738443
2020-11-30,613.469492402104,69718300657.21927625273165592,1.652043226248,113645913.15573,8391764.2120982060105,13679.1875,274.97592699,526155
2020-12-01,588.2515552308593,66860458402.5968476726795166969296,1.573820094266,113659637.289624272,8078072.9935275655418860054999,13732.344473543,278.58826337,557804
2020-12-02,598.9264098188193,68081982009.9918113618646639916977,1.591639159646,113673367.702364689,8230580.8869677429467373431302,13742.224006214,262.36959659,463102
2020-12-03,617.5542700175337,70208101091.7175171614915984602409,1.618896135394,113687338.101838657,8634518.0066385833600085711075,13981.796298475,274.12485568,497766
2020-12-04,572.1771762711863,65057203221.154561759546017042598,1.530124255213,113701150.48126346,7906710.3563140001048862517435,13818.639897245,271.39519665,490688
2020-12-05,594.9156954997078,67650868919.8570061562577710301364,1.571732592599,113715051.446125838,8273397.5193323127712818713588,13906.840216046,271.83577592,561873
2020-12-06,602.2467767387493,68492966173.3344138271503950338353,1.579975962468,113729070.571757021,8446082.1732551876228142935427,14024.287882439,275.49842036,503912
2020-12-07,591.8200952659263,67315325127.3764269010644541441976,1.549935891486,113742885.153518152,8179944.1357870512269096885685,13821.673513995,271.23585798,502915
2020-12-08,554.318545295149,63057485830.729156719387892291384,1.472676760986,113756767.414581016,7698723.108891054807867210793,13888.626267757,273.03896433,496764
2020-12-09,574.2140723553478,65328842805.0962927684712414316388,1.515707360784,113770884.327383846,8109441.096942124182215002644,14122.67913198,277.747662,495314
2020-12-10,560.4503168907073,63770626337.2435912190355141579356,1.486640230068,113784620.001703772,7700934.0249003087681440745282,13740.618557634,274.5947981,461398
2020-12-11,545.483657510228,62075253269.82548219246780903438,1.455947798787,113798557.326461335,7605177.388908253960560349644,13942.081094823,267.45531192,482121
2020-12-12,568.545423261251,64707582848.026432941958978426591,1.504145050419,113812512.071340341,7936878.017015954315257832951,13959.971696701,270.36022117,508542
2020-12-13,590.522730625365,67217061002.463057718498101164205,1.545305011441,113826373.679604217,8188831.620687489307394763585,13867.089607229,275.08386802,567529
2020-12-14,586.470181297487,66764001253.854203401154977577615,1.534015164934,113840402.091966145,8231062.666921676252733663681,14034.921006063,265.93253758,540147
2020-12-15,589.000816832262,67060289919.868369630854617539038,1.535419460291,113854324.142586149,8203355.27180774058004980306,13927.57876963,267.98998758,525004
2020-12-16,636.205011104617,72443632867.371821077971168155685,1.616102425389,113868378.278867805,8944873.119856871116224026898,14059.733833794,269.28169617,568398
2020-12-17,642.788150204559,73202278217.363370648621174922197,1.615120753837,113882432.639848283,9037661.642278646154109927572,14060.093732908,271.28676723,630990
2020-12-18,652.01013056692,74261608941.26488947641889073088,1.626020315505,113896403.537004464,9112436.15425721837655758628,13975.911917709,272.90333489,553060
2020-12-19,659.714045002922,75148279638.895664176556174222538,1.631079714531,113910383.154814929,9226140.290406710483086888978,13985.059678949,269.42008856,545505
2020-12-20,638.561923436587,72748159623.0637187861903006996,1.589011078792,113924988.2478908,9004558.442990318265540621101,14101.308130823,274.24863511,486929
2020-12-21,612.546497369959,69792927337.558631849053808049569,1.537257728624,113938986.896868791,8581139.765713630198656309098,14008.960630022,276.80569449,485930
2020-12-22,634.17585622443,72266212960.41544725083813818839,1.579146996478,113952955.242813573,8862588.96904706653904612985,13974.970636395,276.05741972,478231
2020-12-23,588.508848042081,67070683523.019314315515452392184,1.485681829825,113967162.509379064,8365755.8094023545514716356,14215.1742276,282.24510795,535033
2020-12-24,611.893571595558,69744266303.687780088881482343976,1.531594686862,113981041.052326172,8496145.682294725676826140718,13885.005623021,275.9379285,524269
2020-12-25,625.840292518995,71342636142.165561116971885886715,1.557184575951,113994955.254499257,8712358.737204547973765701575,13921.057562685,268.84057805,474892
2020-12-26,635.806854120397,72487828164.105764098908110293611,1.570747164044,114009195.865603863,9058657.93809040984425993513,14247.49966029,278.42205189,464884
2020-12-27,688.480685447107,78502781448.869944866417302505935,1.654294591744,114023215.332307205,9657640.671247515630840340982,14027.467836626,275.00484262,507618
2020-12-28,730.518296902396,83306403100.187013360282974146628,1.711975649758,114037394.345124143,10363912.277486265495330273088,14187.067348528,289.037066,544394
2020-12-29,731.936295733489,83478230313.894837084381645730803,1.694064257169,114051223.857179427,10127206.467624715062731974375,13836.185644375,280.75428734,519248
2020-12-30,751.208063705435,85686789710.82679551390079393931,1.721690841927,114065322.046950826,10595906.912750896720520440435,14105.155981001,278.02170104,521593
2020-12-31,739.025849853887,84307592980.451223759674636826792,1.693255921598,114079355.948265816,10376543.003163737721402892087,14040.839038601,281.36748495,488772
2021-01-01,730.91432063121,83392527577.60789870355780292555,1.672616430722,114093437.799372955,10297444.31335482958596595401,14088.442410681,282.58949242,510102
2021-01-02,775.296622443016,88467283101.456922095491324178152,1.74242746175,114107659.624119197,11031333.824318432094076287456,14228.533318716,294.23280443,514898
2021-01-03,990.365324956166,113022171397.96151562180434157206,2.02839789176,114121696.86268441,13908529.278625483686277477626,14043.837085311,290.29336504,583017
2021-01-04,1030.31844886032,117596170885.0998721952899662528,1.994201260979,114135751.92716204,14489382.94831616644605059952,14063.014172311,291.35660991,622704
2021-01-05,1101.55981414378,125742960421.83228882780809608526,2.052205065021,114149916.152823467,15611519.33311776070270376264,14172.193949588,292.14770591,590568
2021-01-06,1199.35239976622,136922869199.13203865740321740196,2.117121237223,114164001.527675518,16902955.19506146598494459696,14093.401737768,293.76521286,615398
2021-01-07,1220.21421332554,139321539857.91890442476629347696,2.088183917551,114177935.592321624,17010341.38738056903215467634,13940.455046021,294.10535417,657941
2021-01-08,1219.88072121566,139300816746.4319347371839509968,2.057813704556,114192161.84317848,17362717.53651646387772155308,14233.127251338,302.33023725,625530
2021-01-09,1286.97022314436,146979958226.2945068161399563358,2.118496135364,114206184.092736155,18055484.50891877106123658476,14029.450086891,298.73984832,611578
2021-01-10,1265.43626750438,144538541298.19491061830397287096,2.071606985803,114220324.649968692,17902344.0398257934132584576,14147.17161152,305.52889392,616426
2021-01-11,1082.905685564,123705180159.740779691808947124,1.864197778955,114234491.340132291,15349492.5258440420429753,14174.357684575,307.71293418,639489
2021-01-12,1038.8394176505,118686042564.3113704171268964555,1.814492545934,114248689.978224611,14758111.394572042786266456,14206.345219312,310.90847903,560454
2021-01-13,1127.92676271186,128880200418.33360206539214724384,1.926038626996,114262915.535817744,16055742.09302009159112012072,14234.738126452,312.07371192,544430
2021-01-14,1212.61922150789,138574331450.75236240490679315722,2.027927432063,114276871.909085698,16936251.43856006494024516905,13966.669122645,312.61845221,569396
2021-01-15,1167.64685096435,133451671351.6473235697234767644,1.95826951954,114291124.273945224,16651867.11966802837524206145,14261.047427067,313.02080852,585279
2021-01-16,1231.50994839275,140768055176.680706179726477559,2.032677940092,114305252.150336116,17409376.58906895392120815625,14136.610598875,318.33597411,574480
2021-01-17,1242.04924137931,141990281349.43543191793571553384,2.037016039705,114319365.624951864,17540677.60139364340111416612,14122.368918252,309.41312267,548826
2021-01-18,1252.15644476914,143163465450.51593070478991693862,2.030049374005,114333529.207615083,17746758.5598421262808613774,14172.95628991,313.11891087,556478
2021-01-19,1386.08540385739,158495706458.95571714666896536709,2.098613639381,114347720.579029231,19683376.42641869131927531125,14200.695261375,316.70360384,601609
2021-01-20,1367.82303974284,156426920284.4940367527794857148,2.047366055518,114361957.46044997,19488694.39511800305269305844,14247.964706591,325.20304347,565813
2021-01-21,1132.69443191116,129553109550.88302486935131454096,1.803680899463,114376045.207790156,15970237.18353177121973262716,14099.334060101,319.22183685,540818
2021-01-22,1235.37204792519,141314431408.77156481656453006606,1.910604321315,114390180.388255874,17473877.73428458664686995693,14144.627736747,321.73992008,532997
2021-01-23,1232.76174810053,141033354246.51134487381102542827,1.902623421253,114404388.734334959,17524933.8314666792473993118,14215.99417606,329.09237149,513612
2021-01-24,1387.23029631794,158724870354.96937924756193293634,2.07720900285,114418543.753164361,19648139.265391727103853959,14163.57422235,328.46416288,514921
2021-01-25,1325.60759380479,151692919224.50618771457566655018,1.977749983237,114432747.619613142,18838389.67341053412140750772,14211.135905868,334.48094959,545219
2021-01-26,1361.84900292227,155859496260.04378069280836892509,2.000675962607,114446973.141367967,19383341.68980146454234027196,14233.106348948,334.64095461,561115
2021-01-27,1245.93815055523,142611355859.2652927364320086199,1.862320295301,114461023.44302813,17517934.18053462976138348479,14060.035141173,342.21467102,502563
2021-01-28,1341.7747030976,153599979312.1924097875228884352,1.92813268788,114475238.620607402,19088678.0089188764063253376,14226.440523026,337.00542938,554633
2021-01-29,1383.40889538282,158385543266.2682145872179860372,1.955598721206,114489319.67611746,19495632.72510905516091331398,14092.458701239,331.54549206,629039
2021-01-30,1379.86854237288,157999493481.53280824962587485304,1.94822491678,114503294.067295883,19299165.98078082833202006576,13986.235201502,329.13450327,602900
2021-01-31,1317.346364173,150859483437.808319836429548424,1.880859383919,114517705.852184488,19001592.322711219823032067,14424.142988879,341.82472789,571051
2021-02-01,1369.95499357101,156903551687.74547237122040976774,1.929326106185,114531902.452321374,19464499.94888965621704880077,14208.130953377,346.6046925,577466
2021-02-02,1524.16825189947,174587545206.45606683189042302806,2.053380275417,114546110.633704098,21680453.57379686666554488462,14224.449004746,346.37354967,606119
2021-02-03,1659.52005435418,190115116680.58093765747056906936,2.134676473319,114560300.842261452,23608449.10464207187811301552,14226.070388664,342.32680463,631088
2021-02-04,1608.39752355348,184281491645.17480557833355000672,2.049668028662,114574593.001135864,23010458.333904835902849147,14306.449740775,350.26535737,636306
2021-02-05,1720.47846616014,197147391264.52363524663546317244,2.13062276479,114588700.261112946,24307658.66029442555822375496,14128.429467964,351.10251709,608628
2021-02-06,1683.70779380479,192957815798.47929963761699104308,2.068896618061,114602911.804808652,23953543.78715160800865541185,14226.663246015,353.87958645,631037
2021-02-07,1616.04266183518,185226378182.62645109431018524592,2.00505642587,114617257.673311144,23204364.26466288916464254924,14358.757236218,365.97835371,617267
2021-02-08,1743.54479135009,199865012211.00155801194953867186,2.093427383765,114631418.247786354,24714214.32139114009878552956,14174.694245884,363.476337,628031
2021-02-09,1770.83282057276,203018236061.66702559315037778264,2.094461699545,114645625.325603914,25183567.53024720332895727396,14221.312840871,361.14660378,602871
2021-02-10,1748.21180596143,200449828250.74096368089431812489,2.067545539362,114659921.393508423,25013367.64185983971283432895,14307.973185265,363.30355939,615259
2021-02-11,1785.58308942139,204760269802.63743617275784152174,2.091262721598,114674176.192489066,25470323.51044731052459036542,14264.429172378,369.09787868,612148
2021-02-12,1846.45420058445,211767007287.84375553989743597295,2.121022853019,114688470.052933931,26411125.8595139765705815134,14303.699410012,377.5389341,594587
2021-02-13,1819.41280268849,208691337249.82140918590973382909,2.088127998406,114702577.085004941,25685446.82268807317405918041,14117.437661609,370.9207678,563729
2021-02-14,1811.5666792519,207817376822.7339844667354733805,2.073822504382,114716934.906615595,26032198.6068701426523138279,14369.991955041,381.12508595,555363
2021-02-15,1787.53062191701,205085473631.30056335914674705135,2.04849315597,114731166.625475635,25462308.1101511910101156688,14244.40387088,380.10819866,570429
2021-02-16,1780.61989596727,204317874330.46679424447564544134,2.027981494876,114745361.878300842,25300670.01644684782781265021,14208.911218923,380.64221443,569472
2021-02-17,1845.23994155465,211759190997.1492211277902886535,2.061527032919,114759704.81038799,26491802.9224211077361818068,14356.833670152,386.37331265,583486
2021-02-18,1932.41152659264,221790387317.98111960253282962944,2.107655032162,114773889.653337496,27435395.61006569169059843712,14197.491182658,377.56549184,601009
2021-02-19,1961.02429018118,225102701693.47660355676861249122,2.111572487423,114788329.150517179,28340455.92622245180868961804,14451.863787778,390.9955527,628240
2021-02-20,1912.80253489188,219594687146.41842031230775860996,2.059379144581,114802591.036314617,27298308.970890351163710423,14271.368043975,385.63647675,643509
2021-02-21,1933.88384745763,222042492338.96162119978538097011,2.070798091237,114816871.049866097,27631309.07230476002377878405,14287.987930935,376.44332108,604276
2021-02-22,1771.20859848042,203389892374.4104141549854361926,1.940122245086,114831134.25990903,25281091.21420002330348594786,14273.356190733,393.79219533,621855
2021-02-23,1563.04562419638,179508700934.97288989899626536526,1.782669024878,114845464.621203877,22412396.50119561761743102308,14338.926614966,389.5195393,627533
2021-02-24,1616.56383693746,185678047442.9876945818097647161,1.829665663001,114859706.248749285,23036631.87345942584637967436,14250.369423766,397.80849506,623762
2021-02-25,1491.46385715956,171330441592.11059944976703958312,1.727431704315,114874015.062224402,21359559.79164137504626048352,14321.205095992,396.04577815,617443
2021-02-26,1442.30312273524,165703892104.92741902162904418952,1.686366993704,114888395.853071498,20754556.37348310813704847772,14389.871342803,398.27026159,605208
2021-02-27,1454.03216890707,167072208668.00746423423666641597,1.698561917542,114902690.766180271,20799945.85997659079186859144,14305.010786392,400.64260867,566704
2021-02-28,1425.38586674459,163800981512.82030427093777696419,1.67265649529,114916939.570140441,20323895.23144930428714091187,14258.521643593,399.78778377,581313
2021-03-01,1563.23598036236,179664587381.82205316594649839076,1.789685810259,114931200.176300691,22305923.5062741813433485458,14269.069920655,402.19354337,579329
2021-03-02,1489.87889421391,171255085933.43989604148939074746,1.72396518086,114945641.956890406,21532987.43584560781197220417,14452.844133487,404.50981154,595816
2021-03-03,1584.06700526008,182104024499.24202435094819352832,1.802159023687,114959798.982331104,22443085.02846184859377517488,14168.014960186,390.21922623,559291
2021-03-04,1538.02277644652,176832941731.48396105590454864596,1.745600748949,114974202.228683823,22169957.9442307896413965754,14414.583635395,393.35136653,598760
2021-03-05,1530.84029181765,176029141469.0193289401714225492,1.738213958082,114988573.536962728,22015093.26458648129722455855,14381.051623907,406.7887091,523337
2021-03-06,1659.83834599649,190886424481.50558521966238313847,1.840394577975,115003021.192950103,23995697.34321552869646366016,14456.647179584,419.19281406,540483
2021-03-07,1719.16063705435,197733228967.94926612242815721625,1.884890500196,115017308.275944475,24577451.1645361915772791515,14296.19235969,413.71881057,499682
2021-03-08,1826.12504734074,210062199817.2792928159576993518,1.959373777647,115031662.32957507,26228703.8423598621741640251,14363.038216115,414.69534379,533767
2021-03-09,1862.02863687902,214218817196.64240503504232902748,1.978425457274,115045930.526449074,26589068.27478326109573235022,14279.623711561,408.20398785,574925
2021-03-10,1803.4244905903,207502588302.7632996239681106136,1.923528991543,115060314.077715112,25968688.4307576029037197806,14399.653862002,413.19591931,582840
2021-03-11,1827.71346113384,210323158993.04174936851748793264,1.927074747618,115074470.624386446,25902712.75225333545478606344,14172.195643941,410.04184477,623452
2021-03-12,1768.50364453536,203534962497.01137771297212851584,1.878323315984,115088800.142386044,25359983.5568483058920323104,14339.79716989,406.01973454,592345
2021-03-13,1927.20756627703,221827734371.9821300971980543182,1.998190976611,115103187.76949794,27748570.21039477785977414748,14398.329840516,416.56167914,591290
2021-03-14,1874.14906195208,215747658136.0233081482913139972,1.947398907952,115117661.938428965,27146583.253510742714694596,14484.75140245,424.3435589,586583
2021-03-15,1796.90510976037,206881134242.69309737057240219057,1.858746007838,115131919.386818461,25637736.36313946919085404082,14267.718547786,419.39736655,592457
2021-03-16,1796.95172822911,206912348624.15817655658375219664,1.853187946915,115146303.249931824,25870241.40750044568012955444,14396.736985804,428.0423862,587910
2021-03-17,1818.86739976622,209461979346.26629469772727549384,1.86580269737,115160665.023293372,26139969.0341568194909553488,14371.56388504,430.27462401,568873
2021-03-18,1781.64520666277,205201027897.62503064654264786157,1.828030901269,115175023.136054441,25596417.73995233096154031285,14366.731178705,425.92958927,593538
2021-03-19,1810.37383459965,208535831644.5681901894844616528,1.846972928703,115189375.619032992,26000943.0782077319518251972,14362.195576008,433.08878609,594704
2021-03-20,1812.74496884863,208835099586.78946937285724611267,1.845869106049,115203794.894232509,26154059.76419900842667230768,14427.876073936,443.41544638,578798
2021-03-21,1784.72563880771,205632497854.89958165170692070863,1.823971782753,115217988.347090053,25346732.31923912039496328729,14202.032944499,437.12551252,586232
2021-03-22,1689.11376779661,194640513772.76540273265310080357,1.75268061511,115232329.215258937,24237946.25147241137841781719,14349.504878579,433.83155339,569908
2021-03-23,1671.75213500877,192663932774.563944919612356486,1.738501478937,115246709.5689118,24055931.73989919660700489692,14389.652171596,438.25751763,600963
2021-03-24,1586.88241320865,182905748148.49722723721951990755,1.676438932152,115261059.437078787,22786168.37722480984879760535,14359.078018359,435.96084497,598324
2021-03-25,1588.93212396259,183164846643.80430176659211406579,1.66873643579,115275438.064034481,22858898.64929413978268101618,14386.327964902,446.99377994,631922
2021-03-26,1695.66907773232,195493459310.30397463704396968784,1.744551023405,115289865.149716887,24475173.08395659831077053136,14433.932543423,457.8712416,583328
2021-03-27,1718.1190917592,198106342507.3110967765009301208,1.759264296633,115304197.163927649,24634996.5219682278077997328,14338.352120134,453.05299075,585374
2021-03-28,1685.16250900058,194330488098.80046235312430440974,1.732416536942,115318544.686857603,24187321.28949372000545061342,14353.109068299,456.8606684,572639
2021-03-29,1811.1432226768,208884494339.3977391952351684448,1.82040888661,115332951.985251886,26106096.1726504191625120624,14414.153362243,465.36069058,576265
2021-03-30,1840.87399678551,212339971941.29131145350951578411,1.833822182393,115347368.865046861,26550822.75218925902753191515,14422.944100765,464.73297163,575014
2021-03-31,1916.88001928697,221134428982.11952728763982869341,1.878852114233,115361643.272997253,27376298.73913594607699028759,14281.696540047,460.94919808,604979
2021-04-01,1971.24078258329,227433887911.43071135603178110273,1.895303304518,115376005.773064937,28327608.66240688631564532123,14370.445717587,468.39945627,650310
2021-04-02,2134.06883985973,246250783766.11476745469206713841,1.97718567096,115390271.938135117,30460689.16886707356488418697,14273.526982789,469.77835637,658068
2021-04-03,2025.14887843366,233711682648.32488507479790813186,1.894121151001,115404692.038783771,29218209.86548778321901986064,14427.684886104,472.51462173,599989
2021-04-04,2077.39558153127,239771287366.75481056790064393429,1.892528467348,115419176.539317027,30106133.76719467074472188272,14492.248869136,483.42363867,598828
2021-04-05,2099.52728872005,242355891780.99509643202085778735,1.886918923767,115433551.677598947,30198078.531795022444451604,14383.27508008,492.8833312,615639
2021-04-06,2116.90126201052,244391805183.8708575977005411972,1.895284244664,115447899.98932711,30394343.37964495812837967604,14357.940979627,485.31986605,618992
2021-04-07,1985.39789129164,229238587439.5982157627122981378,1.807995619641,115462290.176233895,28591851.71550526222222757288,14401.068844142,498.88470787,613189
2021-04-08,2078.55003594389,240023894711.6765010495223615389,1.863475753077,115476601.74689001,29780822.68255202834121146112,14327.691019008,495.23828243,623896
2021-04-09,2066.05360420807,238610252683.2421922734138787713,1.849721689383,115490833.44074359,29427072.32470661869754142202,14243.131090486,491.754257,604996
2021-04-10,2130.18779029807,246047990498.58259219009028594676,1.889747123672,115505305.034235468,30850373.44552135096397005547,14482.466562821,498.24735293,686486
2021-04-11,2144.37211630625,247717304501.33265486236202731875,1.886739423465,115519737.744041219,30971113.848845127573643125,14442.9754581,489.6763015,648055
2021-04-12,2142.82890011689,247569923868.10350688259585805034,1.881348524185,115534153.872294106,30913660.95275340056157968692,14426.565252628,516.42576558,647933
2021-04-13,2297.89169135009,265517905596.9076116407006201045,1.962929139927,115548485.85614005,32957481.26137493785672685563,14342.486804507,512.91157886,639677
2021-04-14,2430.29892869667,280852111298.93622079897246059882,2.015361964316,115562784.471765646,34768650.56620131994294353582,14306.326746746,511.04272052,660253
2021-04-15,2519.58225540619,291206073188.74312834451691394744,2.04038495652,115577124.963438376,36151524.82586257566557950502,14348.221713458,513.49266402,603417
2021-04-16,2428.35284687317,280696668526.21635780242605901496,1.966458268162,115591384.871292888,34646192.92877643978109605538,14267.363564314,491.60603111,679755
2021-04-17,2342.16061426067,270767114997.47928861049807974374,1.908887490854,115605699.006662722,33546390.13956394249298858449,14322.839319947,499.80973283,690474
2021-04-18,2243.48254529515,259391685368.7708115949194841328,1.843047288427,115620104.071121952,32334737.22550421772386373945,14412.742944363,507.62730894,671586
2021-04-19,2168.6250818235,250767422737.0140463966579141965,1.799791047254,115634290.518375319,30779162.1227171589186037995,14192.938364817,488.51134247,714304
2021-04-20,2328.50510870836,269288971632.49824741318330412776,1.889135971683,115648864.426101666,33950530.6437301384566891192,14580.39774822,507.70983399,765456
2021-04-21,2363.99523424898,273427535736.55578191647614974994,1.905617002461,115663319.356657353,34183807.6990990929969437928,14460.18469236,517.42785482,769062
2021-04-22,2419.70522676797,279905680451.03575138888478595349,1.922964605444,115677594.673343417,34555041.07552788803621605323,14280.682081959,513.73913411,765288
2021-04-23,2357.12506639392,272700345641.16996241600344410016,1.882020145325,115691928.921855773,33801015.08709023883079760064,14339.932814342,514.73035113,752703
2021-04-24,2236.58652717709,258787233934.05953254738498692539,1.807632526767,115706336.772352871,32246627.25584842511406237966,14417.786597574,517.11741368,896809
2021-04-25,2300.55654880187,266223290830.8872795024290686355,1.843605325928,115721254.91526665,33162601.49144067754683241603,14415.034270169,534.19451859,901912
2021-04-26,2526.05887901812,292354997614.45360059983408455884,1.966022649638,115735622.808638607,36312258.846141553979639697,14375.064313725,537.08753362,746504
2021-04-27,2646.34933898305,306314914674.97178423403229955765,2.014334892441,115749991.946521973,38044445.77352271020788186625,14376.199397825,533.76416906,763976
2021-04-28,2740.23064289889,317221220058.33404895631490914623,2.038001404778,115764423.290568607,39566456.43521558038211966076,14439.097138684,545.75144934,733612
2021-04-29,2760.50726008182,319608177770.08391948784089530362,2.030660689759,115778785.439821991,39666869.25959671681935330324,14369.413126782,544.58643431,732181
2021-04-30,2770.29005821157,320780430149.6341841759065591319,2.025950275448,115793084.26523467,39629084.02288916540888316969,14305.030588917,542.41825376,718365
2021-05-01,2949.31864056107,341553299412.55617721060413514669,2.084916409059,115807527.445586567,42615356.31451789340349608695,14449.220822885,545.67770939,805199
2021-05-02,2952.47679661017,341961340071.94615409966131431627,2.078005553212,115821855.218155331,42319014.51963640568618361681,14333.394446393,544.03453728,769733
2021-05-03,3430.64827410871,397393607999.96434854784097329949,2.260814951058,115836301.552425419,49584352.99579096861851114695,14453.347890545,547.76410227,770331
2021-05-04,3274.89152846289,379398576174.06098051776059292878,2.155283907213,115850730.589582702,47269588.55967077327376181746,14433.940223314,563.20951663,783366
2021-05-05,3525.92409964933,408531934419.14016109456505211546,2.244676359743,115865209.480762962,51069286.72604643884070994989,14483.943863433,557.79848389,787176
2021-05-06,3500.54310403273,405641461471.48842787198587533079,2.1969879559,115879579.087078623,50324191.74251980101999357768,14376.109719816,570.10566701,771567
2021-05-07,3482.63239333723,403615942703.01302840976860470003,2.163128013868,115893926.523852361,49991507.75151521418556066192,14354.517533104,553.89241209,753950
2021-05-08,3886.76699649328,450508612743.5663228005088045016,2.302177567456,115908314.841106845,55948661.53442481731108526032,14394.652827119,567.8605115,843893
2021-05-09,3916.08141320865,453962679013.81713842555526645855,2.292554351788,115922686.766070527,56303351.8225943183741442645,14377.47224373,576.39783778,890714
2021-05-10,3954.28315780245,458448519293.4827515773877686126,2.26421643912,115937200.498373148,57412770.86826898055005523715,14519.134967607,575.90845624,853625
2021-05-11,4155.77199766219,481868354039.06875701707542133251,2.269929669446,115951585.965289129,59805204.35042832843533320318,14390.877166522,575.69888958,864612
2021-05-12,3975.50227118644,461022908425.01299887894513789952,2.170673682126,115965952.721598208,57136367.33777185683253365064,14372.112865306,576.52929334,838261
2021-05-13,3687.15909000585,427638705839.86920836779903485825,2.044984190709,115980540.953330745,53811205.25540944928275955505,14594.218459753,589.01110849,878850
2021-05-14,4086.70976446523,474037688752.90720827357326734341,2.187403736275,115994948.521855167,58936014.27806027112338618289,14421.384848643,591.25717482,805756
2021-05-15,3672.60174400935,426056388086.03363578554771758565,2.024650208407,116009417.242423699,53160803.78385745284006798585,14474.971012191,583.08935831,768274
2021-05-16,3565.84300116891,413722726911.75296005087865645733,1.982506070166,116023820.111017663,51377956.52730397907233678695,14408.361924645,601.33712435,745202
2021-05-17,3280.03027819988,380608795495.61983647695422509036,1.870889189294,116038195.752419247,47170209.74116194021221685248,14381.028752896,583.56577362,726563
2021-05-18,3368.23962887201,390893107166.11835101572993412213,1.925527811984,116052641.805958613,48679334.98235666333700410348,14452.455984748,598.86246674,687605
2021-05-19,2535.73623553478,294315407960.50341536116939967824,1.585281525274,116067043.502430008,36535321.76187405698345866058,14408.171185111,601.04117361,793162
2021-05-20,2777.92518293396,322465830669.54010330600226050804,1.69717414371,116081539.074771449,40285734.26731400882510983172,14502.094770157,610.97949292,764072
2021-05-21,2413.98438398597,280253633151.00725122705772909006,1.53598708976,116095876.597284598,34625034.29892234471177625681,14343.520417373,592.28389924,697499
2021-05-22,2320.84220163647,269473781561.84691864912462506268,1.493601464771,116110341.914601444,33587108.97053678555065123093,14471.948565419,591.81029567,686947
2021-05-23,2105.59847983635,244512106465.5417284921943373362,1.387752879305,116124754.461518012,30362852.24264658077225260395,14420.058018377,585.791697,751221
2021-05-24,2626.16846405611,305001169847.08671015119592903593,1.643923739577,116139224.890399163,38019004.49650291041936862374,14476.986155634,581.80271206,693847
2021-05-25,2696.5863798948,313217954899.5231883500939758916,1.675783174725,116153503.271696617,38520068.6440096326497034468,14284.752356241,579.44268645,652514
2021-05-26,2868.71953185272,333253006663.98311078690561173704,1.747535278929,116167859.201194407,41206213.63237520154618133256,14363.974301023,579.36632379,685336
2021-05-27,2743.10334950321,318699807057.73646479029840012826,1.701837994273,116182209.144782906,39382692.07611717395313777939,14356.984429059,573.5019441,720290
2021-05-28,2415.30300233781,280650177206.97726745522855060752,1.545701575955,116196674.676150992,34954219.61258994074157357027,14471.981187767,571.24641438,644047
2021-05-29,2288.85813150205,265990903596.22771741130391109635,1.484223850636,116211179.686210047,33214860.16760890643160997075,14511.541676815,567.54361217,794192
2021-05-30,2391.71209117475,277978165597.68939004714509929075,1.545386328719,116225596.978586737,34497608.72769801715226029175,14423.813323933,574.04441024,734624
2021-05-31,2699.21445762712,313756612486.78132899113536412664,1.695542442011,116239971.818543397,38818626.54822971675564848168,14381.453255239,569.66749498,733140
2021-06-01,2626.20154821742,305307516839.51114141856432210978,1.659087663063,116254412.022087159,37947262.92872919194952672624,14449.486161672,560.15974214,677920
2021-06-02,2713.1598679135,315456282852.275362479284721165,1.698710445955,116268962.46805779,39502868.0911811168014908755,14559.727408013,570.47279616,648077
2021-06-03,2858.60099824664,332407619081.87248973737750738368,1.764975203017,116283321.556859112,41074057.61735637563786478848,14368.587166432,569.889071,683741
2021-06-04,2689.27742548217,312757374481.50546287399483854692,1.67952100622,116297921.336780676,39286581.70082520705607698001,14608.601302553,584.27111373,711636
2021-06-05,2604.97053763881,302990056642.41162916321596887127,1.637343733222,116312277.726199167,37414255.84321100432251741818,14362.640691178,585.2283072,826004
2021-06-06,2706.09854120397,314791964111.4247006494626445372,1.686998614567,116326866.63781676,39498367.2212481457576772664,14596.05650712,591.30271978,801579
2021-06-07,2600.15911221508,302505824025.38550107603436960032,1.637598099808,116341274.118290504,37479162.10910054146307472856,14414.180244982,587.58137089,655320
2021-06-08,2519.05763530099,293106829361.7027166654097320631,1.602625490386,116355745.59876269,36480230.32449234088475224287,14481.697367013,591.80990732,614894
2021-06-09,2605.63110461718,303217707297.0372753293281734987,1.645994847205,116370159.520944965,37584087.1115725890060934812,14424.17809834,580.11494615,626011
2021-06-10,2481.38075686733,288794342352.67857607440337660023,1.585934435692,116384533.713106131,35696075.38732403811660042087,14385.569521539,568.36394644,653958
2021-06-11,2345.03141963764,272959286750.81235314028182209404,1.518711096827,116398989.141472011,33921944.4615435793086244588,14465.45414167,568.9893852,612641
2021-06-12,2380.84033372297,277161699942.19833001893806804925,1.53683551067,116413392.370917525,34317012.89741926961239487294,14413.823729102,558.30088567,689502
2021-06-13,2504.64639216832,291610564458.41091899558355462656,1.600595654701,116427838.025454008,36206651.37067415500411894848,14455.793633739,553.99026151,668513
2021-06-14,2577.04473863238,300077164363.53028629926137992054,1.632897108888,116442357.350295433,37436923.46512649015931161496,14527.075492292,546.0858312,632306
2021-06-15,2552.74103641146,297284436547.30736331075619203798,1.620631091977,116456950.511994663,37278031.78832520347062237596,14603.138844326,567.10531909,624917
2021-06-16,2360.99938690824,274988669633.80220089441939562136,1.525072974835,116471300.737567539,33902256.22882412445941224272,14359.282097578,549.94703156,587775
2021-06-17,2368.38859555815,275883697418.4274419297171757953,1.530180702025,116485824.132002662,34429540.3633064085945821199,14537.116260346,548.34712391,584095
2021-06-18,2224.57531969608,259163370250.25247605289145693968,1.45998070567,116500155.313086546,31898060.70084316451478402264,14338.943895683,556.41927259,575623
2021-06-19,2174.75470251315,253390754860.92689676727074488865,1.433648012028,116514637.061415771,31518949.7233968698018123982,14493.105676228,533.78682894,577194
2021-06-20,2242.66345575687,261335606239.54117088980663090671,1.470586240853,116529123.247939033,32510126.12060714472214899399,14496.212544577,525.11271324,640273
2021-06-21,1900.39307790766,221478198093.15666548466108739882,1.288114097952,116543361.827546227,27075012.88471971544504176064,14247.059305504,499.6580036,642471
2021-06-22,1867.62379953244,217686296797.16077869892268200184,1.279282680403,116557893.967542386,27155189.1360411930456207786,14539.967386815,489.14823162,664525
2021-06-23,1962.11004383402,228727785443.85548763424249632354,1.339838924603,116572353.402215277,28386615.65525583925469570504,14467.392256852,474.12820997,627659
2021-06-24,1986.66540841613,231618827240.60463761387736522666,1.354816654092,116586731.846940882,28584383.50649821510187052189,14388.121615953,473.49838372,655167
2021-06-25,1817.84698246639,211962715229.16257883121180394387,1.262001561793,116600966.568472733,25889252.70542722790606735699,14241.711736541,460.76157875,630078
2021-06-26,1801.97627527762,210138253215.55351081180552452232,1.253542311861,116615438.337654436,26090367.00790983766477736536,14478.751671628,455.393707,681695
2021-06-27,1964.52191887785,229122056912.1148601088207156837,1.347391656045,116629931.542322082,28487680.0472773450724153706,14501.075184516,457.54877461,707381
2021-06-28,2079.27833594389,242536413262.36011251837550268589,1.410017723126,116644515.103967801,30341636.65638017050782423908,14592.388201172,465.30245476,819820
2021-06-29,2169.99023261251,253148736651.34541300541928480897,1.458973050026,116658929.080327147,31297677.90443548634766815198,14422.957962698,470.0425922,675964
2021-06-30,2272.2690578609,265113480439.280566249848903666,1.513650358778,116673454.45827474,33021718.8381506524700896406,14532.486249334,474.99389036,624034
2021-07-01,2114.55608357686,246742819216.417130026081258135,1.442449341406,116687763.04057225,30271823.83577225251919626162,14315.923834267,465.61288425,614828
2021-07-02,2149.99972472238,250909823734.99932999567094444674,1.461168389985,116702258.539776423,31181607.72273532176796774302,14503.075216329,473.34686128,629288
2021-07-03,2215.90323232028,258632841276.46381820184798972632,1.496818600995,116716667.724541594,31947066.42707263645071728584,14417.175786878,473.45519569,654247
2021-07-04,2325.91749795441,271507121938.91279650242236855463,1.555195943554,116731191.960891543,33804260.69388598958809644072,14533.731623592,477.37462352,653685
2021-07-05,2218.63208416131,259015725479.84264857595448116883,1.496844075833,116745686.375375793,32176599.13791879324299294367,14502.899947957,481.4229478,618615
2021-07-06,2318.10661835184,270662641523.638480037392804344,1.548270131103,116760221.19986785,33716619.66684711266026829376,14544.895993964,487.57895658,582960
2021-07-07,2317.0795447107,270576226190.3131220574097110798,1.542587831328,116774681.649565914,33527348.5002021487246144743,14469.657969549,482.91835394,588423
2021-07-08,2118.9243308007,247467522266.4051996751081232616,1.438269698962,116789221.148304088,30827626.0947234868414819458,14548.714952494,487.56276291,588538
2021-07-09,2153.77373816482,251568607064.88016436389135738104,1.457453614738,116803637.544227772,31067338.17653053451311165646,14424.606274103,485.36205694,593720
2021-07-10,2117.0639672706,247311563995.448793702916832922,1.437055671478,116818182.07613837,30809899.7566063512471547914,14553.126515269,503.73763316,544549
2021-07-11,2140.19288661601,250044331347.50507516519564619864,1.449766812912,116832614.906437464,30909256.29597057445439016467,14442.275969267,499.34302636,578124
2021-07-12,2033.03133489188,237553540113.6802589702744216542,1.399736659009,116846964.449917715,29191998.9186173488682529448,14358.85341146,503.391952,551183
2021-07-13,1939.6402729398,226668781430.4322534510675900656,1.349006595507,116861247.207908072,27717411.207999668064953112,14289.97510244,481.60088277,564378
2021-07-14,1992.4420251315,232868067134.8004267292847586055,1.382654542002,116875705.389435997,28830388.568935779925654488,14469.875763152,482.51914724,588607
2021-07-15,1912.8743012858,223596325948.1674832176622496378,1.339473621172,116890234.657797441,27808322.1220012773531266038,14537.453978711,490.93858506,602431
2021-07-16,1878.1075873758,219559408476.2654812609974639192,1.321996118504,116904595.856005524,26988684.0141923580800340864,14370.148012608,489.19602304,568019
2021-07-17,1896.9661233197,221791231542.4353071520862820607,1.332886123371,116918920.594269531,27189084.3628242098174436129,14332.930898757,497.74808552,546153
2021-07-18,1892.68808708358,221318343722.37848204199107328714,1.333156487952,116933342.177582583,27313022.50733142794209219614,14430.810176133,490.54088322,533205
2021-07-19,1822.20903623612,213103316946.52087621161637063628,1.294071251298,116947788.485726269,26340468.99128808276249259536,14455.240023228,502.50447416,581805
2021-07-20,1785.33395441262,208816452231.74880016934158722774,1.274248137249,116962124.489728877,25609060.03616102702699698842,14344.128712091,493.70017267,586375
2021-07-21,1985.49203565167,232256221737.06392676728556312976,1.392592780217,116976657.456514928,28880479.659083252779550244,14545.7544732,500.87783137,600059
2021-07-22,2020.92230333139,236429941777.51172233056291127332,1.410851164411,116991109.152374988,29233152.47617370871725402526,14465.253032234,504.3762887,590183
2021-07-23,2112.71626434833,247199327175.88946702328909860446,1.46127437644,117005454.706497662,30332107.45419357093264195224,14356.924290328,506.06843366,612742
2021-07-24,2179.33793220339,255026165930.39587505576770521243,1.497448708587,117020018.860753337,31759682.73817415283218435004,14573.087665236,515.90896832,627527
2021-07-25,2187.44493687902,256006429055.66943991108108163842,1.500931141993,117034456.383131471,31601928.1512871853004554102,14446.95938101,522.79066736,566614
2021-07-26,2241.15922676797,262324968301.82964726761116856111,1.524779117408,117048786.703180763,32139060.66965057260750953933,14340.373627089,524.60245119,651897
2021-07-27,2286.22890005845,267632857072.8035314449391036245,1.546224640527,117063018.95928321,32557561.9784604630943804081,14240.727154498,519.82143182,731645
2021-07-28,2297.03134436002,268930143892.36818508194870278216,1.547507993645,117077263.465595108,32740318.46587077920641701282,14253.318112641,527.42252225,691120
2021-07-29,2384.45420572764,279199513887.51982274302379304132,1.589712458187,117091581.468355063,34167221.51931865074851711208,14329.158193622,532.02012647,628698
2021-07-30,2451.30431092928,287061940958.28513020988115141824,1.611533847752,117105795.342668433,34872409.31500500863446126912,14226.062900279,509.8591546,625795
2021-07-31,2544.37537592051,297997364391.88498888835037036003,1.653106752538,117120047.305942353,36295605.60949605859537841452,14265.035714852,529.37283424,615234
2021-08-01,2563.73753068381,300301563867.27372974112883082175,1.658843745715,117134285.500425675,36534363.04928483512089476748,14250.430323708,537.36099018,609619
2021-08-02,2619.04099941555,306817250236.9337213715192922917,1.68194792644,117148700.728778694,37789704.87740207621629976805,14428.832876551,548.16618575,647157
2021-08-03,2512.91529164231,294420747945.81232212372226578111,1.626181729028,117163021.342193481,36015634.9976250802297311599,14332.21211929,557.91061356,597708
2021-08-04,2727.93425365284,319652053694.41010116061195757108,1.712401370041,117177330.526342437,39067448.08096653502770576324,14321.257203561,562.14842353,605814
2021-08-05,2825.53530894214,331120625715.17320938342139305126873950438,1.748718180357,117188634.899467024780579217,40601931.24918850919009473918,14369.642142037,559.77945196,527820
2021-08-06,2888.0342554062,338474970296.6237453673878093873328494166,1.770745272463,117199084.347085584449067293,42075912.0959839895162112354,14569.048832167,557.20641127,528548
2021-08-07,3143.38030099357,368434278847.32659765205176850562055972977,1.877745075079,117209578.087280968564914661,46282096.56031592459457312739,14723.670739327,569.54874832,515004
2021-08-08,3027.3480818235,354865825056.681253283537566917218905749,1.819420968777,117220027.385463561674792534,44358686.9337226798243970145,14652.654975507,565.46606747,528091
2021-08-09,3158.26921624781,370245331176.77274987976196484477073846433,1.866936902772,117230453.082351125098457893,46385031.31179909824187093767,14686.851606307,580.355844,515125
2021-08-10,3141.72382559907,368335120580.3573052463466026442259865236,1.852989991443,117239815.15470171830957148,46147886.01204672583186938072,14688.715041096,592.19049828,521466
2021-08-11,3168.56298947984,371510944633.94129101698477844649960007536,1.853398316245,117249032.405989677899155279,45806512.8136025168149727264,14456.55742546,571.47635849,524067
2021-08-12,3038.06152659264,356239367015.87379606575935661938523004096,1.792006631052,117258773.035915651437585239,44683102.69653777509084012928,14707.767537102,584.0450149,527452
2021-08-13,3316.4789421391,388919007596.4650628272701036188632447828,1.906451250942,117268649.788445722518233708,48551999.765065800769352572,14639.62250692,580.96802428,522902
2021-08-14,3268.96369590883,383381125747.95918507966290021336347296436,1.878771728362,117279101.700568876792354492,48003821.77823362993672160519,14684.721594893,581.7362593,500097
2021-08-15,3310.72739333723,388309546924.6942686753396723526340109911,1.894771984685,117288287.67543928659019957,47923033.81349068298709572707,14475.076960409,574.88219793,490025
2021-08-16,3157.77383635301,370401146304.34343931736672485178348746222,1.822161344315,117298187.108969385445889622,46362395.55161989619164267073,14681.987360173,574.40654714,542706
2021-08-17,3020.57140093513,354338959205.58426204288708890707052396053,1.758699397822,117308585.751651321418505581,44543087.08475813262372648687,14746.576449399,584.27777246,530631
2021-08-18,3041.32005961426,356805254344.38531015710818819783342721222,1.766353667939,117319205.920615938280736747,44107974.62618677735279764884,14502.904581434,586.10723788,513849
2021-08-19,3173.97182279369,372403736729.01820504776291040827516892695,1.82144628704,117330511.271279380487474655,47235775.78143220838560235016,14882.229086664,608.04220711,563048
2021-08-20,3278.21872413793,384671481681.8196780373421062316556942304,1.85912728254,117341615.69191096749557728,47897984.66395291350922870647,14610.978917079,591.32415491,562206
2021-08-21,3234.70727819988,379602959059.76940024074148539220913451172,1.837695140593,117353110.007227324948844069,47138046.7811916831773452764,14572.58500603,604.92089289,529226
2021-08-22,3245.89347866745,380953369343.33888049792387318109062365595,1.84069092853,117364716.940659813043895731,47779541.00801162935500318615,14719.996611727,610.21120469,512238
2021-08-23,3322.63785096435,389990873411.18902159882378613659513743045,1.865182797531,117373873.080389885733032807,48375339.5698720877990105274,14559.317548204,592.14325137,538781
2021-08-24,3183.60909175921,373696458363.92506067932886956786857918973,1.795292945187,117381389.358147154525992013,46882917.74585581637409342338,14726.342460578,611.96923478,521033
2021-08-25,3228.70326125073,379009871177.87857009900321700534562880578,1.806154303459,117387644.670405022380529186,47382921.07449714283353539079,14675.526748823,613.05550585,499356
2021-08-26,3120.59653535944,366339411040.352953688458582208382798808,1.757282887823,117394032.4836503872656307,45853903.46109523990679383696,14693.954486434,622.93130127,498865
2021-08-27,3270.01309877265,383891365383.66208813229090152586629538835,1.816005897489,117397500.801372909099616739,47791390.45239537816060965205,14615.045569797,617.00127733,484937
2021-08-28,3242.67174956166,380703752659.55124281659428718868217933174,1.80116084114,117404344.954438963297448489,47354696.04026890252026194796,14603.604588306,613.39126262,507968
2021-08-29,3230.91460140269,379343810431.96534998764669020677859160912,1.795861730826,117410658.352676543546812048,47421335.12351583771165176749,14677.371881921,616.15282191,492972
2021-08-30,3238.36036382233,380232814778.8970995694502237637401471192,1.795898704284,117415226.24433846449347224,47442506.84609268591863968485,14650.162896045,624.94848896,518590
2021-08-31,3431.94775306838,402975688992.04581185916559558374107127974,1.866382916126,117418946.320426896169527673,50351854.29180440668749186936,14671.509566772,629.38279391,552051
2021-09-01,3793.82968188194,445479541762.75418562495944592837663471814,1.972679383982,117422124.638387243673783731,55600481.30033835719323815966,14655.502740639,621.08112636,557664
2021-09-02,3791.89593600234,445272051510.75634786876159506530019602592,1.943311447005,117427286.778389471081123088,56115059.11153898445526282812,14798.681202918,645.24872426,567054
2021-09-03,3918.58263822326,460151781118.15739844834097333107792857596,1.980932257274,117428117.153807589807573146,57552928.28330813271779716364,14687.179931314,644.51431772,512273
2021-09-04,3886.23001350088,456367947251.0358088565228151891037840276,1.963094798551,117432047.425293878235030145,56748242.98930899650746030416,14602.389151482,635.21745594,520028
2021-09-05,3954.61792343659,464418124113.26619507612865703209542369463,1.985851656662,117436913.781466825382685157,58571223.97944196226513114601,14810.842694139,657.68332572,497385
2021-09-06,3928.83401098773,461406568140.746417723569426975698810189,1.969177789345,117441094.9534481160239193,57738282.88659381951145868151,14696.035191387,653.4995611,526971
2021-09-07,3432.84963062537,403159442272.45950757903898541881569262285,1.791426938566,117441625.952901128954160805,50242775.04643148843156348161,14635.879940153,649.69806443,558574
2021-09-08,3507.77644915254,411960561237.0324407049093087584497319907,1.817090776948,117442079.678868904416518205,51668391.1443129601132395858,14729.67046027,663.41796321,525184
2021-09-09,3432.86342255991,403167458486.44155599472745969269908966763,1.787076381769,117443489.256498527812715693,50483284.7564700003513918288,14705.88209968,656.77756895,531348
2021-09-10,3204.17646580947,376328908274.82465189783836127334204253265,1.70000960535,117449495.148124686403713995,47051492.14877465527762557933,14684.425983039,661.12653219,570843
2021-09-11,3259.20964196376,382821083929.144902720631007374974701406,1.721787856835,117458257.057218656189893725,47591357.15149391030597754624,14602.115966624,660.9197379,627702
2021-09-12,3417.71937288136,401470193959.91337757397723385295574009184,1.784630584602,117467278.661163997069439244,50567331.94892950894162120456,14795.636046121,685.32696129,571552
2021-09-13,3289.54985417884,386439694705.22834185939712052901260498004,1.731576292527,117474946.979240741533272931,48029897.00178280257440920616,14600.750598374,662.72345439,631800
2021-09-14,3419.67508416131,401753721388.17351277376944140411700755891,1.782220002903,117483009.789131863752434961,50134180.58914271003885448639,14660.509947669,664.22840541,582576
2021-09-15,3591.05804003507,421918727315.48441557774844622554760769568,1.853858136141,117491480.953998724381712224,52867371.46807684005717023272,14721.948483896,666.94772189,573831
2021-09-16,3567.72092518995,419201908930.6449030295820558819429460777,1.84061609129,117498514.519693285762413246,52708861.0098572566301588715,14773.81838857,670.75885515,548933
2021-09-17,3396.52101694915,399112720700.79149035083189531625960259275,1.767558707254,117506330.362497117222980185,50028454.64449864572511138405,14729.322855607,668.66864727,524419
2021-09-18,3425.02434453536,402495415107.44912414732212625515842448192,1.778910677572,117516074.228678743268008922,50305728.28361311860463004128,14687.699479823,676.84854273,536378
2021-09-19,3319.99040093513,390184716258.94295459533559361095552385258,1.736312902124,117525856.746164386552531866,49007282.98900435670025402565,14761.272495005,682.54025828,516797
2021-09-20,2965.36816510812,348527562054.2668128899081137863915551664,1.601969846122,117532644.39647047447741172,43579653.04940431934497064688,14696.203177124,673.05643376,495259
2021-09-21,2745.84817299825,322742214113.24952990185088124642223823075,1.515222191345,117538259.138647292519237011,40639022.45070908492130867675,14800.170981899,695.33636642,524490
2021-09-22,3063.72133167738,360130466630.7441370551988200251995487433,1.658815441819,117546743.859231341983900785,44974904.1615625065044378868,14679.82864386,679.18551976,534705
2021-09-23,3147.4950742256,370002950823.0998326613196581109156160192,1.692412996065,117554735.463449206446880532,45978180.8944859742222974064,14607.864288969,664.17170231,534321
2021-09-24,2932.5593233197,344759967802.2557157009222671392293887868,1.607983993788,117562828.161983231442897644,43052019.9045442907375523231,14680.698720123,677.39975757,506369
2021-09-25,2932.4982798948,344783940231.321577753993027410545019774,1.608923974399,117573450.117655415881904755,43864907.6984732232065313204,14958.204067573,702.09894058,520155
2021-09-26,3048.59561689071,358460273448.98596813950294039732599593632,1.641938082005,117582099.594626726711652192,44466049.70838317277706720491,14585.748750021,685.91621004,473719
2021-09-27,2952.49630537697,347181513945.88158851687477673893022136775,1.60190847478,117589144.248413888805713575,43458638.74144446678297945496,14719.286409368,684.82752287,502882
2021-09-28,2815.59470835769,331101835637.4896471317773858982722106373,1.546767985208,117595701.77293671790940717,40959508.65158868607271597525,14547.373785725,667.99768554,495482
2021-09-29,2843.27176943308,334377106685.74933371385376315495049421208,1.561678609534,117602935.561949742828359426,41843422.13238912757632236328,14716.645303566,675.22022307,507212
2021-09-30,3001.52751344243,353001301547.05182630696252267385209237741,1.627290762679,117607218.313383777638080287,43636846.18721597953928351095,14538.212957165,668.16047219,499026
2021-10-01,3299.44177030976,388060659780.01899622051160863026836131776,1.743411228115,117614034.977676503363727051,48889144.4363497294465282208,14817.398772205,692.38911387,571554
2021-10-02,3393.85702828755,399195912517.3000070404228814364647435505,1.776157845772,117623078.75376932075783851,49611927.1352205643263475728,14618.154719456,692.04368983,520147
2021-10-03,3420.43901578025,402353509667.62598148975950579895909105675,1.781771801348,117632124.944009129191328787,49863375.8302660007473507245,14578.063108338,684.14867917,522882
2021-10-04,3391.62332057276,398982093097.15449229380854132434597476464,1.766528630897,117637501.392630015586803364,49447216.15318740219267715048,14579.218114598,682.03275013,495268
2021-10-05,3520.41445382817,414144010641.52263909328086819510019099626,1.810087359864,117640697.160294308940004778,51603004.97666114987604405009,14658.218699377,708.08033808,562663
2021-10-06,3588.43408123904,422150905895.48372034198244043112299864064,1.830698881297,117642095.782826936584892916,52868828.6869103133800372224,14733.11965331,704.55694326,663597
2021-10-07,3589.30707393337,422260065138.72633345312221423677721926654,1.832393641608,117643895.169991506329474542,51988791.12571126381097090978,14484.353122994,695.55547067,629637
2021-10-08,3561.09410490941,418952311061.67661442804295309615047252136,1.8186713366,117647076.634144231102909896,52411187.11686214131064019288,14717.720333368,715.0596911,600443
2021-10-09,3579.87203652835,421187829031.23561334948687757386901424915,1.824364868832,117654437.011578391388741649,52173292.7859623685918929762,14574.066406172,696.05321649,585763
2021-10-10,3432.00171537113,403815267127.67639522664155800079301231011,1.766602655161,117661732.311811678833545947,50195502.58471307836659325097,14625.721881169,696.12741645,537497
2021-10-11,3519.56701022794,414135490610.63529386251228240197354616036,1.788577535593,117666602.001652006791101194,51611000.567379546626382875,14664.01986875,712.49820582,538818
2021-10-12,3491.26025043834,410827628722.87695319953504407490227748174,1.776443786638,117673160.765169568756649011,50950166.41138880225016496026,14593.631742289,711.48755171,546484
2021-10-13,3597.56289830509,423357216826.85397313968755902181630206419,1.814004953626,117678892.292976755034908991,52254395.90403176766081895864,14524.942963096,712.9539847,531985
2021-10-14,3786.54223734658,445606262000.33598590997160737895528337354,1.867103576106,117681577.034934815898424613,55283288.93367746083877821778,14599.939857641,706.33627429,554283
2021-10-15,3861.71246171829,454463309684.76052900047048405787515275628,1.881656117442,117684398.874830935304239932,56285006.10975331224416426691,14575.141641879,687.933483,556421
2021-10-16,3836.76805020456,451554383318.24345182304261491400312683224,1.869930868508,117691342.663825745412921279,56671737.84550781511770014488,14770.696874023,710.65410336,583223
2021-10-17,3836.39770426651,451540875443.96220855179300954036078620083,1.867878870812,117699182.997059316166050633,56352959.68139017844182861885,14689.029664135,706.25029157,551918
2021-10-18,3746.06606575102,440931286400.88233479038215597427621938724,1.833175430359,117705154.864235799158081262,54382496.37378269573939341682,14517.228318791,702.90465355,571994
2021-10-19,3875.04413851549,456143788747.09066796628104195367722303058,1.875380499758,117713185.306280683730562042,56998030.80787072834504251988,14709.001696612,712.14999622,590941
2021-10-20,4153.38661163063,488939146850.01301086116659522336527859409,1.951113217241,117720595.882128650575557943,60675390.74073963462054153834,14608.654674918,713.76282852,617867
2021-10-21,4065.16743161894,478578939504.99903462555505104684449670502,1.909771178107,117726747.435444865337912033,60036677.6216955599083159866,14768.56209039,730.61111076,614826
2021-10-22,3975.54315663355,468055052564.5768395371491947514647387089,1.88324178027,117733611.263554023439489118,58664019.48702757538544512625,14756.227558275,732.07071635,599968
2021-10-23,4159.57953886616,489758679809.5402453198966764347106864676,1.942270706127,117742352.378010118335224735,60704869.3045114435484932728,14593.99170933,720.77594237,613428
2021-10-24,4076.59357364115,480020502230.80122669098519232780939143385,1.911652029393,117750394.676223358983430499,59594007.48653161672369440525,14618.579559135,730.33535578,597172
2021-10-25,4214.41058854471,496273211182.52240053039931943297481750607,1.951297796569,117756255.769538558887602617,62067185.27415554537526789002,14727.370285862,749.3959974,601353
2021-10-26,4130.63251782583,486421987242.1182954910718044508677425803,1.919209741951,117759685.74860004042555341,60720347.53019450493662046656,14700.011988032,756.15449269,611277
2021-10-27,3947.62192840444,464869510529.96005524765910449415985984368,1.854283442718,117759379.940888161877787172,57358892.84645015776023731416,14529.986378314,750.00487029,619064
2021-10-28,4278.7702685564,503855939943.7047504196090913992840680148,1.959657310712,117757184.499110540459683307,62765271.21277167169676305,14668.997696375,741.93167717,692894
2021-10-29,4413.18682086499,519680026113.75060880812832894217628150606,1.987702988744,117756181.011138950558930394,64546792.13560703025150916673,14625.891618827,742.27757393,711169
2021-10-30,4311.34383021625,507688617243.75430801846848412234872872,1.951344334132,117756466.947867962560757312,63108294.45585365065774199375,14637.731747015,751.81633267,659889
2021-10-31,4293.96550701344,505647872219.57500165807746501157241554432,1.943604236179,117757786.222010361624279728,62486841.32347215754958220768,14552.245755447,735.31291263,627757
2021-11-01,4325.78806049094,509397160059.51427849412110619842483787184,1.950876792321,117758233.398448571100241736,63921087.51060497736107946534,14776.749719761,767.43389627,659285
2021-11-02,4586.37950379895,540079413508.7343511228080773039232216479,2.026742186582,117757244.698433800860939002,67014624.76392469546743724885,14611.661487763,763.59836086,676772
2021-11-03,4598.85212857978,541549139416.18438988593504118075940313414,2.016294263198,117757458.660325720849933663,67637495.39778377179453583164,14707.473410038,775.136689,698045
2021-11-04,4535.60184395091,534108570501.32308589153633970610285212264,1.967604829639,117759139.553587297212550904,65494611.16945172450285770017,14440.114768187,746.22924384,667719
2021-11-05,4476.89731385155,527207543315.6946297364697469378088497989,1.942614216049,117761812.781479483995124838,65981186.3797100604861768105,14738.15049891,770.16116096,653772
2021-11-06,4511.6425622443,531318817815.2856550350722579438302576529,1.95270399737,117766159.549435375296724403,65676752.7054555095203401748,14557.171096636,761.41216993,626349
2021-11-07,4609.29109146698,542845482844.76885045895067339466665999942,1.97956808675,117772011.372794349860704679,68192417.23137587118619779162,14794.556446569,787.11561944,635934
2021-11-08,4811.1564628872,566636453619.993179367905810414313356364,2.028920798707,117775519.875724785384076495,70205509.255372354959459228,14592.231576115,784.66536053,652985
2021-11-09,4735.69674663939,557743978685.19684513369512266499168540235,1.995438571026,117774428.669021251806947865,69071198.98997476284516982095,14585.224241605,802.75596317,615663
2021-11-10,4619.95512857978,544110883749.74377094952640264756257273662,1.955752465715,117774062.432725152873450379,67802132.39707623082508767032,14675.928772044,783.44811405,667073
2021-11-11,4727.74631618936,556807418899.13583563591483586006969024768,1.981310004078,117774385.861704107122219488,69098486.56467371698572731496,14615.523326211,809.72841584,648381
2021-11-12,4662.76119988311,549159537640.10350163655747016131002812908,1.954091360456,117775608.507223207681098228,68351314.44516888288541819689,14658.978127999,812.83697937,643077
2021-11-13,4644.9424868498,547073425617.2922201229702760264790864414,1.946677293696,117778299.121270157645115543,67129451.1679078115591563908,14452.159818546,819.9010352,645914
2021-11-14,4609.51656691993,542921206398.50559102165502282391412865257,1.934204595962,117782678.186854740957063249,66871216.3517548540955452231,14507.20815967,807.09309723,643453
2021-11-15,4569.40776972531,538201149416.29864686525630531537849145533,1.868738721491,117783567.704804033078905743,66230796.3842695283014677561,14494.39396131,817.73984917,606035
2021-11-16,4234.13146493279,498718135439.89675236523493634492119496251,1.768315703555,117785226.927953475215740069,61059112.01893945256667442966,14420.693482154,793.79405394,609878
2021-11-17,4265.59900555231,502435550608.67683451718424434147153160215,1.778636224357,117787806.578790556302104265,62601232.10079827701785162434,14675.836153214,830.25923999,695411
2021-11-18,3985.67437317358,469470683314.24876074608713500871175207594,1.693203317446,117789523.016260429296471443,58036302.4986542760287049322,14561.22529459,851.15596207,591158
2021-11-19,4291.28635008767,505483705761.81803320954471945139580054657,1.789597965162,117793049.571602490836716671,61602883.78645503979037289295,14355.342142385,801.63245419,609854
2021-11-20,4413.14425073057,519860205007.26753826454199690735359808438,1.831302221194,117798144.694954792763628534,63760116.4861257086334516734,14447.77529662,799.0175263,557039
2021-11-21,4310.08043366452,507741036264.74527648543810339824842738888,1.797289585475,117803146.386540468918588794,62458342.43717152509673595464,14491.224328282,791.23388645,607663
2021-11-22,4096.77240122735,482617786844.58561826208446417971409700855,1.73200976871,117804393.209639470392895993,59896501.3314749382759983824,14620.412233184,819.06209864,546020
2021-11-23,4348.15622793688,512242820326.59070790310566500515709584936,1.808670408966,117806903.311208872148213247,63190823.46330611788723219752,14532.785886879,819.71873645,580960
2021-11-24,4261.96911367621,502102050396.527736450906748467504344507,1.777487940957,117809875.4365288898755967,61612287.39831267287614224248,14456.296081688,821.17758027,603666
2021-11-25,4526.04295119813,533228809424.64050792389167164520977073321,1.853777362103,117813466.459368146154010517,65765425.05251764350662799759,14530.446520643,789.62552039,593203
2021-11-26,4052.00856838106,477399630500.55014297072530604837958007488,1.711715987592,117818020.975037189975156448,58260163.04639066668380093888,14378.094730848,764.70493879,600396
2021-11-27,4086.92330187025,481532317986.06936608456565092072729811975,1.723162992298,117822695.073751805085963159,60041172.2605903065813072965,14691.044540306,800.24407431,550277
2021-11-28,4291.07917124489,505605120970.02834886369016282877458383953,1.787466846724,117827031.567759831272304777,62092066.58522166398435353555,14470.035183995,804.13955195,527846
2021-11-29,4448.40999064874,524158910322.37181109936892816474444374216,1.831472465733,117830620.699134428080675284,64078354.0106369908901675397,14404.777020405,804.25214878,600952
2021-11-30,4645.05362711864,547338074200.47757617524059214613671121448,1.883418438785,117832455.368226889508493107,67323669.4184033891842337484,14493.625870185,805.52292046,626326
2021-12-01,4584.53445119813,540216421714.22537289730771089404239027536,1.860987055502,117834521.141627433529677072,65780333.91504779627257186638,14348.312705526,822.61331708,580963
2021-12-02,4527.54475686733,533520501887.48187871362828387774620629482,1.84003994661,117838813.427132633001822354,65034732.74071102606648612923,14364.238507431,840.85565386,608129
2021-12-03,4232.93315078901,498824234177.66213259090259764474658504023,1.750475716548,117843636.175705332178919323,61198068.269631802771024653,14457.6032953,836.89363037,565386
2021-12-04,4097.76126125073,482902175008.86221097056619330747526072932,1.707218025978,117845365.852638637258651684,58347080.9372632046378216862,14238.77020094,825.62201743,552442
2021-12-05,4190.58069286967,493863538704.08102348561852122174442701347,1.73639432611,117850860.035793260424417141,60569564.4872727507847601996,14453.74016788,842.52067474,827716
2021-12-06,4341.94102104033,511723151723.60434547441110727715789874398,1.781685708149,117855850.469612175559989406,62628896.05897674069378771717,14424.170147749,856.4230764,590752
2021-12-07,4303.76265166569,507249757130.04733461372668976025548238959,1.76866413894,117861926.454918675019644311,61933533.28017758750803115853,14390.555031237,865.00050521,596211
2021-12-08,4427.31263383986,521843913831.63978164298147701210049592548,1.799194053342,117869226.095072137503322818,63513947.92359649901681618886,14345.936954651,857.07238664,646033
2021-12-09,4157.28748042081,490045796730.30351464665212393787467575666,1.71668440196,117876331.391135831586500786,60155713.20549338856347141904,14469.943079184,857.21103959,607679
2021-12-10,3931.61310549386,463470599459.3464695704504419700311735437,1.64740121178,117883064.030820687675012045,58119143.755975580995483403,14782.51857355,843.26399509,615402
2021-12-11,4079.58498480421,480946755166.46032970123158703844631829601,1.69604115508,117891098.471513329160605581,60753325.15383913793719175993,14892.035680133,841.27429711,580529
2021-12-12,4140.98769053185,488223764661.86625541476509360322316119195,1.716962788676,117900317.786059627576494747,61955429.08371951961454857745,14961.510082577,849.29052498,597666
2021-12-13,3788.08233664524,446644413674.59215604486726803157593673056,1.605685631058,117907789.214039230992153544,56298457.94345469274883671896,14861.994259954,877.48609403,610119
2021-12-14,3850.76330829924,454065472773.92661944483641367836011933864,1.625998727508,117915705.646025004580032186,56916040.2191399076003554058,14780.456668545,878.31691499,617851
2021-12-15,4015.64231209819,473534633238.74363237348524214374153133964,1.677562357963,117922513.121274438053113956,59682154.73111092007670118971,14862.418037409,878.53150381,607023
2021-12-16,3973.45109526593,468580265672.29211788147844043298722189836,1.662774495006,117927779.765698005503799052,58377184.25969895395482033621,14691.808923797,857.22675654,601543
2021-12-17,3885.43008158971,458227001743.94583930298186032507834127149,1.636133142247,117934692.459184307172937719,57878150.16556817291269872035,14896.201694585,853.83089258,615023
2021-12-18,3965.87124079486,467749283349.11261988548355014215164582808,1.662838338867,117943638.345496042758610228,59364377.23767533506215447876,14968.811046366,878.11251853,567903
2021-12-19,3937.56586236119,464449835222.01644811183995017379064712016,1.653638954242,117953540.704333952990991664,58360047.4817240332941208955,14821.35144445,871.98875657,565355
2021-12-20,3939.67427615429,464734021753.41928471879879470086669634969,1.653317621251,117962549.484438353339352261,59541019.76463471017821777487,15113.183372803,893.19591515,591470
2021-12-21,4028.99787901812,475305966952.46222423962861702461407469276,1.680788984903,117971262.637719692123132323,59773831.56262855428359676816,14835.905442868,896.54515832,597365
2021-12-22,3984.71278784337,470112757261.52809538239078915555011807588,1.665799270318,117979082.130023560186495524,59117630.44430195104842627102,14836.108294846,878.04888539,628066
2021-12-23,4101.84956078317,483963725505.16919787303037479938557384669,1.702065593197,117986707.784759796977351857,60791863.33699384079427276653,14820.597985409,874.30467577,593940
2021-12-24,4045.16450350672,477310212229.89569827005515552902152014336,1.682991624945,117995253.794034675693766688,60164020.67044300198821939968,14873.071445744,883.51522379,629177
2021-12-25,4099.92122180012,483805725306.05897478784094550347702045364,1.695293031797,118003663.761529110448965447,61031084.43916025623693342992,14885.916371916,877.03457369,609518
2021-12-26,4070.35206282876,480356471354.034899866978167677274934575,1.685400949064,118013494.641100663603535625,60734690.73033658477906682208,14921.237719208,873.41963053,592616
2021-12-27,4044.38847749854,477323854844.06035018394716134291425403922,1.675074536921,118021267.615539699656526343,60402242.13397162520327547216,14934.826975704,881.86221239,621784
2021-12-28,3806.11023553477,449223038035.51241017320292036097724736588,1.603086957922,118026806.959361547397626844,56459482.71152731434748510472,14833.906328936,879.63419616,595032
2021-12-29,3638.66337872589,429472726157.11553304240313867215420903186,1.55070799753,118030353.856887741892464474,54352830.36781593349465758606,14937.581389254,900.1147969,564074
2021-12-30,3708.0373351841,437679314133.7394154694470719437605368759,1.567299184349,118035304.008612177579776599,55098867.0534796847036058793,14859.307518473,898.40862256,602454
2021-12-31,3686.9517918761,435213696992.3496123007063333723234260457,1.56431522976,118041602.266486853707558337,54345147.9400161883632884253,14739.858562773,874.05660492,578540
2022-01-01,3761.05964026885,443989998321.90191808448095205641641032445,1.589122424097,118049177.834937070187900057,56448992.7678993446697361334,15008.800223084,878.57352019,581310
2022-01-02,3832.36560987726,452429174354.97001124014412185753310835768,1.611689295707,118054804.893591574106830468,57573351.90498245007835979736,15022.927811636,897.88228848,551998
2022-01-03,3765.44034950322,444548274117.21039015520685403957081022218,1.589667892724,118060102.632049472763725069,56272879.57070696618745009024,14944.568057792,910.62695036,591354
2022-01-04,3796.64046078317,448242980435.21654721485703757011211309634,1.60131135617,118063057.343795230637909002,56802730.50267029379891900174,14961.314111622,926.98221746,601544
2022-01-05,3545.75825844535,418628856566.1242341704042639289561021277,1.520192827414,118064691.965118205078643822,52602640.27476534448588729155,14835.371291733,919.10416125,632107
2022-01-06,3413.23750263004,402991368628.69793006134856034557766888452,1.479652709139,118067192.311749912390729863,50294281.78361805092836362808,14735.066559202,900.61941717,607697
2022-01-07,3190.12681209819,376653407264.5525837483251787239966460509,1.412036013464,118068474.84436598008297511,47079415.31339320056327134193,14757.850733347,882.70145062,589283
2022-01-08,3092.88001665693,365184816978.98346568817516325134021115723,1.378343882824,118072739.651151711806056711,46542417.43437814334655968871,15048.245384147,887.19687264,596125
2022-01-09,3154.84015575687,372503346874.94156148331647357989452879245,1.401598790128,118073603.886145284882114635,47163967.05335578306010521932,14949.716855636,935.49763381,534489
2022-01-10,3079.86577586207,363636631911.73092466098372732320448809434,1.377075550056,118068986.889517025505157862,45626624.45509021906989797913,14814.484713159,898.78513065,524870
2022-01-11,3241.95426534191,382767642994.30156525534939277500330532036,1.435530346022,118066947.176361013638876796,48705659.71388815786286256226,15023.549293886,909.60795667,591386
2022-01-12,3372.8478100526,398215028021.8860678348888285876838243508,1.481299097411,118064926.272400014607525558,50321320.9316070975715558202,14919.534994027,922.91972168,634922
2022-01-13,3253.07153477499,384072341193.0709006305152402624033245245,1.440390613729,118064523.66244586721017255,48492784.23516321832075707153,14906.768485347,916.09764487,658808
2022-01-14,3308.71572647575,390634066567.614732186781333978629230411,1.462013120562,118062142.190648465530816148,49042516.983878657105280182,14822.221380776,922.35150936,593126
2022-01-15,3334.44671624781,393681658307.69349073526949973437246371961,1.470791997292,118065062.005457995664578781,49843330.42794200806358693826,14948.006271946,895.90661049,616538
2022-01-16,3356.33249970777,396274948183.30292987801980982685093004566,1.477549869623,118067845.845966064586743558,50165143.55925911767696351848,14946.416531624,908.71733762,591290
2022-01-17,3211.12031502046,379137977560.94877453401208781564969029138,1.429403086454,118070312.030190328122250503,47775519.39935498984120825254,14878.146787549,915.91065756,592963
2022-01-18,3165.79673085915,373799460225.1106940396171501797100142212,1.413496866313,118074371.794447806354395128,47272358.65865324669037489195,14932.215387633,936.98810676,584159
2022-01-19,3105.41949795441,366681698411.07030506533284963765398010537,1.409070858808,118077991.927534899736534457,46302435.33262462698715208349,14910.203070189,922.74596774,606823
2022-01-20,3011.87563880772,355642436480.8015366564726285909156639242,1.37672254684,118080053.471791425893606985,44988846.86567498500894311492,14937.152877761,926.6966239,591925
2022-01-21,2565.0556484512,302877590300.8089886692038458482141330944,1.213208819024,118078370.145181360236788912,37944516.0591978075298814624,14792.862713177,924.98923272,567601
2022-01-22,2400.82875043834,283486903274.0112247238843068202172477181,1.155968086506,118078768.934374256035208965,36345099.18646208479779159246,15138.563789619,955.02938338,566830
2022-01-23,2533.49403682057,299160671633.61059475367474852725330300664,1.211801860401,118082248.186005141383204152,37551919.18131652461405520547,14822.185738571,944.65176604,541674
2022-01-24,2439.12303068381,288023313314.2560905686622008621260499465,1.179112079351,118084782.80552684348948765,36440290.05054230202285708001,14939.914712021,930.51786932,550404
2022-01-25,2458.38200011689,290303674073.46464211070280633819607684702,1.190141405183,118087292.397870395448028718,36673248.76792168856479297296,14917.636382864,915.15228474,571545
2022-01-26,2467.10777206312,291339250006.67034228154647857054052658312,1.197375929314,118089389.245868964022033501,36659072.1670332434837484532,14859.128807485,941.73119462,559574
2022-01-27,2412.6244704851,284907333431.5477721959772112544594569913,1.178841515893,118090211.268669678505559363,36044553.618379293258526292,14939.97680092,944.61834735,537711
2022-01-28,2545.54989713618,300610130478.91784459747194059303695879618,1.233770215634,118092413.280569852352387001,37864428.58196086787876623336,14874.754026452,933.87152419,563345
2022-01-29,2593.19728784337,306248581536.96251247583154452272677364063,1.253308852252,118096908.003345108841713199,38575592.47156434008610877014,14875.687496822,940.42719864,564639
2022-01-30,2610.55529894798,308311140628.4357559235494686545427667505,1.261024258313,118101746.686875836521477475,39243520.8001879869782000016,15032.63340792,949.00099098,581901
2022-01-31,2686.26782933957,317263513418.39035569016532515455056391744,1.291356549369,118105689.221759729007696192,39883600.20365639565822017325,14847.216561225,939.43949513,603862
2022-02-01,2795.5781528346,330176676062.7515817487388659984948622124,1.332830973677,118106759.322026523127075694,41755346.437445666832930669,14936.211457765,959.27011824,596580
2022-02-02,2686.64838047925,317315297598.96722608618181501587075735425,1.291181518663,118108234.745018570157897501,39978285.028377635492863926,14880.356253112,961.59520154,582512
2022-02-03,2670.65337931034,315436571253.7527735444275799611347840752,1.286310378165,118112134.54260020379472728,39618173.01455272757016696672,14834.636842608,918.09109201,564022
2022-02-04,2969.93218322618,350800802013.31181013509246600788017407528,1.401955939056,118117445.238174991139560996,44880413.75282290484891245864,15111.595478948,953.41987514,600857
2022-02-05,3017.60991642314,356456006867.45744250560295478844758521654,1.418887795014,118125276.871430426745133311,44645094.93719369271506200108,14794.852937822,942.83354189,664334
2022-02-06,3049.37219111631,360233186220.1320945940926064032159522606,1.438813946666,118133557.87450085671674226,45833690.21866827028250576301,15030.533285571,972.29899502,631736
2022-02-07,3145.37367592051,371588320600.71224923698510717054788471404,1.470835205318,118138052.545367281516543204,46889132.19708678687934338868,14907.332809468,942.63280783,607608
2022-02-08,3126.63435172414,369395588835.68976623279490937908253132292,1.462785747692,118144799.577216821496806078,46378840.68561125161303701606,14833.471224429,954.69809515,610323
2022-02-09,3241.72396054939,383014056559.18540769712925839147312406026,1.502737686947,118151348.239494839186687934,48570736.53804092664523739545,14982.995816155,965.11856575,618614
2022-02-10,3080.56548188194,363993338559.66185855601687550504980976826,1.442298413983,118157961.809432359122706829,45899701.79198721376740975476,14899.765014554,959.09285863,623464
2022-02-11,2924.08046814728,345527783403.0371736237479049423316472912,1.383227223722,118166304.64412843247231754,43972560.99484150098948785072,15038.081705974,944.45833776,628135
2022-02-12,2910.83617533606,343988805356.26708157199278706467330244528,1.378988008119,118175254.337889045095161288,43291723.34571198715842093522,14872.607298387,955.30315138,593930
2022-02-13,2880.69652571596,340455424967.89447801864673881686708443716,1.367889326927,118185106.250745614152244971,42867773.64645964061447376824,14881.044658394,977.74466669,609734
2022-02-14,2936.29826037405,347054493303.650243932717358565055638543,1.390062322665,118194564.21958972491656206,43718043.4636830095258707374,14888.829262908,970.12428845,616653
2022-02-15,3175.2582150789,375327152577.6458443648911260513786877975,1.478548849201,118203663.184072598435799275,47745654.5927439128549123685,15036.778541665,974.91920645,603711
2022-02-16,3140.52647866745,371245915304.3328215844159427374075839068,1.464002052393,118211362.911945698108786264,46431052.4272326923235589423,14784.480482054,945.64142901,574473
2022-02-17,2887.98329310345,341415846101.29361887482118890901927725645,1.36914742187,118219467.168179291470808741,43145128.8120240071343369981,14939.535458898,955.37185239,571833
2022-02-18,2784.71829456458,329224725190.6194443524498020824331636614,1.332168476152,118225504.47319023826435783,41506053.5213231723549762996,14904.93799762,949.46532148,532857
2022-02-19,2757.59524547049,326042636607.5945008156461628512150714588,1.322373464762,118234406.27957943661350012,40857389.03649610237778205951,14816.311096999,941.99853666,560677
2022-02-20,2636.38894248977,311735818583.97931058344084470339201452603,1.275111260418,118243485.837708083712902539,39759878.15773989862401250059,15081.188331867,954.43654105,573519
2022-02-21,2578.87216978375,304951719979.867276840580519000795164585,1.254100616413,118250033.310274098054238684,38310836.8401587804825753525,14855.655619166,962.42573684,539817
2022-02-22,2636.22923874927,311752643766.78953502421726730402017222425,1.278285210072,118257031.362984636290902775,39235417.37367530909620465269,14883.158413147,947.31353068,550464
2022-02-23,2591.79215108124,306517062695.28538199135232340746632643324,1.262266339711,118264523.089713443667089801,38792764.29937150488673111872,14967.544478128,953.20671824,579757
2022-02-24,2594.05176271187,306802531124.26911699993376083571671910374,1.265169507035,118271553.225881676298264002,38961171.87280692022411881886,15019.427303978,949.23938265,581027
2022-02-25,2788.59007977791,329837514553.42122075539831065571031244654,1.341227340837,118281104.471149187781445394,41342067.84632584911091451727,14825.437466097,951.99377429,596415
2022-02-26,2777.68419199299,328577626564.48547554365186945210334596141,1.337026183721,118291930.922762979809412559,41586511.4315789245204908258,14971.64852342,944.92648587,623437
2022-02-27,2614.48211922852,309300957603.47739518454108058217508912312,1.272402217382,118302953.892354696253732606,39087844.71445949782526710716,14950.511394583,974.53830493,582203
2022-02-28,2914.46506487434,344814046314.0025220414816687865021180991,1.390719067242,118311264.207543182715007615,43343838.47006486353588992818,14871.970500677,944.97081603,559824
2022-03-01,2969.53468030392,351357844750.88774766829841319764551842792,1.412022417142,118320842.346561743896633451,44426044.45987098409245199104,14960.608055712,962.67598719,591290
2022-03-02,2954.65685739334,349626702102.9694938646937788824070791854,1.402737244511,118330729.75229261440558781,43757425.02617509287461994104,14809.646987156,956.47144738,615639
2022-03-03,2836.95393191116,335728574596.01714902088919427463580347816,1.355368949599,118341214.786610282730009326,42334950.34550714602994984876,14922.678112361,942.25167849,603657
2022-03-04,2617.82250379895,309824449515.4034434364913326918600174321,1.270828626008,118351969.648740595796471398,39490017.06557248121673577965,15085.062875067,957.33729217,606641
2022-03-05,2662.88603331385,315188765576.9581236926020823429336448381,1.28975951285,118363595.600341529604408306,39441499.7496640420863685113,14811.561312138,927.84304473,570463
2022-03-06,2557.90416393922,302789734330.08543276283660050394213821536,1.246965003296,118374151.228474333753226288,38108996.94452241397682282908,14898.524144014,937.48870297,588892
2022-03-07,2501.00067124489,296082482789.9247448484780942175186872107,1.232559429695,118385607.08684163864783763,37561456.00953698257914886198,15018.570942982,912.29586101,604545
2022-03-08,2577.76486323787,305200035242.81613641861287476440542570008,1.266305806957,118397158.559862410659283784,38459693.37745521215821543169,14919.783385187,931.8508987,662168
2022-03-09,2726.9712761543,322897535771.162213373740113155627991788,1.325527666652,118408851.09231041553889716,41181355.8722413601872800773,15101.499686611,934.71830309,636798
2022-03-10,2611.41140765634,309245862617.83048823233119947071376384118,1.279679331463,118420966.421131234313968027,39230563.42276853544261512178,15022.743374617,960.99914011,705372
2022-03-11,2562.6069748685,303498430789.250164444859957349542617441,1.260615966218,118433467.857404924712697586,37780765.807530192531417333,14743.098016218,933.63029644,587448
2022-03-12,2578.18213267095,305376733564.2137987084070526646133929085,1.267424072737,118446532.42082980108895243,39081526.65177499713143795925,15158.559264115,976.76424928,603452
2022-03-13,2516.49195207481,298100690308.7324728825216403402174318361,1.242376864768,118458829.18995743637920481,37087576.11109747493141861382,14737.808352822,935.0558756,554862
2022-03-14,2589.37761689071,306766217630.95057105188961447844247297648,1.27361050887,118471023.936366353960761488,38983297.03088879657063741253,15055.083807243,948.50125959,565713
2022-03-15,2621.23701899474,310571002686.17242502178365376339322602004,1.282177866747,118482609.712752436733716346,39036516.79417490802432779262,14892.402522663,934.92528208,637927
2022-03-16,2768.91552717709,328099370472.17827600520012922668297616526,1.340381738649,118493817.255117081044665414,41108729.25792195740454523491,14846.508986799,944.46940812,688363
2022-03-17,2816.07112390415,333713383471.50347320138332503785622711775,1.358742501927,118503180.064873248922459185,42105306.9540903688675559122,14951.791024268,946.34985157,576394
2022-03-18,2945.90649006429,349128735196.08573819117439200891731453427,1.409488592457,118513176.291779216008779663,44118667.98639357303831169863,14976.262191347,948.67418812,708137
2022-03-19,2948.82827971946,349511144135.401054722253518585418488619,1.408793623983,118525431.45328631318679515,44115363.19976099899966709344,14960.302538864,971.50602158,602552
2022-03-20,2861.81527405026,339234082068.72669405702742440106651129314,1.373900505141,118538077.962179808485657089,42638910.11666990961259855314,14899.253108089,949.20352108,589913
2022-03-21,2898.31257539451,343594964687.75060630892998285283117540462,1.38827674523,118550003.062033930070819562,43063805.3905572955765834734,14858.23363434,967.67256423,622971
2022-03-22,2976.63482524839,352913580784.17957643769632723439382269931,1.417292341991,118561261.794929831414726429,44446946.18196174396482357028,14931.944558652,954.9065123,662271
2022-03-23,3021.12716715371,358223561121.52723239483141307196826441696,1.428061321782,118572817.793373411008028576,45301078.99046938317391117056,14994.760724736,962.60796288,615398
2022-03-24,3110.07358153127,368802603334.44501399479382526915323431891,1.45360527501,118583240.449527260185158133,46497060.07069086154793820522,14950.469450886,954.30785051,591502
2022-03-25,3104.45554324956,368169842378.86669274415554161706449764684,1.450721224439,118594013.426743528262333189,46594093.15598830567940248884,15008.780930139,977.368146,587955
2022-03-26,3145.64074167154,373091951039.56712983880099707798675415244,1.465402448634,118606027.095552053190760086,46829346.76894398777343434678,14887.061369907,954.78711846,598766
2022-03-27,3288.73951139684,390100025024.94910695649344677920554191256,1.513899807455,118616881.535643515333400534,48896453.45030318433820244344,14867.840180366,950.63070062,589698
2022-03-28,3346.48037200468,396975439106.27515100247378879802343895804,1.525898716623,118624762.430167926624940803,50298635.65946720339182168864,15030.309479848,977.72922094,600048
2022-03-29,3398.67210052601,403203633895.1165758896194683393695280654,1.546866664183,118635638.26375396549920254,51109053.71130446967927394855,15037.947821855,970.01388008,606799
2022-03-30,3389.04939859731,402096496205.3324939654820008991985670886,1.53954083795,118645805.62672110328637506,50552376.0606135025344037791,14916.38808261,978.22560007,578060
2022-03-31,3281.78751081239,389403908128.80929473192638033247836213294,1.499892640456,118656039.382761352180831746,48949974.15567686318735462799,14915.643988041,961.99072433,588465
2022-04-01,3446.51983682057,408981510383.85396017604082454655033433629,1.555460562468,118665067.879354275512801397,51739542.96130141094778202631,15012.112336783,978.70868683,565447
2022-04-02,3451.96555774401,409662033840.15470094417875993447458933794,1.555509447029,118675006.163121838358700194,51052962.26898959454592988424,14789.534082824,963.61766873,540619
2022-04-03,3521.53255113968,417953425564.676415537392981272715327712,1.579593229687,118685095.0531220807279634,52722555.0263366709506829616,14971.48024637,972.84275972,533294
2022-04-04,3525.40589713618,418444843138.91839582389948229779844178446,1.573541064902,118694089.517135290227108847,52035998.19080584086346991172,14760.285683154,957.4008736,522069
2022-04-05,3425.35487270602,406585274506.41141151704845609261673317624,1.537445932156,118698730.384455107018475212,51408218.74826709476109015326,15008.143873763,975.7701842,542184
2022-04-06,3183.70336908241,377932184918.24742173174303601621892550776,1.450429128906,118708353.481804751113830136,47663179.16404067239382350589,14970.986187629,974.38371836,553413
2022-04-07,3238.18884687317,384429653074.08535715343091531707121586433,1.473331290978,118717490.317247793439258749,48401124.8013862137273166639,14946.97409267,984.75681157,545393
2022-04-08,3185.76596639392,378237318251.11498058777956937704981575424,1.454450649541,118727276.969204062255987672,47424072.55505206323553308064,14886.238680217,973.11228113,539721
2022-04-09,3257.96308474576,386847010329.3979538932311555104752681552,1.481068243398,118738917.62023636811986777,48543501.04385165444378497408,14899.954290808,976.82036962,568479
2022-04-10,3218.1317761543,382155324406.5529739014939856044167261321,1.466266688902,118750676.165048918298001647,48107208.116704723627913264,14948.79994448,972.47767536,564604
2022-04-11,2985.2986779661,354538550563.2409743120711086896279616009,1.379653088654,118761500.542649216682655469,44916020.994277260768580096,15045.73774336,1001.48888037,547339
2022-04-12,3027.95501139684,359636917000.06694916887841850310197181208,1.396772483609,118772212.812422589932726262,45437757.37569547004425134564,15006.087344321,970.6965796,531996
2022-04-13,3118.53925920514,370428780620.23659151932899203135392676924,1.431965676983,118782785.731115752118369566,46168558.88077781479858103468,14804.546309462,970.06637558,511890
2022-04-14,3019.78703097604,358730552672.0142925895275965059030273156,1.394282564751,118793328.46729501062606689,45201888.76852449663920733936,14968.568413884,980.50669997,553038
2022-04-15,3039.32726592636,361087716353.23743348010703798883164267844,1.40339211099,118805144.941566896190113679,45543920.87077070322952145124,14984.868981159,975.46626915,550349
2022-04-16,3065.65542343659,364252922997.18849548034029503777350367821,1.413216098187,118817307.454880928807703719,45652355.8790679059639481543,14891.54832277,970.61963398,548320
2022-04-17,2996.52688457043,356077322435.26629692280471997856299898625,1.386045877059,118830010.926570446811302875,44942067.50123692505788940112,14998.052489584,1001.75146375,528863
2022-04-18,3058.24911367621,363447371337.49329510943722235654387441145,1.40942286941,118841650.182187556426094245,45598705.29748614192560835777,14910.068997837,998.97702747,555385
2022-04-19,3104.38072004676,368964491507.1429214164733758459648987894,1.431254453635,118852848.532568312761293815,46282732.71982789166662406328,14908.845561678,1003.32684852,651247
2022-04-20,3078.53693571011,365918718328.6637787792364832575417969631,1.416647317145,118861240.24828671528234421,46166629.3599498236733096557,14996.28892687,983.79870851,655981
2022-04-21,2984.30083985973,354744896017.51751176990324764600363949674,1.382475150257,118870353.578090155369959938,43817219.4831569033979241308,14682.57452396,982.28293584,544777
2022-04-22,2963.93688515488,352354534609.07483123742155806869807279808,1.37670509713,118880579.533886602001382766,44174891.07247248048863000224,14904.126769273,996.03484341,572976
2022-04-23,2941.41439567504,349711925196.07967842708913510315009372656,1.367742385053,118892436.818927898079060039,43663432.81549156221350314448,14844.366329237,1006.79478504,540859
2022-04-24,2924.17223728813,347696717281.13423397461963196540332967325,1.361333643483,118904321.998346888647119025,43494320.99747993285453105417,14874.062629709,1003.60830605,559200
2022-04-25,3012.2152773232,358195536319.5659491587084157191358285136,1.394370726492,118914321.634367316969981923,44757466.30879818182984836,14858.654574175,996.98252101,559293
2022-04-26,2801.38247457627,333153917601.94503056764314970277063178486,1.3161138055,118924823.948695918867495618,41419752.36667506819117295239,14785.468511557,973.92340305,564643
2022-04-27,2886.84557685564,343347605118.89702143589512186724099264772,1.350173851942,118935216.996564173810506223,43062940.98630923412597085716,14916.953415019,975.27285136,572913
2022-04-28,2934.09959088252,348998096029.48375512435112601946110082876,1.36759580833,118945552.193922608605855313,43646039.79322519841408987016,14875.445921758,980.73885218,567858
2022-04-29,2815.62725832846,334935607139.4098442251908082045597539335,1.322752776082,118955947.080242953752230725,42026057.63952487817945640486,14926.001840341,983.4341428,556135
2022-04-30,2729.73245441262,324746931478.47094282115068855177373037234,1.290301969578,118966578.923702444659308207,40733767.73410795110566520402,14922.256453471,1001.11238098,555823
2022-05-01,2829.09136440678,336406685697.21941941057597100571194988654,1.330960822352,118909799.071745104427165293,42284334.49822738704451179276,14946.259788642,1021.60213757,516314
2022-05-02,2861.52780946815,340288368000.28955186317345826591175373635,1.343938730086,118918420.738163755232826429,42451620.4554507768470204754,14835.298931916,1013.33583396,508839
2022-05-03,2780.92367007598,330728437975.54467484884463111601851348144,1.311013566487,118927549.696647574517172328,41145544.54670040600550940752,14795.639660824,1028.01333448,508627
2022-05-04,2936.76534658095,349292320625.9672096132780570488994015436,1.371085550584,118937769.758357231811383688,43017663.0237784128530048988,14647.974198504,1009.00849213,557482
2022-05-05,2746.63528112215,326704972289.3030831199401933955247597902,1.298515135149,118947344.241433584432591828,40420201.3110471936444277182,14716.260869748,1009.83198453,593851
2022-05-06,2697.48142811221,320887324275.65338643538282323870159699884,1.280782216899,118958121.798903853505355004,39714936.5245670579389923492,14722.96940052,1007.72524608,557019
2022-05-07,2636.53088603156,313667956321.81307338971052749245789007208,1.256016680483,118969953.275964915688198418,38853254.88952814113063847368,14736.506632778,997.25361997,536753
2022-05-08,2519.63678281707,299792674682.86916929788625408264428024348,1.217235523061,118982496.496057319775169364,37450302.34479565868775975645,14863.373403735,1025.20857693,560544
2022-05-09,2257.95058188194,268677456167.5958594071511386928857374185,1.112805911974,118991734.506279829459510525,32978874.63493218170027006576,14605.667147704,1035.08674684,558479
2022-05-10,2342.92739614261,278811607113.63095051850344220122048503997,1.152923773082,119001385.861408128278511977,34500124.5884189788201414886,14725.22138126,1005.89507462,576970
2022-05-11,2068.27522092344,246132822826.81011248853312980017119678792,1.040108390432,119003902.544902679210394543,30802076.5234767265779121116,14892.639147765,1052.28272518,520754
2022-05-12,1958.4534585038,233056064229.882564255339190798369428027,1.000496031055,119000052.422961555946585665,28626683.275327211392180932,14616.98420814,1017.22526104,658062
2022-05-13,2016.05178404442,239926429792.72504354706600288159788188384,1.031216245577,119008068.984917852250344752,30079676.77211844265176319182,14920.091343971,1065.51880285,695591
2022-05-14,2053.09169362946,244358110681.88028181301990655187520851158,1.048530170782,119019579.807418867729762923,30047785.34117720430341957466,14635.384008621,1015.97141706,567897
2022-05-15,2138.96401139684,254605611336.89404974750836157817404498124,1.087303710992,119032209.041528052110582411,31527497.14928238402312107348,14739.610849597,1045.96149954,549377
2022-05-16,2022.61946464056,240782478744.97415064181321722751083600864,1.035314317901,119044873.716650225182385444,29927410.38609499676852681184,14796.362296164,1036.00471198,573392
2022-05-17,2092.88074547048,249171264983.477241865028900667198825424,1.07250012727,119056599.6284052452648738,30969090.72313409345708848608,14797.350871596,1031.46245329,546736
2022-05-18,1921.00792752776,228732451401.75547774175059354816159719168,0.99746002707,119068978.385801129340607968,28379146.36837821326069182864,14773.050106514,1045.07467776,605317
2022-05-19,2016.37226154296,240111883742.0399680975915541184410320224,1.042300323307,119081128.18329614917232244,29007650.30640786413610082296,14386.058993001,1030.20147876,538886
2022-05-20,1962.03072969024,233664177857.45180817641881820191061256576,1.018530233783,119093026.587989304373593774,28294253.01418961339903379648,14420.902071527,1042.62447783,525097
2022-05-21,1973.77449105786,235087706728.65784605642013724231459402346,1.02451734349,119105656.595379716438847961,28412140.84881240091094212752,14394.826246632,1048.37771739,539737
2022-05-22,2044.56454897721,243544487687.68711765431682351410406414516,1.057320760145,119118023.350996592774477396,29336556.30004391356456412397,14348.559606357,1016.20715603,512640
2022-05-23,1970.62047516072,234760623478.52894203254763652488419479976,1.025362904507,119130307.655705403642536833,28663144.22321569912436136888,14545.238205179,1037.29825265,516478
2022-05-24,1977.80444576271,235639767483.44358682161046043585322165492,1.036226034234,119142096.170469835632021452,28258302.59122844563555344597,14287.713151707,1027.19240944,529361
2022-05-25,1944.32836265342,231673797114.30040579029480651463840497922,1.0216594964,119153637.607865659424332991,28348837.26196969151442920564,14580.272451142,1025.27024764,508394
2022-05-26,1807.68160239626,215410440618.98198250348630183285248018436,0.961942889874,119163928.168231743903948186,26026926.49004812991561739636,14397.959494386,1004.57815033,474789
2022-05-27,1721.27814289889,205133028068.08638805210160310510707124382,0.925896356953,119174828.841207306840377438,25120780.15515941351626395505,14594.259654545,1048.7310297,494939
2022-05-28,1793.65815663355,213781585780.345134814897492643282729142,0.961174475791,119187474.48598779173075604,25946596.03202772360960659185,14465.741945347,1020.17356484,540979
2022-05-29,1811.05755844535,215878221063.95007113482617898702747593035,0.969040084869,119200088.399876417271737101,26181653.9739608183519574097,14456.555426342,1035.94622384,525079
2022-05-30,1996.49929953244,238005746884.47878879635334249597628572416,1.059317772892,119211535.381062910605139264,28665782.85077264826508930004,14358.022994291,1021.92854355,467010
2022-05-31,1947.31703623612,232162439561.54109288763007480973172647232,1.036535358409,119221695.923883688575753136,28210435.68350292888382601548,14486.822206429,1027.92162006,535077
2022-06-01,1827.6371081239,217911356816.951420935016756430815363392,0.983359881868,119231195.21284018263003328,26410479.6189545154845890082,14450.614677038,1004.98466983,497974
2022-06-02,1835.3889748685,218852059958.1248928304744733546111459435,0.989302696058,119240151.790606115409916951,26591587.12787885534350639,14488.25698094,1021.33051218,469844
2022-06-03,1773.33450613676,211468640976.99108657280112048861996129016,0.961861492163,119249154.767579181232481466,25629040.38561419437527595456,14452.456824656,1025.61694055,471612
2022-06-04,1799.04830862069,214551456101.67187881528769522353547173636,0.974895503941,119258307.335930325688035444,25010644.18509013904656297776,13902.152635504,1030.49771092,452819
2022-06-05,1805.68905447107,215360134664.82567148571986490484201503383,0.978660824837,119267563.887354827020679069,25221005.34232727955850808803,13967.524076129,1019.72523586,449159
2022-06-06,1857.0548635301,221503743956.8269038343980949438189531034,1.004869798696,119276898.225703211270690834,25469784.2476008612874356839,13715.149050139,987.91755151,480143
2022-06-07,1812.55737521917,216212872782.23094602058557951822817478581,0.984081760208,119286084.809363353153395993,25474087.21616701645630735863,14054.223918339,1016.59462749,471285
2022-06-08,1794.50157685564,214072989487.45959323472359695140881681212,0.976007186383,119293843.063967868789138433,24887734.15646509529966765568,13868.883971712,1028.81877307,445135
2022-06-09,1787.18229456458,213213980470.08481681486843277516576995686,0.974293659785,119301752.886955041179448567,24464495.7727143198854830575,13688.864223375,1004.86054296,468652
2022-06-10,1662.50309760374,198354858171.6071592228268547288629819872,0.915856746236,119310970.58255546446258128,23113673.1365807579470926782,13902.93538093,1009.55931783,502689
2022-06-11,1529.50090531853,182502839943.48220510072451730676699475259,0.852277181597,119321825.380335178070604903,21309357.83262502651115436252,13932.229630284,1004.36696852,504859
2022-06-12,1449.37609070719,172958147267.76874804266487181310887784031,0.813341002428,119332827.674408348794825249,20014087.50194846603212303936,13808.760631744,1009.02808419,479435
2022-06-13,1192.1638591467,142272301481.3891719973972299303403398872,0.687683473973,119339552.520256411868526216,16509554.2454419786643418897,13848.393506291,986.72098005,495554
2022-06-14,1205.54458474576,143879882245.382380118767467098699952588,0.698427540801,119348453.857246209626858175,16533351.78800191917658250448,13714.425826473,948.80248414,502774
2022-06-15,1228.52421186441,146632659914.14586212783287009989956642947,0.714331921232,119356752.189373573499575467,16809934.34633373005489505438,13683.030569518,909.43719145,485344
2022-06-16,1062.05631794272,126774665475.14133903031592542388288903936,0.629506534828,119367177.929615867114614088,14649643.54016785696497276704,13793.659801907,927.29527717,512976
2022-06-17,1087.0124880187,129765222193.7333161640523175008546742898,0.644846295575,119377857.774437040527974454,15070973.9793404483953685519,13864.582187837,942.05401707,520393
2022-06-18,992.790097311514,118526879127.751248716782974250480333122134,0.595201016106,119387652.484370342727911831,13717310.477173243094242462428,13816.929192102,939.71013015,486081
2022-06-19,1124.3688886616,134248636330.1983403562965674132797755728,0.668332926103,119399102.629033163052914558,15267335.8539079508472786112,13578.582623432,899.31401514,471524
2022-06-20,1122.38415809468,134024779381.54966497631199816834828921984,0.668872538155,119410790.338546324481406688,15584223.34762767117326017608,13884.928110606,904.14161015,481392
2022-06-21,1124.80054354179,134324606737.52295020416405332759918723354,0.671204294825,119420823.103942920531359326,14572016.7800320779280478442,12955.20069198,911.67003227,456202
2022-06-22,1052.48545265926,125699394063.59759094865923592401108375056,0.633622724331,119431003.769220277454023256,13481603.41623580278729000912,12809.301432312,898.62713187,458693
2022-06-23,1144.74839117475,136728701297.64631907239824082238465906775,0.686647031612,119439959.341051553552740029,14504076.97709760813742266075,12670.100337257,883.74902066,439159
2022-06-24,1233.92042811221,147391348537.05791028099881448831945245346,0.739468572021,119449638.063415274290201626,15785399.18568775992998400221,12792.882609001,886.08144576,469974
2022-06-25,1242.46349766219,148424330810.97640282046788521868296231639,0.744397790499,119459711.363955971860934181,15848571.57275319812273006724,12755.764336396,907.39819214,411050
2022-06-26,1204.22064611338,143867796717.28784105150003302779595393564,0.723405075238,119469631.401538330910823478,15280725.6245457300561486902,12689.30712479,866.74544738,392526
2022-06-27,1194.90176943308,142765306254.53814356071332283546490923764,0.718894417578,119478696.832353848106619983,15356250.317577250248435412,12851.4750839,903.71255976,452419
2022-06-28,1142.80152688486,136551020228.45496428016012693451660602402,0.691572391881,119487957.458961994983390507,14444606.93147975939251544794,12639.646160479,874.66147768,433686
2022-06-29,1095.82495207481,130947450082.26038658658049370506668738557,0.667916157075,119496685.884298826876480997,13969769.79028204555159972191,12748.176397911,870.42652202,434797
2022-06-30,1041.53905172414,124470292276.90502783883059114659319026164,0.639748410862,119506121.321960750125293126,13934067.79438647363347048584,13378.344068156,862.50843585,444774
2022-07-01,1066.1029628872,127418877795.2144546383186764456634854928,0.655150138251,119518360.074847785274152274,16149121.1540721391628889408,15147.806277864,865.31977714,528527
2022-07-02,1066.51756253653,127483081266.18633199102756735635091734164,0.656253479133,119532097.495881437460625988,16164044.86646515172592816584,15155.910633128,867.52075195,557002
2022-07-03,1073.70227878434,128356565298.48178719733583569177189459884,0.660539682916,119545769.655820044954295926,16412623.85420134358501510658,15286.010077937,883.37628899,501278
2022-07-04,1150.1623100526,137512022703.2225654441801407598073845016,0.704046849675,119558797.485664238725084116,17378747.0859614183965225248,15109.821400048,867.77217965,498451
2022-07-05,1134.55701782583,135660485617.43981564003697138171975241542,0.695098141051,119571324.742592666480208874,17214676.87594708698663026088,15173.038115736,878.64769863,495235
2022-07-06,1190.01984395091,142307041503.48991770675527247484983957423,0.726222229072,119583755.033046561735593653,18103243.09498948889295737745,15212.555645195,866.74026655,506042
2022-07-07,1238.44509789597,148112273535.59677742288308747632462998175,0.751316694316,119595348.867082585493447275,18577980.66448622960212182201,15001.053091533,859.84805703,523021
2022-07-08,1231.2732019287,147270320526.3529951414182579145250701455,0.747321162056,119608158.689448239007459465,18802893.3463401164433894315,15271.097687245,890.51663756,512454
2022-07-09,1216.82491992987,145558350241.27035535607208942751370958276,0.739401577373,119621440.896903563584292748,18204477.53182174026559329027,14960.638324921,866.64257571,525366
2022-07-10,1167.00219023963,139614274575.63582806502442991036087394561,0.711525444175,119634972.190555786085544147,17699504.91607053684092894863,15166.642414301,886.18303215,530270
2022-07-11,1096.53821274109,131198075351.26143647474886311857481218553,0.673286532217,119647517.821833880142214317,16596334.38015372549552774371,15135.208410719,861.19986637,475953
2022-07-12,1040.3091364699,124484017584.7081390429560159069488698696,0.642470943847,119660602.046735867694230104,15843991.247300492170506799,15230.07987901,886.12813972,490073
2022-07-13,1109.91739918177,132827254155.98425680981130288443443877306,0.682863956292,119673098.425075934600323578,16607908.66337667928597767586,14963.193365218,845.8542563,518760
2022-07-14,1190.77715517241,142518327590.74231152189175610508266469334,0.728488357937,119685137.535332878433853574,18122027.73813374666415016195,15218.655866395,863.94818206,546310
2022-07-15,1235.44640999416,147879682097.77390902309110932571887653208,0.752949848741,119697366.799157999613433813,18629646.8175229290712907164,15079.283623165,869.28070138,577324
2022-07-16,1352.58443950906,161918623629.25999445868190894311839763136,0.818554075867,119710547.378491719591775456,20426115.06584333805526420302,15101.545211667,879.0921235,619314
2022-07-17,1345.29871186441,161064574677.45359339450227467152198602192,0.814018687643,119724023.562201235311448912,20242918.19718532792731261243,15047.154969123,868.39953449,581176
2022-07-18,1568.5177969024,187808748087.1792088679711149952896458496,0.929733220083,119736447.019010448688601354,23854197.2423252250513589632,15208.113857193,875.60034104,537891
2022-07-19,1545.68401548802,185093931535.0372843615846854448395236264,0.915054017675,119748881.19458066295717332,23489853.19622314084482517688,15197.060305244,892.87944725,519793
2022-07-20,1523.17327171245,182417245766.57110747725581419440304579815,0.901388336152,119761322.729544637012338787,23043603.34775248433016732315,15128.681533287,881.22469245,528020
2022-07-21,1578.50633021625,189065071843.0037740257651390332944409175,0.929859829539,119774668.130157262050775958,23970468.99868304753906440875,15185.538720899,875.03290563,545645
2022-07-22,1536.58702454705,184065340046.1846592756770841680010931752,0.906838339655,119788425.325563858986048144,23261691.28022784592995666765,15138.544650333,876.05893362,576567
2022-07-23,1550.44882115722,185747592315.8922257910612726981103340903,0.914367862665,119802466.086726046194920615,23533424.30678170711169068248,15178.459285884,908.54743412,530546
2022-07-24,1603.32482787843,192105061194.78734037921458404209064707045,0.942697892264,119816682.093663339953805815,24176545.17826778024645617056,15079.006298592,892.21891707,524671
2022-07-25,1461.68290911748,175153444595.55107619621829654901427888796,0.868276420156,119829987.409036229810226727,21919517.36823030674690525292,14996.082413979,872.19998225,640296
2022-07-26,1431.20655336061,171520131808.52103800616199590360162029545,0.85434962375,119843031.326104082252378845,21582656.26282164869899290537,15080.042927517,873.68339389,1093869
2022-07-27,1632.34205330216,195646672740.56784362975431478819606448864,0.960876993337,119856418.784765589893033004,24712140.93357102452942604128,15139.070198908,879.212611,567464
2022-07-28,1724.61137200468,206728334040.97652498237189774284245889012,1.007381153057,119869518.082022443974553609,26090420.36902405330978905932,15128.289649799,894.23971917,535301
2022-07-29,1746.07636090006,209325264848.49824903477626192831943437662,1.014881722589,119883224.775230422192751277,26319021.29352147367113186026,15073.236132671,872.13830956,562772
2022-07-30,1692.89731209819,202974325871.41379721342850237747263957399,0.985970949712,119897600.652366711186184821,25581202.22335278883835442417,15110.900135843,882.44005656,573180
2022-07-31,1682.69250409117,201774947426.47120623611023123219516526549,0.980898539395,119911954.760534687281516697,25324853.45963361024451311525,15050.196870825,874.96720926,559164
2022-08-01,1635.83942051432,196179491468.24493955152506646595943432464,0.957722630098,119925885.761185934733637802,24774371.91128832972376671768,15144.745627599,877.61063424,698752
2022-08-02,1640.55228550555,196767524929.1699705722945633843820476863,0.960183285246,119939807.263463353141622466,24805329.4493717052683186884,15120.109044088,904.20619708,571530
2022-08-03,1616.22450905903,193872172911.63892918302269360843053415585,0.946554741057,119953738.991689835814971695,24203547.26762821851642869372,14975.362105924,871.27816544,613693
2022-08-04,1606.95118293396,192782107419.84912337123805875490680494744,0.941898455995,119967619.095851392105623214,24201093.26188592130079556592,15060.254175052,878.2482332,877419
2022-08-05,1725.62800490941,207043670478.03630945065255450748333400357,1.001340898843,119981635.606861541297411977,26394877.87666006387841276203,15295.809874183,904.48150596,587625
2022-08-06,1695.53410169492,203457064442.0280835135893120519680313304,0.985118107007,119995855.13416964526374462,25391846.03908594787989735192,14975.721227726,883.03523442,589391
2022-08-07,1697.48315371128,203715229635.36833365055416382774870950512,0.985892954795,120010162.804842579224540754,25633564.1034016035505516776,15100.92400467,885.56360363,582020
2022-08-08,1776.06239567504,213169557187.7339243122909792164447803664,1.025855755,120023687.06574249301384041,26717102.34939029417013528912,15042.884987853,866.62872482,541581
2022-08-09,1703.99224897721,204542126071.34287137728128938101559083288,0.987980398618,120037004.977056391951175128,25443715.31743371899434973404,14931.825736124,872.86823453,522334
2022-08-10,1850.82996142607,222191305589.16588972838533924433451739366,1.061574439187,120049550.860937450316682938,27665694.94908249396787724561,14947.723737823,881.51762953,533069
2022-08-11,1878.11309555815,225490723876.63290419813797527857060660765,1.074249924201,120062377.718323766905344731,27940290.12306459841351571155,14876.787872437,882.41912929,503734
2022-08-12,1954.77856107539,234721455296.87536701680295505984768272441,1.111413297339,120075726.207958374482082819,29103741.25571398209287408302,14888.510563418,873.5533021,534168
2022-08-13,1981.2375414962,237926481879.2331355972314616369432875528,1.122696315815,120089831.176707226227220644,29707142.9057442767396432088,14994.235816524,900.42194564,532368
2022-08-14,1936.33989158387,232561677400.71896809417085848078876644239,1.099610125556,120103747.493674907224766197,28799537.60085515676345753651,14873.183022273,899.90126267,512568
2022-08-15,1901.74608649912,228431918104.78310071956918869449822447416,1.081919272813,120116938.705154950045761393,28177464.92551704319248108352,14816.628321496,872.48840355,494818
2022-08-16,1876.61579427236,225439479445.8902009120227991672702778098,1.069247234838,120130865.430183712076046805,28139695.74858104337427086372,14994.915759777,902.95544498,525862
2022-08-17,1833.20730216248,220249850127.20854106998561747678536818904,1.035847361608,120144541.136945272775296173,27039420.75616288975376368344,14749.788921453,891.73396497,537548
2022-08-18,1849.20067504383,222196921632.60595483824071414491847619417,1.04537017289,120158360.653496632479218599,27581335.26015899975985430857,14915.274276279,871.70742714,538528
2022-08-19,1615.85071274109,194179472810.34580961102526204196676637801,0.931561867136,120171666.404097725431216989,23883090.59024096197975990452,14780.505650628,850.64024665,502429
2022-08-20,1575.83517270602,189392798346.8258253183435842936029525445,0.911263321232,120185665.117247644496834725,23582764.44067306438791005158,14965.248173879,852.61162163,497772
2022-08-21,1621.43778018703,194896881364.62031993242046175392184634937,0.935105544961,120200037.118994049213565879,24289225.79906307477901790271,14980.054181457,872.50014379,528550
2022-08-22,1607.93964377557,193296199404.77538319985772033737222157585,0.928384493756,120213591.444825972291171405,23718966.51154441526198730689,14751.154748477,855.70619564,484055
2022-08-23,1663.88241525424,200044244003.22584755980291162663041201328,0.957036662408,120227392.374153575823804897,24886668.36486256386110997136,14956.987426939,877.65995542,485443
2022-08-24,1658.74535037989,199449318439.71338602265952384750641465919,0.95562550873,120241071.599106520680148371,24410122.8975597799521856936,14716.01586824,877.34659019,496825
2022-08-25,1695.09793629456,203843028065.26250009035711984039521058512,0.973935807547,120254425.246282853470368477,24734143.50419330601017410368,14591.571952628,861.676398,514001
2022-08-26,1508.81155990649,181461735526.59296613824096842556698226719,0.879331143963,120267991.277743939079193431,22225355.5089269274471554325,14730.37196925,873.58567678,488293
2022-08-27,1492.86255990649,179564520630.93923060126096029592554625414,0.872788689996,120282017.550354268421330486,22008510.85769816134649305702,14742.489662998,888.82243959,500365
2022-08-28,1440.91843746347,173336690866.07442467471880591498522224203,0.845535955972,120295976.759939846842135649,21134496.60274983217121296145,14667.378842035,879.84806049,482671
2022-08-29,1550.2820458796,186513532979.2801714407692257173832808616,0.904775082885,120309419.485959412024874046,23026510.5977834926568025236,14853.110541391,918.09547378,476802
2022-08-30,1529.58784628872,184043556699.67158196326669335941881488248,0.895122326709,120322318.947696530034200959,22272481.81541420334246171136,14561.100148288,895.63773585,466380
2022-08-31,1551.72922092344,186727617679.9765592114120345220104159368,0.906335382386,120335181.65550445654651847,22948647.74580357031103787216,14789.080102614,888.98959382,467317
2022-09-01,1586.34916686148,190914035650.32588407570490272195976397988,0.924901842905,120348054.286207783254965081,23265205.19893871739108610492,14665.879167679,889.35686418,491474
2022-09-02,1576.59604120397,189761729149.20083957529984585223339197925,0.920467728948,120361667.916081409321804025,23345436.43106112776184566402,14807.494006666,918.80228593,516909
2022-09-03,1555.05634833431,187190919958.48842944537049437770741123902,0.90925134337,120375650.798118632307625842,22759541.24036296392981461825,14635.830569575,887.36458351,528322
2022-09-04,1576.03008123904,189737797183.52690153554428975945850417152,0.920672720362,120389705.401028412449750988,23288946.33199142370855026688,14776.968161472,910.75867475,592327
2022-09-05,1613.06100555231,194217865302.09523227651321412887700530585,0.940273132739,120403298.222186758916422535,23404791.76918562865154159527,14509.551522617,866.06809181,529155
2022-09-06,1565.69543600234,188535687884.32387798505355266077262271962,0.916451146021,120416578.824364729891570393,22899093.41272887562847538584,14625.509461276,874.03240949,506982
2022-09-07,1633.8871465225,196768076174.15492804868352907277103876,0.954185129588,120429416.800877725841552656,23752574.68038740486982102,14537.463453912,882.87088661,481829
2022-09-08,1634.5638766803,196870497557.2403294768106121468294954812,0.953327001674,120442217.258020138135109204,23947084.3090530296224847127,14650.442635309,905.96776576,508057
2022-09-09,1717.52412244302,206883792767.05380753400991657266173524232,0.995486152707,120454664.981811522909002716,24441602.21140231466402611518,14230.718446409,867.67257799,519562
2022-09-10,1779.75839479836,214404057985.833437536856046597924801459,1.027271117975,120468069.493289070323212525,25361680.1684765896835315184,14250.06913444,870.46024742,496883
2022-09-11,1758.45961922852,211861995969.49994685684542893448024116376,1.016305981967,120481581.523293140715074038,25075736.55632011114170031984,14260.058224892,855.34314581,491233
2022-09-12,1710.77241729982,206138661151.41727048409896614028775738352,0.991157147144,120494496.560082550433974536,24435090.65108504383144589974,14283.074945557,860.43764239,485852
2022-09-13,1574.04311630625,189683892316.59411979701289477996908448125,0.922054273893,120507431.055458279477192413,22508427.51203749515167083125,14299.752833237,867.74956158,523705
2022-09-14,1633.75933313852,196901330102.32985361377114138733005166344,0.954226890651,120520401.082621002940465822,22867552.25137094445394563784,13996.891578542,825.50624753,573357
2022-09-15,1472.5554792519,177478031051.312403691051303229127046806,0.870507398593,120523833.26261926875231674,2296332.692184365038415043,1559.42015397,,646709
2022-09-16,1430.06413968439,172357791977.32619201941941057569749145971,0.849853307904,120524518.582337807120449189,2219340.79790704698344900294,1551.916963946,,666896
2022-09-17,1469.37018877849,177096645487.42634662886099830776764026257,0.871506900078,120525546.822648897843908793,2301524.4373980866052567958,1566.33396742,,698249
2022-09-18,1337.85839099942,161247314540.04193908007229534578427587908,0.80064223394,120526444.072743304577169174,2107615.67918230269939073644,1575.365295282,,512039
2022-09-19,1379.44124693162,166260110891.84456612168777523183694422288,0.82558905646,120527141.885649452443717224,2179332.52089587173848151866,1579.866141993,,489805
2022-09-20,1323.40883226184,159507376939.81209966863459981338733666632,0.797822264658,120527665.413262963441387873,2095849.08110721766976475816,1583.674696749,,491038
2022-09-21,1249.1307238457,150555415228.4001230959511082190927772599,0.759384812828,120528149.980079760361316207,1967007.6483427042422836052,1574.701198836,,484980
2022-09-22,1328.6692653419,160142960681.5516839708801572771646724574,0.805801357972,120528836.527533339730046746,2112362.8940103346437914956,1589.833489124,,483507
2022-09-23,1330.95503302162,160419533319.2413731313680816813359639521,0.806623320837,120529641.752844644960046205,2123473.16572063644953337838,1595.450719999,,499931
2022-09-24,1317.0079465225,158739975305.534413540853797444376600355,0.79942106223,120530765.000074713921517038,2105682.03412984371381508,1598.837759248,,522080
2022-09-25,1294.54904383402,156034243695.67407878238402533884530765878,0.787373186636,120531736.081278923208686639,2074907.5550836215586111082,1602.80335841,,479298
2022-09-26,1334.38671420222,160836639504.15051876876192070546765013766,0.81033730123,120532254.849606128642161053,2132801.60031942563401124472,1598.338455876,,493645
2022-09-27,1330.5247402104,160370957246.7039845013769766221373712336,0.810737445956,120532112.181051235543717734,2121355.7542845248665440888,1594.375279297,,555088
2022-09-28,1339.13675394506,161409226528.00846956357505552643436557492,0.81632494251,120532295.191287471646368082,2143850.36519151209954411512,1600.919666252,,472581
2022-09-29,1333.64239392168,160747318026.76724653647272819229066346776,0.811486905771,120532549.624549019715001207,2131026.31182463759615406112,1597.899348084,,490188
2022-09-30,1327.0759956166,159956012382.007276108883367814695006695,0.810087612702,120532669.500729558516905825,2120409.227678382571814208,1597.80542688,,484535
2022-10-01,1311.22253331385,158046210965.68836232417697381423634999545,0.801123209031,120533476.927260012691191617,2082271.89956128803457767685,1588.038526381,,485677
2022-10-02,1276.55304675628,153868849720.17061438819102196813737973368,0.782152613854,120534630.434004451142535706,2045723.15759780439951329088,1602.536739696,,490309
2022-10-03,1324.40998334307,159637497866.25577054852609911220142490858,0.809274140904,120534804.081814215162238094,2115832.06523839921787371485,1597.565777855,,454753
2022-10-04,1362.84395236704,164270420163.7060699260222662995009392672,0.830316108371,120535017.87816195772648643,2168180.46260328533480789472,1590.923494093,,478071
2022-10-05,1352.55720689655,163030726093.8574788979979718233264035767,0.824426504286,120535179.778408325205925514,2156711.0446239413017529151,1594.543309242,,494940
2022-10-06,1351.3537402104,162886285103.133031869503634081121276116,0.824919713819,120535637.898757977060547415,2164250.4992877628804461048,1601.542538337,,554370
2022-10-07,1332.54090561075,160619639646.92762153702168672396116563675,0.815218149681,120536367.004290975509791929,2124998.38359079063045224675,1594.696549009,,543473
2022-10-08,1315.45911864407,158560294754.82012431440116060768679004065,0.8062057934,120536086.988593473543172295,2114266.61157773133922034333,1607.246155819,,580345
2022-10-09,1320.93465400351,159218549540.04051224950485966316572198048,0.809623349785,120534766.089661112956561248,2131318.51496688602917559575,1613.492770825,,585311
2022-10-10,1292.04924693162,155734374063.36224817369202329654556945572,0.794279359841,120532846.896666535686999306,2081069.90139431027706362346,1610.673824033,,596926
2022-10-11,1278.54329719462,154105075988.12043632581486647253023677484,0.787144303816,120531761.674600953986076882,2059140.58461923339912313418,1610.536451239,,575645
2022-10-12,1294.63398918761,156044142691.16357035607659808031242687741,0.796748559177,120531473.755823554671672181,2087207.91181439373408062451,1612.199223291,,557899
2022-10-13,1288.20101256575,155267995652.2940872423398733591274270515,0.79370995235,120530875.335241348592751362,2068431.5585119047737314835,1605.674532418,,533764
2022-10-14,1297.32227849211,156367235446.19817670977775800850088286024,0.802168543634,120530756.342167575269399384,2091244.78208748151350510261,1611.970145551,,547755
2022-10-15,1274.99698947984,153676326468.0705046996968967186085258856,0.789692330409,120530736.728065352308139465,2055777.32322656370484911312,1612.378178293,,590641
2022-10-16,1305.60972296902,157366417408.8644726780186365340651988128,0.807203777799,120530978.46958858959953264,2106454.34325645527300355382,1613.387451241,,495690
2022-10-17,1332.3694792519,160591134989.6419533205274362563221971688,0.822139769098,120530481.589694479190395352,2142719.5481376748141303295,1608.202215305,,478307
2022-10-18,1311.29945967271,158050545482.5252344595337060251708183478,0.810599047407,120529711.43751817278710618,2113965.54962480404834001173,1612.115016163,,442717
2022-10-19,1284.66447399182,154838957780.5930151232345216737054651457,0.796553883741,120528714.629637170155687635,2064813.3538535390700957539,1607.278317145,,462799
2022-10-20,1281.90813793103,154504742482.41707383926674111189215405689,0.795827875998,120527156.284212489965633463,2068665.33510623635247972059,1613.739139253,,503252
2022-10-21,1299.87529164231,156668406866.37733524990476205819118128441,0.806113832773,120525721.100857866317894911,2102786.18247168631821034893,1617.683016203,,489561
2022-10-22,1314.30632261835,158407486649.74410642266440607085409523265,0.81375791887,120525545.623311043684145059,2130658.81279078050721959195,1621.128024817,,503130
2022-10-23,1363.86034102864,164380433878.02490259226269439246079121152,0.841773515527,120525855.128280353817685168,2211587.77037782720129436352,1621.564689468,,481224
2022-10-24,1344.55304383402,162053015544.212367246540543550196287493,0.830995411485,120525565.19608548858246965,2146013.71278775726507334054,1596.079621127,,503643
2022-10-25,1461.29032407949,176122197681.00944113344651780253304779317,0.895116024292,120525124.117244821377033033,2352476.96436514425867256105,1609.862821645,,477854
2022-10-26,1571.25949210988,189375934908.91039851096333106317378838084,0.947871296326,120524926.569969207593786243,2553269.49327676363060902404,1624.982700883,,501034
2022-10-27,1514.78292051432,182569258990.95450056303385671845629574968,0.916621542818,120525031.354965414078307699,2460962.76822135435359999736,1624.630654923,,518491
2022-10-28,1555.96761455289,187533084412.49283103991384866040933315307,0.937944344099,120525056.343400044982048963,2522793.95890045521832459779,1621.366624411,,461379
2022-10-29,1618.89496873174,195118077874.30877449492472888479143921558,0.971649701076,120525470.548077870531792417,2629024.66003625842565253222,1623.962462553,,469781
2022-10-30,1589.51054997078,191577832787.47376627923427911414973163798,0.954830359047,120526304.648305445283806241,2595975.42043861739323549824,1633.191689408,,483185
2022-10-31,1571.20387054354,189370916640.20217948500504383645092512376,0.945059420376,120525999.324767114920625244,2565581.22449132228443990686,1632.876084759,,476136
2022-11-01,1580.25594681473,190462397276.42696241350737981715280987597,0.949662307244,120526296.806751944103200589,2561814.07910244644599665458,1621.138704946,,497231
2022-11-02,1519.57743717124,183149199322.63938683887164713478284072556,0.917315409677,120526400.854950602926377819,2484309.22942002011660119676,1634.868463199,,498423
2022-11-03,1529.79641525424,184380445920.03819335383705466375758277184,0.922939299872,120526132.811858909571147116,2506000.68829681885608147504,1638.126918921,,511457
2022-11-04,1644.7656364699,198237008690.3109589328761153572071095673,0.983429253373,120525991.238350383221391227,2695251.1486066835226578545,1638.684009955,,490402
2022-11-05,1627.35012068965,196138698918.0601079690158606970081110434,0.974110789543,120526429.085179934205198276,2665338.82037459826091475075,1637.839814855,,527978
2022-11-06,1574.97463471654,189826866254.1601380373195657667018509217,0.945868392268,120526935.526377352217882855,2589741.90619423320335568474,1644.307056831,,482454
2022-11-07,1567.4638132671,188921442897.9903846358525184843593376268,0.942143438964,120526828.944278580691441908,2576948.239793078229415533,1644.02407123,,500251
2022-11-08,1331.86717884278,160521827828.10618475899929827397911345258,0.817265124329,120523900.864933734096456911,2189095.4215151507138773063,1643.628926585,,478828
2022-11-09,1092.99871040327,131728579554.48239101903836057822202278596,0.714886218033,120520343.071475493569982748,1788658.49291419001872501055,1636.468987465,,510134
2022-11-10,1297.56088690824,156379964505.91692521010823772585762026224,0.835054741289,120518401.936830031600537726,2136142.17658541018828221296,1646.275098254,,494968
2022-11-11,1280.90110344828,154371389527.91320256097732524118940324032,0.824395152713,120517805.092316702372449744,2107858.26633795813892049124,1645.605785383,,508830
2022-11-12,1252.00409994156,150889054645.835227088065500362283475977,0.808432866897,120518019.591851416583231075,2066238.64939819144255685772,1650.344954537,,544637
2022-11-13,1220.14754500292,147050025301.25133778448826444763083687252,0.787975823257,120518232.326484273298353381,2015722.49467394486531547408,1652.031758724,,535954
2022-11-14,1240.72447603741,149529703828.95661612064480098387206680219,0.80174366079,120518057.567881844209729559,2040536.15904377344037817612,1644.632791932,,549655
2022-11-15,1249.54837960257,150592840389.78840242979799655380042119699,0.809989809595,120517814.954620482663674707,2053547.75628263219926693122,1643.431970946,,565783
2022-11-16,1214.79349853887,146404244321.79035227196067142982917381181,0.790435652792,120517803.641427560080424963,2003090.23655016575190077282,1648.914189086,,560372
2022-11-17,1199.72255055523,144588044483.70237355510512422402439456789,0.782651508159,120517901.757191459777479143,1982766.32842701519200089983,1652.687388021,,566821
2022-11-18,1209.4787565751,145764195685.7786151264185233737021397318,0.789572893501,120518194.216607308175363818,1998035.7359065529809671024,1651.980843024,,562812
2022-11-19,1218.60619929866,146864792964.89893963231491542935875981994,0.795249533561,120518665.545459641126040209,2021229.1572411325020791454,1658.64014019,,535697
2022-11-20,1139.64296113384,137348810056.5136195980956354376958550852,0.747962605363,120519157.964933313439794905,1892881.20788686715607957536,1660.942306004,,511794
2022-11-21,1107.64197720631,133492534855.26810789310559020433631703489,0.728694828315,120519570.043708911726616519,1839271.4317174965307022301,1660.52882571,,501171
2022-11-22,1134.7735163647,136762648084.0072005271432090770081128447,0.749178470875,120519774.308914730467398401,1882399.474117458053235346,1658.83275118,,491439
2022-11-23,1183.16671361777,142595414821.499547541794801052096603002,0.782660127084,120520137.3401432248518426,1961602.02092825594049740615,1657.925293495,,527114
2022-11-24,1202.6865,144948545776.628800901047052633196,0.795488498993,120520639.232774959144421304,2005844.182689556239,1667.803024886,,617123
2022-11-25,1199.06187580362,144512436238.4548512854212019334661119243,0.793500582717,120521250.116138972617313515,1999941.54635466297297004044,1667.921886862,,622610
2022-11-26,1204.81936440678,145207140248.84037644401938665212274795808,0.797158802359,120521917.673805308106476336,2015234.99801070229415929734,1672.644927153,,597731
2022-11-27,1196.86665049679,144249485277.48774244886314139546246728455,0.792360222507,120522603.932203573423475145,1998878.51609447810339657217,1670.092917423,,582750
2022-11-28,1168.91699678551,140881278838.8176008220953414661664149421,0.776093556617,120522910.71670383106057371,1960158.18616591150382980467,1676.901090117,,613370
2022-11-29,1217.08083810637,146686803345.39726169991383526600475505394,0.80552140879,120523467.918223177561400762,2032500.64495307881385190531,1669.979989263,,573661
2022-11-30,1298.03941963764,156444791465.81738008311710870762957287908,0.852677461533,120523914.065329715166762797,2166920.7201184361256719388,1669.37974867,,525544
2022-12-01,1275.71093571011,153754220436.76710643980439994139739777087,0.8392191371,120524341.473314694379560917,2143572.92225002846300516733,1680.296736703,,512900
2022-12-02,1292.87129018118,155823065222.87087334846258431659104376038,0.849436271739,120524808.932089588334927441,2172954.07605563410458418518,1680.719567801,,574442
2022-12-03,1240.93125043834,149563656576.97745600203947785985706737908,0.818085411382,120525336.535884949295055362,2083221.98216196547888672624,1678.756966936,,595930
2022-12-04,1280.03346960842,154277160079.77960095353676346682515811796,0.841748850499,120525879.785764605795851938,2147428.70320471420174279646,1677.634807363,,631536
2022-12-05,1258.52961747516,151685785494.0320786305286622781278595416,0.829123423519,120526194.52718278940510026,2112400.80918850023909704724,1678.467300139,,541940
2022-12-06,1270.18564289889,153090877542.49272434918251965600598782204,0.834852187791,120526380.059768276436915836,2137134.85063321794417857799,1682.537401191,,543715
2022-12-07,1232.55245441262,148555152907.6788497498923362779855591946,0.810150335327,120526434.69723458297955683,2002598.1271972254055861065,1624.756918075,,517420
2022-12-08,1281.63305201636,154470856902.57566675422469302665576186312,0.840044072494,120526586.498023501190976642,2157122.44433441916316030004,1683.104567989,,528926
2022-12-09,1263.20861864407,152248268252.30498753446746467551869460721,0.829916795629,120525039.178190934057552503,2113179.73088321456638442448,1672.866777264,,1505651
2022-12-10,1266.7714421391,152677859894.7250770467603040581353861857,0.83270760616,120525183.009264605832637327,2138928.4794876930735527808,1688.488079488,,733794
2022-12-11,1263.06966656926,152231868108.20074835111175796655974844036,0.830551080132,120525313.953340170018803486,2129437.16026122996027708826,1685.922175651,,723882
2022-12-12,1274.78023495032,153643299851.46864440170691574502621934592,0.836943534479,120525323.219697034649475456,2150349.3317925501041020848,1686.83924714,,671702
2022-12-13,1320.40190677966,159141672924.37170288595886878491863108986,0.865837129863,120525176.544544493971094971,2229353.67282408447239977092,1688.390225262,,554771
2022-12-14,1308.14814056107,157664918842.08383600298581519479591932091,0.858163679211,120525278.409569666968856113,2212117.59967894411174965609,1691.029884987,,562476
2022-12-15,1264.12830508475,152359311421.025156595679755035972240977,0.831946780758,120525195.748077681288870572,2138608.34531459226002227,1691.76525572,,538073
2022-12-16,1164.54822443016,140357231411.20787767719956877337450840008,0.773711748906,120525048.655574457986136313,1974258.98801747427842036064,1695.300329004,,559966
2022-12-17,1187.08355902981,143073670397.44869894598554476351594955775,0.788530923041,120525357.553078399628756275,2008688.27670454458211077719,1692.120374699,,537857
2022-12-18,1187.40088690824,143112266650.28839166361936577728728752536,0.788911395205,120525652.480288087855547139,2006965.4754736456899719604,1690.217261585,,517630
2022-12-19,1167.13473611923,140669961099.47218933314192479186478101368,0.777389651984,120525897.093257180396962216,1980071.08089082082849300424,1696.523134488,,515433
2022-12-20,1217.78852659264,146775184341.36543568423090928936477396352,0.808551206596,120526003.601003631816228918,2069575.75350456071750213184,1699.454140281,,464890
2022-12-21,1212.37697340736,146123164773.72745242195508085019083273344,0.8057080071,120526179.545501733908550154,2059268.41791331638887705536,1698.538048051,,543410
2022-12-22,1216.84605055523,146662095033.10407326605492784847695270295,0.808533062292,120526417.426579303534983165,2064629.0072785805341720475,1696.70518825,,522781
2022-12-23,1219.86765049679,147026684681.7293341683661594009390391196,0.811961600651,120526751.09619707473289124,2076328.14006062477635585185,1702.092960015,,522082
2022-12-24,1220.58067533606,147113300786.8692501043440274586715742017,0.812103234474,120527306.190854482917194695,2069399.35017091344177030834,1695.422016739,,598443
2022-12-25,1217.7824880187,146776808441.9767828681087665369272708147,0.810416390467,120527934.903037389124799081,2071336.9667592137256838703,1700.908813469,,570853
2022-12-26,1224.37791788428,147572403933.08979363353446885297241805192,0.814582873304,120528475.544621304435807414,2078791.04337473658682653008,1697.834478236,,530742
2022-12-27,1211.57558153127,146029584309.57288830906359575654786104574,0.806833491648,120528662.458689505235774162,2059826.42894458883512720869,1700.122105747,,505048
2022-12-28,1188.10792518995,143201142187.14626920745606213208345810565,0.792903590025,120528732.408086442556588487,2022639.11498484252955912785,1702.403520843,,507677
2022-12-29,1200.92096843951,144745504353.90908927450769348159570113868,0.801456527302,120528750.981834383235185268,2041299.09951356241547612931,1699.778047981,,505412
2022-12-30,1198.58331034483,144463686134.88349477628033363412581969993,0.800593267926,120528698.245699403039589971,2041995.53636284047217925243,1703.674261721,,528156
2022-12-31,1195.33087931034,144071759610.44981378651228947647488831448,0.801256024125,120528769.150156720387420572,2037851.32903346391815510166,1704.842871799,,519100
2023-01-01,1200.00591934541,144635534176.36087648894321173585332052972,0.804276161795,120529017.269563108408187292,2045600.73783787438956664751,1704.658872811,,522460
2023-01-02,1214.8377685564,146423295549.030340124783921020225470358,0.813642536858,120529093.957151282974456345,2070118.777473863114857742,1704.028991405,,473406
2023-01-03,1214.22573816482,146349341009.24181142537509399460576018498,0.813232066457,120528939.890892208671463889,2067965.3051808306401068904,1703.11437172,,472981
2023-01-04,1255.92211689071,151374560808.80117740889130528844345197482,0.838466602499,120528620.981338885360151542,2139309.06848777546647236445,1703.377175795,,507141
2023-01-05,1250.14810315605,150678079502.5646934622993468782896739489,0.835082207446,120528183.118601485000726818,2127466.8625308131619154779,1701.771859798,,626236
2023-01-06,1269.2522521917,152980209341.5333187187910751722530913953,0.845719030776,120527821.855247837109325109,2166925.1606263168379075898,1707.245472194,,501852
2023-01-07,1263.50416335476,152287577991.34701480423750826808534187736,0.841983275157,120527958.995405792003731886,2151131.78419483311450573948,1702.512620523,,577380
2023-01-08,1284.640028346,154834843478.672358233973341159068532598,0.854887323291,120527805.503636180897295863,2192064.493844418172445736,1706.364775716,,784959
2023-01-09,1320.62153097604,159170800152.48889428403427328484007568132,0.876079984169,120527188.463184859068916833,2251662.73803445994915615392,1705.002292648,,553880
2023-01-10,1335.65639655172,160982298017.4821674952950683039659211296,0.885226984761,120526730.10296067190239368,2279278.14829030979502590576,1706.485406108,,520294
2023-01-11,1380.51409789597,166388176463.87162502098559906428503369003,0.912329613617,120526242.156789600559773799,2391295.68032824975125813814,1732.177660462,,508868
2023-01-12,1417.14464611338,170802435108.30177547240887719257898050188,0.933327786276,120525759.721662572498733326,2491954.27868551837545509814,1758.433259103,,515485
2023-01-13,1449.88405055523,174747167488.54326555145401264214276079745,0.951605377873,120524925.715007493907330315,2564689.81352288960269358469,1768.893045303,,508590
2023-01-14,1551.58092372881,187003107980.06765423410371975227604007529,1.011178324706,120524237.647015968495883609,2746205.52190795309302624288,1769.940246048,,541020
2023-01-15,1552.31962039743,187091767585.56709227071282396463826163385,1.010706549237,120523998.490508829328994695,2737644.39442771644074775948,1763.582936436,,534997
2023-01-16,1577.95188194039,190180220044.84910399473439135874946714399,1.023472567487,120523459.695733299570409241,2792705.66410345782871798496,1769.829420064,,518753
2023-01-17,1570.19011279953,189243812500.60270336965498616715905394745,1.017808781308,120522865.962514134305442665,2806164.0171428886485200473,1787.14920841,,489795
2023-01-18,1519.97825832846,183190700145.29652600421843309168231241502,0.987585722367,120521921.377187156915679737,2717534.16750000732033174954,1787.876999299,,548397
2023-01-19,1550.32473816482,186847518595.57728343103324995389426699838,1.004798791336,120521535.905281364273195759,2773285.86962412029744723892,1788.841912506,,502409
2023-01-20,1658.07273027469,199832810113.94968156834167718465264707963,1.06577495116,120521136.657765145525202727,2967635.73707423458388076884,1789.810352036,,522810
2023-01-21,1628.12569403857,196223567559.47620484475726933063607805009,1.047323247192,120521141.750882351966263937,2916479.18546217128012310109,1791.310828237,,544098
2023-01-22,1628.26689450614,196240874022.45433213617105417408104837164,1.046949461025,120521319.130531724531545826,2917296.5156636289628213238,1791.65745217,,538685
2023-01-23,1627.93555610754,196200710929.03731399256418167616042300412,1.046550321063,120521177.999306789826340478,2921611.21977362567828473188,1794.672527922,,504730
2023-01-24,1553.74205523086,187257990737.72495077308288741317877302366,1.002639933816,120520642.475563007948043481,2788815.17447767830308348614,1794.902290949,,487133
2023-01-25,1607.73188661601,193764339634.66672853843041142404855020453,1.033054736032,120520306.431507208766995653,2890096.1597737648255032507,1797.62321307,,495479
2023-01-26,1601.93506399766,193065121886.63696373027202717208148860832,1.029680747209,120519942.553001624287965552,2881116.2135592974562921972,1798.52247342,,498585
2023-01-27,1598.01924400935,192592581216.95369446755029480810983449765,1.027282334434,120519563.164801810454267219,2871272.282026547389962312,1796.76952752,,545774
2023-01-28,1570.18742606663,189238580818.83747081079202576348956958875,1.011052641492,120519740.304433720840602125,2822000.42972856596222159028,1797.237949356,,516329
2023-01-29,1646.29684132087,198410913779.3424373175052967075533081351,1.050660991346,120519525.27598352917097073,2962376.8011518485527589407,1799.41838361,,511731
2023-01-30,1565.98836440678,188731993435.50787726426000017497622102018,1.004587534856,120519409.802257631427009531,2822379.16132069603601658812,1802.298934954,,516109
2023-01-31,1584.82108328463,191000455950.13431452336804687156467902609,1.014968784965,120518623.814793798163374943,2856002.13288300113378737596,1802.097513092,,519408
2023-02-01,1641.90211075395,197878282904.4833618801019339333501416652,1.046974172249,120517710.287624293392708776,2959121.19332010077773525845,1802.251896711,,516810
2023-02-02,1646.33768264173,198411029308.84254186009825648539261210914,1.04863315802,120516605.676224460310624618,2963418.75003576526215674986,1800.006633682,,501303
2023-02-03,1665.60525014611,200731055289.71536875455089463826836833646,1.058472560857,120515383.385172967056956186,3005722.61215836683595236533,1804.582815703,,457501
2023-02-04,1671.04695207481,201385893390.00644385625084692901698177173,1.061263587673,120514802.495502072213206333,3026084.53210475909916702233,1810.891386593,,500595
2023-02-05,1631.12114172998,196573733122.00422345838599294968830086282,1.037379845004,120514490.366740366944010359,2943953.51308506340250617258,1804.865032871,,537665
2023-02-06,1614.27482232613,194542326912.55455664754735609950757621828,1.028827578105,120513759.009276924980653556,2921910.91970990056376083183,1810.045525891,,503555
2023-02-07,1672.72231092928,201583543708.04700182988549821292761415872,1.061084571383,120512258.604392841603215849,3027477.02537316578014061056,1809.910112152,,477571
2023-02-08,1650.23299795441,198870465994.68152346056656903020766306472,1.047727336256,120510537.749031000091869992,2986518.62568512621003551572,1809.755731092,,483612
2023-02-09,1545.6244585038,186261072070.6518429322236327746743283838,0.988964496252,120508620.995139299015202601,2792604.3917764702371398028,1806.780668106,,475694
2023-02-10,1514.2499868498,182478878134.8979375422010738849467585486,0.965671773336,120507762.733762006962997007,2740054.7162451829281938928,1809.512788536,,497617
2023-02-11,1540.18145032145,185603684832.60591557198213586346622621585,0.981026059154,120507674.465153910024795073,2783453.8900836890509266056,1807.224654928,,509167
2023-02-12,1513.77351841029,182421319275.83232966439207104757377994635,0.965871970915,120507669.778372512017364815,2734089.03405123566320591233,1806.141408077,,494505
2023-02-13,1506.22274605494,181510258162.88252651036241045921548908944,0.962126546613,120506916.150542501857193176,2732106.2281380122691204045,1813.879278675,,492362
2023-02-14,1557.42669579194,187674794282.76429439074155262884927726672,0.991449034797,120503131.729954740661820488,2815571.26713398921202341146,1807.835498609,,537767
2023-02-15,1672.84323933372,201579180130.95255678078846354185059675068,1.055848690206,120500938.397096862474696769,3030961.24495416257671279464,1811.862088262,,478642
2023-02-16,1643.89578404442,198087170822.25899769792791459168896802148,1.038929310162,120498618.431219511581406394,2977111.72923252869935753386,1811.010015433,,477690
2023-02-17,1696.04581063705,204367936526.31569820106454701819997506075,1.067263324075,120496707.839249501445996115,3042570.0576685165551641997,1793.919738834,,471665
2023-02-18,1690.93641057861,203750564961.84804730829122503488917275057,1.064316147695,120495699.121014273292442237,3048131.90628168508707656079,1802.629529539,,456014
2023-02-19,1683.20734979544,202817955576.06287231858943296022629604936,1.059821200692,120494932.249856986223129419,3051373.61866771764769870872,1812.832874713,,451883
2023-02-20,1700.88487288136,204945561619.0208884483732676675819707248,1.069569114477,120493494.23152653119280318,3086349.79690871974514052896,1814.555380036,,466024
2023-02-21,1655.09468264173,199425540811.74325083399726263111076928091,1.043540090693,120491922.850864413074654567,3005315.36301364481457504336,1815.796639632,,482474
2023-02-22,1641.94119491525,197837484557.214024284712351075651634978,1.035299294168,120489993.898609475638145192,2980890.89527213543095969675,1815.467511567,,478581
2023-02-23,1649.39288398597,198731777045.419934084258761813273930345,1.039405810967,120487834.6298906297476885,3006666.41267667783686725641,1822.892800053,,513684
2023-02-24,1608.29904324956,193778190103.63510838574083844245756305716,1.016996201283,120486417.570769217958665211,2926880.4296294784120778764,1819.86082869,,551238
2023-02-25,1593.90391671537,192043075573.1748191693575385583846989037,1.010473992041,120485980.08901733797677501,2907145.9791301396554548112,1823.91544976,,569007
2023-02-26,1640.57851431911,197666090417.64837158216704155103872900787,1.034829913295,120485602.299677692251135317,3000678.85304790428583792329,1829.037029839,,566024
2023-02-27,1633.62932583285,196828629198.0311978059836885525698981925,1.031598062192,120485489.63069382815288305,2995100.50346639985536351955,1833.402753063,,524438
2023-02-28,1606.66273436587,193578342136.61922429917807544563991612762,1.015403600275,120484740.198460016315264526,2942363.80115107474187022192,1831.351246416,,480872
2023-03-01,1661.70797282291,200208064313.60696864949636182441595807149,1.042701780437,120483302.474317102337615839,3052533.98042947073610317929,1836.985818419,,478680
2023-03-02,1647.85497837522,198537243456.10547575399224118033204374234,1.034281000671,120482230.573386132768199397,3025663.19418340411320023268,1836.122252194,,514379
2023-03-03,1569.16893132671,189054958974.78200307339377310796173514014,0.99018783893,120480947.080018163355339234,2881891.47505366542033997209,1836.571842279,,487088
2023-03-04,1565.88301373466,188658092486.73751517717066261625888708774,0.988590635133,120480323.773858731114204639,2877368.52999303525778332822,1837.537354167,,462695
2023-03-05,1563.63009818819,188385300743.31203012510850189183720851374,0.987402151623,120479454.163486562437660346,2891839.03362508842609590078,1849.439350762,,432041
2023-03-06,1567.53606341321,188853195198.2779714491603196100488513729,0.989863683307,120477735.47682351877909049,2904114.93061661017736870664,1852.662275784,,460020
2023-03-07,1560.02789246055,187946252643.70692843827172302946846702795,0.985863992424,120476212.990826197705795069,2894520.33762571737989246595,1855.428580229,,444134
2023-03-08,1534.22761718293,184835465408.17498161559723718524011048705,0.971574960145,120474604.509831713068826685,2845832.53019160423640017406,1854.895908742,,449531
2023-03-09,1436.66890824079,173079347246.83615747399876169854023706676,0.916332822572,120472675.544132776575496844,2670980.58159506354689742428,1859.148316132,,460423
2023-03-10,1434.1492194623,172773752590.0483077071381179400394634707,0.916628042033,120471252.395079014246489709,2656682.9939315441240359719,1852.445308953,,464631
2023-03-11,1477.24561835184,177954530955.63648118015832529263632235568,0.944032449934,120463739.235307394337187177,2755425.95318888464640541696,1865.245642944,,412067
2023-03-12,1586.49992781999,191114704252.1841276381464364859680777444,1.007535120017,120463103.02377063254014556,2954554.69245974353634390511,1862.310007489,,481016
2023-03-13,1677.88656078317,202121054849.75726675005896027507968551877,1.057541458189,120461692.449229275115354681,3124840.08823442619541391036,1862.366718508,,584948
2023-03-14,1706.89304383402,205612921102.02036629982585782903794134732,1.072194457327,120460342.752450969616745166,3177020.9702163818724221208,1861.28883804,,510874
2023-03-15,1655.43240093513,199412254388.87671250174439096481362079932,1.042214831224,120459315.811525491772972764,3078790.42953356720803239252,1859.810420404,,494979
2023-03-16,1677.25818614845,202040223238.11522124492028829716891334155,1.053502183777,120458629.987114659772084199,3131688.4052005567955258061,1867.147485738,,467209
2023-03-17,1791.02045382817,215742537095.51641700195933047649687470966,1.114481686115,120457885.689905524384399798,3347753.89030099427997492191,1869.187972223,,504502
2023-03-18,1764.36525336061,212531663643.5177757794847016072098127095,1.098631339233,120457860.54713211170203395,3291352.40288476033066847068,1865.459771788,,504683
2023-03-19,1801.75050058445,217034967814.95560714890497443159090447155,1.118952838426,120457836.833986739235694079,3367127.4750110582393207516,1868.808957688,,491964
2023-03-20,1737.37734073641,209280166576.37725980786433790361139865376,1.081583557838,120457520.464536009870242336,3252607.96810045045160110617,1872.136749937,,524591
2023-03-21,1805.09059409702,217436527921.22289759936303658330465618774,1.117792413795,120457404.538188026373964937,3380525.99507406408544522604,1872.773591602,,512051
2023-03-22,1738.26925452952,209386995425.58528356898068302833150422312,1.07983282199,120457170.188089170914475431,3254363.42011122240968334816,1872.186033108,,515905
2023-03-23,1819.24090590298,219139655128.33787340857736955605636270188,1.124169364759,120456644.536347390740505806,3402678.25625813532862190188,1870.383545806,,518217
2023-03-24,1751.13301110462,210934603026.43795989028814706430268656248,1.085743143537,120456071.405666537171931204,3285647.8017574645320909165,1876.298248575,,491152
2023-03-25,1742.46973699591,209891076598.91910768161003986787224807273,1.080988683074,120456081.470189558336543503,3271917.74839783009984334468,1877.747245148,,500188
2023-03-26,1778.52934570427,214234691791.55152693007553714628337447661,1.101010754016,120456090.482284348300205943,3337839.59582144695172674579,1876.741367177,,484571
2023-03-27,1714.87305932203,206565105599.98169525839240964017943110049,1.064175357484,120455041.542052447761152483,3210416.56439639110549383945,1872.101580315,,497906
2023-03-28,1774.92046697838,213796356482.1798280295355779874856314567,1.09719088853,120454048.764306713335014965,3322535.73381369603238237956,1871.934994062,,543283
2023-03-29,1794.74885768556,216182370570.13518499418936996138171127516,1.1072137744,120452713.840373055879752661,3365727.3819319087958051934,1875.319417265,,583946
2023-03-30,1791.79660169492,215823973061.25333356334890642363507970156,1.105082033271,120451156.597293609790008543,3360325.80799413801550863372,1875.394676391,,558559
2023-03-31,1824.00190356517,219701303525.28185377170842443019741029219,1.121004215258,120450150.351190199551960807,3434281.15580222307069497741,1882.827616073,,547486
2023-04-01,1822.41595762712,219509559004.97419456698648855503074143464,1.119787257568,120449756.866037879540558047,3430669.46361729508111433136,1882.484319378,,500064
2023-04-02,1794.75583547633,216177406933.90989391619424756323687973029,1.104527307785,120449479.901836448496378613,3365834.70011825464274740541,1875.371921677,,508193
2023-04-03,1811.18531180596,218154253837.05772518844434096612080341492,1.113221095039,120448334.256605057963056177,3404516.00535340424851886108,1879.717101923,,499715
2023-04-04,1868.19117066043,225018121847.3342680960316456021044990547,1.142888851129,120447053.48210559231197129,3487136.54659456185245966974,1866.584427418,,511592
2023-04-05,1911.12547106955,230185945121.89302221298144530377812587505,1.164360115837,120445229.058179433647444211,3550838.5691254457057201334,1857.982964948,,517726
2023-04-06,1872.08796493279,225481749663.00018803194051380332629864196,1.142085574466,120443992.956866868592134524,3441211.19218905272939915407,1838.167466833,,488852
2023-04-07,1866.34243366452,224788448707.74453231252336794604422296356,1.138695219648,120443303.786635572937342253,3495304.56248305528290935652,1872.809887101,,537161
2023-04-08,1851.750106955,223030222709.47661861834982390142987462,1.130420179034,120442937.668422962220694964,3476951.508249352240329565,1877.656977143,,510447
2023-04-09,1861.1328395675,224159691911.4554136720558590070835864975,1.135399016894,120442607.397947392821067037,3484294.7448866646415971075,1872.136513209,,518856
2023-04-10,1912.11599473992,230298895987.47330372607907099853434907648,1.162323883641,120441906.568956782763868544,3582024.50264739886026475848,1873.330128769,,548020
2023-04-11,1891.72326592636,227840913673.740690743502577752751673386,1.150039563638,120440932.23232047566998135,3555404.52261635662017499664,1879.452764924,,545041
2023-04-12,1921.77945996493,231459758120.00285448118928157000924666491,1.166899613577,120440333.004821842023261287,3579265.55330189630416589971,1862.474663647,,526191
2023-04-13,2010.86303623612,242186229717.26890591952457523018942841664,1.236794111212,120438948.527586769660621872,3537152.43671211113374875324,1759.022058177,,576453
2023-04-14,2102.23098217417,253187814740.45518655256309981103970934593,1.280443780192,120437676.395865502687513529,3884139.46605698524101648836,1847.627353508,,597355
2023-04-15,2094.48822501461,252253779311.78697602063227017600757704015,1.257199275099,120436952.711933910319076115,3847935.3540451277642933171,1837.17211111,,653705
2023-04-16,2119.36738223261,255248199146.17811865193395950959038035079,1.280949256311,120436032.603885517904013939,3953383.98949392906481641187,1865.360400767,,559661
2023-04-17,2076.5863679135,250092417761.3434282458829683601936910005,1.266080249605,120434392.532697683200798763,3890673.4401507796805318905,1873.590956903,,457397
2023-04-18,2101.64348246639,253102962302.76994077903357291660465909223,1.272464387279,120430969.578979305147957257,3945714.03165678663024386816,1877.442137344,,442615
2023-04-19,1936.27672559907,233176872098.81778791576349450533450550657,1.180209945461,120425386.008125750682602251,3635393.47871325927025783941,1877.517521463,,414942
2023-04-20,1943.00065926359,233976888241.1283267310926385341106379807,1.189001185487,120420385.41037196701268473,3625040.9079060971230702725,1865.69206275,,428139
2023-04-21,1849.59096668615,222724217796.26416607063756938631834633275,1.143956693397,120418093.409761653905877485,3482813.85105919558415827035,1883.018415309,,488479
2023-04-22,1875.55641846873,225847086616.82570421314235466184960877066,1.163183692355,120416045.282826086283970842,3547094.51289671095413509784,1891.222507608,,485507
2023-04-23,1862.81730888369,224308503703.04316366270053316838258244724,1.160532359194,120413581.424934283407087796,3516103.71390555440765632602,1887.519348858,,461961
2023-04-24,1842.86772092344,221901259454.56242571027698220406040856904,1.154681167363,120410844.975552686454376991,3483422.80545312033891467192,1890.218579393,,461974
2023-04-25,1868.05564640561,224930155379.38491811402386368315709392281,1.163524163885,120408701.856489528018060521,3526983.34992663425196136041,1888.050474681,,496299
2023-04-26,1866.89703068381,224786252846.51305294533881046765129874925,1.161761477339,120406347.619599560014073425,3522755.27658408698336082412,1886.957458652,,496218
2023-04-27,1909.36528959673,229895931294.32551108504052692799735035947,1.182585349423,120404373.404567851313511939,3608599.8724821497715839737,1889.94735169,,511244
2023-04-28,1893.93526767972,228034148797.65564147645928558259149704228,1.174488664706,120402292.881436583417868849,3575532.45153841610811246504,1887.885247482,,490402
2023-04-29,1905.84894038574,229465042811.34997984919453273600824870818,1.179783460328,120400435.705521716626789207,3597321.0022368446106946926,1887.51633249,,514443
2023-04-30,1885.55236995909,227016335265.85258945344102165899927246217,1.167872370965,120397788.405515389093706613,3567595.51196245545827108427,1892.069172303,,447064
2023-05-01,1831.77346551724,220532041357.254842007635907106231112007,1.135502020403,120392638.887245237756294925,3462471.97234374401275261672,1890.229352878,,402269
2023-05-02,1872.31188398597,225399757046.16149702092017105245362270994,1.158875434642,120385796.284274671485655402,3533771.06918011520601869437,1887.383773721,,433988
2023-05-03,1905.09636908241,229335064621.57639614461225982146273406951,1.176506935975,120379770.988716791374784311,3589368.37493122751472667764,1884.087562804,,452868
2023-05-04,1877.04549620105,225946703232.1901315848179206863562853626,1.160330920074,120373589.073617756093839012,3542712.5862888235951422717,1887.387702354,,450578
2023-05-05,1995.59514143776,240191570355.48449703415779281694659813952,1.220549404736,120360871.485402820958616402,3768564.06457690676067864512,1888.441190462,,484923
2023-05-06,1900.32479427236,228701205587.22747043290862431859429933972,1.166227129193,120348482.678613810524518877,3590710.47806211203213322448,1889.524616468,,409974
2023-05-07,1900.28729222677,228678322627.42424709345433607157596446035,1.168010131934,120338815.905808317014464455,3589870.12761724224999959144,1889.119683272,,418073
2023-05-08,1850.24827673875,222639135290.2571503060788457230411162425,1.141602686815,120329329.900893720839112734,3496305.8294745678799198175,1889.641446194,,443089
2023-05-09,1848.22007364115,222380813666.2702943407457397716789632015,1.143253247398,120321609.33527859943085461,3491640.1273210809904714547,1889.190674378,,454485
2023-05-10,1842.46204091175,221673226318.57186946156937025326464179425,1.141727968356,120313592.028672651475319991,3482657.1377855769954457215,1890.219206938,,427186
2023-05-11,1795.59223991818,216019054240.37295095001272966385580908306,1.117492618158,120305183.681466746079739317,3347022.00459462274776696986,1864.021201577,,410160
2023-05-12,1807.86421858562,217486264559.28375121074088736746621443588,1.125769971514,120300110.109725951071555074,3245550.1477423120741126989,1795.239993345,,462843
2023-05-13,1799.58322033898,216485437794.93301633681308265118520717312,1.122365518764,120297541.868696995070982144,3376005.28168236767256414008,1875.992865196,,502560
2023-05-14,1799.90850993571,216520217840.60396833656555074861754576708,1.123806580642,120295124.249586298069434348,3374263.05937559776337386546,1874.685874726,,517668
2023-05-15,1819.31062916423,218846603659.68865607454374966338209462131,1.13464153511,120290949.852925458492551797,3435485.54407647632190978698,1888.344677926,,479793
2023-05-16,1824.28658240795,219437771917.45510779989857964747723446155,1.137530289087,120286896.825064773863536209,3458828.92933036391930610605,1895.989896919,,438043
2023-05-17,1822.18958416131,219178923373.99466471710392233151467709633,1.139583751853,120283270.895149497402136043,3471311.76894469147810603428,1905.022286988,,444193
2023-05-18,1803.8054377557,216961020863.5081481263638239293057496904,1.129941522772,120279613.489496785573970472,3443268.4636628683372007277,1908.891275961,,462762
2023-05-19,1813.16229193454,218081196173.26716981972270556048629378838,1.133419182912,120276710.553354306847974797,3464213.34657392221072589494,1910.591987261,,452814
2023-05-20,1819.32194330801,218819026995.88086028083275940240586277954,1.137012819933,120275044.117815570117654754,3474608.02398774622871485677,1909.836814077,,567922
2023-05-21,1806.48285184103,217271746152.64380025084848933799821310553,1.130371644797,120273351.020861865818937151,3464411.19391567957709761743,1917.765889881,,505370
2023-05-22,1818.20541291642,218676261430.21008103770042866948900617386,1.137026105869,120270383.025343176475824633,3492215.86263863020774947936,1920.693799408,,440862
2023-05-23,1854.56284511981,223042212294.42278410266215489431922657519,1.157415770914,120266731.796847589150359499,3560884.32753442722029724811,1920.066681431,,443649
2023-05-24,1801.14089976622,216612530091.6701857604962211975566149568,1.126848295544,120264067.13643864251578144,3468457.24816577235987129878,1925.700120749,,457564
2023-05-25,1806.9382106955,217306180550.778582339564658143211715094,1.130372934504,120262098.208181835413051668,3478018.8085562671959773115,1924.813359953,,457571
2023-05-26,1829.23536440678,219985152657.1199618771367248287069638805,1.139387169421,120260714.907215356168447475,3534083.86923035731759343256,1932.000626052,,455922
2023-05-27,1830.77384950321,220168790721.71988842427180598452631118901,1.140078068606,120259960.443210303759174981,3550729.563944781686955906,1939.4692386,,484034
2023-05-28,1911.28677440093,229849137198.93876825384421259954229995864,1.18310549631,120258843.558932820881729848,3706707.75507612954812382838,1939.378121966,,425747
2023-05-29,1894.85833810637,227869845714.73952990171940323773073294144,1.17004900622,120256929.572086987488104512,3674302.01031571614721200052,1939.090609796,,452819
2023-05-30,1900.83276183519,228582717591.42257674750443313241805321399,1.170996804122,120253986.663578790046932521,3686374.10612444610359212488,1939.346890552,,495825
2023-05-31,1872.94246113384,225224717650.35773579984601622375478541,1.154448925818,120251808.223735514845152125,3627453.52731071334673356408,1936.767200587,,485068
2023-06-01,1861.87719082408,223889913017.24159608737750077669714592376,1.151425435258,120249560.025033841604744947,3618914.78604368805513733512,1943.691454989,,441316
2023-06-02,1906.95200964348,229308247736.6372746591235211052254475386,1.173499846915,120248567.649853073123559695,3700540.69871659595173148628,1940.552609611,,519377
2023-06-03,1891.8916364699,227496100926.480036943511992263772578713,1.163425598521,120247955.29566764401620187,3682362.5497741102675914168,1946.391896232,,520912
2023-06-04,1892.3073100526,227545330604.3444169131018168959233298476,1.162760485389,120247556.723764595841164826,3682086.229030654250828085,1945.818318975,,499026
2023-06-05,1812.74285300994,217974645394.80422689736876985968090229534,1.117050579602,120245761.848058977852496911,3521695.22015120603163742356,1942.743955274,,553237
2023-06-06,1883.15331735827,226439455252.7375134155043504715740202025,1.155542003609,120244832.51867771171445075,3671958.14315299682211516072,1949.898666936,,521356
2023-06-07,1831.89239801286,220274555389.54219503002111309814713906088,1.128287989233,120244265.235493298760385308,3577578.91308864385230684738,1952.941623083,,534812
2023-06-08,1847.23547516072,222118399931.13509399096458632861332369008,1.137840449761,120243684.640048139501877014,3602935.75608806423282317664,1950.447468412,,506910
2023-06-09,1838.42196376388,221058122734.61086484866205570790505974364,1.133175232876,120243408.255430709380892903,3591550.75648212673057925268,1953.605226261,,568104
2023-06-10,1752.90041496201,210773730172.63527757142134287132933011736,1.087641433307,120242843.445959993793448536,3443350.88939035617986423364,1964.373366564,,645859
2023-06-11,1751.8336811806,210645679899.2550415696944946868482769076,1.089851517006,120242967.218952083665271046,3434873.5896588301377383242,1960.730420107,,722848
2023-06-12,1742.45293424898,209517882772.38154405211424752096611932234,1.086535216597,120243065.769054181831309733,3421515.15539537226703643754,1963.619841973,,527637
2023-06-13,1736.92458503799,208853423983.95659530198560187636231262139,1.086535920387,120243230.928410489945949661,3420265.26491381830856435526,1969.150125674,,532081
2023-06-14,1650.15449649328,198419247550.60796561916976291366433378432,1.037512635711,120242830.578752416495723544,3251475.4177822917330352792,1970.406664765,,526308
2023-06-15,1663.84364611338,200065118017.43153378244116559021143405652,1.048858123891,120242739.445361569739784354,3280444.43020546580370882,1971.606189,,556918
2023-06-16,1716.62002104033,206410853327.06428474509638664516590645529,1.079213598265,120242599.292283857567590713,3392936.32174291819132576902,1976.521466694,,570083
2023-06-17,1727.57647136178,207728512253.76316727869938093129485565924,1.085975905811,120242730.609788301636744258,3428996.14012857736514589,1984.8592505,,559942
2023-06-18,1720.11903828171,206832440052.92361340310611933707762042225,1.081995341809,120243096.814704245253191475,3417480.54379038527661600885,1986.769791935,,597861
2023-06-19,1734.98348451198,208619800559.38204419206207240462929186122,1.089410090037,120243104.572296885053885339,3443627.73824064395852389908,1984.818742646,,572877
2023-06-20,1789.79935710111,215211025530.48659316608478830356703713137,1.117183613256,120243101.371462171771478767,3551281.24954527315137291235,1984.178413885,,501731
2023-06-21,1894.31125803624,227777401856.28409008066074615560900445184,1.170051346603,120242859.186938585392562816,3769562.40529553809709374296,1989.938237079,,521987
2023-06-22,1874.36079076563,225378886179.90636554129147605784458899276,1.155649508058,120243064.883919529587586052,3732323.30838475285662215577,1991.251271779,,499018
2023-06-23,1891.57702922268,227449041504.42277375642382122871268288768,1.161274925393,120243076.539098236994237376,3765743.41830679281618611496,1990.795701222,,538476
2023-06-24,1876.10660052601,225589631241.08954204416815173328686951825,1.149083353952,120243503.848789965657956825,3744146.07282277746189141774,1995.700069374,,560995
2023-06-25,1899.80092402104,228439884141.6777429422712008968284556716,1.15975933799,120244116.766809092638117665,3799552.95817374225220830576,1999.974265794,,558073
2023-06-26,1857.5683351841,223362583222.2378491222545868361651944468,1.135570992705,120244611.727891461986592148,3711921.3495299043473740837,1998.269069957,,542329
2023-06-27,1888.94404208065,227135520462.66519076048931167178137563925,1.151877631837,120244705.720598289297615445,3775121.04249206056598665335,1998.535138359,,498328
2023-06-28,1829.66858649912,220007896539.77494312981943135232022725672,1.120475962425,120244670.626792093334095731,3688314.82740326468704771272,2015.837652031,,502634
2023-06-29,1853.17543687902,222831902731.08568707999523617473690729988,1.134034577193,120243285.280298434979313694,3738570.3704456875897914948,2017.38610174,,446169
2023-06-30,1934.61751548802,232622677095.3175401385736711689257900524,1.177182090708,120242205.62100976272377462,3895353.50853251204781432462,2013.500589831,,492936
2023-07-01,1923.13508825248,231242385064.51708008695283907218333234848,1.169316099667,120242403.394887399650945201,3876960.7618467617669655536,2015.958621695,,496384
2023-07-02,1935.59753769725,232741811436.1607117854309997452976381195,1.174331730921,120242874.307977261945748102,3917524.03030376341135014,2023.93522104,,495119
2023-07-03,1954.20382291058,234978806594.91256180119895914146566134982,1.178655712511,120242732.022157479372928379,3949356.87955329609809909488,2020.954433336,,493543
2023-07-04,1938.38063091759,233074157580.2032595146175803573683134268,1.167773860101,120241687.24275308597029252,3926917.60124369163151718817,2025.875382063,,468826
2023-07-05,1912.14585213325,229913487956.262978105031281582157451984,1.153280951802,120238468.053974160040611392,3896175.9276055773133502505,2037.593483394,,330408
2023-07-06,1854.37547632963,222963240943.95590405649703009472920930634,1.123266579428,120236297.227823354476507118,3772339.80342179471147040695,2034.291248765,,357008
2023-07-07,1869.3275622443,224758619691.2924545293433659477119244441,1.133218379455,120235010.830016875011213387,3804220.4046935383746315015,2035.074259605,,410247
2023-07-08,1864.05657831677,224124904986.48045202645496511624740071133,1.131850123768,120235033.417742967504882529,3797560.26918374646615514215,2037.255903795,,441020
2023-07-09,1862.63280011689,223954124896.51401420237594865184315714449,1.132739257336,120235252.424664547701756841,3796342.75891398353415721244,2038.159511996,,444382
2023-07-10,1880.33877177089,226082572900.82048382385009285367421426198,1.143425772667,120235021.632776037673564182,3826209.50047700402313106556,2034.851143804,,505778
2023-07-11,1878.36697545295,225845007119.8339035914138179916925082414,1.142324053566,120234762.467208287630744692,3831940.1290538090004225222,2040.038064516,,493934
2023-07-12,1871.59052337814,225028701237.50807627038194037327046860714,1.138983394061,120233939.222635620544192351,3823780.5375786001282281295,2043.064703425,,444909
2023-07-13,2002.01825043834,240707817829.38803415080070567913215744174,1.206042871113,120232579.186870691808143011,4099408.95200525453760583302,2047.638152703,,461538
2023-07-14,1935.13725511397,232665531317.13889521142269518114902175406,1.167241376815,120232056.254550299461880598,3949515.79970588886714987651,2040.948666183,,512709
2023-07-15,1930.71778521333,232135247799.63911861213335400724646122552,1.163129050199,120232614.822051734967648344,3934349.69973608059535342553,2037.765296341,,495888
2023-07-16,1924.54624693162,231393974002.21154173708560000455073846148,1.158803791116,120233002.647316001057421754,3949792.734499761071481559,2052.32414695,,460558
2023-07-17,1912.2863798948,229919511362.2626306505295324394411100728,1.151318954589,120232781.961722239172619486,3945816.762617019656287194,2063.402638905,,432935
2023-07-18,1897.39907071888,228127495082.68544797092029665947823644048,1.143547373549,120231689.054350222351236321,3926332.73428058643756923536,2069.323630897,,495815
2023-07-19,1889.51615166569,227178590307.3577509813226608192173922471,1.141261389882,120231092.02167444999702159,3921085.01204893917923162107,2075.179409603,,466872
2023-07-20,1891.97682437171,227473088233.31609364887783235597162342924,1.14339320592,120230377.720855876586709444,3927449.00436838549866981434,2075.844140254,,431813
2023-07-21,1892.11009234366,227487360984.04901335908411411258215244984,1.14428920758,120229452.770516145854354724,3935580.47309320422458318214,2079.995497629,,462143
2023-07-22,1861.28420485096,223781389161.1521943787087191556904609872,1.128570116816,120229564.39318798638592082,3885358.33918493655017741312,2087.461081472,,432180
2023-07-23,1887.97183430742,226990024193.74531101501573789496221228588,1.143740235073,120229560.668744775073922114,3940345.11720825937218870936,2087.078337508,,424115
2023-07-24,1849.92425336061,222413222989.67463545484103901027680374567,1.123805751491,120228286.420719255843317747,3871549.00702166341781017548,2092.814881468,,420593
2023-07-25,1857.55349269433,223328577435.86363203733376675422512775816,1.129276098219,120227265.763384129020734152,3889830.64040325207205972939,2094.061170083,,389259
2023-07-26,1871.16815838691,224964126031.26058850582715432999176027451,1.136872685278,120226568.105560786824860361,3927713.20418071115260263878,2099.070137858,,428906
2023-07-27,1859.04174693162,223504041413.11627075518281362201904734674,1.130420341604,120225402.028767503382972677,3907720.95394028925502214064,2102.008177272,,414078
2023-07-28,1875.01526972531,225421043603.68541520533971947615459091899,1.139723518603,120223577.505429931624133529,3948725.69415792300894686394,2105.969886174,,423058
2023-07-29,1881.00276534191,226140545788.49080094709829529863164722535,1.141998914166,120223398.899355269490749385,3962952.24186998620345139257,2106.829567127,,443989
2023-07-30,1861.50678521333,223796689527.53195355478408426611647860883,1.131256432966,120223407.889369951423381351,3924449.4191923967795185947,2108.21118159,,449643
2023-07-31,1856.18514465225,223156114812.351201340233382907032695315,1.128153844015,120222982.85021494643326414,3924287.65899105900242281875,2114.168228475,,532895
2023-08-01,1866.98985067212,224454495736.92295653079484462312575331388,1.134506263653,120222665.193449712006186549,3969399.81148139612202395868,2126.096084589,,430764
2023-08-02,1838.2950862069,221003950761.2066456699058600390737578491,1.119063210448,120222238.757772898964776239,3907102.7410909015301543402,2125.394758658,,439016
2023-08-03,1835.91625482174,220717455957.02041428570551226694950962286,1.118456223061,120221962.944846403901061289,3889435.45909326035384277066,2118.525531259,,463901
2023-08-04,1826.2735829924,219558297308.6775624791642882268982381592,1.114753465528,120222018.953439162692641558,3887986.7912062984712080816,2128.918047884,,483717
2023-08-05,1835.38041437756,220653875630.67235397265580092852710956884,1.120260050214,120222420.323420306998734939,3904735.16904039590218347556,2127.480024551,,456526
2023-08-06,1826.94227440093,219640473195.12835564301846355593159460398,1.116120245859,120222995.697633821339866886,3889213.02974716402142611128,2128.810025496,,470221
2023-08-07,1825.86593308007,219510411361.94902765705128095142643309877,1.116434827691,120222633.756934661736817411,3889354.53342481234204923222,2130.142450746,,434031
2023-08-08,1856.70175043834,223216765513.99805285799956918204710382614,1.133203462233,120222198.024696133655205671,3963234.4785628024214438069,2134.556332285,,426439
2023-08-09,1855.32526271186,223050876575.0365440439293669324929886962,1.132007068308,120221979.97186292037948817,3965597.0851795548116951691,2137.413403935,,479009
2023-08-10,1850.89056019871,222517266863.1688841754087534952912744013,1.129323271924,120221730.90519172782816403,3959571.80585173904607513215,2139.279269665,,435345
2023-08-11,1846.58541788428,221999945950.41041175055237489825754979592,1.126680596493,120221866.695322558950552214,3959306.85008804766744582952,2144.123316334,,462207
2023-08-12,1848.60640794857,222244055147.18748180006459789636243845866,1.127002190268,120222484.457259613792110938,3974509.94448221934792922823,2150.003336239,,456717
2023-08-13,1838.95695002922,221085140671.86797903004124676983353770958,1.121439125989,120223119.235257279669318539,3962565.09502241461773388038,2154.789482679,,472123
2023-08-14,1843.84205055523,221672256501.92628071593039427702139395384,1.124408514879,120223018.254288567879554408,3974273.26367198698593615901,2155.430429887,,452925
2023-08-15,1827.12240327294,219661088203.6331589094104243423239318253,1.116007349337,120222426.155003283551038495,3948325.90647917634425953818,2160.953146547,,450149
2023-08-16,1806.94174839275,217233014584.67577550558205178807853614675,1.106067742015,120221371.152612736016874297,3913240.87525784012146346,2165.67074104,,419867
2023-08-17,1688.89880537697,203038445474.31020616410445040379205974886,1.044129442225,120219426.307777563398099238,3652435.69148149616632769523,2162.613698259,,442604
2023-08-18,1660.65438603156,199642075197.1153411615600678621077086712,1.032728458677,120218919.04564013964340902,3593017.1195906757397447152,2163.61522892,,466951
2023-08-19,1668.86229748685,200629823980.32279086824910430042020994005,1.041437479039,120219519.778505678389164073,3610625.9093257050441308459,2163.525363814,,523589
2023-08-20,1683.56179661017,202397927330.03745928770284964354360478932,1.053022480913,120220076.113370521889418996,3647031.29865248423779283409,2166.259240377,,468619
2023-08-21,1667.28708883694,200440934733.10081717256371907978058628002,1.048613296382,120219808.619116500077448183,3619339.1251616767705184043,2170.795389345,,426008
2023-08-22,1631.88740853302,196183260267.40453585642861332392940763174,1.033068125683,120218624.913444766530770537,3557353.88487003223382916536,2179.901546068,,412243
2023-08-23,1678.89443424898,201833969278.93898603079001150422796196512,1.061112019633,120218380.120621100199774544,3663867.03989329328708109018,2182.309360941,,425302
2023-08-24,1656.64010169491,199158644817.69449003364117146464244064022,1.050951218512,120218413.531059098929039442,3619499.57817670957071989499,2184.843632889,,431316
2023-08-25,1652.96844623027,198716859248.17231925565180285583358504505,1.049488393641,120218180.632160523892713315,3611589.70693758794632930933,2184.911463479,,420800
2023-08-26,1645.92842226768,197871805108.23735064634516555451504091584,1.046068683736,120218961.183998036043764588,3602896.068595873491362052,2188.974939525,,495985
2023-08-27,1656.75394593805,199174568417.6871364963512106439206162466,1.052668599882,120219764.018678698156731812,3605829.4429435266906202947,2176.442344854,,500556
2023-08-28,1652.81391934541,198699864913.79330832838984169482089090036,1.051806708,120219138.154697749625120196,3627676.91775678513185337074,2194.848963514,,392699
2023-08-29,1726.95467679719,207610901616.75679338521938520503861100763,1.09339365627,120217921.411690985580349677,3787274.9996829826636818456,2193.03670824,,412991
2023-08-30,1705.04314114553,204976313567.95957268785082351308461567322,1.079794100915,120217669.935463700494216874,3767341.58185829105561942435,2209.528598395,,465457
2023-08-31,1645.67690531853,197839193427.64839757663964427139851962598,1.045395304101,120217518.267569970839975166,3641745.16528030347119256885,2212.916249545,,454064
2023-09-01,1628.75344476914,195805173737.25819299775957314833619678648,1.036594905321,120217810.968321038202259132,3603885.2455417553021329889,2212.664695885,,496632
2023-09-02,1636.88336528346,196784032517.21047831784738150450135963148,1.041633826549,120218725.836421019705491038,3626172.48795529394290206996,2215.290695026,,580665
2023-09-03,1635.56472647575,196627029264.76708844972216332433449131725,1.041986727088,120219656.294771783288926523,3634616.30836060870226166375,2222.239358385,,590095
2023-09-04,1627.41772355348,195648441580.91220066471681714679876649876,1.036715021493,120220173.806213820412261537,3622568.15073852233767531752,2225.960857074,,415077
2023-09-05,1632.72254324956,196287511882.09198779505544738232382610932,1.041873340396,120220984.694329438712685547,3635709.19271876660088836728,2226.777113938,,453263
2023-09-06,1632.395921391,196248521706.684592158831761176837745799,1.042642876305,120221154.154475567869562089,3638994.569573575559258781,2229.235274291,,472724
2023-09-07,1646.08132933957,197894159962.44261913907073987382944241157,1.050212262361,120221374.506349829934769601,3678483.80503076683380819171,2234.691408903,,454333
2023-09-08,1636.38499357101,196729323799.0320225646295428492445091255,1.044833771106,120221906.56351497822480755,3653632.04729458700959325646,2232.745999046,,455177
2023-09-09,1634.67623524255,196525701533.39088007902035176044931451895,1.043747556324,120223012.543050023839554729,3652435.60140638477956688825,2234.348015015,,472142
2023-09-10,1617.41718790181,194452705420.86592450747280208906814567799,1.035128774352,120224211.091214606156713579,3614095.9223282419723311092,2234.48591332,,480768
2023-09-11,1549.35964874342,186270491674.28466409191033994977236631178,1.002507474703,120224178.953773555985947559,3473903.3213247682861907565,2242.154250075,,506669
2023-09-12,1594.0094345412,191639415690.8371132879137373445613036216,1.05517345708,120224768.773715719694779918,3573075.9962440982720262912,2241.565149376,,580314
2023-09-13,1607.7192194623,193288058297.2728323618174575434582346282,1.065368320104,120225009.415461127549691734,3607010.3077169037393926647,2243.557372489,,1146469
2023-09-14,1627.52328755114,195669470003.65355142157136485756097940924,1.077566461857,120225296.621142958455128166,3657418.06179906565044642692,2247.229326778,,496984
2023-09-15,1643.92288106371,197641881164.86777668888069180132329811606,1.086986634072,120225762.072842754834324786,3687114.55597054224522303644,2242.875622964,,451903
2023-09-16,1634.72032933957,196537335311.30226985744606677208857538367,1.081011934736,120226886.387779683656670131,3657529.8380257565825307829,2237.40402097,,472439
2023-09-17,1620.58054354179,194839363621.79991853961040914767679406804,1.072570560649,120228127.135216087522174876,3596636.74947003517760005338,2219.350814622,,479039
2023-09-18,1637.64761016949,196892190195.89505673437357998339669346196,1.081797590539,120228667.616421764789841604,3679740.55637052233842283034,2246.967255666,,452238
2023-09-19,1643.48128784337,197595054599.76918656861795749418868899553,1.084524870019,120229573.686877744783421969,3720670.56778421144887503294,2263.895911262,,453301
2023-09-20,1622.66867942724,195093891420.64362777830194153636900954884,1.072350379772,120230268.750554004966601841,3688274.95293276736161781824,2272.968597776,,462906
2023-09-21,1584.68828667446,190527878989.11094057019032942892115704842,1.050285716974,120230508.795481985160575327,3600422.6144139244902131749,2272.006832315,,607789
2023-09-22,1593.62554763296,191604397582.13835203712667842800479930048,1.057103647035,120231755.738813127802278838,3627384.51148308815270170496,2276.183710076,,485197
2023-09-23,1592.93375365284,191523484156.3893005316412455463534833006,1.05765183862,120233175.872629195267578715,3634407.92199077841278874672,2281.581336108,,529009
2023-09-24,1581.2407817066,190119910487.4617028472974591197219469538,1.051943706415,120234636.424105677521116493,3604147.5457501402575108016,2279.316083576,,509942
2023-09-25,1587.55197077732,190880225813.88770183380287924186677488456,1.057275334454,120235576.111833481464265058,3642645.01295033956175557088,2294.504419384,,463901
2023-09-26,1592.03694038574,191420619777.40473081715570463024547243672,1.061763541268,120236292.840682944967841428,3652971.6321315786056023959,2294.526929285,,461614
2023-09-27,1596.47206604325,191955491423.87301006376066972930670259,1.064779977129,120237300.42431744422417532,3666783.666909032098318593,2296.804150164,,480193
2023-09-28,1652.89402893045,198741273785.69463758623297673639034789765,1.098132199318,120238363.928445902684942417,3796208.92701955913452208175,2296.704362515,,482888
2023-09-29,1667.55800642899,200506542881.67886813496892409185872720671,1.105444564886,120239621.115822985693783429,3830738.14696410040160203506,2297.214329094,,488093
2023-09-30,1671.13527235535,200939047048.9350560004998463628934503606,1.104693725871,120241042.345857087266900516,3856824.5293073305042310593,2307.906842198,,472166
2023-10-01,1731.54860958504,208205738286.41818552212073299316212158952,1.13786652983,120242502.655651125164837113,3996798.74316618869304381936,2308.222085734,,474950
2023-10-02,1663.19262887201,199987427210.07105956103879523138668527639,1.094820050682,120243093.757398424070966839,3861188.43175955153885688613,2321.552155013,,440326
2023-10-03,1656.90272647575,199232909522.88464875415644115798358698775,1.089829057162,120244179.902253646340889217,3835420.749447432070304574,2314.813469832,,452017
2023-10-04,1648.97039859731,198281236469.43821961206513398720301294176,1.084271145048,120245479.626623589743960096,3825297.10712734573754619194,2319.809446174,,470040
2023-10-05,1613.01122939801,193959491197.46590437493894871976105454758,1.06382479416,120246832.546759947294206358,3721404.85765601296187884687,2307.116522087,,482454
2023-10-06,1645.72665341905,197895767703.93906649599312002873479401365,1.084174764512,120248260.725925687999897733,3785221.53756562803205706745,2300.030524329,,496999
2023-10-07,1635.14589070719,196626137809.67510325296776649688498374562,1.078253441922,120249904.872179676289563998,3780090.725605146390246321,2311.7758159,,516225
2023-10-08,1632.99003798948,196369560847.40661445696926944977256835912,1.079033410266,120251536.310150877123080194,3781329.45749115872001997704,2315.586359698,,478609
2023-10-09,1579.55456808884,189946117818.44530789697511451557353112812,1.049885994139,120252963.497340874785068743,3657314.62414853288645725764,2315.408848821,,459613
2023-10-10,1568.32793717125,188598423655.27483365248061741788939219375,1.044621864061,120254456.472569523564862115,3631073.36183249784625408875,2315.251342383,,454990
2023-10-11,1565.31241496201,188238045386.17737950678502529951909793135,1.044940454864,120255894.981032205610606135,3631562.57884405282886646486,2320.024133286,,486645
2023-10-12,1538.10105201636,184967904211.98638514717204978990202390068,1.03106971382,120257315.973813517330485813,3585658.48295296012306076544,2331.224257504,,478310
2023-10-13,1550.26081034483,186432435719.51644715359155583776999154536,1.040885337731,120258755.478729814825068792,3607406.8664625013563013981,2326.96772207,,477264
2023-10-14,1555.66229076563,187084692502.79289745947535683948481673892,1.046083306346,120260479.162683738254110284,3616420.76116168934852388706,2324.682408662,,499942
2023-10-15,1556.29597632963,187163539843.90664198056956673609663247163,1.048015762438,120262175.505531616865583401,3635732.24666835514175567595,2336.144475065,,509670
2023-10-16,1600.99388457043,192540809584.78709780055273453753636530534,1.075690440317,120263301.090902420311350338,3764975.25094147389365562745,2351.648739715,,445496
2023-10-17,1565.29439362946,188249629388.6948468902089407784877110202,1.053861656128,120264680.02111666760702237,3673047.7453990000426896254,2346.55395199,,469524
2023-10-18,1563.40930859147,188024935495.88892756906467857585088498812,1.053214253841,120265969.034869795507198196,3658219.03777062851357922399,2339.898462717,,443137
2023-10-19,1566.42841876096,188390109296.98366255147243953885598432512,1.054657825184,120267295.358443287304757922,3678546.64650251058287579776,2348.365621081,,438038
2023-10-20,1605.57386294565,193099485845.70489217252635074071385663445,1.077340675588,120268204.597848183265063153,3776548.6735181583120754479,2352.148823966,,469116
2023-10-21,1628.75319929866,195889538097.25387066888976599864435991154,1.089883795427,120269625.982379509771874469,3819598.81531526788290893142,2345.105947887,,467937
2023-10-22,1663.03004091175,200014370740.02507060291380089232203113975,1.108389718946,120271050.924833528516536497,3887153.594833993999951625,2337.3922895,,466832
2023-10-23,1763.06074313267,212045300673.24196830273004698618118987103,1.163271545372,120271125.937766738661123109,4127513.92101713183105875028,2341.107041884,,443611
2023-10-24,1784.6231823495,214637684002.6964312916002802207266440875,1.169752403846,120270590.523272637788539325,4185531.5237454588596471025,2345.330692295,,462901
2023-10-25,1786.28815692577,214837299092.8946105448593517722229346612,1.164696874767,120270236.50127814747659956,4172461.63201032715019419068,2335.827853884,,452980
2023-10-26,1804.61282933957,217040660414.36270546994654625721561014042,1.169338863439,120269930.971172678618957906,4237873.25449452159648851984,2348.355938512,,446883
2023-10-27,1780.84673845704,214182913255.1460899298558157410298162584,1.150824760616,120270267.30032832671696971,4190179.51929335569482635928,2352.914166507,,431981
2023-10-28,1776.20995675044,213626773392.66627805584218998580928067764,1.144203287,120271127.059491616465929381,4177900.09638962206294013316,2352.143157689,,430136
2023-10-29,1797.71945149036,216215228566.22870205214501573468137908616,1.153259692296,120271952.549092237307150406,4219308.963912855474166334,2347.03416065,,442265
2023-10-30,1809.38564757452,217618310857.98127455822079817404403356864,1.156145236002,120271933.818917180313289232,4250219.08599513494438857064,2348.984635582,,451831
2023-10-31,1813.54269783752,218117786556.80874983594431873842169707336,1.155212602531,120271657.687957280604971793,4256240.82652400222205975048,2346.920660649,,443637
2023-11-01,1846.08104295733,222030361844.86212091791513116402728398517,1.171735182741,120271188.901425760726117249,4344320.11300085005554847551,2353.266195747,,448247
2023-11-02,1799.2211244886,216393666196.2942877286221584381066612558,1.144807563064,120270745.630446478358257653,4229447.4154269246367486978,2350.710181123,,430684
2023-11-03,1832.61355727645,220409740045.07369678375363144562263816465,1.163068663472,120270713.468166741301411717,4316880.37494848507585750265,2355.586838157,,449646
2023-11-04,1859.52932407949,223648007470.49443286804624426002909241984,1.176166848225,120271299.072524907009625216,4382382.40934289071437863114,2356.715945586,,424516
2023-11-05,1896.54958766803,228101025215.86718239887868911934822932413,1.194616778942,120271585.145494092147949871,4460727.35204759748169690679,2352.022526093,,412472
2023-11-06,1898.86499298656,228377819924.65281627272889140221354375264,1.193177513788,120270698.953408560977490569,4478801.80846956525649687872,2358.673115262,,425120
2023-11-07,1886.19089158387,226852300965.66796566180313500442871310311,1.184161865554,120270064.911179704590203453,4464692.33938679516836460541,2367.041617743,,452904
2023-11-08,1892.6552150789,227628332105.0418300822477837157058497156,1.185943141178,120269307.527072532182446004,4480230.6767289125420079618,2367.166846362,,435097
2023-11-09,2115.80718468732,254460314800.61240049008708759123446677564,1.299757922809,120266306.231594193741516177,5026359.3394361978877873156,2375.62258783,,465799
2023-11-10,2080.74105844535,250239215675.342562489596980697160992002,1.271403282763,120264467.63265762492076172,4939171.69581208063126080295,2373.756059537,,503810
2023-11-11,2046.32508503799,246098573286.51085813362496425502320900999,1.246900913777,120263674.176648252910242801,4843279.5362783923266383598,2366.81824002,,477097
2023-11-12,2044.94616014027,245931430048.25092800989065048584661345562,1.241568582719,120263034.226476472221128206,4840066.25967574299097631452,2366.842880276,,445257
2023-11-13,2062.53573699591,248041374424.58660473424181040830281540322,1.245996918728,120260400.814125854718982542,4886784.45450914812469144406,2369.308985466,,404394
2023-11-14,1982.44437434249,238406304665.33743411422919142315003089454,1.200604380174,120258761.229761501989386046,4724833.63283648813908886559,2383.337305191,,411867
2023-11-15,2056.27591466978,247282473649.76607678531802096601064403762,1.236746466134,120257438.160713703644556329,4878401.23089307997703914602,2372.444863109,,432358
2023-11-16,1959.63886236119,235658458179.93798261607611473525855795214,1.185270904915,120256064.883297203431801506,4644006.09121091393247073342,2369.827512818,,447363
2023-11-17,1958.85209994155,235562574722.24764902542774432366262989485,1.186417523283,120255416.286546890450471687,4638328.5989820017138470691,2367.880964122,,442407
2023-11-18,1962.39401081239,235988486694.27430687952594080422799225035,1.190519558643,120255405.078707928968675565,4627960.44147285175968300609,2358.323769831,,435562
2023-11-19,2009.78161805961,241687427766.12206090694279894392772172146,1.217117869056,120255566.870725367817439586,4757267.00038582132170065298,2367.056678018,,445712
2023-11-20,2024.27034190532,243425936075.7507387882319425133877400258,1.223907734524,120253669.204395405892136565,4815427.00434526979055313868,2378.845801699,,478802
2023-11-21,1945.5181244886,233951871053.2416835275292508827363144962,1.18210219359,120251704.730192840185721667,4619079.392411218578010524,2374.21555434,,454803
2023-11-22,2064.39985739334,248243755106.72444169939790088551969765782,1.245928564884,120249841.239659303631791673,4890119.10379191687242325114,2368.784848671,,468822
2023-11-23,2063.22440122735,248100001870.9367210360023471189606520699,1.243141007245,120248675.676455507672604434,4891527.1096181142063011137,2370.816817942,,472550
2023-11-24,2079.30062361192,250031678627.0235385527000127205143845972,1.248484148464,120247969.816263264238310285,4920558.1718636736582761808,2366.44865874,,459777
2023-11-25,2084.53667621274,250661184415.77811242921966845433214111998,1.248270848609,120247912.774165347170722427,4918230.192283365164517171,2359.38769915,,447357
2023-11-26,2065.37363062537,248356345002.9222536629451522115359480525,1.236028075668,120247659.46475407205788325,4869029.94422983019051293708,2357.457203884,,445942
2023-11-27,2027.24106779661,243768743788.73304857385268429584245006289,1.215186689238,120246549.688184392244628949,4793860.04709158787130148178,2364.721257498,,427313
2023-11-28,2049.73816247808,246470053307.87243555369352709911070058496,1.224756321879,120244652.619384598270175612,4846347.84683153837532469248,2364.374111556,,435397
2023-11-29,2028.84542109877,243954373407.38260536656600417504970002353,1.212672156229,120242957.334454416510542989,4802695.18792509229982584497,2367.206066061,,435185
2023-11-30,2051.0453308007,246618749073.3827008947883232366030156903,1.223874767351,120240516.077285390699632129,4868018.2602658892722732685,2373.432798955,,444493
2023-12-01,2086.10865020456,250829909221.05935138487434893301970926704,1.241784484805,120238180.881165239933127734,4956656.77825572990982924816,2376.030020186,,455498
2023-12-02,2164.74958825248,260282765586.54865982546563823065419840864,1.281465457775,120236893.449031689556997443,5132907.8170387104377998176,2371.13236787,,448231
2023-12-03,2193.55490765634,263743672937.4531076184419701262483278093,1.292827597774,120235728.778380467223946145,5177797.589426654588639076,2360.4595314,,484971
2023-12-04,2238.0204748685,269084023727.3609202921690503231445230995,1.309614711825,120233048.244641982614720927,5313630.0014387089727252865,2374.254418629,,501479
2023-12-05,2291.50846785506,275506595270.64544950429945997916841219028,1.328705368187,120229359.452697205945203338,5440788.62073861118695370284,2374.326212214,,478540
2023-12-06,2231.62348100526,268298419851.95318505964224173238602193054,1.288651079075,120225666.262973327289120329,5291667.13141085603108205402,2371.218611227,,470269
2023-12-07,2354.39729836353,283052087495.11484219598728590218986670186,1.341530040191,120222737.127610427018077162,5597791.87301907623619209298,2377.590170066,,514384
2023-12-08,2359.29733576856,283636040794.539176322763085655183005026,1.335529496554,120220557.406827429287191475,5609285.0008703715673101284,2377.523560015,,512163
2023-12-09,2341.9603766803,281548755375.9294422952180987199339305231,1.32104155362,120219265.099190677446473877,5563237.2412496429723398178,2375.461727126,,514381
2023-12-10,2351.04702162478,282638879627.4620598589215417489589704653,1.321360208152,120218301.474946157388404135,5587387.78991846746579122018,2376.552973431,,530417
2023-12-11,2221.86452425482,267105263406.49860101614400062467761924742,1.256471026939,120216719.107156947726331431,5270535.46853606835867334512,2372.122787416,,477448
2023-12-12,2201.24024839275,264620982863.8592987606974310493897467925,1.248177804981,120214494.10489111509331327,5221631.6911484643420950325,2372.13166303,,460872
2023-12-13,2260.86859175921,271782996002.96619406089110941962886201151,1.276902564938,120211761.529885494609795631,5368098.66366518842559384246,2374.352354326,,436280
2023-12-14,2319.55548042081,278832103880.70361818368412260032443884988,1.305006002712,120209284.164273729427897148,5515097.37820004936809382043,2377.652711803,,472896
2023-12-15,2221.4636277031,267032304913.8200358215791741685461401065,1.256558477297,120205571.490684370546517615,5280475.8110004715769560331,2377.025554301,,460372
2023-12-16,2224.69860870836,267414141169.1010998660883194046480035948,1.260524980355,120202413.09197354364877543,5255615.5903287867331527894,2362.394424915,,422688
2023-12-17,2200.06795558153,264449372810.90555939833910752401497051728,1.250951842478,120200547.505817989611725776,5215712.30140425059361890938,2370.705090346,,473059
2023-12-18,2215.89467299825,266343025922.6492956964611353378626051,1.261900884323,120196609.1476134162638828,5265898.62029564299408837675,2376.420993499,,469668
2023-12-19,2176.07665926359,261549539421.98158884165758422435226101393,1.240167654606,120193164.293436719715098327,5150349.9712467560922416288,2366.80539232,,494272
2023-12-20,2195.89209263589,263923558093.55238803289606879568374605799,1.250240028782,120189675.521234572243132891,5208211.20014277357113056845,2371.797420105,,548565
2023-12-21,2237.71803623612,268946081401.91783587979056517733697344812,1.270989811663,120187654.139969190910280101,5312097.2921180109951696584,2373.89036782,,567353
2023-12-22,2326.30142402104,279589971631.7469216202297880039461142948,1.309480585008,120186476.586715186635609995,5527677.71589333337060531416,2376.165727629,,559864
2023-12-23,2311.02396814728,277753859978.12035558339282073497845964056,1.297865171528,120186490.407017401074503827,5480451.53618311658479692048,2371.438640066,,520957
2023-12-24,2268.21977440094,272609588572.6540682725553707701398330431,1.275170801645,120186584.937367034393805365,5385771.53679320154924506896,2374.448718584,,527103
2023-12-25,2274.25886966686,273335490769.71559756818914085741971623356,1.276789921027,120186621.855301181599025346,5381807.07181725056283869914,2366.400388099,,522614
2023-12-26,2229.44579982466,267950445079.74305672548963419985725049986,1.253094477661,120187019.168986592392862721,5320027.12843070634946373704,2386.255422244,,513646
2023-12-27,2378.56683167738,285871524727.52885848807870143005096853164,1.323454776298,120186458.887905409863419278,5658733.6972322348884944068,2379.05179786,,505094
2023-12-28,2351.43687638808,282608964784.67859887806314497936630584296,1.303573527538,120185648.027592194905901087,5611768.53185367244098609336,2386.527398717,,543618
2023-12-29,2295.94371127995,275939133740.6993271552611202097343115798,1.27272742886,120185496.005417267631150804,5481535.7718525230683150962,2387.487003676,,480676
2023-12-30,2293.75403945061,275676714946.21928831801587509777319664307,1.272471889989,120185822.108567567744204087,5453870.96410186463416460301,2377.705224841,,514594
2023-12-31,2279.07572355348,273914618990.41264715988203228548060878636,1.265030041944,120186712.604411216163699407,5445859.26470488106730022896,2389.503432652,,503085
2024-01-01,2347.43826125073,282133427486.70919474195511400780750039168,1.296719030761,120187794.560520929079206016,5580596.11704036366772713795,2377.313264915,,562773
2024-01-02,2357.63096084161,283359366280.16011731544768530144119138889,1.298448337187,120188176.600382167532615049,5645441.2750221910675652958,2394.53984478,,512753
2024-01-03,2207.34334979544,265293790915.38190263442740123230306474472,1.225446739322,120186916.521150793454037863,5283093.72439664799830226024,2393.417283671,,477192
2024-01-04,2272.18009088253,273086305344.09161122947684418384189689684,1.254934297516,120186910.553389743441856228,5421353.23900205150706397635,2385.969871295,,475972
2024-01-05,2267.64338778492,272541767132.7625847149534489025633581062,1.252936437664,120187225.469780283269563985,5396593.60931923885782096816,2379.824640148,,489211
2024-01-06,2238.93393980129,269092350636.28601493987557369005121475531,1.239189017329,120187713.381203429104234539,5259352.58489684588240370028,2349.043217132,,483964
2024-01-07,2218.46866306254,266630923706.50438174107452548361139354684,1.230346254174,120186923.595498131018410546,5231060.96256801692302395672,2357.960267668,,523419
2024-01-08,2332.30309205143,280311865330.14355624880721282935399122038,1.285380553093,120186722.851526517245878266,5521265.98910570166210208007,2367.302092049,,508589
2024-01-09,2339.66153652835,281196631712.773864527099166498288662323,1.288006036536,120186884.86456065066879338,5574920.6062941380026715896,2382.789356176,,512092
2024-01-10,2590.84570981882,311381248197.29476221129423149325551584606,1.398758991106,120185176.221501014214816283,6195209.23228429656029790824,2391.191883332,,624690
2024-01-11,2618.69897837522,314726093675.14055305873887031230700883636,1.398165610252,120184143.452186072053604938,6229512.79101373200861849148,2378.857914734,,596971
2024-01-12,2519.14196843951,302760352950.65449301928655389288373599946,1.345366677865,120183918.470541894847388246,5995670.97839913322196626464,2380.044893664,,579744
2024-01-13,2580.01773290473,310078136113.07624936879546714205495813815,1.366660929593,120184498.020473964895498655,6171038.75944709263513117051,2391.859048387,,495542
2024-01-14,2479.10104091175,297947123167.0191598049454754469908995795,1.312651512519,120183533.567248966615336594,5937524.04702629379130747875,2395.031081445,,403225
2024-01-15,2512.73806808884,301989720118.87885989587344842003177315696,1.32378505921,120183525.674273246802647244,5990661.42734043138873543852,2384.116953303,,522570
2024-01-16,2590.58586411455,311342907184.1428791724571119754444286053,1.35335697909,120182431.123763740913869966,6204377.92882895032453431885,2394.970965747,,460330
2024-01-17,2524.52326651081,303399684626.24614951073995933272411860154,1.319144798873,120180981.752479718371411434,6033013.01245405302939986415,2389.763284215,,452249
2024-01-18,2466.73101315021,296451109518.59963507287539013785784971336,1.294832471424,120179747.178841439104711016,5925194.22055448784495137463,2402.043104403,,499927
2024-01-19,2490.05942811222,299252917420.53406974878401171536627947994,1.307751445785,120179026.268222695374547527,5984001.63180281241226434486,2403.156151313,,526104
2024-01-20,2469.73605902981,296812121980.39450172522526977415698652657,1.299074055667,120179693.249080081180233597,5938584.23098889595368703361,2404.542059981,,538236
2024-01-21,2454.59006867329,294994205694.85641342385134496975748510833,1.293855724701,120180640.123872606753678577,5774623.2578830973191899247,2352.58152943,,546924
2024-01-22,2312.20573436587,277883337589.31256131701363670890712825336,1.231293585299,120181060.646630987317770728,5449665.24702245694766220881,2356.911915763,,516458
2024-01-23,2238.99027849211,269085896661.34578255543518695673230344492,1.202481538145,120181806.614438150634258372,5330605.62861570547110178157,2380.807848887,,525689
2024-01-24,2233.65031472823,268446522806.0937385392402966937524713628,1.207390268893,120182877.79246942654804036,5350044.74431492513935580044,2395.202467028,,498167
2024-01-25,2218.09818790181,266576971912.11265429696910725464814414722,1.206067406852,120182674.223397991017593562,5330235.37132948272173314404,2403.065563284,,544086
2024-01-26,2266.88314348334,272440807967.29378131423129815813913096556,1.234242952006,120182996.088918612592379834,5438448.75879974151456340252,2399.086505378,,548880
2024-01-27,2266.63358649912,272413026523.31419489975989226452788237352,1.239397480737,120183971.571719210821260371,5398142.30585812534639248216,2381.568127293,,604147
2024-01-28,2255.09584307423,271028865337.02100786261749385443789143968,1.238185196053,120185076.022110191823672416,5404905.78708065464494074332,2396.752139684,,569471
2024-01-29,2314.929449737,278222075744.928813279336665476931502703,1.268526037083,120185984.837048803924232119,5564984.342462232879114732,2403.954186636,,555438
2024-01-30,2348.3221987142,282234361424.0476536980313169890517119958,1.28308940624,120185535.689515780878625049,5654018.3481008101505095782,2407.684239921,,542307
2024-01-31,2284.19509848042,274526642060.58866784678573140364789886572,1.25048737781,120185286.380843661439159966,5491864.3071189723440351775,2404.288631375,,515245
2024-02-01,2300.17150613676,276445467080.77441409479884917026006920372,1.257368037926,120184719.419064898140272647,5526111.20447959078716741804,2402.477897729,,496021
2024-02-02,2306.20428988895,277170806876.52614740927598518544511615415,1.259516652591,120184845.762242803967367977,5534457.74425289579317856075,2399.812440085,,508866
2024-02-03,2294.85958562244,275808350629.18238123750144869315790582628,1.25217286773,120185283.821787402812040937,5515966.63955859570041802984,2403.618362586,,495027
2024-02-04,2287.55248538866,274931718349.5633795127871012289213571296,1.248067540167,120185971.73426248173647856,5491592.6388393869028452586,2400.64115421,,543243
2024-02-05,2296.7951823495,276043369834.749810362993340787501152588,1.252297782244,120186323.950911479290167624,5535134.850189563580049641,2409.938375318,,549186
2024-02-06,2374.23775832846,285347504304.1384990425443669757747975477,1.28758412469,120184890.204522882499776495,5726410.49804650458124850712,2411.894292372,,495537
2024-02-07,2424.69836703682,291407572330.2561810715513678344000617808,1.306559315001,120183019.99616558585131944,5869319.61093896749796125486,2420.639074423,,489939
2024-02-08,2421.88923232028,291061290860.52174916121134860764847657168,1.301214159611,120179439.660694886076723756,5867838.74343066316030567908,2422.835307711,,456068
2024-02-09,2490.79084073641,299329979260.5578739923707818181794360102,1.328635060211,120174674.79206726235140022,6063122.89667979396698081852,2434.215991772,,470607
2024-02-10,2500.52634102864,300496508640.79874174633317389842945815344,1.327217914799,120173302.600437184660658071,6078580.91163946797383227632,2430.920567363,,472368
2024-02-11,2504.4711899474,300969179572.9267480513924252730468112042,1.324527427294,120172745.760053176925693133,6081405.0371010916674756776,2428.219203124,,507304
2024-02-12,2654.8437238457,319034809846.9319114234218059934367258633,1.384206208787,120170843.572212566356924369,6462555.7861956832621947746,2434.250923378,,505729
2024-02-13,2638.38654091175,317056189146.52499668140391937129440225125,1.366287116714,120170484.585992300188176915,6402079.25974165531288298125,2426.513007275,,522147
2024-02-14,2779.39197662186,333999821754.63172338284092760547352444858,1.412884877623,120170103.592435046578996553,6751142.90625379540797417802,2428.999926257,,550218
2024-02-15,2825.4183603156,339527152869.9586003358865948334803207192,1.421352188692,120168806.729221270060743982,6906690.4310128766076458472,2444.484161362,,534338
2024-02-16,2802.71410578609,336797511655.58653226952020632032354725193,1.400070738839,120168343.592477620565194777,6854481.99513244241838305874,2445.658649586,,545912
2024-02-17,2786.64820397429,334867852776.84425709291880489111656188613,1.386165130135,120168685.914231674579822097,6792574.39128011015646966166,2437.542845054,,535786
2024-02-18,2877.23226680304,345753391043.19027822138094377927858539952,1.417111852234,120168745.162643733922999013,7003884.86773478205578176656,2434.243821239,,504340
2024-02-19,2948.52049386324,354316704848.2191605668251031012465999326,1.435039686899,120167624.944665989136671615,7226118.90815009727619806228,2450.760957297,,537690
2024-02-20,3014.12615604909,362195802464.81571255403563800836431775305,1.451406690636,120166105.767643508821301645,7410368.15105026095953695728,2458.546114992,,535843
2024-02-21,2965.02309906487,356289925059.19503491484534889977590936035,1.421176896567,120164299.958258091390522805,7278458.31905965081454116551,2454.772889073,,494220
2024-02-22,2972.48551987142,357178747700.2718416650623186310701760739,1.417723689474,120161644.291448802713783045,7324422.7741110214628314279,2464.073491745,,480307
2024-02-23,2923.20721975453,351251792800.34740016459060433850719221472,1.393199636223,120159730.869111293896240224,7238040.30577813157195668587,2476.061312679,,525471
2024-02-24,2990.13751957919,359292541323.70955101907358834556116271513,1.417007813987,120159203.037014078619728327,7411905.33341519609249443758,2478.784097682,,542711
2024-02-25,3111.73178638223,373901389054.79641991359831656198549241328,1.46250740699,120158617.362553172055141136,7702881.60361372614897094544,2475.432374128,,563938
2024-02-26,3175.87239129164,381602696978.15136730068580230523436786168,1.476642594347,120156810.463959486934239562,7864194.10581190373338994348,2476.231138057,,566336
2024-02-27,3244.34883255406,389821991485.66352844188986717940939608008,1.490694954335,120154154.687115629339313468,8064810.67008565981993828868,2485.802571278,,571866
2024-02-28,3376.60128696669,405699438502.21443124714691816183004291441,1.529719200326,120150235.110129730747409189,8380509.7676138492192408652,2481.93643708,,583458
2024-02-29,3350.23638281707,402515295030.96948614664851182004343479766,1.506115394024,120145341.712429153541940738,8331036.87038127417919064796,2486.701211028,,568518
2024-03-01,3438.18769988311,413070896780.66867536032011569156946502702,1.525583639569,120142043.668736316765009282,8579765.32587231811942654849,2495.432499559,,567634
2024-03-02,3420.33950701344,410917409695.515718635362904006568540776,1.50643142499,120139363.023151796607988525,8534044.67378692279251258816,2495.087010014,,569559
2024-03-03,3482.48343074226,418373036856.63046180755117658218140292828,1.518525538509,120136404.142907297183733278,8682471.35276181401349563094,2493.183822819,,591186
2024-03-04,3630.73033343074,436161092897.61089736129682344401475623668,1.558428332525,120130401.556282678676963482,9105525.47907064791275222588,2507.904648062,,588463
2024-03-05,3552.95023524255,426791266257.23571077751567997588413579855,1.514204183112,120123063.369644934460279121,8902346.63093832513545088975,2505.620974545,,582912
2024-03-06,3820.764292519,458939871618.859414411940916056030090669,1.589004016746,120117294.991857230828403851,9569461.64892436451975281,2504.59356199,,548248
2024-03-07,3868.68848305085,464677599356.7701000483199281373216612916,1.591954354158,120112436.396100074066774696,9677293.25647968781426345935,2501.440294011,,574568
2024-03-08,3895.41697779077,467872395755.07972265572881547422040057033,1.587773606236,120108424.444057040894829429,9572432.88068398569954761672,2457.357693736,,561713
2024-03-09,3914.19767445938,470114946488.17610680972453309840025481236,1.58191716258,120105059.986043577714653722,9787688.34607411348511650332,2500.560564414,,553560
2024-03-10,3872.30338077148,465068887749.3557296179778887275308762554,1.557037626044,120101356.226045474597268855,9672188.35987347505041230676,2497.786823187,,539361
2024-03-11,4072.90353009936,489142422840.44470564456796006753633463312,1.593187158502,120096736.695482668082370417,10183054.14257882196580277088,2500.195270358,,595781
2024-03-12,3971.09591408533,476900334294.71118141886024308273334220812,1.546056856813,120092877.284369630614815964,9935377.3303282178124011601,2501.92328397,,578377
2024-03-13,4004.5978722969,480908185956.4936913864817906042362661498,1.542020815692,120089008.008352471328687242,9908097.1657236689778712854,2474.180300166,,603003
2024-03-14,3882.89582524839,466280907046.30739989700154112583412577023,1.495278945346,120085865.815490754683610857,9543591.79487326258675145475,2457.854195525,,612536
2024-03-15,3736.92063383986,448743632254.69251045003871019002447450424,1.447308248492,120083800.600706771734514684,9231933.42040184163085074222,2470.465478127,,675933
2024-03-16,3519.47903243717,422628470884.09949464831987221575942501983,1.377867069469,120082678.995657374858822099,8676457.44100727655945711566,2465.267546998,,670469
2024-03-17,3638.45260432496,436914677347.14227024603261849316177274656,1.421702433275,120082552.903888326658105086,8933356.599088600971901024,2455.2625994,,664906
2024-03-18,3529.94917767387,423880484898.4878983183875961496584125026,1.394610544132,120081186.31832890813715398,8705456.50910266577858312757,2466.170494511,,659801
2024-03-19,3165.8325338983,380151343242.5638134755268542651621863986,1.280941441222,120079422.765441796666674942,7846398.6102382059292647107,2478.462940229,,650497
2024-03-20,3519.0726811806,422563427536.4576487148534010864854003884,1.415137146509,120078061.983844416858343114,8718224.5831623723771543786,2477.421006331,,692050
2024-03-21,3489.54293863238,419014699224.68832505126515185802875570964,1.411642495293,120077244.095729157475696878,8616003.7215756468208423669,2469.092334755,,690508
2024-03-22,3316.85662302747,398278418620.51207039634384797488103039413,1.359857932654,120077068.105820730055559279,8231416.97176515886096890123,2481.692128209,,696307
2024-03-23,3354.71804412624,402826224098.83333305411782915070963253104,1.381717784149,120077520.316242334817630771,8286262.43988797437391143056,2470.032453069,,700773
2024-03-24,3455.31273378142,414906995990.6685184975173376858512905133,1.422372225756,120077986.555099230794757615,8471137.31948255089704843296,2451.626805488,,679695
2024-03-25,3595.95377440094,431793897935.09675674534343563311280980732,1.470552372141,120077710.956401409879326178,8848732.4880810010070426881,2460.747007115,,660352
2024-03-26,3593.26549181765,431468093653.64763856963446720085764527465,1.465584771985,120076875.654236699759335381,8874815.9655033474991034816,2469.846991744,,608189
2024-03-27,3498.33240648743,420064182413.07712600078672634833698643595,1.42982601188,120075548.462488987792807165,8402807.52093501917643684598,2401.946568986,,573286
2024-03-28,3566.1563798948,428203988053.254522115381953773384208696,1.447599462436,120074372.07952342966467102,8684547.660510063720006604,2435.26832123,,596032
2024-03-29,3516.30310140269,422216663301.28880713429167327803706953782,1.429872423381,120074024.088782953405011278,8717665.02085653553561844306,2479.213187674,,642512
2024-03-30,3506.18175686733,421001603763.66518489646549076604243327169,1.424256497438,120074095.685164280310017093,8649508.43092322536104471825,2466.930989525,,650692
2024-03-31,3644.72632057276,437637607654.55759096970146827875565856536,1.467171164405,120074202.878910230639423386,8993007.65012867692540455392,2467.402723592,,653977
2024-04-01,3510.49059088252,421518400640.97925278220237958626588639084,1.415932402349,120073929.762338889587606917,8678210.93546682940157033156,2472.079246703,,611993
2024-04-02,3283.00576212741,394198014695.41155215905377982532086561446,1.33930753485,120072288.401945589364385006,8144345.67139541025151214532,2480.758872052,,546109
2024-04-03,3317.26652045587,398308647929.80919634974938754471387986335,1.357905003229,120071343.521434109243243205,8253952.98356895146201365027,2488.179027121,,537711
2024-04-04,3327.80180274693,399572072652.47877448804790925062007545091,1.36540294484,120070874.510210460000867687,8262814.73803976813782934169,2482.964800133,,569904
2024-04-05,3323.68147399182,399078541470.16972909069772016468662211054,1.367880951594,120071235.644270980402097297,8276777.62045491042170929524,2490.243931382,,599968
2024-04-06,3368.21936294565,404429950925.5345179900596945442935769276,1.387309316035,120072331.207027874683933304,8371046.0780464673738382696,2485.303115984,,628725
2024-04-07,3447.5169082408,413954386217.2839440737329754039848736696,1.416630774805,120073199.707239932580550987,8539895.4363402318586913816,2477.114881127,,622065
2024-04-08,3700.18461426067,444293084869.3241883513150998702601831553,1.500833220103,120073220.98389350846520859,9207531.70590856100947969869,2488.397922207,,598540
2024-04-09,3499.24437755699,420164384263.21751953344400722247653316082,1.431249165637,120072889.723854265319336518,8727224.97682901271269987158,2494.031292242,,565994
2024-04-10,3541.31580829924,425217575814.1801621451924544669812161648,1.44369589165,120073328.34243780027539452,8815160.30631739384192408328,2489.233037522,,590235
2024-04-11,3504.10413237873,420750811051.75945681674996207550375084539,1.427860072139,120073717.890951060823072043,8723809.33759818071314776597,2489.597628389,,582348
2024-04-12,3234.93164260666,388428557773.26248240143393896298064294282,1.331628607213,120073188.767683667086165577,8080157.55133298463910207926,2497.783089111,,633107
2024-04-13,3030.38006370544,363861021415.10229903012775747100953255616,1.260997344116,120071084.737201609887015764,7502878.94247181236416829552,2475.887111433,,576579
2024-04-14,3158.85037901812,379290245495.98032860357491042241322127592,1.31233022592,120072241.475988128650784066,7846066.80872735414612744896,2483.836164208,,578258
2024-04-15,3103.08803565167,372597525247.19349733190979194837643477384,1.298207064861,120073140.357729307526716152,7736423.43290735528368690987,2493.136947461,,600397
2024-04-16,3088.46737171245,370845872685.8602180157391143618775466773,1.299806805103,120074401.977651073046340954,7695476.57846052495057840465,2491.681359157,,623665
2024-04-17,2984.85811309176,358407794282.97799067015633106172163534424,1.2714412954,120075320.401656853988657349,7478541.0557961859566995652,2505.492982395,,620637
2024-04-18,3067.80594067797,368371393128.89030075079554545707178068732,1.30931757466,120076497.748577290248089356,7684917.70484300548282686408,2505.020804264,,609816
2024-04-19,3055.9694956166,366954029574.2434324028528968821987430224,1.312965450968,120077778.950540039308196664,7665451.7057461006904278414,2508.353475629,,580759
2024-04-20,3155.52894243133,378914210958.96923724183094897596143630367,1.355937770075,120079459.853414129713679499,7882007.95385208282255052492,2497.840488124,,635686
2024-04-21,3147.65961542957,377974604229.94786101507541747547281983745,1.352893303647,120081155.655188148093413285,7877632.40973470645880822324,2502.695136132,,606734
2024-04-22,3205.79751431911,384960384027.4689909382092669849457500164,1.37234339379,120082563.63915486025151324,8057687.99332901078747700545,2513.473779095,,565977
2024-04-23,3217.77177995324,386402185570.29228621543117269139782224896,1.37506136604,120083775.977396197930523904,8101175.66081104712937335344,2517.635250356,,558590
2024-04-24,3133.02161046172,376228123879.44408810877275606560355753652,1.342206758108,120084752.247846307163166091,7854185.41467576986731129096,2506.904321518,,539490
2024-04-25,3158.31867445938,379269960296.05845104541713968070040013188,1.350175272041,120086032.914642269960212626,7964873.09036293650254445822,2521.871258519,,565454
2024-04-26,3129.83962390415,375855424827.67074474287113847117893645225,1.337490815311,120087758.477167632788876615,7817972.8210258994451355193,2497.882882342,,615496
2024-04-27,3253.06380333138,390659207165.81356716007258217967485223156,1.379411804457,120089623.439217330267894762,8149970.7252886018855138908,2505.32151166,,622222
2024-04-28,3262.86946580947,391842597626.88323546647131860678895099936,1.379598194274,120091410.867910047118977888,8176924.25439007950392310838,2506.053135154,,631340
2024-04-29,3220.45092109877,386753524919.17433860271658167674910297921,1.36113590155,120092972.814881396442119773,8100309.62419715577437428972,2515.271874236,,634789
2024-04-30,3012.4375447107,361775569243.8784208018689897484043050586,1.285860743622,120093965.061314359927786398,7622669.3499427832448984924,2530.399132532,,615440
2024-05-01,2970.35463997662,356726195602.67685840498840053792669259138,1.274329954251,120095489.879109078691816399,7516831.73078136157098716034,2530.617600207,,589497
2024-05-02,2988.55618001169,358917057221.03221934931671526468923783859,1.285903541135,120097142.433383428567259011,7545373.73079585940922109096,2524.755526184,,631566
2024-05-03,3107.4065829924,373196143883.5149436910495003159316157512,1.332534732186,120098910.109191750852347138,7865183.6261753655880557708,2531.108632267,,626688
2024-05-04,3116.85577060199,374336891693.35986050600700410937925585564,1.336508045027,120100806.467878485124901636,7875149.71587755455382899495,2526.632701505,,647201
2024-05-05,3138.82202250146,376981046697.40790247520878823299052879322,1.345308060943,120102714.965971777239038557,7935719.64807799118551338808,2528.247728348,,634400
2024-05-06,3067.52578550555,368423882518.2765934009282769227909216417,1.321075342486,120104575.570033138359258494,7745714.15560252400793371965,2525.068963463,,605873
2024-05-07,3014.6582182934,362079795679.003859533153367994599797573,1.305352821626,120106416.535662032690695595,7615608.3017384315926348578,2526.192938067,,605694
2024-05-08,2970.40599883109,356770689460.95994385035496835607476788742,1.291192033974,120108392.455898569042743438,7524904.09651120792237163933,2533.291442137,,588088
2024-05-09,3034.47790239626,364472369946.59748690921726220449848105062,1.315753688256,120110405.041599323469857687,7655562.54640913117112068608,2522.859876608,,579657
2024-05-10,2910.85627527762,349629483363.7655435983952254656275711841,1.269414827182,120112245.435553145618835805,7366212.13191328775570249142,2530.599739491,,611791
2024-05-11,2911.31118176505,349690007700.89264562155942434257528816285,1.271771602779,120114266.688896155443721157,7375541.49305961125151073275,2533.408843155,,595395
2024-05-12,2930.52381063705,352003901545.84550047009959346626529998945,1.282599961366,120116376.556355419198888329,7406647.27190562184661880225,2527.414124745,,617082
2024-05-13,2948.49537142022,354167408644.94842649003402781996387137082,1.29179722101,120118014.115909709053515231,7486715.84670406015704166534,2539.164863297,,575636
2024-05-14,2881.04924284044,346070984481.23697167163074999749158039228,1.270059502326,120119774.190337670268498437,7276785.06491394702040051416,2525.741301714,,583373
2024-05-15,3028.85788924606,363830966552.95958722124497972528081362638,1.328933770552,120121504.493406256943604473,7661330.29343128306990685542,2529.445280557,,613829
2024-05-16,2941.34486236119,353324561848.8448414344520862485286783667,1.295266607654,120123473.57501306285583493,7454167.30703738223573892704,2534.271789216,,604917
2024-05-17,3092.48875365283,371486331178.96436563240444239911948637271,1.351503116473,120125362.053513319769544637,7782458.1513675344228434015,2516.56797205,,569230
2024-05-18,3122.58925452952,375108822274.84826720844980121017166805328,1.360896553298,120127494.107887670495532014,7834417.87882265830669796048,2508.949221374,,641401
2024-05-19,3070.15583752192,368816741820.62265748758204700041304776704,1.337750849254,120129648.571296477581783087,7718763.89622665512682520576,2514.127720128,,579016
2024-05-20,3661.91130683811,439907646002.68809770063929500883526080092,1.54572926357,120130611.896913439487798772,9245196.50191795377281149761,2524.691541451,,546790
2024-05-21,3796.88597720631,456126094381.74478986775761551549332671246,1.561184609847,120131628.160547322557101666,9610269.71660804386528511625,2531.092525375,,560062
2024-05-22,3740.96768877849,449413617718.12213036819214180546130814335,1.521325285394,120132985.662024195051043415,9452612.98370014102861947732,2526.782846068,,552922
2024-05-23,3766.94141028638,452538666485.01241149708918126857526435954,1.511428821328,120134246.115234472440230583,9542437.74449725565620510198,2533.205777621,,519468
2024-05-24,3728.02142022209,447869134955.31821842737485314989168986188,1.483050032331,120135880.262361057136819532,9397993.04893713047172141747,2520.906397683,,553536
2024-05-25,3748.06725365284,450284938731.4551517848816944904045389802,1.475632917387,120137902.619706360812899905,9451873.83674238268244924976,2521.799422764,,598267
2024-05-26,3824.52689099942,459478056408.91113146501691404501330558368,1.488841239735,120139841.999866543119928304,9678840.78268057277038329586,2530.728913283,,533284
2024-05-27,3887.71309000584,467072767784.07124230253213666516753496016,1.494326128999,120140750.351351061330629274,9847107.19302747400274474736,2532.879089854,,498242
2024-05-28,3844.94370251315,461937527003.6464873195581198232221972999,1.46986136136,120141558.041984523915485346,9739832.00342260559723631155,2533.153345537,,461484
2024-05-29,3769.94606195208,452931893656.49888618111490389019737325024,1.440224849497,120142804.754604504838922428,9485483.007034852160364474,2516.079235925,,520099
2024-05-30,3747.58575832846,450249699917.01993828633463314786655337126,1.424756340851,120143935.043089002309652181,9452494.69482284443331348066,2522.289096071,,495167
2024-05-31,3755.48389596727,451203485747.25962523661464488471498890349,1.425364904263,120145232.477703581316491387,9534874.24952723799105909105,2538.920286615,,505517
2024-06-01,3813.36246522501,458164117547.75683290333610339199149781244,1.444123256553,120147015.062393905700791244,9667776.6269490343240456557,2535.23674057,,490287
2024-06-02,3781.31107510228,454319407953.39976068854659189696003295432,1.43123684489,120148646.575212264734615594,9563290.75244476936310777664,2529.093894288,,476034
2024-06-03,3767.48563822326,452663028946.53350018247386629034401407606,1.42602534035,120149901.662268482186409281,9560895.87725874083527128918,2537.739170193,,474371
2024-06-04,3812.18925131502,458039955478.51725931807575193873322479032,1.440697296918,120151420.950708503713312516,9709608.63924286965513655698,2546.990193599,,516994
2024-06-05,3863.33180479252,464187491775.93959202398844194643110170904,1.456458922365,120152116.160488253243618702,9854955.73141361821136427056,2550.895504028,,483558
2024-06-06,3811.85764231444,458004828021.46911544926250433519113687216,1.438394080543,120152658.099630131370056764,9700686.2998372551620737766,2544.871086515,,475215
2024-06-07,3679.91953915839,442155533054.29384136397630856454397045936,1.395003105774,120153587.150282177594982224,9375586.94138481025725009324,2547.769548116,,510663
2024-06-08,3680.01974547049,442174089685.62150685250716348290094648255,1.395896742578,120155357.924333531667691495,9357990.25239367242373356324,2542.918489476,,540011
2024-06-09,3705.6370295149,445259002298.561322167485779452411816353,1.405732864333,120157208.80165362125528197,9436176.4665533854028978359,2546.438410291,,540061
2024-06-10,3666.16929456458,440522177604.3931222807410927176287104263,1.395495661703,120158711.235050215630237735,9359045.55048147294909937838,2552.813249611,,511530
2024-06-11,3497.70045324372,420283177735.69641016555309579432479296124,1.340189823057,120159854.554134699199645667,8937123.26334848184335818668,2555.142552319,,504409
2024-06-12,3560.79752922268,427867901336.15453504828258960619772301168,1.365299273486,120160693.727946347316436676,9110669.96141727762968067048,2558.603764086,,532832
2024-06-13,3470.07002191701,416969718407.84168717196257907340306557168,1.340901355424,120161759.207812870920971568,8850027.08192822919902087277,2550.388616377,,535451
2024-06-14,3479.90397691409,418156652882.03421359572606036120847402429,1.350058186293,120163273.370792047119468781,8864532.2914881733661975248,2547.34968272,,532661
2024-06-15,3567.76231297487,428721299337.08952217207795013253385911887,1.383460960521,120165319.807869520667491201,9056579.55056292269418566856,2538.448124088,,574241
2024-06-16,3619.69397223846,434969448760.20267696720208425999897836256,1.40359223054,120167465.011196129720944336,9206420.68126863680047764744,2543.425149164,,588379
2024-06-17,3509.52888807715,421737502289.85927910022479614378001718045,1.368730605123,120169263.664595947445724863,8939141.0445836225714586878,2547.105702692,,520331
2024-06-18,3477.65919520748,417913151349.36119366279265471446027404916,1.361972555409,120170818.326672792983780167,8845566.23110381815865734912,2543.540276544,,490549
2024-06-19,3557.56530420807,427521731914.37713968959743608457679866764,1.391319559631,120172560.545461412285266452,9066510.37105552564773293187,2548.515514341,,511058
2024-06-20,3512.66682817066,422130592195.40874220353468425076422753982,1.374954257975,120173820.303717081713080227,8967234.0743960623055039822,2552.82795467,,504589
2024-06-21,3518.29662799532,422814275905.84455653418355433770205819788,1.376712831273,120175846.613239848603332009,8963870.78080772707822001968,2547.787105124,,663885
2024-06-22,3496.20113588545,420166839186.09008730961376146658792691575,1.367989058006,120178108.425583581650596535,8855525.1492624917571754332,2532.899225496,,808983
2024-06-23,3419.96013325541,411012084269.77993465728089815597441059032,1.341485220926,120180372.944448199391784952,8691285.6979593934014093626,2541.34123186,,588860
2024-06-24,3347.67256312098,402331050309.69460107013663875255468597636,1.321167969316,120182318.528371242075557282,8519104.36328536655769506874,2544.784235213,,562076
2024-06-25,3392.701764173,407749479274.099542283050394985692956828,1.341220871063,120184297.830107668361044236,8632959.102462817774088196,2544.567634452,,597376
2024-06-26,3368.95722998247,404902380073.45197018299756688471502666701,1.335394171623,120186263.117255078769712683,8579860.52173726947739548189,2546.740708187,,633829
2024-06-27,3443.80289129164,413903975260.29508374285653932512000308036,1.360523680113,120188056.147735964905992299,8832729.83095154777555885756,2564.818635029,,538256
2024-06-28,3372.74825394506,405371148774.94343830577096542879563222902,1.337408737292,120190158.960362976927673567,8624199.58890773127242133144,2557.024402524,,561733
2024-06-29,3373.51496990064,405471140680.09860786766993632859400306064,1.339436873695,120192483.002985142520012751,8585858.68747437996222804576,2545.077986634,,656977
2024-06-30,3437.88873202805,413216154556.00811216350312333522067895335,1.361331704827,120194743.566423443400280747,8780614.23766855523103576045,2554.071676569,,580898
2024-07-01,3437.63577878434,413192586128.40476752661281993837626529404,1.361598346419,120196731.916294845711658206,8772896.39932325074733098016,2552.014513424,,547334
2024-07-02,3418.16105698422,410837991835.37080526690143359448149172974,1.35678267542,120192695.717458536947260917,8697980.75418658353977015988,2544.637484654,,539489
2024-07-03,3294.66166656926,395999802973.4864919110080825273801459502,1.316053679528,120194375.94812038628878777,8451306.47910145226973435482,2565.151549507,,498539
2024-07-04,3080.69562215079,370287628113.09968911435273829115757676487,1.246512677259,120196109.427578924177718753,7873754.66816616772370273403,2555.836614157,,572314
2024-07-05,2986.23631122151,358938533149.40093878214899716408698604271,1.220914691587,120197631.982640492821224121,7618683.72505797074969166129,2551.266186279,,569838
2024-07-06,3067.92395236704,368764270834.07088110565554558667568737408,1.256464386207,120199938.642401099395422252,7805377.52449297424002434624,2544.188723606,,613236
2024-07-07,2932.87202893045,352537910982.17973187921739989941568896005,1.213418410901,120202282.099141598993787089,7443743.66564507133557717635,2538.039025303,,567737
2024-07-08,3020.46501139684,363073291737.08497355845097367524200791052,1.252647359441,120204435.531328538657983003,7690101.37038724406849456692,2545.999156213,,542605
2024-07-09,3064.17542840444,368334006224.79833134788535751622409613368,1.274239451761,120206566.115764174761871922,7813349.16147170166827323544,2549.902688026,,540111
2024-07-10,3101.14742080655,372784136927.5168709978925124989013535551,1.293526185163,120208453.950429335753465642,7941921.9807348533278731789,2560.962412638,,527292
2024-07-11,3096.83160753945,372271460544.9564980341806807073426569954,1.298312425957,120210430.440788568628457972,7919867.56609813680248812875,2557.409820675,,548429
2024-07-12,3130.37477936879,376310638133.16291386553437953906381633281,1.312266147124,120212646.937132025686305039,7973565.32095426782985997084,2547.159967396,,609220
2024-07-13,3181.85794126242,382506762321.85460306302638411746358036024,1.332185934559,120214908.830936964412897372,8109606.45649680041646405492,2548.701609626,,610493
2024-07-14,3256.67111513735,391507735299.6584703855589489431320478342,1.35563246782,120217154.713562976464588772,8332125.28939865790682483005,2558.479193883,,497263
2024-07-15,3487.98836323787,419321807455.40346927235237375326880597565,1.429249377737,120218809.178064629091529495,8941026.01169927623641605584,2563.376101232,,505297
2024-07-16,3446.72606838106,414366986650.6480324283901902040352508721,1.40202288654,120220458.031722184627879785,8798821.18606071669448584104,2552.805477284,,517949
2024-07-17,3394.09970572764,408045422254.249719515823362842692459858,1.375965390489,120221990.40460167931861595,8706601.90575215523013005384,2565.216894206,,463312
2024-07-18,3431.12034132087,412501147202.15647466127890931794697145107,1.382115547868,120223456.529466092009819461,8793222.66290607548469009345,2562.784684935,,476042
2024-07-19,3507.49268585623,421689382751.87668291934938953699495425342,1.401326176363,120225306.371219465236067954,8983023.51040560062051520012,2561.095436244,,510183
2024-07-20,3520.56696551724,423268912049.97537745198249556653455737772,1.396387537149,120227485.003339203095901153,8953182.93433298372688515688,2543.108261262,,571318
2024-07-21,3530.48212887201,424467907087.1177528673506055192866970807,1.391067590184,120229445.04260537485880407,9018435.82456521236725659531,2554.448796331,,533075
2024-07-22,3441.93899883109,413829175436.46151750702996956813991153698,1.353848979336,120231408.975290152955161722,8821463.48187604553286277643,2562.934289327,,497445
2024-07-23,3482.72823085915,418740518223.12996938846517258186329214955,1.364162320053,120233475.156869009904755377,8935221.3110352543345941219,2565.580980986,,520567
2024-07-24,3331.71999532437,400591335012.15840271567160276603616782853,1.31241797906,120235594.700135532506773169,8555116.45139126018940690339,2567.777743447,,531361
2024-07-25,3173.71819579193,381600624988.46368235016967036918972784311,1.261305281482,120237715.337937818528527727,8180362.52392368939269298167,2577.532729519,,504084
2024-07-26,3278.93203009936,394258867942.0464992253701116309430913368,1.300269266377,120240024.594257737749350255,8438304.67899740219988738048,2573.491795968,,540778
2024-07-27,3254.27405669199,391301038823.53713687629420561890746948513,1.29420638634,120242189.811542640386831887,8394109.39572631495284231918,2579.410722482,,494615
2024-07-28,3270.68860987726,393282639767.97588080990300962196519882196,1.303869014459,120244598.822489158596291846,8432233.05686989694192046464,2578.121632064,,536213
2024-07-29,3323.15159877265,399598754284.1209188152841458875489797253,1.325161560284,120246922.960633508176701202,8598271.95872994574766712445,2587.384807213,,512372
2024-07-30,3276.18640619521,393957363297.65662085194585564793899407711,1.312365258323,120248763.181695119881175391,8446470.97773362349360920037,2578.141146597,,503262
2024-07-31,3231.75860724722,388620837000.78542700744259472090563906386,1.299885681819,120250576.924063276542942513,8369028.36325646866071307038,2589.620507079,,488443
2024-08-01,3203.2800251315,385201842134.862328589899907355587895606,1.294333602805,120252316.098730440846462324,8296882.193795038909270152,2590.120791408,,435221
2024-08-02,2985.00033752192,358959439474.14129876319818779036109261184,1.222196076687,120254404.986815289499406027,7711035.54089864861458347264,2583.261195642,,454772
2024-08-03,2904.77563267095,349318922552.1244236365472144567729872979,1.197022941584,120256765.659702472578842482,7496252.02136605915604791485,2580.664729163,,546458
2024-08-04,2698.46006575102,324513685553.46668324108204113989672405478,1.12820082057,120258843.060977404876075789,6992146.12240978985413940092,2591.161607746,,566158
2024-08-05,2434.27117241379,292736211216.75660295955643965951685598299,1.046894790133,120256204.211827139946405481,6313109.9009650719265990833,2593.42918427,,449721
2024-08-06,2458.63231122151,295671092390.33470496906908497997424418016,1.070994088413,120258361.138773904038723616,6363096.96628535130504228765,2588.063671515,,502856
2024-08-07,2346.30540765634,282167773982.83138368206334341361537408164,1.04334034342,120260462.709618446353958546,6082593.35764294024425390386,2592.413305529,,484440
2024-08-08,2686.68575102279,323107370461.51833483410676250296388686945,1.188286179574,120262434.986494091820850455,6981010.79527637391681386905,2598.372657695,,451579
2024-08-09,2592.96081472823,311841508207.48573580122679899785734272635,1.161165048715,120264643.582810972015297245,6712350.31580576506952136966,2588.681740842,,482592
2024-08-10,2606.88256078317,313522194925.66436239464851228266634287185,1.176313250236,120267095.895365068115026805,6736290.47585440099839174138,2584.040638114,,576076
2024-08-11,2559.00334541204,307770132274.193804878039602600584849042,1.164092891634,120269531.03675522835616105,6636488.0230372672194802024,2593.38778706,,500704
2024-08-12,2728.85513383986,328203972885.00903116208636339905617147128,1.235507247223,120271673.206478587994320348,7094463.66966868331894661348,2599.794903618,,422856
2024-08-13,2702.50437317358,325041062370.70464530008943142429611279124,1.225075803544,120274019.016296881706929478,7010363.9755489698972921579,2594.025025505,,474971
2024-08-14,2666.7787238457,320750225027.4541140442059925539873843774,1.208075291241,120276280.202546247732647982,6917323.2269049519419026056,2593.887211208,,646570
2024-08-15,2573.75496990064,309567186768.51148506142516506932673818208,1.169434674384,120278422.145392631951203722,6666576.25452334109515129712,2590.214038433,,603353
2024-08-16,2594.49798275862,312068346098.84955411737622828398346113952,1.174637752156,120280820.479590613181347696,6709379.3444554825541359212,2586.00291426,,541263
2024-08-17,2612.18551811806,314202244706.5861834045446699105151301535,1.182159792005,120283281.002549964848776725,6756267.95142113747506904044,2586.442618474,,565404
2024-08-18,2624.79728404442,315725181970.07937147755991661464766706288,1.187311957234,120285548.864784747086391064,6827645.50207794960942066928,2601.208688984,,519567
2024-08-19,2631.95879164231,316593478589.29415676297213619025457773326,1.189848342029,120288159.371881240490447746,6840282.53693971497339383927,2598.932232017,,461113
2024-08-20,2578.04840677966,310114926714.1483476501664840753877721765,1.168464899842,120290575.575935325357359775,6700907.27070331853950812574,2599.217009689,,463357
2024-08-21,2628.34121654003,316170790110.05043820934929619660369948145,1.190075793659,120292901.134906778713112715,6837180.78889840223175173663,2601.329213221,,488674
2024-08-22,2623.24894301578,315564643953.79588208780546675861259816876,1.188829295781,120295347.795322687946507742,6811748.33140085186639582486,2596.683913487,,506943
2024-08-23,2766.0674465225,332751686029.2791338824516446508406718325,1.241550265704,120297748.504872704498997837,7178092.2576871910188135175,2595.053228623,,510832
2024-08-24,2762.00674167154,332270007563.22396925722878586592883891412,1.236549839342,120300215.980695740893397178,7164426.82851150983347686484,2593.920833146,,556174
2024-08-25,2758.14644067797,331812475171.85162155311716450985062574121,1.232327033286,120302704.119760224638777093,7152187.22932075640298547928,2593.113666424,,495871
2024-08-26,2686.35025511397,323181574471.26648736257841786826287960167,1.202019879745,120305077.067307188402808411,6967168.46207349710285584494,2593.544326102,,538097
2024-08-27,2461.3474126242,296118474824.255390823737614570741071726,1.115553509223,120307467.89562085165866503,6401327.265103746830703996,2600.74105438,,531187
2024-08-28,2529.46513705435,304319633711.4737550529776882095399649347,1.145344891524,120309874.705711317879579962,6576631.388235600257093935,2600.0087101,,496801
2024-08-29,2527.16763500877,304049253762.82010313360752957927174403636,1.145887200398,120312261.660380501271672068,6547334.336112643401527979,2590.7795927,,534339
2024-08-30,2526.79224634717,304010215004.28726555334360634716411519066,1.147529148705,120314685.722095419201790498,6559301.62398387243516311052,2595.900645756,,525769
2024-08-31,2513.39798889538,302404962628.99308179699623909447060205278,1.144168919039,120317181.745616756499769231,6517752.96812353473034901158,2593.203701491,,539031
2024-09-01,2425.94320368206,291888730978.41624723822428668470587757768,1.112580999502,120319688.661874661535308028,6302194.45851174130741592234,2597.832648739,,548611
2024-09-02,2538.60750350672,305449971682.2064241435064469151875335632,1.16401176706,120321858.05023870688224681,6634655.70489913980165950192,2613.501967411,,488354
2024-09-03,2439.80527352425,293567769986.86058316316128943521698616225,1.128672126055,120324262.420667613906385017,6390247.93457528284840879925,2619.163096301,,488483
2024-09-04,2452.92774605494,295152108259.72693311404117475092444416716,1.138558646498,120326458.345306758779901714,6432400.46494218199012243334,2622.335890361,,458154
2024-09-05,2367.16648305085,284837870532.25966718475345076401073737205,1.106758623594,120328617.599027130606699673,6200208.7746696214508983839,2619.253364334,,463343
2024-09-06,2220.58200146113,267203613611.20119699263430309814535152968,1.0525684669,120330441.945121944766443336,5817890.74436443203675183491,2619.984643907,,489148
2024-09-07,2269.68727060199,273117974171.01453297887834043132545200526,1.078273407525,120332865.989319907928094274,5936866.76335102491627797186,2615.720165614,,505206
2024-09-08,2300.06839947399,276779516155.09099952492159289638057698362,1.095228013983,120335341.426536964061022838,5997897.66862268584699527801,2607.704044799,,559292
2024-09-09,2362.04203156049,284242156425.723953098662448050717384483,1.125496449016,120337467.5927923849410867,6186879.85477186341498917437,2619.292871213,,486100
2024-09-10,2389.51632524839,287553193101.97217001365466328512341091078,1.142796808729,120339497.187608058006142602,6239985.78849448748653294509,2611.401195531,,497278
2024-09-11,2342.307735827,281877527115.523081240406081410627635915,1.125666373577,120341799.159878713944983145,6134145.470414460071230362,2618.846950206,,549027
2024-09-12,2362.33115809468,284292384180.27655568796406643213721620832,1.136793078119,120344001.392916642737725224,6177225.702042750824328355,2614.885589125,,487221
2024-09-13,2442.77219959088,293978531237.75938483772514195197197004208,1.171384484891,120346273.503110708502953241,6391898.62331747200477460304,2616.657674583,,499824
2024-09-14,2417.18522063121,290905084608.58157858219741891947890392286,1.159707704065,120348694.061854423966490366,6308369.35504879041636494373,2609.799737813,,525764
2024-09-15,2319.29052425482,279129181412.01272752552520080397215356228,1.115370289006,120351106.725491393638676154,6068393.6708606703971002502,2616.48707111,,541610
2024-09-16,2295.19158971362,276233121779.6777997039744252033842278526,1.106154882221,120352968.79688570264760623,6012671.40066414931912570768,2619.681697864,,435137
2024-09-17,2337.065764173,281276774462.637579782063715524036306784,1.124357049509,120354668.137535654813635808,6131613.559783733684009487,2623.637577419,,464540
2024-09-18,2358.79472209234,283896012352.46959708673424621741310837734,1.133902068883,120356387.816843643181480251,6196257.52489255707242437824,2626.874423136,,420578
2024-09-19,2468.43390606955,297094101910.9817770492592501832535872148,1.178747113755,120357325.015049815595290456,6508368.21063833067459793505,2636.638637411,,416530
2024-09-20,2554.7331440678,307483300282.5794920370057103882962482642,1.211736999552,120358285.168284175320737939,6710049.222114789619590449,2626.516682455,,422622
2024-09-21,2604.74345555231,313505708721.1023669701304096735219347968,1.228687989267,120359534.08495140750806528,6826465.87664466288383229132,2620.782427572,,416815
2024-09-22,2581.10804656926,310664830437.21918483506152312652752368696,1.216032429959,120361032.871191345417551396,6777738.51777107174328369156,2625.902672606,,436396
2024-09-23,2647.93771518995,318710888119.03355010374475623713471025455,1.239138650531,120361927.809231268839109109,6977961.2401324933943989613,2635.243721974,,418609
2024-09-24,2655.48809611338,319618885344.86028541613419759760341078506,1.235850134244,120361633.634381648304955537,6992267.89497450679900301064,2633.138482228,,446356
2024-09-25,2574.79220370544,309907024636.35715635834093810122965286464,1.197919169184,120361955.496976863601506556,6764259.5889831233743184128,2627.10892912,,440864
2024-09-26,2629.70874305085,316518278860.16185699664978975283277738005,1.215335033427,120362484.893651747135636153,6923563.08228476767241354535,2632.825061171,,448101
2024-09-27,2698.19885336645,324764834411.34660605752338977772027826515,1.236513276919,120363565.497090283390286007,7100145.1158231132892453744,2631.438786272,,508839
2024-09-28,2674.69768520748,321941093577.73007566142409223229812980864,1.222292400726,120365413.765539883664777568,7000544.12778159160262873868,2617.321638441,,534530
2024-09-29,2656.30026287259,319731539277.40315653732795898668978602382,1.212589038221,120367243.020801201859689098,6984734.16240650868306150555,2629.497222145,,497779
2024-09-30,2596.25469104617,312507752368.3626353421360868559232701403,1.187956830369,120368680.87176629519137059,6828580.01764923750070048051,2630.165692603,,509251
2024-10-01,2449.82723258913,294884112787.54393919881212395021789783562,1.131680451655,120369350.485132799661648074,6459343.23872189292602003361,2636.652557697,,552048
2024-10-02,2368.07953022209,285047578229.97682902953056848991887404873,1.102536273859,120370779.187151574541863497,6239508.50271469272312675569,2634.839085041,,496823
2024-10-03,2349.50757675044,282816296178.15622325407222353968905572512,1.100385701649,120372583.164560020105276648,6185661.43235116963088548856,2632.748024974,,521417
2024-10-04,2415.12854195208,290720008630.0187825993525363877992447952,1.130987485668,120374548.84079918715142394,6375281.38922793837889346112,2639.727566664,,471079
2024-10-05,2414.33166548802,290627796115.93072848226230716636995118478,1.129998034852,120376085.966293612360417639,6372367.71676116559080664572,2639.392013886,,438550
2024-10-06,2438.50270520748,293543027384.2798593584211024829752132804,1.144561607221,120378389.06531118701184723,6427523.1107463221221833396,2635.84825927,,423173
2024-10-07,2426.58129005845,292108827728.6863698216328977392588328303,1.143005244567,120378752.166860328737422974,6403759.26887553390605847405,2639.004633849,,441087
2024-10-08,2439.58985277615,293676090545.92382097256396257091572227175,1.152191148955,120379288.433149063720230345,6432283.3198388337938728701,2636.624886974,,434713
2024-10-09,2367.17415046172,284959407727.05044738676141485354202025764,1.126534025793,120379570.582700386474445487,6245552.82072499620579634644,2638.400229027,,482632
2024-10-10,2382.12349206897,286761992454.95812326177630703865965583055,1.135256678728,120380825.515428592115146815,6267622.94525077372164182004,2631.107482932,,454242
2024-10-11,2437.69309236119,293453002360.95199972498947116578864286814,1.158520987352,120381439.025496252980877906,6414337.54837160459722107242,2631.314650918,,485939
2024-10-12,2478.24114976622,298337352024.39524094372385918360225364744,1.174683810254,120382696.434742965879748252,6496805.45263338849530524014,2621.538849537,,497572
2024-10-13,2465.13859485681,296763578519.60723446093752903761608015044,1.16811464862,120384135.455412412143422724,6453321.38265368117704722387,2617.833089027,,457774
2024-10-14,2630.9286433197,316723416119.0816765886113574230994219003,1.232592985826,120384647.042133671783222599,6906660.8724016365675804462,2625.179854246,,498392
2024-10-15,2600.52300350088,313065171034.6307957974444455604732547808,1.215839233138,120385465.00576066009340316,6834825.38772863935106249304,2628.250309083,,516385
2024-10-16,2611.98719444185,314448361978.721657500293354692771466358,1.215894052308,120386639.96816242454761468,6860624.06663908493143722745,2626.591769377,,491597
2024-10-17,2603.24426974869,313397275781.61636997074929656184726673417,1.208897100385,120387195.094784891611427493,6839914.66327992170781714006,2627.457877374,,543592
2024-10-18,2641.44743767972,317996852908.53025902306510774476703343076,1.219983721247,120387348.380425323065750033,6950272.79437444691441738716,2631.236455903,,573519
2024-10-19,2649.70135015196,318994159518.04824186925818441247921150576,1.218799801378,120388722.110042315394305156,6952067.76266557738323458032,2623.717485092,,599089
2024-10-20,2746.1167819813,330606073081.3672199224220731641380171611,1.249686209742,120390390.987974567584830847,7209831.2238157456656735421,2625.464172217,,533726
2024-10-21,2667.32642119229,321125083058.70913198313323037599819006895,1.214588840843,120392120.179714191491441755,7001421.61530349101182527766,2624.883688654,,538679
2024-10-22,2623.28308167154,315826703067.413159544931258839652181633,1.194594929028417031,120393679.68864813026513645,6887456.31157792550114781706,2625.510132589,,536229
2024-10-23,2521.68281196376,303598048935.06508488864037041407549746032,1.155067454036448025,120395018.554549357955118282,6647510.82558976455317205912,2636.140752537,,509138
2024-10-24,2532.13962009936,304861088396.83187659356457231045138314864,1.15989022828075548,120396634.520836282711604299,6674194.3465574664093855144,2635.792392165,,502403
2024-10-25,2415.20924174167,290787456359.99663545502592915271655860868,1.112705155258197717,120398452.992959840543992604,6347320.22848602820280901729,2628.062247687,,502861
2024-10-26,2480.57950252484,298662865481.73715462510117188864686115104,1.143533634825309342,120400440.775127467488314056,6509684.36896939587922773932,2624.259517723,,505976
2024-10-27,2508.49473361192,302029158631.40214700000069471292656889152,1.15638088150722908,120402548.422542539804997256,6611049.38219881727460165056,2635.464724568,,431241
2024-10-28,2566.18526073057,308979261142.26674701989834172179222843123,1.180874726964986732,120404113.401502085586822739,6728719.44375029335091121252,2622.070801636,,458684
2024-10-29,2635.21967112799,317294896754.42109868489136590203893676793,1.209823722544053204,120405482.787932027751952807,6909054.07526358418817873479,2621.813335321,,523376
2024-10-30,2660.86723967855,320386378855.9679219144466432043012664503,1.220077764431443193,120406750.881217460509308986,6998034.44947800066051841775,2629.982565505,,443016
2024-10-31,2517.78620227937,303162417730.17479415516634895593627569829,1.163333608161365005,120408324.366747133590347717,6636665.75236904090768083849,2635.913147177,,485178
2024-11-01,2512.4960977031,302529813604.335101131962287593703767691,1.162028678916767584,120410063.07667700459824861,6609955.4693216207259892856,2630.832133576,,481430
2024-11-02,2488.87335008767,299690521991.27601028118603191171795232007,1.152449427429104733,120412122.208114558953833721,6515202.31109795055699435927,2617.731557481,,490886
2024-11-03,2454.59679184687,295568420811.89247550024518303524870109713,1.13915376680743242,120414245.546822791138411199,6445602.55891776221404118019,2625.931305837,,502616
2024-11-04,2396.6696369024,288598001643.8693526778835302862438546176,1.117185254829655685,120416263.134568170756951674,6325241.2199944400705469952,2639.179435748,,464007
2024-11-05,2428.97334286967,292492486815.86835955338910479009119960675,1.132521082843376478,120418154.309716711289809525,6389506.0747370720084843502,2630.53775106,,475308
2024-11-06,2722.98460712741,327897815326.43449816178662977719819095429,1.247600875768067014,120418534.305394981876934369,7172529.75945995283191676276,2634.069153636,,479645
2024-11-07,2891.87561452952,348237840807.78308798340207228642953717464,1.305134373140521824,120419370.410728399663289657,7620348.41984598365889603592,2635.088584571,,513491
2024-11-08,2960.26662137931,356476942981.42304864815142821509883352568,1.322985026777892293,120420552.799844014038775528,7806969.48054244547462960709,2637.252139439,,525242
2024-11-09,3139.9864959322,378124013838.3369820495668016330730314566,1.381989767028260086,120422178.352738242394620303,8290260.4217877048726810844,2640.221680102,,500755
2024-11-10,3187.53665137931,383852713613.04749263528410790462675528141,1.385776652666059605,120422996.060907048688683911,8408666.66603579014617940037,2637.982738927,,524956
2024-11-11,3370.23970491526,405854148949.82911940998909152687017991364,1.433868600437143776,120422932.635301606453985014,8878101.89097556853296147746,2634.264226971,,561074
2024-11-12,3255.13258195208,391991047220.58787221138866128179690177056,1.375058259390541528,120422452.035890228483771332,8583072.43293181942730440552,2636.781211469,,545638
2024-11-13,3190.90423042081,384249676096.53013023505950179194824661701,1.336994641633272103,120420309.839839994085738021,8417591.69022059152799689184,2637.995716064,,527943
2024-11-14,3056.41021270018,368052105425.66515636012650970038459010152,1.276572377500971447,120419734.202010206759040564,8033831.16999465517978281602,2628.518625089,,548302
2024-11-15,3097.45939781999,372997067016.54563482121405021583341616506,1.282628319795974134,120420324.889186004272691494,8133425.09080062955154322091,2625.837515909,,569301
2024-11-16,3134.3861396201,377447692617.3690999387787894354071314917,1.290095933649113332,120421567.670381943909679517,8239509.3616058659148664126,2628.747382926,,578354
2024-11-17,3070.19103244594,369721912999.7385247511625105528185781361,1.263356369259551875,120423097.159915438383597565,8061817.57764805468020968344,2625.835816876,,569177
2024-11-18,3188.88800258329,384019481513.0884622019772660821712797459,1.302270992850871388,120424261.12237170847240971,8406783.54624228895660985876,2636.274318644,,532913
2024-11-19,3111.79278153127,374738660843.92519762663359326219531261356,1.272082461445773788,120425326.219672477145549428,8190024.93807233986428619106,2631.931337678,,545199
2024-11-20,3073.4292378609,370122608291.9470326272762938585931734386,1.260244651706651242,120426591.812327377731665554,8071576.5618343020172148523,2626.244477147,,562785
2024-11-21,3365.32873022794,405278021400.75915455892406393669231372974,1.360806821927182847,120427469.019737907526960971,8816040.44501849849907419308,2619.666948382,,573282
2024-11-22,3325.37564151958,400470836802.4577705056116309869649515362,1.341622303417715345,120428751.50774143768295539,8718145.07196643248882371552,2621.702331344,,608783
2024-11-23,3397.37147417884,409145330054.09736367275360097388013605504,1.36277488189334086,120429965.684865130709481056,8898965.83396115371379642652,2619.367914753,,595219
2024-11-24,3363.87790965517,405117163298.96952437771517026315489788947,1.345087654393256149,120431589.427244685393445791,8798939.48780795868233322647,2615.713091891,,564490
2024-11-25,3429.90259469608,413072700314.5180919648055340444323946832,1.357596942410610245,120432778.74808570827123554,8978978.54978238213644418784,2617.852344748,,584087
2024-11-26,3324.46444980713,400379210555.13184731067965335709643996901,1.316416324244018652,120434198.229540397438514077,8715323.18638341858130898524,2621.572081148,,561936
2024-11-27,3669.22970552893,441904667909.99717134321627658035023461268,1.422387380471717274,120435269.354796457019139876,9606489.83668166258237778334,2618.121678838,,598038
2024-11-28,3584.20799540035,431672033883.09470520332099397172847649035,1.385225688780352556,120437216.377248124972917401,9323324.0521410415853018944,2601.222937984,,616324
2024-11-29,3595.61403426067,433049458432.70845208183697907003167775043,1.379016512477065019,120438249.018502360676397329,9387849.83596343327170024573,2610.917007919,,589287
2024-11-30,3713.2009461017,447217174034.1942655989489072984539765052,1.40166837572674551,120439798.579633761108979356,9713182.9250729053664678535,2615.851677855,,551474
2024-12-01,3716.08112306254,447568370464.1770211501332651231574765494,1.394823494844502582,120440957.99914124846646061,9715999.67088724041236690138,2614.582230347,,579646
2024-12-02,3637.08652127411,438053517371.38569856343967020287939625763,1.363532400768222552,120440774.452055351002849233,9529031.84768040469887765544,2619.962926904,,592286
2024-12-03,3623.91165189363,436466212365.05261161339845474812298859731,1.353473838315131316,120440632.744725610578559137,9505361.83881019819790170299,2622.956283673,,583738
2024-12-04,3844.66120870544,463052919644.99743800571046686961924677056,1.416133334957481323,120440500.347991622423398524,10045976.56108075240296033488,2612.967961477,,598566
2024-12-05,3794.68684265926,457034528335.86558521444326795843257523536,1.390168139050363237,120440644.323520145180327736,9916489.50980061483977013762,2613.256355787,,609650
2024-12-06,4013.46741083577,483385937275.64091893593320506289036503781,1.445526295241119532,120440977.288259570880064653,10477495.33787739466235011221,2610.584381373,,603641
2024-12-07,4006.19300609585,482514557816.4179775120158591282889616859,1.436312974396054667,120442164.689075291153500654,10435936.64200080543677361385,2604.951041081,,614603
2024-12-08,4001.64654687317,481973081589.45370930753782055764357005787,1.428114086218068383,120443691.351516454329580911,10469146.13711087809015477097,2616.209606341,,593007
2024-12-09,3714.17625189363,447348069106.66313232626216038352709379563,1.33568342382067318,120443414.304474072736015401,9731570.72543363872166053449,2620.115488723,,569276
2024-12-10,3632.35232690824,437492479767.71989818972154548620926055304,1.311095019807207649,120443294.150405739223039521,9474711.57803222827121870016,2608.423061784,,610919
2024-12-11,3836.84683938632,462124687406.10282833596408612451165252104,1.372167664547677832,120443871.426469768429161497,10023057.79391434325562519328,2612.316366404,,595689
2024-12-12,3877.04927477499,466967569634.08946679346386812586134969025,1.379433959527071024,120444063.652296651699343475,10111596.07588309732346516229,2608.064886271,,632555
2024-12-13,3905.45213670953,470393467949.47282387219856252575845181061,1.384625374005130811,120445329.115157090611728637,10187381.81205810564727598986,2608.502538362,,625658
2024-12-14,3868.60262611338,465961343138.5414805529987863162212437627,1.371400316285693166,120446938.642202432979929915,10078594.53647120319047212224,2605.228686048,,595321
2024-12-15,3947.67114785506,475491607016.49900169474107287537650057736,1.396209788936520622,120448636.476433479019269956,10296352.683091418862050495,2608.20932075,,572588
2024-12-16,3995.17742504968,481217094886.38591850475130589353476633288,1.40735665261610561,120449492.898404127245377241,10423430.32823086862309564792,2609.003110319,,584730
2024-12-17,3877.73844905319,467074887893.4082305375655248127643006232,1.372388447920832325,120450333.10780715765586728,10119150.33081963092923080438,2609.549474202,,633135
2024-12-18,3636.53763153127,438024679134.8482070893963014259663893686,1.300011736467606574,120451023.34068386048256218,9435174.87449494204486336409,2594.548944767,,586437
2024-12-19,3429.8707307481,413132323994.2394208739810493373308114484,1.238870647922007614,120451281.236517569098279764,8911298.6194453415064910188,2598.144163148,,593388
2024-12-20,3471.52409931619,418150864664.78758683037116474155687181758,1.256233304847696952,120451666.962978491555431082,9011187.56110619480309147795,2595.743916305,,617940
2024-12-21,3328.83602427236,400969520706.12773508185227652071713543044,1.218060362707841012,120453371.022916163607958729,8557501.08403315140314240368,2570.718720188,,636495
2024-12-22,3278.34651976037,394894186314.84262281591980501904373755015,1.209048424372634475,120455291.694944842000649595,8488288.16086693116582112403,2589.197972119,,661932
2024-12-23,3422.51642397428,412263743127.97896052289354580999702746084,1.262261058520389551,120456322.792237124161455853,8862378.9229367573903334272,2589.43357024,,644736
2024-12-24,3494.74814554646,420971791008.40105337096341310796338914962,1.291257795542257767,120458406.006987193872417147,9007843.02458371053892280408,2577.537106948,,681144
2024-12-25,3490.75329557276,420498466993.79015083302791114764217828832,1.297581266660637372,120460666.047955445601721032,9013297.02039745653391937724,2582.049276249,,647401
2024-12-26,3325.23435792519,400566123859.3727816680287666562313599338,1.251264281354462251,120462524.06381053731829702,8614997.52518734994657388555,2590.794090845,,575672
2024-12-27,3322.09507143191,400194315735.01538072312202997544100354609,1.257706041994818162,120464437.991692136407895799,8640823.17035228065687111578,2601.016221558,,597038
2024-12-28,3397.09541658095,409236197679.301590753664611086717955005,1.284350489549026504,120466500.7882476790344979,8837278.78156964338475722745,2601.422008471,,559493
2024-12-29,3346.92836869959,403199812594.48221578820879555175992074571,1.268722736466652355,120468611.269126384849608669,8735118.71751907394002872516,2609.891146524,,563774
2024-12-30,3355.46704853302,404234637885.77177198181590638579746262952,1.272093759222148779,120470453.751736146008806076,8769486.46348817578879530934,2613.492052417,,568891
2024-12-31,3332.45484545295,401467403901.52093039460319258048414411765,1.263220580354201871,120471971.120422833839060667,8669786.9412672316019120676,2601.621730328,,550052
2025-01-01,3350.89031195207,403691138301.57467828608949091420489589902,1.267686101301580154,120472799.978464033826320386,8765712.33929648716172327305,2615.935325615,,453472
2025-01-02,3447.58794734074,415341539699.67133140678967328443845770022,1.299631813098092273,120473080.322734210445834703,9038912.95806800563130109178,2621.807796097,,486772
2025-01-03,3606.25034468732,434461028079.4470760000883717011639523882,1.348124728284549549,120474450.344105832490030135,9403403.8649151083976905742,2607.529418685,,555276
2025-01-04,3657.79189278784,440676515363.04300951248378639841308363712,1.360242343746289157,120476103.693032932114926543,9516694.2325968422937385056,2601.759343215,,540771
2025-01-05,3638.22340260082,438325592659.35673369905511073753266091808,1.348551146437060783,120477921.269489758793520144,9420413.3374826284554034345,2589.289412725,,538968
2025-01-06,3683.0759798422,443733403143.6240077256301864708105330098,1.356813632641828911,120479025.024793433089735659,9594366.3851612412462684602,2604.987363191,,518795
2025-01-07,3382.56745979544,407533453442.94050522417315040145393887936,1.258030693736014868,120480510.229819924536489544,8828580.48313341510873276408,2610.023477157,,549766
2025-01-08,3325.54302042957,400668567586.94802514469106490621324623819,1.24313459434485154,120482148.366612472410850167,8671549.85542680999322627494,2607.559066942,,528335
2025-01-09,3217.33715208065,387637416928.69026732288928101948329396055,1.20878338150591479,120483927.734463695569541847,8346240.8167003515547443765,2594.14553781,,538508
2025-01-10,3269.77400255991,393961524359.55283341999939827003678161935,1.225988232562062565,120485857.447982607385199785,8494341.78367051197675919284,2597.837580524,,549307
2025-01-11,3286.37892827002,395969556180.51498069632143354819999879182,1.235029642241620062,120488100.983825680027811091,8482723.435498083853639701,2581.17631005,,578859
2025-01-12,3258.17217992402,392578579709.55092301287166667237080970868,1.229931658614023843,120490433.909083891994094634,8469721.30372937620018070196,2599.531527498,,539823
2025-01-13,3133.13948922852,377518896911.62389754891121705203648949748,1.197186768150898665,120492208.600830991613552549,8154973.10197754687374234344,2602.812013322,,554991
2025-01-14,3226.57956712449,388783965974.76034841246559891667774586973,1.235198524787675031,120494151.124015976122691677,8403869.14289982715677109524,2604.575206676,,599208
2025-01-15,3441.04207023963,414631307191.75925485106006387483681976543,1.308818832464438654,120495855.246223372403699661,8953249.08285386068224942405,2601.900499935,,570274
2025-01-16,3303.13442745763,398019117204.53649605995258133520271828483,1.264281247859050753,120497402.072396271249169441,8618458.03562609749607028162,2609.175685974,,556504
2025-01-17,3478.9034330976,419205659818.7029145038354039329789014976,1.320042330775134044,120499366.504532170017549626,9067546.1190331664590076544,2606.438003644,,545962
2025-01-18,3303.37311349503,398057734252.41461365998049234578490500924,1.260197373594525795,120500385.689481546534618308,8613541.00437526637557994517,2607.498671339,,519864
2025-01-19,3204.0508971128,386083988735.3412020958724567789787637112,1.226912388010656767,120498706.522809942741087329,8342233.7747763979478582712,2603.652077529,,591559
2025-01-20,3285.42927070719,395886086566.63077007282697081142283427751,1.256300084738111079,120497522.225281729267095129,8574962.88245033715339787257,2609.997712903,,629557
2025-01-21,3322.64100092051,400373649144.64526357816812797162441423758,1.26840244232483545,120498618.127485058002244858,8614658.19051285609522987174,2592.714105474,,607071
2025-01-22,3239.67506596143,390381491143.79043059965032891699711623562,1.239301019913071226,120500199.308703795569782934,8407407.67426046580695614266,2595.139173862,,597537
2025-01-23,3335.84164436002,401974417097.83275199628671036764674285938,1.271088118710873473,120501648.445291052467900969,8666805.30560232333506501878,2598.086548939,,608180
2025-01-24,3310.42760140269,398916921924.68815590594277934655367188417,1.263914752248692356,120503140.366416594021078693,8584381.15574187227051555334,2593.133633886,,630744
2025-01-25,3323.46523758036,400494578912.94833145420632606855350912644,1.266169050322032427,120505120.494212643309253629,8559268.52831538911830704936,2575.404861026,,789004
2025-01-26,3241.02101870251,390565988392.6153183797707569230650331244,1.240877482994683339,120507082.84174351121490244,8387413.12684184237164222963,2587.892234713,,608826
2025-01-27,3170.49577498539,382072529629.22997417478403595890150231685,1.221340368907667824,120508764.794361098692342415,8250471.97464427287601644684,2602.265563556,,554206
2025-01-28,3070.75965838691,370059573640.8847141516811309039194698905,1.190704566379453327,120510757.86089993527839955,7987425.89604042812006107844,2601.123755884,,549777
2025-01-29,3123.69937434249,376446334509.35008248560030294512462206819,1.212058267248382352,120512984.572527429907329931,8142894.7820138469803222685,2606.81128565,,544023
2025-01-30,3255.85057013442,392379608742.77208212672344144226332935318,1.257966032750426509,120515238.734243391193492779,8475076.48149489930297347574,2603.029929947,,543074
2025-01-31,3292.62381677382,396818341582.07738688487640461141254236262,1.26845239854001501,120517363.556851172523169841,8525402.5883302022630226756,2589.24282358,,539938
2025-02-01,3119.95137697253,376015537831.24322268268056134984459965205,1.211635909891801758,120519678.802210351965807985,8074715.7437094093936729432,2588.09025144,,533961
2025-02-02,2844.25948714202,342794289617.61721372418669425078508270764,1.120481510713055832,120521454.236956811385843182,7389548.99057214701590945814,2598.057253207,,489399
2025-02-03,2877.57988457043,346807752144.37348419863693502379654482777,1.141669022947636268,120520634.024429710300296739,7479310.40166921458970857046,2599.166904722,,500641
2025-02-04,2723.61294798364,328257641598.0365845122171360787437356656,1.095818020059092678,120522867.18678367019548804,7039093.06395821532466175556,2584.468938279,,567675
2025-02-05,2780.85938369375,335163720818.17507753416025608486443295625,1.123907708160626962,120525231.438701874924526103,7164306.39145346860114925,2576.29221868,,605351
2025-02-06,2685.1318766803,323632444232.1868476285444793118200907675,1.09807825788005954,120527578.940481035679059225,6937603.8184263144989343454,2583.710647018,,659801
2025-02-07,2612.95292606663,314939139743.60396772372212280866338752108,1.079814386209730502,120529970.747575976718078516,6744605.44251670137033882663,2581.219652001,,662264
2025-02-08,2637.15946142607,317863202550.45170701688477137465974276075,1.097022439345414095,120532416.488217987332298725,6787767.05957402338172403321,2573.893296503,,700649
2025-02-09,2623.44384395091,316216455634.73627632962985993340791222494,1.09940866106039721,120534867.313383717683283434,6777917.59231679717319412113,2583.595455243,,646027
2025-02-10,2658.91628872005,320507650890.220969941356708769431422251,1.120054149700038826,120540707.59952621473215702,6854713.88532429661376259735,2578.010415147,,711876
2025-02-11,2603.96649620105,313881271560.98027392146514979449877096235,1.104639281910063728,120539673.616732191834169107,6715728.2575920381673695383,2579.037889846,,612087
2025-02-12,2738.64540035067,330121807511.74896019262852293395235907517,1.157530569889338317,120542004.988845396086397351,7014487.21968061664870131566,2561.298085098,,613684
2025-02-13,2674.91159789597,322445541799.03011963112665919709069120105,1.135305136238278841,120544373.149624494906347965,6896316.50191163097794305581,2578.147445073,,627574
2025-02-14,2725.08277761543,328499961069.78187618861446325293319300461,1.155252110144116079,120546782.566815866596891627,7004959.99245544236556024959,2570.549434313,,666254
2025-02-15,2694.22497194623,324786760761.21564850491763689716136848181,1.144429620230280315,120549235.547541937377718347,6908157.45862238309505744048,2564.061104976,,668614
2025-02-16,2662.06831794272,320916873534.66342652199243010672760519904,1.131361553244986401,120551704.616909320117023757,6855941.4877405100773653472,2575.41906101,,685798
2025-02-17,2743.38311601403,330723718540.91184791345284856500690648298,1.160501208649480529,120553238.302870887093431966,7073632.24380857180439369269,2578.433979023,,675569
2025-02-18,2667.12430099357,321536880792.82429875048322538996450140483,1.13120269278704419,120555641.397382128057281119,6896759.95686894538094020402,2585.841220186,,606517
2025-02-19,2718.18351461134,327699057250.80476225476012239915063372002,1.149426496771918234,120558106.356428578322552903,7012722.83392810915259166346,2579.929867219,,639839
2025-02-20,2740.71687375804,330422334011.6877056304906608576921262924,1.156673127990812828,120560550.11571346144690781,7070303.32741408417727796624,2579.727732956,,685150
2025-02-21,2655.73961426067,320183486526.45947313180879987247195847724,1.125817748130695229,120562831.087487916634372772,6861410.0096970528000179328,2583.61549184,,656153
2025-02-22,2766.35815897136,333526767533.71991467451727454194425284784,1.16653545280856316,120565287.778115539563610969,7122253.55207057640537660272,2574.595602877,,652109
2025-02-23,2821.85990298071,340225314004.08705299290333101859197678974,1.185390160292397425,120567755.204540643345609394,7272884.49667921425879949749,2577.337198419,,673471
2025-02-24,2519.49570543542,303775975262.47538864309811776751423098114,1.074970811708664088,120570150.053094348857792467,6508368.64354861182591381774,2583.202912197,,653722
2025-02-25,2499.3732150789,301355244097.8287004379608461929708445697,1.072109722046840879,120572326.805668974032352973,6472841.9301839434261749024,2589.786067616,,599245
2025-02-26,2330.42813296318,280990640200.2535463895452846108769012348,1.014758525481246753,120574685.92389890545715586,6023453.13034907155478528486,2584.698084077,,634182
2025-02-27,2298.49650789012,277146095106.22259723920503259016751708336,1.008294051670439524,120577122.547219293606468028,5949585.03827629057485037248,2588.468165104,,628254
2025-02-28,2229.92881355932,268883693070.1547595588788196601804336292,0.988287744060328935,120579496.27592539462013231,5788960.81538105245892320364,2596.029424877,,572524
2025-03-01,2208.95361747516,266359986058.08916479137186440173870164088,0.989264308548424791,120581973.270466110639106818,5722523.13368666378489045568,2590.603572848,,581077
2025-03-02,2519.34991642314,303793416355.32653818269452842255757648544,1.116336790457118068,120584050.026142777085607696,6524482.26530145320728894188,2589.748340542,,634334
2025-03-03,2153.5997773232,259694900722.5667216571986059215179762448,0.978121915202635079,120586426.251098738246592739,5583390.120246321534326592,2592.58483356,,600837
2025-03-04,2170.0642106955,261685394082.7408017308870909594230456635,0.993894023950796522,120588779.259610620349260497,5613389.9637261419456411775,2586.739109405,,581765
2025-03-05,2241.06894506137,270253298998.35315487273729254127119483223,1.027316135143920451,120591247.134055695031783279,5776080.30786730009401271674,2577.377336202,,648492
2025-03-06,2206.33553331385,266070170286.7920470368792330739601812495,1.01761742982250873,120593702.21317272036033287,5698025.60847529167014927485,2582.574373861,,650999
2025-03-07,2134.73876709527,257441262698.58096962993827641630461167335,0.993529834716057256,120596143.503254126755821105,5511725.85559133838332648497,2581.920533111,,584152
2025-03-08,2199.74715371128,265286477212.45749298817717197504108032512,1.022640089565556288,120598622.784842447105453504,5668482.46484278145353029104,2576.879099618,,614600
2025-03-09,2015.69220105202,243094656904.62451631389730438451951607582,0.948323370216071689,120601080.253101027957557191,5181907.21316340967012400104,2570.782984852,,616335
2025-03-10,1879.69313354763,226696882004.85567699060221047032346548222,0.896590985142574638,120603133.542867384071313594,4852693.63156711685181446613,2581.641409951,,573333
2025-03-11,1923.01249590883,231925855926.55226619783979263154266234374,0.924790337491061585,120605485.622152643735088578,4986133.05692692708906799478,2592.876056466,,560914
2025-03-12,1906.5185295149,229941295347.6988691389383017798466846104,0.922433881193936455,120607952.027723426673218296,4924277.6376881288166960841,2582.863770509,,586370
2025-03-13,1863.52630742256,224760702915.82736024030079014204861159184,0.908940427259088261,120610426.598534848790210239,4808246.88014144455527642624,2580.187283104,,607478
2025-03-14,1914.70355201636,230937974987.02933707643260530522734434756,0.936335200024497373,120612914.069037100633248921,4937431.15226615102909529812,2578.692219517,,624019
2025-03-15,1939.64274050263,233950825948.31775733704314732633350936897,0.951597917521588205,120615421.109813670235281319,5000749.81117366681461913442,2578.180871534,,699041
2025-03-16,1884.69832144945,227328411775.8269261536442915499050490199,0.932203990174094314,120617930.832026881792499782,4874513.434373863846888452,2586.36269736,,616135
2025-03-17,1927.87450613676,232541048085.54224908263301333613458211472,0.955683090905775047,120620428.012987168651099372,4985109.41002235159237069796,2585.805971371,,616869
2025-03-18,1930.50927673875,232863687031.2703274138486814760415082075,0.959458531996324996,120622930.869646925868434426,4975346.9734895269092167775,2577.219925042,,621708
2025-03-19,2056.96594564582,248122387915.3648593531743544601929118236,1.013699554774309248,120625423.30396361932720698,5335275.57149965412497463704,2593.759795972,,615315
2025-03-20,1978.2045458796,238626717826.2278568869564675576003721396,0.977049676360920586,120627929.160947070009379351,5128772.662338063849709554,2592.640216615,,629660
2025-03-21,1966.1050710111,237172166228.5624044675718427203149803829,0.971596772209160088,120630463.613316933620514539,5110478.9403164971382368254,2599.290859714,,653476
2025-03-22,1978.73242548217,238700423188.6992003235814031386070494589,0.976564509509597589,120632997.22322667656919717,5136741.14037203409196599079,2595.975622687,,688574
2025-03-23,1997.88425306838,241015835532.71929035125866632092551922256,0.984166205091570579,120635534.897761783637697912,5185917.86024453096839810608,2595.704857416,,644387
2025-03-24,2073.91071683226,250192522606.4239935619232071359226766181,1.016021250235822699,120638039.321467963790702685,5399173.2740139750548413056,2603.37787456,,567021
2025-03-25,2065.10749736996,249135726710.16967722027510925057173016124,1.009522945502816517,120640560.855771032691221719,5365911.07443486149361979396,2598.368889401,,599874
2025-03-26,2005.4321364699,241941513301.148861670885619337809355124,0.982560765833412426,120643081.80830841015762076,5238429.9018619687186816017,2612.120254083,,625606
2025-03-27,2003.37026212741,241697811513.93154626945753175424760969021,0.981928118031966272,120645602.105158976401557081,5224734.27604561277736392721,2607.972362781,,604866
2025-03-28,1896.0268603156,228752072541.9165600343233448038686155344,0.936180994051125016,120648118.088284895903669124,4945824.9644336426903984008,2608.520516218,,565035
2025-03-29,1823.59882349503,220018393101.96563285553932052143318697631,0.905852303165668539,120650655.323569453165145377,4754766.61801284840724194682,2607.353413894,,538941
2025-03-30,1802.80018965517,217513615604.06321473165987796195900267502,0.899234555743133797,120653202.086509686027463206,4704704.4286491977221881028,2609.66492884,,573805
2025-03-31,1823.44348568089,220008878869.03506953365625016956881962627,0.912239617411870376,120655715.736033244400853243,4776582.48654500507963739754,2619.539636986,,534039
2025-04-01,1908.28501987142,230250220602.36879866502138146323396722372,0.952445442993754478,120658192.148824303516000566,4990175.71329732148533017636,2615.005442758,,545849
2025-04-02,1795.48936616014,216644974251.25656981650574944625382282756,0.90519596904749658,120660683.563153984143787054,4698473.7054255861214845043,2616.820680745,,535608
2025-04-03,1813.54323436587,218828797687.00153159276203635658151966371,0.918543674521232249,120663678.450168291691357033,4744837.78188997348747294074,2616.335630702,,567408
2025-04-04,1812.99751081239,218766622588.13689371539101662587576790039,0.923012137894125034,120665704.880151369721299201,4758595.13448231202846402413,2624.711344667,,578300
2025-04-05,1802.97516072472,217561846864.70877724866469724951080443288,0.921290968726514327,120668244.135575382723925329,4696968.83661082875196110664,2605.121212387,,650544
2025-04-06,1569.10020689655,189344069995.8194411359344962032577273121,0.817061304561192659,120670476.725201784358158982,4095932.7083996813120510634,2610.370383228,,567708
2025-04-07,1560.23826212741,188277532767.91992059659299054247872866177,0.819389575540265889,120672295.596187003017288397,4068630.42042700469989553791,2607.698144051,,634899
2025-04-08,1471.09076125073,177523540140.32572625451275888342836197291,0.786479549744697181,120674770.596339120793983867,3851636.04134392596357756729,2618.217816873,,651117
2025-04-09,1662.90904646406,200674799594.62518433739376645974861233506,0.884428531244713165,120676954.654454286227057851,4342875.57304348070084794938,2611.613414623,,638161
2025-04-10,1522.26864669784,183706170452.66026853902472548259625618024,0.820627345566105609,120679205.244857609680383111,3977808.0640651139226662708,2613.078888995,,547468
2025-04-11,1565.57072150789,188935722361.92104226240204089695327084374,0.847036096460612609,120681691.198176168574220766,4099447.37461805237424572819,2618.500281271,,520203
2025-04-12,1646.45040736411,198700550078.4658262048603848393888028034,0.891171169227287484,120684199.89435096430531494,4299801.06817394977312016011,2611.558203601,,549318
2025-04-13,1593.3115698422,192291583195.8614722880207861972534135698,0.8674527673967012,120686742.527643755363480459,4164058.671290430399566859,2613.461641845,,569981
2025-04-14,1623.4533766803,195933108303.6142662516760846921895094288,0.886413649731472004,120689088.530688718296920496,4242525.8643954735705844974,2613.272376858,,561545
2025-04-15,1590.80377936879,191996735545.15849215169002304151916581824,0.870740755829313315,120691651.626161128165435456,4128238.89907777823912385186,2595.064804734,,583041
2025-04-16,1577.76214319112,190426695584.88000514379449760226324527664,0.866461183096726121,120694172.063052811490295622,4118320.33371547421887177608,2610.228893809,,607438
2025-04-17,1584.56991437756,191252264734.07987808864751338887444259192,0.869999964027084473,120696640.141123905396177282,4116572.3599438711487233778,2597.911472755,,602395
2025-04-18,1589.17527673875,191812122974.9732729854821580804685260275,0.872732175261421238,120699161.245827718008826442,4144298.7722186915248745475,2607.829880618,,602813
2025-04-19,1614.76228082992,194904571012.97581583573655661524450903408,0.885205238698758598,120701711.531683196985107949,4207149.3588888331093773888,2605.42954764,,698864
2025-04-20,1585.28322150789,191350438562.0887862090548164945354971469,0.869997602476059577,120704260.26466112421134121,4125435.98994924359184448737,2602.333724333,,680519
2025-04-21,1576.97164465225,190351179684.2232469981924742177231098215,0.866954415023412359,120706786.535910753180381654,4115639.139917338331804044,2609.837122864,,577103
2025-04-22,1758.00477177089,212207109424.76277934897069776082631589414,0.954695417008505641,120709063.383827056449445926,4593512.17343698048064891975,2612.912232775,,578892
2025-04-23,1797.82488836937,217017943850.08209771206173773115413735798,0.97124737621684417,120711391.445313516570867654,4691017.60176784890734879013,2609.273924349,,560731
2025-04-24,1769.47740765634,213600137073.14144712502034494980506709122,0.955099751569449729,120713684.248759796459604833,4622870.82654594775031186606,2612.562786359,,513039
2025-04-25,1789.56658474576,216029488661.90773986227646267131333639296,0.961400006245847565,120716094.334427125932205096,4683735.71793318203265532096,2617.245850396,,576170
2025-04-26,1820.05065546464,219714001358.06700325960089114966919143072,0.972575813391399975,120718618.846339913654127123,4758738.16677206268743963328,2614.618528602,,599602
2025-04-27,1793.40027907656,216501368630.8668092740074361906507559136,0.95632910198989209,120721163.67816423038640956,4682808.6257176996490294268,2611.134101155,,582298
2025-04-28,1799.8924050263,217289158774.1704869621263783421447442913,0.956884878932098306,120723415.559384762853596551,4702742.0854754211939342665,2612.790671455,,563618
2025-04-29,1792.9466081239,216455613837.3755662745183409905645244551,0.950348689526924546,120726190.538306086171430609,4684141.5705550116124555918,2612.538236962,,570943
2025-04-30,1795.28281034483,216742122366.39662004682993583444689894005,0.948643336845753943,120728679.134829876536703735,4683473.18394103730200471329,2608.766238363,,602015
2025-05-01,1838.20588340152,221928666236.77953980851063554196875965224,0.966544493350596934,120731126.061956781405923587,4787255.23047860713884490312,2604.308512831,,584302
2025-05-02,1841.31197457627,222308298975.20472467360106312313204939434,0.966823155941571741,120733641.036773896172653342,4799375.53101294040550266161,2606.497756643,,614894
2025-05-03,1835.43869257744,221603876059.12677406926411883614438033456,0.963299173985916045,120736190.729387145389047299,4788429.80911623430667389072,2608.874831113,,669340
2025-05-04,1809.26886206897,218448831118.08948510570520245378566995615,0.950292019662999689,120738733.583401566687913295,4721991.68271885727429745369,2609.889431977,,604025
2025-05-05,1822.42831151373,220042314791.40881331130146060133224453657,0.95681054659157007,120741273.278749234152898109,4762259.87880208304335950936,2613.139759032,,590450
2025-05-06,1814.22681735827,219057496323.70817929974212068722534772846,0.952546635683284585,120744272.010421467034553498,4724463.02987062336330942236,2604.119278068,,586800
2025-05-07,1814.5519094097,219099979149.1818547074651951473426306742,0.952861731493042974,120746051.966327184976035286,4589809.8242788200345116679,2529.445314007,,569398
2025-05-08,2193.0712805377,264808195185.224080056967860194761051794,1.121051817766791218,120747646.25083142334885522,5636485.3494860285407528514,2570.133218882,,576847
2025-05-09,2342.20799707773,282820618221.35049996692859440349047279868,1.173906333774855032,120749574.151490114465753516,6026048.22450267366628038888,2572.806613256,,600913
2025-05-10,2584.61239742841,312096306238.86445402315192818824716276764,1.260409666716370799,120751686.616294297670609404,6684760.01213324072118068418,2586.368470098,,500413
2025-05-11,2507.64435710111,302807565286.04442879620513664606395724302,1.213948941505048834,120753792.071255426783743282,6483566.38499962872819032711,2585.520696601,,493699
2025-05-12,2493.58635534775,301114777011.088340100016275012071498146,1.194279856209154223,120755704.475731117749311224,6442807.93425636532143654,2583.75167976,,544829
2025-05-13,2676.5017402104,323208337086.3536030968719058091399038704,1.25389799853953177,120757753.387803204560621026,6949539.0056932547088093624,2596.500835881,,565467
2025-05-14,2603.05951344243,314345526726.08937747363643015354862395089,1.209149875136361827,120760023.004768512373092523,6755269.08697349452819697769,2595.126639283,,598472
2025-05-15,2540.68613383986,306818948979.08416822820824426654798788276,1.166049392290050708,120762240.125809665776668266,6595613.70804816018460470072,2595.997049852,,605477
2025-05-16,2546.7049465225,307551749437.1956790842615595303154924375,1.157582170013622937,120764578.502568387761975775,6630964.9977581375583858425,2603.742929393,,584362
2025-05-17,2474.61027878434,298851418896.14375200912160736755206563706,1.121496931265710827,120767064.397289839721481709,6431804.38491322590739972986,2599.118107629,,679394
2025-05-18,2465.93426212741,297809759488.30656468858606787559526623661,1.115661643431485899,120769545.264106199813402121,6414542.62451927415334815496,2601.262622056,,619263
2025-05-19,2526.45705727645,305125203119.39618710195214085327609928595,1.136918199189284634,120771972.846561933551408111,6583704.4391950780753819613,2605.903955594,,576938
2025-05-20,2525.32290794857,304994275855.11481177235846819172995633276,1.136271686721834929,120774367.070100738764919068,6580728.10274011303404642523,2605.895698339,,618164
2025-05-21,2557.99176563413,308945644743.06672754443086914830321950901,1.149308397033820244,120776637.709964886565383777,6648519.59922287352342823339,2599.116888703,,596745
2025-05-22,2657.42359701929,320960346147.52858961095574770077657132077,1.187624744288493189,120778767.264479426232183013,6935370.06882815733188498585,2609.809770865,,548411
2025-05-23,2521.84042402104,304590573337.25580704782143660559046658696,1.134644781431878229,120781065.461545069368160199,6587452.64989871264613031152,2612.160780338,,565438
2025-05-24,2529.64885359439,305540031955.64414422163677976963772675678,1.137380929479307166,120783574.969901798894171202,6568655.24479951196083646874,2596.666820166,,569633
2025-05-25,2546.99536732905,307641621671.94456522557322981920242519305,1.143872150607882253,120786093.927826096834286881,6635481.4115256175649162352,2605.219269984,,540764
2025-05-26,2561.92804529515,309451575891.2797172825134907090568237809,1.148496579538895132,120788550.818033992249993406,6689351.1870014406838808617,2611.061305678,,545198
2025-05-27,2661.42436703682,321475210150.01925414607794313701599886666,1.183947097628722827,120790661.621522510838713413,6973570.30099565207077785156,2620.239893858,,537019
2025-05-28,2677.11812273524,323376584923.40842732888603912713853006568,1.186358447232442603,120792796.618556053218132482,6996908.57708968309684860776,2613.597255074,,550788
2025-05-29,2633.37122910579,318098055645.84186290774035770445251477165,1.166512606877775142,120794991.655566143781431135,6877394.95117615275342780123,2611.631385337,,553779
2025-05-30,2525.27963413209,305046636254.44755037827709104034152175236,1.125901203096813768,120797171.185078924228333604,6611149.7739574477011124281,2617.98720609,,584081
2025-05-31,2532.55873436587,305932121458.9311907459856425125595161948,1.130574100209778195,120799615.54594857242358804,6625198.72360805409493328233,2616.009900859,,639715
2025-06-01,2539.24056341321,306745510765.34646173541832891867708750235,1.133546546109962577,120802067.824965601453124035,6646981.73344081295364912529,2617.704611849,,597460
2025-06-02,2608.39263530099,315105107947.62254761750157526108627771922,1.159091356559725842,120804323.583462983617155878,6831750.23361688695150641784,2619.141819816,,594300
2025-06-03,2595.07908591467,313502507325.1863706487352142472260079668,1.153088186426550964,120806533.03661774880981404,6795072.79320957580111793306,2618.445360718,,587140
2025-06-04,2609.93374517826,315302894134.03956218684596401958299705564,1.158595957062256661,120808773.294168120830756014,6848759.13321965224999126698,2624.112257973,,557098
2025-06-05,2421.2568220339,292514047367.4027429543308604864768340676,1.087698321030232837,120810830.435445338232099884,6354180.5043880196849262409,2624.331482131,,550895
2025-06-06,2479.93381531268,299608721674.49580062286949260998316379416,1.113970829463360466,120813192.603980816947510662,6521175.77578514858204678528,2629.576537696,,568753
2025-06-07,2527.09892109877,305313222213.93655653364475956222759959066,1.134857882742090944,120815698.849330318699580658,6657564.32407324441289563555,2634.469220215,,645229
2025-06-08,2509.56872501461,303201651192.35428874341317321879404019278,1.127968305216147154,120818229.909439572890930198,6601571.34698605380010717676,2630.560096316,,635387
2025-06-09,2676.70837200468,323401341233.98804343933829362933512141776,1.191380172399275967,120820536.378336027160260132,7045706.15608692319650195864,2632.227787598,,683387
2025-06-10,2806.2143766803,339054399236.3768901560844243989029679465,1.236837252223786839,120822700.522784723625275155,7392646.94847337078823819,2634.3842473,,618005
2025-06-11,2774.56475336061,335236655645.9989256463238542372911813178,1.221844395635858739,120824952.90115445338847298,7317109.3559665492331550876,2637.20979916,,613546
2025-06-12,2652.93859585038,320547197547.2144089295684256107748216102,1.172183476226553284,120827220.82169616024875029,7001779.21351179152385490824,2639.254155548,,620082
2025-06-13,2578.02224722385,311501324278.6210762085135100073604080825,1.144715390275308114,120829571.82160165298071145,6799648.55766603668576126665,2637.544561529,,567310
2025-06-14,2533.09064056108,306078726386.3552853769191797589656229854,1.125641148524505242,120832125.580219583597833505,6679790.51185369473965684244,2637.012037743,,648830
2025-06-15,2546.5897761543,307716353475.6839024628584483238901173069,1.129751455550771328,120834677.165938292754755083,6703521.9095911667599334277,2632.352478739,,597463
2025-06-16,2565.02230391584,309949836540.58357885446326109996334217632,1.136048408740818496,120837092.163840002434135573,6748068.48663691361950953824,2630.803044611,,568812
2025-06-17,2513.40039538282,303718046989.70155550885980894439068531736,1.116466028356765717,120839499.964923725625613148,6608883.97841948295138226446,2629.459273803,,611053
2025-06-18,2522.49356750438,304824070958.46324311419145627183113130258,1.121724689093703711,120842358.087771002248855891,6663622.01902926085064383664,2641.680480328,,591960
2025-06-19,2523.04524547049,304896048951.95469353219872722687348078015,1.124351664253252578,120844463.451188954767653735,6683769.79360820706476408376,2649.088360824,,547969
2025-06-20,2403.17304178843,290416093063.01917557563250297367239753264,1.079201690032410102,120846933.621930484905141648,6362893.47808621655984042058,2647.705083006,,558520
2025-06-21,2266.03854500292,273849578471.54470488620967668568928764024,1.028332392781442749,120849479.403357556041197822,5986950.00569479437631682004,2642.033613637,,593152
2025-06-22,2227.35017475161,269179370125.63007407139981902007396297079,1.020675519073550026,120851841.428862196292917839,5896467.79339142969365971529,2647.301650289,,501348
2025-06-23,2421.45208328463,292642074168.97094025466071413360865924369,1.104234523781181414,120853960.393884976788842463,6419737.8435369911470299891,2651.19342557,,529187
2025-06-24,2443.16771186441,295271718993.39921297510542796885673904032,1.114962024546393879,120856099.055137681618965152,6498463.64895274716926799817,2659.851641537,,631045
2025-06-25,2417.98607714787,292233583683.51200708752093697203945652919,1.105578140343247882,120858257.392538615749393437,6433102.69864274911164692229,2660.520984567,,728650
2025-06-26,2415.25481852718,291909347649.5705833258559849062943703942,1.106384859413974737,120860683.27464371434994869,6430502.65723211414161741284,2662.453091038,,633814
2025-06-27,2422.03759585038,292735205406.55794308432966811944362269126,1.109353181089960302,120863196.305496776655137477,6447277.33333603767772683894,2661.922896813,,595755
2025-06-28,2438.21842022209,294697148139.54301149911245493881687964757,1.117280544978058538,120865770.554181906523671573,6442331.49763826083788169458,2642.229032562,,646608
2025-06-29,2503.22452016365,302560630256.9602180816722970773806031327,1.142875959897950963,120868355.123486930275720398,6622898.63106997540786369105,2645.746946677,,630826
2025-06-30,2488.96316364699,300842902570.96734625130119452132591857358,1.133181705804333603,120870773.406767838357460042,6617043.2012113455341549094,2658.55409106,,571982
2025-07-01,2400.70451081239,290180970290.1321554415171831352527558845,1.092928809258779319,120873255.73938957244321355,6399995.02147987651382101502,2665.882032818,,562902
2025-07-02,2579.95848860316,311854385606.13505780463537228280304598472,1.163616038877850823,120875737.723586057885159742,6869826.93721233711641921928,2662.766462158,,591077
2025-07-03,2590.32040794857,313113429406.94729647288900753711863361319,1.16394906780931474,120878262.181828150696058767,6907423.38911153503436742599,2666.628949807,,603372
2025-07-04,2510.08707305669,303421362691.9184912771557198646076810225,1.129031708640259164,120880811.64547942280286525,6689874.25158336683370855323,2665.196089567,,641639
2025-07-05,2518.45863588545,304439906092.9138907748890566456952952511,1.130608411187587736,120883425.185134185038823158,6706024.15450432243397510115,2662.749373347,,624984
2025-07-06,2569.75132524839,310647053068.45950589382313903836260831871,1.15039141291031674,120886036.721250692703750889,6857271.21091874812881179564,2668.457116276,,605772
2025-07-07,2542.78128462887,307393016260.36598676473472443915513647488,1.136960052968548247,120888500.367121168231338624,6803619.7082768232255780992,2675.66060416,,605963
2025-07-08,2615.43112594974,316182143646.93555279378725657011259508162,1.163442310836882549,120891022.711263525581845263,7009968.66503338153058251914,2680.234472811,,610652
2025-07-09,2775.83493658679,335580027671.08432664571053875515984677205,1.222574138912909371,120893365.541295034943581395,7420018.80445457739835713713,2673.076380247,,588717
2025-07-10,2950.43276446523,356694159142.51326247668186975183293152308,1.277302220957699809,120895538.931952096129640796,7897986.73429343731429556544,2676.890939328,,599545
2025-07-11,2958.64228667446,357692989252.01218142993619848601651947114,1.270370545815763963,120897680.284987156431429359,7907756.9160911838676615365,2672.765461275,,605839
2025-07-12,2940.39548918761,355494502806.43207644315382392617423589674,1.25707835148108231,120900234.037785922999463834,7858350.80625251911794490787,2672.548925867,,659420
2025-07-13,2969.63940093513,359037667464.49734988053703400426093727318,1.260580663112032232,120902782.792899882257560486,7946813.66950431489481981182,2676.019744014,,635664
2025-07-14,3011.78428755114,364139739200.35195615583948251960879806822,1.26561109042400749,120904986.690275664417582823,8081367.33981226817124867858,2683.249053797,,562169
2025-07-15,3132.8656157218,378786424327.2624890757884227695100802104,1.298389647053157947,120907332.388079970853800028,8399976.517566555028904874,2681.24380293,,571938
2025-07-16,3366.30753506721,407018065674.8578798502616664541359289766,1.364749437122539214,120909352.88440055202588646,9027036.85223950192503773922,2681.584126882,,597741
2025-07-17,3489.39637258913,421906857995.16579026055652103223829367215,1.389138776764606365,120911129.876056802502079055,9361477.87357468982355718498,2682.835904546,,624057
2025-07-18,3542.33909877265,428315726635.85700516784542947927016961215,1.3878872756032576,120913248.193618696848724431,9488131.3335200986282144654,2678.493241036,,648715
2025-07-19,3592.11291057861,434343168642.62990198569993693395439036113,1.392442223896570881,120915789.524184755375384733,9601947.43875433430596102464,2673.063925824,,630980
2025-07-20,3755.06715341905,454056117479.61458035941241005262994173745,1.43175993720412797,120918241.652799488881685729,10047635.8929069578647257695,2675.75398319,,595222
2025-07-21,3765.90390122735,455375520980.68908613719056422845332637885,1.416255444676669285,120920642.938413042092425491,10055419.68236672348969736875,2670.121157125,,657686
2025-07-22,3745.90083635301,452966015411.62687831354762662128399364729,1.394272208344923582,120923119.751518111946641029,9967541.60299163368193990358,2660.919772958,,676888
2025-07-23,3629.55279777908,438905928007.99813969314830961013355334948,1.344791219392351815,120925621.546699712179044381,9668125.2911967497603328574,2663.723557655,,646492
2025-07-24,3709.50907597896,448584094510.777243920550958778475261728,1.359950822150718455,120928156.6166254535228868,9883482.53075779654226759424,2664.364024544,,666804
2025-07-25,3722.55895032145,450171802832.1844188435328559982290429279,1.350815833554750843,120930738.462398623120473302,9903012.2362141675202387996,2660.270090648,,699650
2025-07-26,3743.35857714787,452696903330.7083503724949164563320193689,1.351820870285790551,120933352.76355651554760147,9984196.83227500208067085081,2667.176180563,,747490
2025-07-27,3863.5014880187,467236283546.8535426987078351462596462376,1.385371725331355373,120935965.728452190035648248,10302428.8957774309710253559,2666.604096757,,723786
2025-07-28,3790.9041452367,458466391627.1705260378566665745406707696,1.354903933116670528,120938534.466305893611478288,10118084.624196017439074619,2669.04259157,,661817
2025-07-29,3790.87183372297,458471635348.24010176803102570692343034577,1.349275714875779009,120940948.535836037114863241,10130975.07943758319756445154,2672.465734482,,742843
2025-07-30,3800.85833167738,459688135624.79788789320470412049707362246,1.347946688714705801,120943243.738824148626075167,10154129.20515808299271301508,2671.535826666,,937809
2025-07-31,3701.44796201052,447673542191.0667198597098169544135771212,1.312808975115935156,120945518.29060520856980581,9886137.29405894447920779888,2670.883771844,,927593
2025-08-01,3482.30238223261,421177732400.66047489338353078689807558773,1.246216110748271216,120948064.289187493557265593,9274964.63107932832790592455,2663.457567155,,773917
2025-08-02,3393.52058854471,410448603878.77778404175588771118052113235,1.220882281742814231,120950674.430649643128859285,9065824.06890971420422801963,2671.509965053,,741189
2025-08-03,3504.17049064874,423840957939.16589181531200365593071019006,1.260692825660364145,120953292.389805683487263619,9349354.03638868414275663918,2668.064827707,,768049
2025-08-04,3719.13207539451,449850935279.60997711903417975686749043115,1.326745359444201056,120955891.363952614782318865,9947444.38515206653836234051,2674.668224601,,757996
2025-08-05,3614.08048129749,437152709148.01681907101263085518733030968,1.294831642093563686,120958210.922595378944371032,9672077.10067320536035606653,2676.220729097,,767010
2025-08-06,3682.01792606663,445380562456.36131710438161012671119737384,1.318181721345309429,120960997.854821874057686168,9869358.32632266467255739062,2680.421042074,,743146
2025-08-07,3904.2433635301,472271238830.4313847048995926963566746493,1.384462084308367957,120963576.000912470032113593,10454170.4714788929064538033,2677.643143133,,750439
2025-08-08,4016.25586236119,485830870622.49604753508275114687467146579,1.412616186644119239,120966115.524540327771770341,10739117.32496260324986386249,2673.912642271,,729403
2025-08-09,4261.9204345412,515558906269.6334718744624105676472362676,1.476226003550648579,120968683.997765412082977373,11409439.1436569732395936412,2677.065261751,,706918
2025-08-10,4248.71364552893,513972322797.80738222813047889196519228583,1.460741183869839795,120971278.763085960751297331,11360597.79560161716178189254,2673.891145278,,735445
2025-08-11,4227.64236762127,511434028978.87535900681388121564159960238,1.433047219538138073,120973815.783438513467578994,11289775.80572431053803975311,2670.466142593,,713282
2025-08-12,4599.41391846873,556419913286.07649490669851147022577784344,1.515451445759722253,120976264.182659998333370328,12300422.41266326306917390062,2674.345608094,,745456
2025-08-13,4760.82676241964,575958409420.37917392469231904334390992712,1.53231854820036963,120978653.112690533126456758,12738964.46302410552212925708,2675.788281897,,754817
2025-08-14,4560.76501022794,551766004363.00545388563562573341938369072,1.45856880296601771,120981020.316902720693912888,12133280.1626852122686813759,2660.360736735,,744255
2025-08-15,4429.98655289304,535955491246.91782969038888453910750609248,1.410055290640867879,120983548.109622948102929412,11825482.8546292573602032124,2669.417325185,,768519
2025-08-16,4422.6705862069,535081943746.3891086257989466635825284907,1.398968599928034521,120986162.843591234523262303,11780947.7995717565920115384,2663.763346136,,810398
2025-08-17,4487.70970368206,542962502798.62055582843432876469715529034,1.409198687490488958,120988775.711836401612811539,11982421.60750568545828158148,2670.052743758,,768329
2025-08-18,4321.5258842782,522867344082.5871792593662235391076012098,1.358475237044468045,120991371.585853349868349839,11566628.8589263760077796612,2676.515001566,,731006
2025-08-19,4093.51478141438,495289791946.06879146096670002778693281886,1.296122136208804123,120993771.463782920793074897,10960286.78852342462707531786,2677.475805947,,720416
2025-08-20,4337.65589713618,524841310497.83127795020905747856840709636,1.36064054309506061,120996529.679623402026266802,11607536.17599188191514409802,2675.992852189,,727938
2025-08-21,4222.5846157218,510929069252.79132809943454229161627725,1.328962247216415205,120999131.04179539462312625,11288023.2902178039828360894,2673.249755183,,708788
2025-08-22,4831.10497749854,584570930656.8202669763374873063031257834,1.485524564418985231,121001496.21660688269753371,12929397.71307258258448448054,2676.281673301,,732944
2025-08-23,4778.36752483928,578202046976.61250842617012922895315713848,1.464719799152807805,121004096.895217428232285141,12757768.33019481111185870512,2669.901020354,,760979
2025-08-24,4787.25375745178,579289740429.410819616334156949292174178,1.466620690274445144,121006691.8904592373280501,12797545.83735784114561296514,2673.254121413,,746244
2025-08-25,4377.50717007598,529718918222.88800062760404593740187605008,1.35894370601006228,121009263.410000015326922296,11696943.9271722965395789181,2672.055915095,,697653
2025-08-26,4601.96733810637,556892536687.86010393825490868340349549228,1.415530950835455093,121011840.322406928495927644,12311217.71395396357729192833,2675.207538309,,660167
2025-08-27,4507.0350163647,545416021449.2249491003368095281083814614,1.387824239922450663,121014374.077161819608635562,12052142.2842569992617099459,2674.073363197,,620154
2025-08-28,4504.04511922852,545065790485.00831741546132339175713629396,1.3817792727747299,121016947.223293018845088173,12046003.49023646929693862972,2674.485528311,,688849
2025-08-29,4366.7936899474,528466885071.4957897257090838797046682148,1.342355766702450859,121019430.409102155628796802,11708516.1315988000690272978,2681.261576097,,725037
2025-08-30,4372.10783167738,529121504931.15020065026640388294135439286,1.344404452385147238,121022061.966882050653416247,11679596.10968353708397780528,2671.387934456,,739460
2025-08-31,4396.614606955,532098942891.19560233207380883728551783,1.352343520537132132,121024695.239257233723201426,11753839.153047926651880485,2673.384001967,,745961
2025-09-01,4300.58149415546,520483348377.82130195901183629166961664536,1.332516531553125051,121026272.629681403176312316,11520484.57590730604052987516,2678.820199446,,700659
2025-09-02,4322.33563062536,523127326291.64694197335910445960083802968,1.343348883662344368,121028853.609861929690058763,11489067.27795525896784938264,2658.069215299,,754357
2025-09-03,4455.87243804793,539300627146.07622208583174943923068218403,1.380735464134126698,121031433.157978384994011771,11941816.17765183921481802849,2680.017514793,,688264
2025-09-04,4316.90264465225,522492017198.68476221677684354396410692925,1.33984823181371906,121034005.213424111752176213,11534228.81218696543425247575,2671.876055967,,685311
2025-09-05,4308.76928550555,521518773513.6837430257061736591200638984,1.342248941469973174,121036597.449773570595106288,11517470.69119745018399939565,2673.030261783,,700882
2025-09-06,4277.15637317358,517703668054.90485432810673087202854896456,1.334062861989934515,121039219.258373106633489532,11423267.13063297043239164532,2670.762098454,,640023
2025-09-07,4316.10284774985,522429093419.8091510583020306573255312658,1.345470547659487066,121041854.619421657255038228,11529366.5636605747874711844,2671.244632104,,658528
2025-09-08,4305.11846668615,521110641844.55260242488128348698740500345,1.339605498415128439,121044437.191916744305834303,11517320.7530387435475680084,2675.262212216,,719927
2025-09-09,4309.73367562829,521680446455.28631505258802029158061369302,1.342185148968332339,121047026.503147825896904238,11539957.4859827239866701544,2677.64979336,,716547
2025-09-10,4348.6037805377,526396471075.4969648997813493483152650772,1.351423063891074018,121049536.274470291989903636,11398903.5144115515750102423,2621.278941399,,726546
2025-09-11,4461.97569111631,540131705879.62938433924729734392799650224,1.37972765153875944,121052139.964594399207802704,11905837.45204012475615598414,2668.288282194,,735425
2025-09-12,4702.87913120982,569305164773.32306856762981139369308502756,1.435994751380514979,121054602.699701701482911958,12559018.24044678103758281916,2670.495645338,,739390
2025-09-13,4666.35363763881,564896443111.17294969726156365451339491919,1.420362240891449377,121057358.052488360688671799,12476923.81797779641335184716,2673.805885036,,723144
2025-09-14,4609.893685564,558073718522.18623559605994576023531574,1.399612987902062408,121059997.602506183816307785,12331608.936259190866457256,2675.031091254,,719519
2025-09-15,4524.12146668615,547701233878.89335798454861146193528353455,1.370785022576958418,121062451.110552555874953817,12096386.22374148911855209635,2673.753636549,,745718
2025-09-16,4506.83149269433,545619592956.09002810353689988939647337517,1.360972343279768691,121065008.496668009160624149,12064094.64089378906343468192,2676.846174624,,756644
2025-09-17,4595.04608036236,556311198668.4488583521889713827470134864,1.378214337665613946,121067599.52765888323525724,12305221.8761337724701363556,2677.93220371,,715362
2025-09-18,4586.33670105202,555265691225.25049638095148011613332876828,1.365335959225230111,121069543.607184992570502014,12281605.74294699067097453646,2677.868317023,,801787
2025-09-19,4463.60009351257,540419588737.36509665132606160170069071938,1.329345211759982421,121072582.089693697667375634,11952010.61124214950898883821,2677.661609653,,736420
2025-09-20,4483.94747428404,542894831594.03068333051728262379719797432,1.333186726891593897,121075198.741197494205987558,11985333.54710879544122389176,2672.942449894,,718542
2025-09-21,4452.53198918761,539102920484.23814374979454603266206124352,1.326960142368450898,121077832.072487942696884032,11868390.38406933131082672638,2665.537364558,,763923
2025-09-22,4204.59655523086,509094282384.7151073807027673673080659479,1.266500609415826716,121080411.805827226034819765,11215134.58719811685598268674,2667.350943159,,669098
2025-09-23,4170.44418088837,504969987710.93615920828756627309647950169,1.262992792679398378,121083022.768900753941053637,11149798.38966407563646535885,2673.527784105,,709674
2025-09-24,4153.13078725891,502884490649.67427612556431658223843394326,1.261217598369852606,121085637.898145968890084786,11102289.51245280444525157146,2673.233779806,,658722
2025-09-25,3875.37859468147,469261997408.45197856052438435725051331267,1.192429920962391709,121088039.773059166589486961,10357839.17279838976861918051,2672.729623633,,589890
2025-09-26,4031.71004850964,488202409658.56138414581823969701683571008,1.237976438805582288,121090654.780353079310419472,10770888.5698349751230543786,2671.543449365,,647829
2025-09-27,4020.11526504968,486808933719.7324245497099101063064901136,1.240424873669670566,121093277.58633719436878402,10742999.18126160692098179904,2672.311233128,,624741
2025-09-28,4136.4756811806,500910192596.6815475780343801728339468232,1.27835009162506261,121095887.224874423320759772,11048332.9699215705646219404,2670.953203034,,677304
2025-09-29,4220.42131589714,511084876371.60822068677239263068469185936,1.304441620130845239,121098070.101791791864185224,11304907.61571485025782199782,2678.620632763,,671334
2025-09-30,4141.04144243132,501482753377.25091340376967965701265771016,1.28474853220349042,121100636.240630452251451038,11087460.69944579526870181324,2677.457072957,,700023
2025-10-01,4338.2852434249,525380272514.5305406635169398312904713493,1.337427588877374791,121103210.839074323720763757,11596507.7642466594812983045,2673.062538205,,742484
2025-10-02,4478.61686469901,542386373948.00617282146065237413964119115,1.371032576725909359,121105776.701543725498130615,11978746.37047710333173570449,2674.653075349,,690586
2025-10-03,4519.82290414962,547388366508.82793791887436910020861850598,1.375525316983411482,121108365.995108843804090379,12090585.82415068595426337126,2675.013176523,,708326
2025-10-04,4488.74868907072,543636835032.41967974384088537323951619456,1.358588083164637468,121110998.340378398034483798,11952820.0053642519949842144,2662.840099395,,790083
2025-10-05,4518.09387872589,547202768371.77343368357588879977834491203,1.359356941599584459,121113633.992502503265771727,12074853.59611021909863666651,2672.554825159,,702869
2025-10-06,4695.78451022794,568735399164.73521297515162936196924033466,1.396833118049455892,121116162.363491419014459289,12517283.04041332127037829772,2665.642559438,,739794
2025-10-07,4464.01253302163,540675451119.51540540502656424164221966553,1.335040742933776637,121118712.620087441777586531,11932521.42776269485378722941,2673.048370607,,690739
2025-10-08,4529.19221332554,548581315963.78596043814702616578050413396,1.357525342301572419,121121226.506965240240968674,12088705.03119987207328222788,2669.064252922,,695551
2025-10-09,4368.90794301578,529179236681.27307291558403096500666850414,1.310788211262845026,121123915.537572529146879563,11683205.1600936300306580067,2674.170596515,,675186
2025-10-10,3867.07758883694,468396010905.44334497212869799360862694922,1.180249981432176738,121124027.161378434096131363,10327283.05445361862259919048,2670.565256892,,666821
2025-10-11,3749.88979456458,454210460854.96624667093003113192759345212,1.155821204917168444,121126349.236539918543260614,10012509.66592944320308422714,2670.081046233,,639474
2025-10-12,4147.5814956166,502392085861.1803785304093082888235326134,1.272005510440152811,121128924.505072873482039049,11061226.8717493075278686098,2666.910073603,,691495
2025-10-13,4249.54676563413,514754026988.77032960316134636867839743485,1.301203818512238743,121131512.459531011563582345,11341263.56163269669207395938,2668.817214426,,672710
2025-10-14,4135.18015604909,500911234385.97986822267467096011978188201,1.274012045842558306,121134077.714420478164935789,11038579.41345553362596461833,2669.431317837,,652820
2025-10-15,3984.26746230275,482640808854.31931006667041591240826559825,1.239282796783729978,121136648.937562010891131163,10596027.9732227752030402875,2659.46703465,,755770
2025-10-16,3890.10663062536,471244413592.02671882590525861790206898376,1.221003496283986434,121139202.170473951084620441,10341480.29053300905546207424,2658.405352984,,696528
2025-10-17,3838.55720222092,465009150175.46688124360007878047385583916,1.21443392418125849,121141649.239047673854023673,10235736.57185625548249455844,2666.558301107,,718971
2025-10-18,3888.66811747516,471089899605.6836170913407110683691685032,1.233874357250115409,121144280.09134231317152502,10358878.21724950430122511224,2663.862768514,,1082455
2025-10-19,3988.23975043834,483162898307.91974206394657256427204420744,1.260454107252859368,121146904.033243289386004116,10645870.97387476994288189274,2669.315698161,,1038730
2025-10-20,3982.14718614845,482435263713.8207691128550439298599650498,1.255076897326539886,121149530.934449021454536484,10606629.22673941372309978685,2663.545251073,,712270
2025-10-21,3881.40200701344,470240117002.94830903774355188285452866976,1.229187055490027095,121152129.089760638242174529,10331062.00899627662677056096,2661.683069759,,745734
2025-10-22,3799.0574094097,460273821256.0969055937453145016086680813,1.210301762119986793,121154742.256873277929216029,10095850.5324528192757294253,2657.461955549,,721508
2025-10-23,3856.09569199299,467194342744.14854681944708854605945332641,1.229580258384022459,121157351.907593132379226059,10221357.20219628270094953045,2650.701128455,,744666
2025-10-24,3932.93122939801,476513834700.03739287480046006145123503954,1.252614798284721424,121159971.254563351205694754,10483745.04979477981456684169,2665.631417969,,713773
2025-10-25,3955.02062916423,479200662014.84954123673791070467619546717,1.257488032752129137,121162620.109041915223909179,10568659.47454965232607345538,2672.213489006,,760625
2025-10-26,4166.26219111631,504806272044.36144754285886779465615954605,1.311873896954808453,121165267.303809184414037955,11141435.36275255501119647731,2674.204083101,,818357
2025-10-27,4118.91474137931,499079946980.82484629534107037751082449452,1.294164358353515354,121167826.555617621608965892,10999301.09714971574252182695,2670.436701845,,749297
2025-10-28,3984.36764699006,482787592345.05598441768895876929769517846,1.254938960331447404,121170442.870594973139993141,10603650.32766807769480590298,2661.313228883,,716806
2025-10-29,3902.84432378726,472919508994.36738941181301040282609516116,1.233347231425880852,121173039.393857653086462766,10393962.83596624944146351572,2663.176384622,,667632
2025-10-30,3791.08245061368,459386731074.03567689471718519187373313504,1.203030978933391413,121175610.675434565696511428,10106379.4669691681026827684,2665.829508755,,640378
2025-10-31,3851.14513091759,466674956537.54468679533219879709902866964,1.22134342729274898,121178231.583901059910525996,10267915.06385185627998443488,2666.197900832,,734635
2025-11-01,3871.69728784337,469175676879.07587080616307408169210257606,1.227233383164807053,121180878.048556887006014438,10334618.31717520952473180642,2669.273331266,,795039
2025-11-02,3892.96733927528,471763503301.05914452724347552199326817744,1.233497010675784625,121183524.593577316903640098,10412373.8186832834085465024,2674.66251608,,733519
2025-11-03,3595.6841440678,435746640426.4340703917854190318335183664,1.152155180345344175,121186017.171539875507918088,9626826.2683930418321461684,2677.328119678,,646200
2025-11-04,3282.72106575102,397827196184.43786562820583237534455121042,1.074191216060715005,121188242.380691906832924471,8765633.89837269931603989342,2670.234151121,,636651
2025-11-05,3428.01642314436,415444045571.60684164938159919846849770864,1.126713470176029439,121190797.910629420010512924,9163177.06613247715504322592,2673.026011272,,643948
2025-11-06,3303.66692986558,400381677304.19259004816724524471251646952,1.098528247709779663,121193112.321550940429224844,8835753.273238347429120168,2674.5290796,,643147
2025-11-07,3438.0656233197,416678408785.1356644148330171432084582794,1.143146043553385938,121195594.976108294225241202,9199286.0951948549469938937,2675.715679421,,654646
2025-11-08,3405.3028012858,412716662973.3284278439471285314486084918,1.137433681688960176,121198227.311090146570034071,9080684.228265314407417187,2666.630475515,,769665
2025-11-09,3576.40794155465,433463775210.1183415636035830797028713462,1.193143540056919865,121200875.932988058346158268,9564353.3206815580523143082,2674.290370948,,748910
2025-11-10,3570.58905815313,432767815952.66317366663597985292087048939,1.193843098905891349,121203479.007049397877331003,9544679.59485658957365507858,2673.138644466,,655838
2025-11-11,3419.72296464056,414491265224.15502617589189968207176097112,1.150784730980227133,121206094.619340413391020877,9130217.66574010581731921104,2669.870559734,,620692
2025-11-12,3410.5313264173,413386125580.0557543255181160012802972827,1.149770158668274795,121208716.770330980627168999,9117617.2575018526108146995,2673.371502815,,620057
2025-11-13,3247.69008825248,393656664060.20063064571325622563405079104,1.10154309817594837,121211277.358062130261472698,8658199.87784557070002957856,2665.956308197,,619058
2025-11-14,3112.32678550555,377257068257.4543070396841796735676894121,1.06361726192844962,121213835.903858872036307822,8321638.9994869618101445769,2673.767754158,,652720
2025-11-15,3169.92543483343,384247199273.76858932964642082422768344906,1.083702415271338288,121216478.801483107505211542,8451443.03408062092870601985,2666.133070895,,811416
2025-11-16,3090.50758416131,374628597527.61276934614381173689536738139,1.062900055457313549,121219116.059628771237652169,8267360.0228384489937347041,2675.08161611,,666921
2025-11-17,3018.11872559906,365861441889.70056976611850801803843593698,1.047650139525431814,121221686.471953321275732833,8040586.70815327610928877724,2664.105503854,,618174
2025-11-18,3117.43951928697,377909363532.3141493154877361854163421685,1.086088194561656564,121224280.75805964576480605,8325707.83859995213917743643,2670.687847219,,612635
2025-11-19,3015.43288310929,365551434223.10720465624377934346638445882,1.059986357264543109,121226851.464913975357628058,8037644.06660450177754277669,2665.502559061,,616861
2025-11-20,2844.77433810637,344870222788.85898939385351972633608620456,1.011699170211346866,121229377.729279776877961288,7586951.42352370700271489334,2666.978298382,,621631
2025-11-21,2757.03679748685,334240658403.18224968037669614171149493125,0.992751343310265684,121231845.257871081586649625,7363623.61333585564008355905,2670.847055813,,588871
2025-11-22,2772.12619257744,336077291649.92662076890298758470048580464,1.00293197327772048,121234485.121852266558051631,7385051.02906561686965945808,2664.038545157,,705201
2025-11-23,2802.26699941555,339738816520.9704717141223413754389003082,1.023363011322607874,121237132.861296769370979724,7482037.46538125472368363655,2669.994496221,,609077
2025-11-24,2958.66075715956,358707304068.74741136414042423565909122204,1.077553457469517868,121239754.575013074445611859,7895696.8993803368373645972,2668.67260137,,598417
2025-11-25,2962.53465195792,359184729502.18034502105120256195503290496,1.079794605007985362,121242372.393787015879732488,7885708.04073550353955002384,2661.811241777,,674841
2025-11-26,3024.35795704267,366688321005.620596165337601369163308778,1.099691366652306718,121245013.3925886576011134,8065388.55026403972960993729,2666.810167587,,896568
2025-11-27,3015.04006516657,365566554855.40924736019158313414381920809,1.097642631660083896,121247660.712333858991468537,8041653.64213831679224062709,2667.179695237,,1191046
2025-11-28,3035.43157714787,368047002681.9534150224596596593204260515,1.102435207167274395,121250304.38926086605457345,8099086.72545139031096635379,2668.182932017,,931800
2025-11-29,2991.32805610754,362707360811.56314335725675916590592556966,1.085483498682159768,121252953.206187426194308179,7981985.63230585924330607724,2668.375210806,,1020235
2025-11-30,3002.61025482174,364083336836.01064177699913620820452704834,1.08655988013605019,121255609.598797452566510591,8030000.60319109379212957374,2674.339964801,,1012934
2025-12-01,2804.79124167154,340104024042.05903345791369104238564677462,1.022015640280694797,121258230.911820392793144003,7490215.64904827579517554028,2670.507358182,,829868
2025-12-02,3003.37940648743,364192408302.76016330025552177981984662039,1.086651866867412657,121260872.840803509209206673,8031324.88894193493427586416,2674.096010512,,935509
2025-12-03,3189.75251227352,386799038870.83230536739711767633750390696,1.144679911716209293,121263025.072480746352515823,8465182.6489278321221345724,2653.868165745,,951940
2025-12-04,3136.48043804793,380347811258.19978877721347825259058353643,1.124285657816630489,121265800.559215067215544451,7540259.66993362252669471782,2404.051234774,,901637
2025-12-05,3021.45198480421,366406539378.35409783453332270026366304476,1.085414330449896858,121268364.091543632734582956,7859689.39806964553095969984,2601.295482304,,955747
2025-12-06,3036.21572150789,368204877620.9787245968899793886168102178,1.090296978323338232,121270987.10829262679865402,8032223.81297027054558379346,2645.472044714,,922787
2025-12-07,3048.0956233197,369653376077.3295225599782688846603549766,1.093879299953459855,121273549.704040360652293278,8104414.2538297150961273997,2658.845146401,,448771
2025-12-08,3125.14534073641,379005506574.66666613935600453472708541904,1.118324611023585682,121276121.668427017023633744,8303809.94982256587572994949,2657.095604989,,547371
2025-12-09,3325.93575745178,403365178179.88486909342120875194377487396,1.1783520301817805,121278703.978614935168142682,8833133.01873384359799652204,2655.833925518,,608695
2025-12-10,3329.80832583285,403843445405.19661316172812544275318278695,1.171792031345378431,121281288.857426197868858027,8792037.49075257036446557395,2640.403479847,,636485
2025-12-11,3237.47843424898,392654017979.9155358137275097920202392856,1.139543272027100811,121283902.25740674998104972,8603700.52724704418153886074,2657.531378813,,687587
2025-12-12,3087.7986767972,374508334498.4254088804714927294369235324,1.093419208604681372,121286513.046531211311322167,8175695.3848783296690951484,2647.742369447,,624410
2025-12-13,3114.86668527177,377799572733.1788704458580271809402997996,1.101724420182901703,121289162.87799845746865548,8315339.62595946505846685163,2669.565174419,,738346
2025-12-14,3060.69585388662,371237387671.63336904797363003543740382896,1.083378699632572523,121291825.582805992925212808,8207144.2743699936799773222,2681.46351881,,563924
2025-12-15,2962.21389070719,359300160897.80186366390150430769933471938,1.053660718232771978,121294468.986513201496509502,7925095.08573584320835158584,2675.395963336,,714987
2025-12-16,2958.2751081239,358830276026.7170498299591438395951961889,1.054749605244472822,121297128.533215625328073351,7926446.2964048451848652635,2679.414863965,,701311
2025-12-17,2826.68701724138,342876520881.34673093154535577176641105624,1.021803287007175271,121299782.674902132396031548,7576207.23622625306471910176,2680.242697552,,752887
2025-12-18,2826.57452688486,342870364727.80160120462729708869327903242,1.028362211347004872,121302432.137062969874025447,7560277.71571603743384870486,2674.713737001,,805052
2025-12-19,2980.4724704851,361546424647.1842438928102702139769609634,1.082401596774491669,121305071.000484414456099734,7976495.8758212399730836664,2676.252156264,,838094
2025-12-20,2975.45867592051,360946163752.47045005044787863385604740583,1.083646266377487946,121307738.760917411647007933,7979795.88893483079734536353,2681.870850203,,1041084
2025-12-21,3000.9371943308,364044914461.0618084426440685438839854432,1.093101742375603286,121310407.678239575174088904,8053527.5199851579850695736,2683.670799642,,918666
2025-12-22,3004.76614056108,364517403925.23785562257000400411515718204,1.09524262339309401,121313069.594551381138253613,8047827.08379831633026280552,2678.353890894,,960401
2025-12-23,2963.25538310929,359489481259.62676817951648414794744071464,1.081604620434262072,121315727.057726962161525416,7930226.83142143422701573579,2676.187437851,,1005297
2025-12-24,2946.73151811806,357492727175.57092471353384564199530196588,1.076932207807044991,121318391.233648886313126698,7900148.42797719871569042428,2680.986842338,,964140
2025-12-25,2905.2144006429,352463674566.0432104231344511103062139327,1.062823246003774834,121321054.476408317575546763,7782922.8955244655707429574,2678.949579006,,827696
2025-12-26,2926.08538047925,355003551237.850605655227740899076637602,1.069234447844301621,121323715.844445460042173224,7848353.98264236522495111875,2682.202657175,,807816
2025-12-27,2942.30547574518,356979274170.54822265471608748560015027312,1.076993130150703207,121326380.660776981463462184,7894906.3364573787612271902,2683.23816189,,852559
2025-12-28,2946.08468264173,357445660883.80284228329441644596247211863,1.079437365170564242,121329051.737672471259832531,7910194.8362618065829512372,2684.98556164,,997133
2025-12-29,2933.90624196376,355975867437.39571571604650545919238112048,1.078187947926902715,121331712.086044492270467298,7874265.30871398676477342144,2683.884439144,,1099134
2025-12-30,2969.19949064874,360265944873.2992117320581833694914273569,1.09243181280673348,121334368.407353038300391185,7951770.15088500508942862334,2678.085516291,,1015969
2025-12-31,2968.12801431911,360143859022.30657593695039892991430853765,1.092647684339024812,121337037.110551901561144115,7982468.01477989117704619445,2689.394788995,,946109
2026-01-01,3000.88881268264,364126977931.85809219883816937692563070936,1.103223268945526834,121339709.886267773070052799,8071474.91691874140865693064,2689.694760701,,960971
2026-01-02,3124.26197691409,379105363603.02840265847441390440856881147,1.142741224798401765,121342373.464302134597463883,8401338.75618824437247494675,2689.063471075,,881815
2026-01-03,3125.24571244886,379233042501.00413344101850068206522650214,1.140920202266469433,121345032.485092872006397849,8405129.73373432999448847038,2689.430050333,,860816
2026-01-04,3140.1174465225,381046032739.649282475878225074538818965,1.142742653841216079,121347700.915338664293900354,8431226.0695335716507401875,2685.003415675,,916193
2026-01-05,3229.65402805377,391919675017.69487921055747241277521208898,1.173863699169791754,121350358.773218377191243074,8675745.14648570269566812553,2686.276942089,,949801
2026-01-06,3291.03787784921,399377294334.91109477327142031903652591239,1.192929726966217306,121352992.325909022091812959,8835136.40749317671202146219,2684.604898339,,865713
2026-01-07,3163.42844097019,383899926773.03916077508059255309434391252,1.149446110359152416,121355653.821997351390542908,8495801.14760848806501450457,2685.630892603,,869485
2026-01-08,3109.10774547049,377316074781.55647974744909446447831614335,1.134373450900192444,121358314.240235057045461415,8352773.46195902499803894244,2686.550015556,,944970
2026-01-09,3085.00326271186,374399036228.61246968594887488203835256394,1.125607163301803826,121360985.498439462768072029,8302772.36785678395963240628,2691.333415498,,1053627
2026-01-10,3082.05532378726,374049472949.68080455799558430532561686682,1.125250237568335973,121363646.545463408665300607,8270459.77161032640772107702,2683.423528377,,1051047
2026-01-11,3112.54671624781,377758339297.78434116512288320040547971442,1.13687242233145049,121366319.524088567454567482,8364698.37277536594920789202,2687.412956442,,1045369
2026-01-12,3091.07288398597,375160325613.20334528073908298425976963845,1.133135834584472732,121368967.893578193577232385,8287946.92969836951382853309,2681.252510297,,1049023
2026-01-13,3322.29855201637,403232745020.52142105316884992798384392498,1.209288477579408589,121371616.279274881884449354,8909804.16970194419983079172,2681.819237556,,1111446
2026-01-14,3356.49862828755,407392587810.9620847642017755212760471572,1.222740465208632188,121374275.078673117802725144,9052624.65726687768615143235,2697.044050897,,1054406
2026-01-15,3314.54089479836,402308810695.97705434106995658199671580648,1.207215908818916777,121376933.779075155827360118,8956541.04071474146327218616,2702.196571106,,1154313
2026-01-16,3295.41368351841,399996058773.74496454786815148443463679571,1.198883457107496581,121379619.431173113824372531,8914921.16356582935073904727,2705.251000247,,1447500
2026-01-17,3306.92532524839,401402211764.55283115181794420947872274876,1.200325331004182884,121382302.980912543259315684,8922888.11407464101772294841,2698.243001119,,1147115
2026-01-18,3301.93096201052,400804878940.1722170233826891872695562084,1.195322742770336774,121384996.70390602396188367,8936585.53438112756749952308,2706.472557179,,1042313
2026-01-19,3185.10260227937,386632210858.98862108834569564033846871789,1.15794901064410013,121387678.557764885882838797,8624973.87647135645425069983,2707.910844159,,1077619
2026-01-20,2937.81746171829,356622686951.40375655624741020789046951266,1.079462773845037903,121390348.991533304382902554,7943178.92770724212195370943,2703.768709667,,1022675
2026-01-21,2991.97558971362,363204884267.45871247813800053296322452264,1.101297553839106105,121392997.160856930321769172,8092185.88864672714681546388,2704.629648874,,1172885
2026-01-22,2947.89295207481,357861441242.73381174602073499411747148429,1.096495954005133409,121395670.419735174169893109,7967246.17578229145041656105,2702.691822705,,1041691
2026-01-23,2951.59461922852,358318683013.53958070470025833188941495564,1.103044294896394522,121398338.606266998471715307,7975274.44722313511569151528,2702.022288314,,1293503
2026-01-24,2950.6620654588,358213412157.6233550126219942635833101228,1.107162948170858741,121401029.399794911019061781,7998461.60968055868845409,2710.734551175,,1116929
2026-01-25,2806.82564319112,340759075781.54152778887504032669248121368,1.062176080061708114,121403720.465560407000135539,7617767.1661133329844157824,2714.01509552,,959184
2026-01-26,2930.17946756283,355742562249.59984830663363486108204604811,1.112670093394007644,121406407.418958505731356017,7962875.30037291551551013967,2717.538426749,,935021
2026-01-27,3022.82405873758,366998334736.47005617261683794687939347414,1.148037744798469303,121409095.470061637155267333,8206896.06585980708945886298,2714.976428131,,1060898
2026-01-28,3008.43984979544,365260041082.43510546498867020640768000912,1.146773650274992566,121411781.294969583469214998,8169623.72192979194808216928,2715.568244612,,1260475
2026-01-29,2818.53491466978,342210712263.59121528195271384824516329268,1.089537910002449059,121414395.288299870819253306,7647586.6096235256707579436,2713.31980662,,1342218
2026-01-30,2699.6404661017,327782260969.6121402922416595703060287822,1.051872134669598748,121417005.369952856102327166,7346265.4277742108806851072,2721.201404416,,1023587
2026-01-31,2444.24318264173,296778501115.43544664622038933988256730786,0.965995874462040674,121419383.808888532055458282,6656191.5663028784991708651,2723.21167287,,931538
2026-02-01,2270.22719140853,275655603144.0467375489070937437561176401,0.910191029398292534,121422033.96525268470942317,6184281.02679424067856263707,2724.080237519,,1386023
2026-02-02,2345.61446464056,284815418197.16262536770112661149786242968,0.946799424614786854,121424651.190837323725208053,6382032.64596857404282844592,2720.836157082,,1051590
2026-02-03,2231.42898305085,270956369422.57685912812435433550375855,0.912679463945732884,121427287.841408431478363,6076907.9257670551833704562,2723.325712772,,1282510
2026-02-04,2147.39338924605,260757818428.6563148675803311934478960431,0.891794711190665784,121429925.105715449231700622,5829773.77609938443606320935,2714.814064947,,1074456
2026-02-05,1850.0371659848,224653785295.62128368569997110716149532,0.793410765978737097,121432039.00232729199048715,5015508.3052694985874763488,2711.031106556,,949329
2026-02-06,2064.07685622443,250650116669.85196473565230125138088256903,0.890392781857164994,121434488.213940044558979221,5614143.79178804919387317414,2719.929626098,,1041639
2026-02-07,2086.30893687902,253355457468.3326522892651203493486415054,0.90660029086828177,121437172.12242576007938377,5670852.45111736820229668642,2718.126903871,,1442042
2026-02-08,2093.81263588545,254272219269.9479523666320256101924765055,0.915467210476960212,121439815.05891479546006079,5598997.58439563714172829485,2674.068103533,,1190869
2026-02-09,2107.02768497954,255882702184.50154011005962373990596032188,0.923994630948588311,121442496.464865507254941822,5723167.72906279819710044994,2716.228063761,,1066560
2026-02-10,2017.25694389246,244986153517.88016050187055742556554278302,0.893533311982636684,121445190.341077530216274737,5488535.63215136549608705434,2720.791542579,,1058692
2026-02-11,1940.05835008767,235615963587.75484224310231730578187800488,0.866797228202755252,121447874.790522412411058264,5277656.90660493744560830293,2720.359883179,,1037196
2026-02-12,1944.85649064874,236203873082.78515297699606304056205511826,0.873157949505405972,121450541.064855293753104549,5306521.05064485265619311062,2728.489776063,,1014841
2026-02-13,2048.51233459965,248798463167.4896307666480394331210827467,0.915766081282204216,121453241.440263739479634438,5586477.29780840613826118355,2727.089900047,,1029444
2026-02-14,2086.63942548217,253434780630.70566431606627921555890616167,0.93014144188465629,121455953.307382394210176351,5694706.6277269789883667418,2729.12826154,,977442
2026-02-15,1960.28208912916,238093261731.80533230529395731611643171764,0.878263186035330095,121458673.245122799297766729,5360640.38310169768169539364,2734.627027829,,943110
2026-02-16,1996.39197632963,242484537945.87586936562738716288545801134,0.89532025298255759,121461386.752156808133010618,5449463.9007403689377967343,2729.65628261,,997885
2026-02-17,1992.43069666861,242008792155.82239536885016117898995598772,0.894973797971795321,121464095.368770752247202052,5442290.02319895995777687474,2731.482722234,,968265
2026-02-18,1951.87398100526,237087888977.14311587148596554710393727614,0.881019279124233265,121466801.281421559405860889,5329844.99242305575689529344,2730.629663744,,962057
2026-02-19,1947.86147194623,236605774854.73961803083127730080422295626,0.880408391145150232,121469508.105384936471323062,5321880.7387525010900946906,2732.16592422,,861710
2026-02-20,1967.10513237873,238948635838.44930543558056997097154802702,0.888878553217740051,121472224.288032679450593774,5387563.24008992554080483468,2738.828317516,,855281
2026-02-21,1974.53984687317,239857138900.70541761944886711848133050337,0.892428391657803788,121474954.927112233735972061,5420936.8665240067907474057,2745.41781221,,953814
2026-02-22,1952.79213763881,237220666270.27323968723530923651449822139,0.884534931694797824,121477684.028933633683876419,5358738.15339508898178619563,2744.141606323,,943941
2026-02-23,1856.81448451198,225566569029.34526054349108338077148262722,0.846140720782285598,121480401.467586637265867039,5095490.35006788881136355246,2744.210793577,,976428
2026-02-24,1855.42052542373,225402264889.80601690960844763562281013494,0.848420669907412958,121483114.906433395539970878,5084068.21076789026683301705,2740.116400085,,916689
2026-02-25,2057.28647662186,249931137598.34382983089126929835273428798,0.933605269656161667,121485821.463591178001571843,5643153.65155871097602521556,2743.008188546,,1203771
2026-02-26,2028.46234950321,246434910371.59569167555282168039137034247,0.91979719594778385,121488530.675439935490942007,5555712.68707148078736494217,2738.878879577,,915339
2026-02-27,1929.70612916423,234442407919.94001921810292275889534235152,0.880688375733361181,121491249.043956118039367024,5296203.08006851444016335626,2744.564573862,,915201
2026-02-28,1963.48860958504,238552005439.10961593000515746953524884416,0.895357714122909871,121493959.412132647577550104,5370516.41820102705626131984,2735.191022746,,969214
2026-03-01,1938.46658766803,235517266808.06542263016404062805254239804,0.885385417890723609,121496686.250028198868592468,5320584.75049548831240701467,2744.738952089,,879219
2026-03-02,2033.1883918761,247031152208.5549987951456801307065865571,0.926566290972939435,121499391.397080518738887211,5582271.3543318775484625789,2745.575066549,,1017565
2026-03-03,1987.20545324372,241449616203.45535080244734944939641376552,0.905355849364845129,121502090.188680083790844066,5452152.41738988005642811096,2743.627946718,,894132
2026-03-04,2127.57280157803,258510278165.16573757855313372374303234109,0.96052878375342909,121504786.098707193460646903,5836874.52599988452200227083,2743.442913761,,909701
2026-03-05,2076.63328696669,252326519538.90501267822198558566739066076,0.942894868894853959,121507500.203598743291262604,5699163.51486108979198961496,2744.424617784,,940325
2026-03-06,1982.56379865576,240901721168.17139663365047617612014584432,0.90443518082850633,121510198.729297017414279782,5416108.85464160823970332624,2731.871155074,,1142040
2026-03-07,1970.38521595558,239427249904.3840886499009649985938587821,0.899702339922452801,121512914.310143551292031995,5397702.57260468896418733146,2739.414876287,,995819
2026-03-08,1942.91124810053,236094104170.59944009246150472528759880436,0.887890717334205224,121515640.203027674675776612,5326822.20956530981339138464,2741.670374688,,947982
2026-03-09,1997.0082761543,242673150788.5180565312484319759537978773,0.911355551150965276,121518350.067051887929132611,5484971.6803364793377369214,2746.594366098,,887358
2026-03-10,2034.95413851549,247289800989.16016599868617929124492471617,0.927454930324862129,121521068.366464222726604533,5594791.01160136190762220498,2749.345012602,,1013166
2026-03-11,2055.76802717709,249824721049.43170091468511534756495297285,0.936409230750877709,121523789.526234835749531865,5660619.35862518127245114178,2753.530205642,,1041032
2026-03-12,2078.93747136178,252646026245.1657195559336513593503618434,0.945988923685716461,121526515.21532936806704553,5729998.46090116834108136308,2756.214912586,,1086833
2026-03-13,2092.09332115722,254250501219.03940986167022461070157476078,0.95148111358263242,121529235.167388875531261899,5787180.43660673057944397082,2766.215243881,,971530
2026-03-14,2096.33251081239,254771462623.3306939239495547909597375635,0.951956543921346125,121531990.42102310392820965,5803908.23013312526193998179,2768.600973461,,1328988
2026-03-15,2177.81211718293,264679859744.22850453275936125212751061678,0.983615372518146345,121534753.919268487566371446,6047733.64634522852214044766,2776.976764262,,1019323
2026-03-16,2351.36226241964,285778601167.42551869412762356803978967144,1.048448251349349185,121537461.808776591746071246,6490454.53501744088925808588,2760.295441817,,877733
2026-03-17,2323.31525803624,282376145422.3247524862119448971785868616,1.031954404300724873,121540176.02458328817426509,6382993.69065795036824563976,2747.364426149,,931728
2026-03-18,2200.48282583285,267453031535.50742324779313921070081034045,0.978911807178102792,121542885.223055731548266537,6048156.11189020897674017945,2748.558653077,,1137623
2026-03-19,2138.02135242548,259867140545.54969707927724300671915584088,0.952300938102610269,121545624.533049314819450606,5928469.70665717663201313672,2772.876753514,,1241059
2026-03-20,2146.58037960257,260913320532.58184678689199842163776465696,0.955916970517442729,121548358.035811736395850528,5928547.47092872391693373655,2761.856731415,,964592
2026-03-21,2124.59659760374,258247082151.88005242634403707522532223382,0.946239233788012239,121551113.488154938981578993,5885334.46556621883532862556,2770.095025194,,1082656
2026-03-22,2058.15253477499,250176132257.91363022876450078158214180061,0.914021228023363229,121553737.165192392617442439,5712506.83883521577995004223,2775.550763277,,785908
2026-03-23,2148.12646025716,261118659405.72571051552835043052065735076,0.951844760273303657,121556465.243888039027930461,5947106.07446519324858320132,2768.508365077,,873087
2026-03-24,2157.06026037405,262210550749.64417506449651081032564186235,0.957622843975596412,121559214.439458891567274487,5981124.58015682678434288815,2772.812929723,,953535
2026-03-25,2168.53179485681,263610997732.15531398423367212075038224745,0.964768182917663481,121561970.342040464533521145,6022563.55489776478621513679,2777.253978559,,943722
2026-03-26,2059.03193045003,250305650454.65141348773769508647484404149,0.921407913971834164,121564725.030730164676056383,5724607.21469379841656631493,2780.242078831,,981486
2026-03-27,1988.89868147282,241785389347.15877791463418375510338535392,0.895328425072614511,121567474.300959247664991856,5548509.50406117620765666962,2789.739646241,,830758
2026-03-28,1994.39515926359,242459105939.66235023831929568679873266677,0.899260130219440959,121570243.897497170794816403,5565737.74875545003894477119,2790.689559641,,953755
2026-03-29,1982.87323611923,241063871511.0200395955181848985761025358,0.896062821840080112,121573011.88996677213100346,5549819.0410017980388777104,2798.87737648,,998587
2026-03-30,2022.78023845704,245921077359.63254313220972506378604394256,0.916437084246390734,121575776.094796685682196114,5663743.56777291296514824808,2799.979681477,,909931
2026-03-31,2101.43189275278,255488962451.45886998359335549657765632532,0.95037794632607399,121578511.933965165962153894,5870714.14279619254729528176,2793.673286792,,1018941
2026-04-01,2140.8786440678,260290718143.732720178523042790175614338,0.966798688335305225,121581257.70695926980622971,5974685.702209304307672445,2790.763371275,,996422
2026-04-02,2056.41651402689,250027376338.61647149172279774828317274997,0.932983267730793761,121584015.024763158135048373,5748747.22284459638035271621,2795.516950789,,999185
2026-04-03,2051.62035242548,249449914199.25930657878701526667132651504,0.93152341158295586,121586780.860480839614067948,5743267.32891467708358044704,2799.381143848,,843470
2026-04-04,2064.24038983051,250990077125.40828698877221652749899077128,0.936167261072346729,121589558.251990457960616728,5790790.18068739123844034624,2805.288671424,,711767
2026-04-05,2110.88525014611,256667477110.72489290914135055267691313889,0.954420371694925443,121592340.035044082148293499,5929259.98221393568234561773,2808.897348543,,729064
2026-04-06,2101.85518877849,255575336999.68447673532887582833748495924,0.948755834096625066,121595121.473717765288430676,5906082.68049096775838221269,2809.937959581,,976839
2026-04-07,2247.90510198714,273340527255.53438065859169479055438669102,1.006005044036434206,121597894.419075939078864643,6312689.13694961460658133886,2808.254285899,,1029903
2026-04-08,2188.63042168323,266138899089.44318844819434343398650352061,0.979680014554586511,121600657.860161384907660607,6154930.33498364849885800239,2812.229179493,,1003663
2026-04-09,2190.25052630041,266342006197.16685724784001557601034001657,0.981069402442882446,121603443.532576038644548577,6162735.93581036000123221764,2813.712797604,,935125
2026-04-10,2244.5331244886,272949215916.4662427916225323412129977672,1.000775217712705825,121606232.021483608020892652,6314586.0886987759496629112,2813.318288692,,1004472
2026-04-11,2286.84805523086,278101355355.01554898817563840759042073502,1.014511021502726708,121609021.954430151320121657,6428877.41853402797409530378,2811.239427923,,1012371
2026-04-12,2190.14021800117,266346894261.56032946159100683218588601527,0.972130907341473187,121611800.044766834036348731,6162216.60348597603049007536,2813.617389808,,776376
2026-04-13,2373.1848176505,288613873013.248740623363345892057127398,1.044398885472666324,121614579.221428777933995996,6680734.721126301413445126,2815.092474652,,1025471
2026-04-14,2323.2110119813,282542783147.4468998719235691547663844891,1.019311314999237561,121617357.050355245324037407,6543203.195407355437493715,2816.44808055,,1108733
2026-04-15,2356.77637346581,286631476177.51103382467693915519810097216,1.032209614027287069,121620141.564809872473366336,6633635.34351147277367534757,2814.707164497,,906454
2026-04-16,2349.62938018702,285768788180.17590353685981324545253748038,1.026612029249204777,121622920.869941618143948869,6619130.26214741735291136862,2817.095461081,,792094
2026-04-17,2422.26582729398,294609512884.3971119847215518948049820344,1.052051862440971837,121625591.03330058279881428,6833062.71877863546881797144,2820.938413028,,768094
2026-04-18,2353.92359760374,286303488293.2815239764443218453512056337,1.02411815421624942,121628199.226489046906582255,6639199.52919934506963286762,2820.482166863,,694369
2026-04-19,2265.85590707189,275597876123.10000179720559190388246951237,0.990652644757086458,121630804.175561355890326033,6392407.86131993821111307916,2821.189044444,,575050
2026-04-20,2313.76751227352,281431167963.98083344280743195870055401752,1.009797886143221044,121633295.683819634514502201,6539261.78110381579220567704,2826.239778377,,700519
2026-04-21,2323.70637346581,282646344916.10232488742667456807780870983,1.015159526336915588,121635998.482258782544728043,6548031.80953967345213754999,2817.925657179,,814682
2026-04-22,2381.7532030976,289712267660.8219730511759377586147262464,1.03755735013355121,121638239.967111353489123814,6709196.2422047102622859264,2816.914965614,,636582
2026-04-23,2330.50318468732,283483931321.51120330060111376531830394732,1.019643252620229918,121640653.908630381453330501,6575283.67822058605246982192,2821.400855156,,726028
2026-04-24,2315.61822472238,281679824825.79891519343547487109607827458,1.016201339108561992,121643465.152624446108385191,6532861.7604921522698610076,2821.21711202,,862409
2026-04-25,2319.27642343659,282131159747.76782192697276053787022394283,1.019122719806100866,121646198.312885754802307137,6545489.69270288567391480771,2822.211973769,,1185408
2026-04-26,2368.8221779661,288164416061.1689230764352899370675858787,1.039121016927993786,121648817.180777348319331567,6694757.7898555365751832963,2826.196855183,,825950
2026-04-27,2297.93676651081,279546955041.64726140736195971769099788981,1.011154399997999197,121651282.626941776224965901,6490777.82329325250927842058,2824.611154618,,630904
2026-04-28,2287.49049327878,278282023273.86839858605314969226492036854,1.008070381754557169,121653849.094250088555693993,6442826.5950273544869049796,2816.54792182,,609636
2026-04-29,2254.10393863238,274226251706.4515696085547910402103041486,0.997239678610318741,121656436.07048188944972397,6343183.07944622652971254896,2814.059711592,,621351
2026-04-30,2256.61539976622,274537581579.79066202504960816177987881064,1.002840171350228973,121659003.837442616026712812,6332981.05097190880699516192,2806.406909936,,774202
2026-05-01,2292.81031618936,278947233484.51779351816187613842324417192,1.020221730507538458,121661714.235535536255202747,6437765.4914115462141672208,2807.80553278,,771595
2026-05-02,2318.91120660432,282129094767.64294240121213999187337915152,1.03151407727290917,121664466.480705200411883461,6516646.39843030313890266,2810.218166125,,600912
2026-05-03,2326.03863559322,283002664864.66706433095580645299026199356,1.034861869236255968,121667224.496678075777118998,6523199.61948330420919510196,2804.424449218,,751759
2026-05-04,2347.40537580362,285608585649.41559217224666886767004721048,1.044437709019217829,121669903.542603596657155804,6577910.94991433874456308906,2802.204944113,,665364
2026-05-05,2360.64430946815,287225880584.81184040326586376627091859935,1.048583794318329443,121672663.447346477393596449,6630982.6296986458180500054,2808.971518116,,897712
2026-05-06,2348.57684628872,285763886645.11400605990281899085570474312,1.042380883075878403,121675340.151924456914806521,6579116.05827155552546018344,2801.320326677,,936565
2026-05-07,2290.27787580362,278676323054.6146666142820184014869581293,1.016449846358520063,121677952.705556233110378765,6423894.22380469399182644022,2804.853634431,,834234
2026-05-08,2306.36417153711,280639506745.43896338756655961895899307367,1.022764065636523066,121680483.164288264116983497,6469115.62228181063994441138,2804.897726958,,711021
2026-05-09,2326.38885505552,283082526994.2163569293662707946231479408,1.03044322331395396,121683237.25375674721285479,6520729.59109430157752545024,2802.940521712,,975911
2026-05-10,2374.78948042081,288978545272.23394454757966413852157537763,1.049859324959279392,121685963.178945560421737923,6657907.93883302994194913368,2803.578167128,,774372
2026-05-11,2339.08045149036,284639378594.4196392948892035528627935856,1.034982425289076815,121688579.97725552673486996,6539962.6238275091077157214,2795.954546865,,753330
2026-05-12,2277.51648568089,277153765980.87987670499633783594684540127,1.010082349199823069,121691222.752234673746050743,6384814.69298688441092787687,2803.410966783,,852470
2026-05-13,2257.2091616014,274688789594.3380976766849481186776516106,1.002596548027244909,121693990.201358806185346579,6324219.9117418472951069686,2801.787277549,,976478
2026-05-14,2288.82837726476,278542884515.4142095086679017520401450078,1.016478302100501582,121696710.545106016231790905,6429189.84102179202116460116,2808.943608391,,776611
2026-05-15,2223.05238603156,270543845637.1776424854575768985588915912,0.99104269094610636,121699266.88958233736486602,6243231.07833932847275566056,2808.404839026,,901801
2026-05-16,2180.49946230275,265371189320.64629209234929377818718222775,0.975744915060568719,121702020.068556662416912701,6127055.42477321671072092625,2809.932096155,,936916
2026-05-17,2143.14334921099,260830795609.97208649945869397124965921171,0.962809590639438921,121704782.699672598707560729,6022605.90053213361289286435,2810.174085065,,842583
2026-05-18,2130.19724284044,259261080933.13735967398032760339411516536,0.96116840804043077,121707546.944072829158373194,5999617.74269974399482658032,2816.461134228,,871538
2026-05-19,2112.00750058445,257053102312.0075301510578725694710807707,0.956499142820627526,121710316.957148085603603526,5944279.0076886933903044411,2814.516049798,,927283
2026-05-20,2125.16858094681,258660833050.85174344865913158214384226356,0.964784203410802169,121713089.196722724682062676,5991395.11872875521619973111,2819.256398031,,877720
2026-05-21,2132.1346595938,259514529898.4993624322813289433023269122,0.96956186963429648,121715825.372840348976236369,6000463.8491597411993715422,2814.298722719,,813850
2026-05-22,2066.76720977206,251564026772.95340413260859220427157154476,0.944405400033805624,121718607.486857672530600546,5814424.87764195730594746434,2813.294525939,,831264
2026-05-23,2116.16834102864,257582954544.10624131988774676962812070384,0.966585524465130829,121721391.228685875456586931,5961784.179946715522963364,2817.254215725,,820999
2026-05-24,2097.02896142607,255259143251.18362709330722127475000939,0.959639402462410727,121724185.953825080808677,5915818.16820536992725873024,2821.047432832,,800440
2026-05-25,2109.21854712449,256748793277.59907237939313564451380882561,0.964385704225450752,121726974.963133244848255489,5955318.75600594224092736177,2823.471642673,,811825
2026-05-26,2071.63465161894,252179603759.83346121578728475475390651966,0.94972875809017202,121729767.149222123692141189,5863138.45915253394844150074,2830.199067471,,738967
2026-05-27,2020.12159000584,245914553947.55854783457386083722392444968,0.929345791239574687,121732550.735645387433475077,5716106.3092242789180688188,2829.585277195,,786484
2026-05-28,2005.83831852718,244181347108.82343826917741091082403196046,0.926221724390219782,121735308.800022145242506897,5674758.09836057045587584624,2829.120396168,,832206
2026-05-29,2008.75368088837,244541781045.67794150739052044601702980235,0.930237684967729072,121738062.447521937568216655,5675933.05818975194074768257,2825.599331661,,1151977
2026-05-30,2018.86627469901,245778461911.01827825421308486086492879702,0.935206229980191967,121740832.957180906677929902,5690476.43432685351304998903,2818.649509203,,856247
2026-05-31,2003.73374576271,243941782012.62909288791880214930332308445,0.929703976123798074,121743611.160161413172163795,5648466.30033450094861433955,2818.970490605,,931707
2026-06-01,2001.78444284629,243709961022.05869357050937929875259934428,0.930567666380295625,121746355.804191013947834732,5651167.55002296545726803469,2823.064975961,,851826
2026-06-02,1853.94967299825,225716602438.75233298676995181950701651225,0.869786927331838276,121749045.147335773345869993,5231444.25987638950820431275,2821.783318107,,879829
2026-06-03,1815.77506987726,221073818981.19737162387893611630489811372,0.859849211033876483,121751764.658901932835828922,5121349.2718238796476368505,2820.475595675,,781481
2026-06-04,1765.55609033314,214964348196.1951171365212473854037605264,0.841279982080572417,121754471.22477645702703176,4976251.31590861434855569938,2818.517827417,,733619
2026-06-05,1576.68905451783,191972956982.41753294925596889309438041689,0.763389336174638604,121757017.613802814234733983,4439016.46714064418772539966,2815.403870802,,764397
2026-06-06,1564.51844670953,190495435811.56485946085056153282101896586,0.762884665570182047,121759788.906427912092557562,4404945.53809444959657590134,2815.528028678,,1209476
2026-06-07,1682.04992428989,204810731854.47997562843832965070529049832,0.821127481608443542,121762576.066786363977409288,4743418.30940648312060118705,2820.022307845,,961266
2026-06-08,1694.4675273232,206327406218.4820691002139964628061089952,0.830722399049960036,121765335.063353806489168586,4787905.211120338944462112,2825.61048466,,862234
2026-06-09,1636.68309624196,199295807005.60308435169131595947476197368,0.808842096303222244,121768109.821145285720826558,4630862.2311386127123676284,2829.41898879,,1026507
2026-06-10,1619.27790445354,197180885967.17449865894794415821882299128,0.804790535418816744,121770874.180931537235950732,4577574.46471031152863832822,2826.923316943,,928472
2026-06-11,1672.22035534191,203632389763.33012259504087755433691818889,0.833625625436369288,121773658.066549782648415879,4736152.21092603167018378421,2832.253653531,,894987
2026-06-12,1662.79849411455,202489668048.2813762121082040827258771911,0.829535650702694217,121776432.180441874940643642,4699307.1997397592819375597,2826.143526334,,998350
2026-06-13,1679.84638172998,204570392372.52208529575945287403616139744,0.836007663630506628,121779226.122954445208002128,4751895.14618036235197028932,2828.767676534,,973606
2026-06-14,1722.30036995909,209745224597.98118336286643065167987346177,0.854591788832921813,121782023.772638036392807053,4874858.52954407375229713813,2830.434583057,,874830
2026-06-15,1790.21577118644,218021026789.61136592019515869913686091824,0.884404215138656938,121784776.058095520080145596,5070323.61559807158264974928,2832.241619812,,889470
2026-06-16,1792.05445768556,218249960624.88105569074621705979951327424,0.886628793710800868,121787571.627009082618594704,5084733.5262457357794956246,2837.376679285,,857099
2026-06-17,1747.228767481,212795625239.105849034263974104704972276,0.864332210574047233,121790362.658632144988866196,4959335.878564957110669814,2838.400998694,,826475
2026-06-18,1707.70794939801,207987106596.04305948183080105098210386663,0.844333351757680333,121793136.039075832285019263,4851023.67759423668491399113,2840.663521713,,825816
2026-06-19,1706.49888410871,207844616345.61579689373038453615571316053,0.842833152269223513,121795928.659028271294906643,4844476.65001275970294475313,2838.839623703,,885601
2026-06-20,1739.2889171128,211843164824.5752391094901343472138369064,0.857652425702141831,121798720.580725889503258563,4926892.1688652557793979592,2832.704860239,,891732
2026-06-21,1706.91720724722,207905114469.65158452640476531555128504424,0.842521573544620478,121801522.409481347595515092,4839013.57162620110889164886,2834.943341763,,856383
2026-06-22,1724.97047784921,210108853493.877331532885626670653547136,0.851178292829447597,121804318.5039623644620416,4905992.32720657911229438089,2844.102197809,,817522
2026-06-23,1663.11832651666,202579622019.96880069033092817520895293662,0.828284689550314351,121807101.028261980604902007,4725963.79221453055747197864,2841.628113204,,728615
2026-06-24,1617.58035874927,197037231578.85717880218514828870037177808,0.811287739211696994,121809856.625119027025600304,4593723.26775265375492390345,2839.873297735,,847686
2026-06-25,1569.63630347165,191201454248.0791949175701868927574927782,0.791769707117805533,121812584.115943634376609708,4475319.57444735916557036305,2851.182509317,,838983
2026-06-26,1575.73640198714,191948886158.34553469884211754873871783128,0.798774949865168251,121815353.073192555552425052,4493240.26783713006767334812,2851.517717158,,1020879
2026-06-27,1571.81146506721,191475199465.88075703257174777343026071912,0.799267183535998812,121818172.039922967281428072,4473210.25487439691421870588,2845.894914428,,881970
2026-06-28,1569.62805672706,191213659843.47195067124097119695522677488,0.800282476641599041,121821000.219749368605494648,4472705.66019270843211126732,2849.532181222,,1059702
2026-06-29,1609.19098109877,196037781046.09218710878445908599318827127,0.82103502846648651,121823812.927559310690624251,4591107.07726275303995313396,2853.052950948,,951085
2026-06-30,1568.20209933372,191048754285.8372786292305916505323489228,0.803323248139000977,121826615.56632778138019549,4477119.20749178728915652028,2854.937644449,,910402
2026-07-01,1610.70403115137,196231128510.81588186644512255843075687864,0.824395750297503694,121829414.166515215882054072,4598639.5882986257123425009,2855.04940657,,849632
2026-07-02,1696.40313286967,206676479664.1604830814437867614771728715,0.863501826002858399,121832172.82471198440405645,4832629.85652502015136861033,2848.750843999,,878354
2026-07-03,1757.22244115722,214091185417.39240195306719593203263811188,0.8894013579934035,121834993.910277238606295154,5011485.31144543573898175148,2851.935642334,,968081
2026-07-04,1778.77060098188,216721531350.67180938468686562061037096496,0.896472972032913357,121837819.464208420809951492,5073789.4585192332543270828,2852.41360281,,1031731
2026-07-05,1787.42111097019,217780539422.72042334360602118193125747963,0.89681858056541713,121840644.091146405254672577,5098083.98182221541504208033,2852.200833107,,872655
2026-07-06,1800.83782224138,219420311844.71952188071480783265641662066,0.899295408946566923,121843460.379803677520849957,5147225.23385886972443426724,2858.239187498,,848591
2026-07-07,1773.56953016365,216102852695.88991935539100607095615699035,0.884116510584631566,121846281.761476684449537959,5070758.3857153802366927928,2859.069407472,,846572
2026-07-08,1740.48594237288,212076655835.36165152067424908464782397488,0.866868636479536823,121849105.857314966424818526,4982405.37037575628749235416,2862.651888807,,763263
2026-07-09,1744.79330243717,212606440207.49914264282768988629928038977,0.867445978291905554,121851935.074788092111888781,4982680.50159291713481348083,2855.742565399,,839615
2026-07-10,1794.92005650497,218719567531.85426528871519077555191095472,0.889867292960155166,121854768.260676932878464176,5146012.56635935036056274169,2866.987054777,,818034
2026-07-11,1792.48227468147,218427574141.29194944521225939156819465999,0.888362524941651938,121857592.248775373973622517,5131463.59049712263143234416,2862.769502928,,810650
2026-07-12,1804.54476575102,219902610556.11614373334132636017362887186,0.893878882521224546,121860435.235363374132133943,5172194.37462592889715532824,2866.204525812,,972586
2026-07-13,1768.15895802455,215473640030.2413224401494177772131019418,0.878127262209046879,121863274.256165366245968796,5074237.7186934418966886269,2869.785940718,,748426
2026-07-14,1887.29502253068,229997282825.93574512683974912251191736952,0.930606154988156717,121866099.406934081074245514,5425161.28443676201866497544,2874.569804758,,743124
2026-07-15,1918.68433983051,233828031283.04412278219606764789523192994,0.942842315255369772,121868942.393984249555376294,5521902.65833776527088263748,2877.963062348,,800549
2026-07-16,1861.49709151958,226863958479.94961783146811842010499252234,0.914949289495908309,121871777.030151415864953423,5360043.40512529280337790662,2879.426150889,,757912
2026-07-17,1840.48679237873,224308640107.6311769086092606442527807935,0.904320896177478083,121874626.34150411206770095,5296860.68916591665451403757,2877.967237309,,803959
2026-07-18,1860.93284485681,226805795250.98384179432199582247110558972,0.912685915172150206,121877474.449345579346106812,5340697.69225443310666022369,2869.903504049,,854306
2026-07-19,1869.57482251607,227864416385.56157682509431752455377195777,0.915342000698112976,121880340.728434772098878311,5384621.6547162003903279008,2880.13166944,,1002971
2026-07-20,1901.11156236119,231713555850.03739658704454656322021769924,0.927072184719894118,121883197.408072154218597596,5482745.6702490234558057025,2883.96839975,,791568
2026-07-21,1923.15865538574,234406222977.41627218454646563992376828382,0.936027856245189961,121886055.693309372367621593,5558502.08429286955574499882,2890.298243843,,752308
2026-07-22,1930.21511143191,235271821502.24999970453465239773445050407,0.93860883785080396,121888912.851643797619601777,5575035.85584408236399938536,2888.297694296,,854430
2026-07-23,1879.53813004091,229100165362.81429581305194092008399027286,0.916098959125109914,121891735.901004415854730146,5404399.17800160777732985996,2875.386825956,,853348
2026-07-24,1859.35492833431,226645315156.91830815927592221526006033553,0.906718878844111859,121894594.573160335447005463,5375721.86475795974099811962,2891.175742102,,918068
2026-07-25,1873.0310993571,228317745394.834750305168540075770378859,0.912433176627236032,121897466.34383306898514329,5425041.2061167816075903901,2896.396759231,,952061
2026-07-26,1952.36121741671,237993485992.60537354780957921498201601879,0.947676891841736011,121900334.768741867016060049,5664119.44021346490943240601,2901.163672831,,821575
2026-07-27,1889.04103568089,230280135956.70540323815219869072881751527,0.918942387201269332,121903194.058303099506673343,5476043.47514324914539007919,2898.848342471,,884748
2026-07-28,1914.03771587376,233332767492.36216420001254513390412116768,0.930282309268822834,121906044.775008803061856518,5548307.43977419246600531728,2898.745094603,,810687
2026-07-29,1907.06451483928,232488130693.09735404999846420091412962488,,121908896.570649342666225021,,,,907574
