date,PriceUSD,CapMrktCurUSD,CapMVRVCur,SplyCur,IssTotUSD,IssTotNtv,HashRate,AdrActCnt
2011-10-07,,,,0,,,,0
2011-10-08,,,,100,,100,0.0000000000242725925925926,2
2011-10-09,,,,100,,,,0
2011-10-10,,,,100,,,,0
2011-10-11,,,,100,,,,0
2011-10-12,,,,200,,100,0.0000000000242725925925926,2
2011-10-13,,,,484450,,484250,0.00000180115839962502,9778
2011-10-14,,,,540550,,56100,0.00000257716679111111,1531
2011-10-15,,,,578650,,38100,0.00000236745159111111,1514
2011-10-16,,,,624400,,45750,0.00000338678250016035,4843
2011-10-17,,,,663050,,38650,0.00000347158618079043,3150
2011-10-18,,,,704350,,41300,0.0000037096121414397,3743
2011-10-19,,,,736500,,32150,0.00000398611134963376,2625
2011-10-20,,,,774450,,37950,0.00000475549182682138,3722
2011-10-21,,,,816000,,41550,0.00000560921822441165,3187
2011-10-22,,,,852400,,36400,0.00000607992512975433,2869
2011-10-23,,,,893800,,41400,0.00000691507968054476,3156
2011-10-24,,,,923600,,29800,0.00000583165671643745,2671
2011-10-25,,,,949750,,26150,0.00000572564831740893,2407
2011-10-26,,,,978600,,28850,0.00000631682424310698,4208
2011-10-27,,,,999950,,21350,0.00000467466889394573,1877
2011-10-28,,,,1022500,,22550,0.0000044697815635151,2639
2011-10-29,,,,1051500,,29000,0.00000541761694441348,2902
2011-10-30,,,,1088300,,36800,0.0000068747690880833,3202
2011-10-31,,,,1121300,,33000,0.00000635076071109578,3718
2011-11-01,,,,1165100,,43800,0.00000883122017297199,3928
2011-11-02,,,,1227050,,61950,0.0000155889407498851,4532
2011-11-03,,,,1272250,,45200,0.000017115725558601,3601
2011-11-04,,,,1318800,,46550,0.0000196258815594338,3948
2011-11-05,,,,1348450,,29650,0.0000182415505973845,2811
2011-11-06,,,,1379800,,31350,0.000019287440513592,2989
2011-11-07,,,,1409000,,29200,0.0000179646973842707,2800
2011-11-08,,,,1435700,,26700,0.0000169962662042055,2987
2011-11-09,,,,1462850,,27150,0.0000173334481255847,2673
2011-11-10,,,,1489150,,26300,0.000016790780320548,2602
2011-11-11,,,,1518000,,28850,0.000018176301139223,3339
2011-11-12,,,,1547050,,29050,0.0000173821530174512,2390
2011-11-13,,,,1575000,,27950,0.0000167239647792689,2869
2011-11-14,,,,1604300,,29300,0.0000175317412534017,2847
2011-11-15,,,,1633900,,29600,0.0000178077414943334,7053
2011-11-16,,,,1662350,,28450,0.0000171529409901371,41071
2011-11-17,,,,1693500,,31150,0.0000187808123670569,25375
2011-11-18,,,,1724550,,31050,0.0000190623527624688,11389
2011-11-19,,,,1754500,,29950,0.0000189880290900702,3377
2011-11-20,,,,1786850,,32350,0.0000205096073810942,2863
2011-11-21,,,,1816200,,29350,0.0000186650241063685,3358
2011-11-22,,,,1843850,,27650,0.0000183875915903722,3038
2011-11-23,,,,1873200,,29350,0.0000195181125923119,2888
2011-11-24,,,,1898750,,25550,0.0000169910656467997,2414
2011-11-25,,,,1927799.9999983,,29050,0.0000189620109363388,2804
2011-11-26,,,,1956749.9999983,,28950,0.000018436019852638,2851
2011-11-27,,,,1987049.9999983,,30300,0.0000192957306229683,2783
2011-11-28,,,,2016699.9999983,,29650,0.0000189008544709994,2638
2011-11-29,,,,2045149.9999983,,28450,0.0000188405670869238,2047
2011-11-30,,,,2081149.9999983,,36000,0.0000238404363841568,2290
2011-12-01,,,,2116699.9999983,,35550,0.0000235424309293548,2333
2011-12-02,,,,2153849.9999983,,37150,0.0000283164032012046,2355
2011-12-03,,,,2192299.9999983,,38450,0.0000293124678587593,2580
2011-12-04,,,,2224099.9999983,,31800,0.0000256750738204858,2072
2011-12-05,,,,2250449.9999983,,26350,0.0000258498080000859,1796
2011-12-06,,,,2279849.9999983,,29400,0.0000288419110133786,3223
2011-12-07,,,,2308799.9999983,,28950,0.0000284004531917453,2009
2011-12-08,,,,2335599.9999983,,26800,0.0000257948894934761,1951
2011-12-09,,,,2361049.9999983,,25450,0.000024234557426165,1656
2011-12-10,,,,2389599.9999983,,28550,0.0000271865074466409,1735
2011-12-11,,,,2419599.9999983,,30000,0.0000285483247621494,1719
2011-12-12,,,,2449449.9999983,,29850,0.0000271684997701527,1760
2011-12-13,,,,2467199.9999983,,17750,0.0000161554730626535,1444
2011-12-14,,,,2486099.9999983,,18900,0.0000172021656836142,1404
2011-12-15,,,,2510299.9999983,,24200,0.0000220260534149981,1607
2011-12-16,,,,2540349.9999983,,30050,0.0000234176524574674,1891
2011-12-17,,,,2569849.9999983,,29500,0.0000211626870310149,1715
2011-12-18,,,,2601599.9999983,,31750,0.0000227767902791431,1942
2011-12-19,,,,2628549.9999983,,26950,0.0000197460990571456,1776
2011-12-20,,,,2656299.9999983,,27750,0.0000213756363267562,1869
2011-12-21,,,,2688349.9999983,,32050,0.0000246878970909022,1904
2011-12-22,,,,2725949.9999983,,37600,0.0000293668924479014,2078
2011-12-23,,,,2745899.9999983,,19950,0.00001719852400205,1740
2011-12-24,,,,2760049.9999983,,14150,0.0000121984518611031,1374
2011-12-25,,,,2773799.9999983,,13750,0.0000118536192996585,1302
2011-12-26,,,,2790249.9999983,,16450,0.0000141812390894096,1400
2011-12-27,,,,2807449.9999983,,17200,0.0000148278001421183,1742
2011-12-28,,,,2829149.9999983,,21700,0.0000162365672655873,1652
2011-12-29,,,,2889149.9999983,,60000,0.0000299254795744893,2824
2011-12-30,,,,2938649.9999983,,49500,0.0000333814171908118,2589
2011-12-31,,,,2967149.9999983,,28500,0.0000301983157942029,1770
2012-01-01,,,,2995349.9999983,,28200,0.0000298804387858429,1683
2012-01-02,,,,3026949.9999983,,31600,0.0000335914023230669,1997
2012-01-03,,,,3058349.9999983,,31400,0.0000344052681062767,1954
2012-01-04,,,,3090049.9999983,,31700,0.0000347339808588844,1974
2012-01-05,,,,3121599.9999983,,31550,0.0000345696244825805,2018
2012-01-06,,,,3148499.9999983,,26900,0.0000320489446235737,1781
2012-01-07,,,,3170499.9999983,,22000,0.0000264902794048939,1515
2012-01-08,,,,3184449.9999983,,13950,0.0000167972453499214,1239
2012-01-09,,,,3194399.9999983,,9950,0.000011980830912668,1073
2012-01-10,,,,3204099.9999983,,9700,0.0000116798050103397,1116
2012-01-11,,,,3216349.9999983,,12250,0.0000147502692140887,1123
2012-01-12,,,,3244399.9999983,,28050,0.0000232661547509167,1840
2012-01-13,,,,3295449.9999983,,51050,0.0000330089071026092,2486
2012-01-14,,,,3338099.9999983,,42650,0.0000333488983266461,2177
2012-01-15,,,,3354249.9999983,,16150,0.0000183752256005837,1307
2012-01-16,,,,3369999.9999983,,15750,0.00001792011165382,1442
2012-01-17,,,,3382899.9999983,,12900,0.0000146774247831287,1079
2012-01-18,,,,3394749.9999983,,11850,0.000013482750672874,1090
2012-01-19,,,,3403199.9999983,,8450,0.00000961428212538273,837
2012-01-20,,,,3414049.9999983,,10850,0.0000123449658059648,892
2012-01-21,,,,3425349.9999983,,11300,0.0000128569689960739,951
2012-01-22,,,,3445899.9999983,,20550,0.0000118209875857755,1278
2012-01-23,,,,3473249.9999983,,27350,0.0000142555126118943,1648
2012-01-24,,,,3495249.9999983,,22000,0.0000114669571283976,1451
2012-01-25,,,,3524049.9999983,,28800,0.0000150112893317205,1685
2012-01-26,,,,3554099.9999983,,30050,0.0000142044136742519,1777
2012-01-27,,,,3586199.9999983,,32100,0.0000149410891254173,2004
2012-01-28,,,,3631399.9999983,,45200,0.0000213469423401434,2417
2012-01-29,,,,3682999.9999983,,51600,0.0000300225116385833,2400
2012-01-30,,,,3731099.9999983,,48100,0.000028676295343511,2257
2012-01-31,,,,3749149.9999983,,18050,0.0000185394856117945,1361
2012-02-01,,,,3772849.9999983,,23700,0.000024342704099697,1869
2012-02-02,,,,3805699.9999983,,32850,0.0000337408366951494,2394
2012-02-03,,,,3842449.9999983,,36750,0.0000369574550718757,2430
2012-02-04,,,,3885649.9999983,,43200,0.0000415540749001071,2651
2012-02-05,,,,3929299.9999983,,43650,0.0000419869298469832,2710
2012-02-06,,,,3959099.9999983,,29800,0.0000414762831473642,2295
2012-02-07,,,,3989799.9999983,,30700,0.0000436025326951309,2411
2012-02-08,,,,4020999.9999983,,31200,0.0000443126716641069,2450
2012-02-09,,,,4049349.9999983,,28350,0.0000413637404521744,2319
2012-02-10,,,,4076249.9999983,,26900,0.0000399042902385054,2189
2012-02-11,,,,4107449.9999983,,31200,0.0000462830429532106,2240
2012-02-12,,,,4137849.9999983,,30400,0.0000452768910483294,2256
2012-02-13,,,,4168699.9999983,,30850,0.0000468562514557711,2071
2012-02-14,,,,4198649.9999983,,29950,0.0000454892943630582,2058
2012-02-15,,,,4229449.9999983,,30800,0.0000467803093950648,1849
2012-02-16,,,,4257949.9999983,,28500,0.0000448631027216385,2078
2012-02-17,,,,4287399.9999983,,29450,0.0000466322087193718,1981
2012-02-18,,,,4317799.9999983,,30400,0.0000481364735167708,1991
2012-02-19,,,,4348999.9999983,,31200,0.0000505107273369028,2042
2012-02-20,,,,4377449.9999983,,28450,0.0000471995231833866,1978
2012-02-21,,,,4409049.9999983,,31600,0.0000524254809347985,2111
2012-02-22,,,,4438249.9999983,,29200,0.0000486246357097463,1908
2012-02-23,,,,4470149.9999983,,31900,0.0000547840609365938,2428
2012-02-24,,,,4495049.9999983,,24900,0.0000427624801668084,1692
2012-02-25,,,,4522299.9999983,,27250,0.0000467982965680936,1772
2012-02-26,,,,4552749.9999983,,30450,0.0000525408465380789,1656
2012-02-27,,,,4574349.9999983,,21600,0.0000374126966189966,1449
2012-02-28,,,,4598399.9999983,,24050,0.000041656266374392,1502
2012-02-29,,,,4617499.9999983,,19100,0.0000330825233992053,1473
2012-03-01,,,,4641949.9999983,,24450,0.000040382046685064,1711
2012-03-02,,,,4679599.9999983,,37650,0.0000509702289248221,2192
2012-03-03,,,,4727949.9999983,,48350,0.0000654557919924339,2294
2012-03-04,,,,4765099.9999983,,37150,0.000069169731471528,1634
2012-03-05,,,,4789099.9999983,,24000,0.000048935031670914,1333
2012-03-06,,,,4812449.9999983,,23350,0.0000476097078964934,1442
2012-03-07,,,,4829249.9999983,,16800,0.0000342545221696396,1372
2012-03-08,,,,4849749.9999983,,20500,0.0000376238726431906,1403
2012-03-09,,,,4869649.9999983,,19900,0.0000332877071970107,1541
2012-03-10,,,,4888049.9999983,,18400,0.0000307785835389445,1422
2012-03-11,,,,4910199.9999983,,22150,0.0000370513926841099,1563
2012-03-12,,,,4930849.9999983,,20650,0.0000345422690260437,1522
2012-03-13,,,,4963449.9999983,,32600,0.0000428836084898346,1914
2012-03-14,,,,5001349.9999983,,37900,0.0000452301265714471,2334
2012-03-15,,,,5034499.9999983,,33150,0.0000395614431620969,2832
2012-03-16,,,,5064599.9999983,,30100,0.0000424317895696102,1674
2012-03-17,,,,5092749.9999983,,28150,0.0000410290203981852,1548
2012-03-18,,,,5125299.9999983,,32550,0.0000474420822010986,1857
2012-03-19,,,,5161449.9999983,,36150,0.0000552210235956846,2185
2012-03-20,,,,5196499.9999983,,35050,0.0000553729578256291,1954
2012-03-21,,,,5232349.9999983,,35850,0.0000566368199158003,2092
2012-03-22,,,,5260849.9999983,,28500,0.000052217852238607,1744
2012-03-23,,,,5286499.9999983,,25650,0.0000500818751229012,1799
2012-03-24,,,,5311949.9999983,,25450,0.0000496913731726251,1518
2012-03-25,,,,5335299.9999983,,23350,0.0000455911026947267,1492
2012-03-26,,,,5362849.9999983,,27550,0.0000487288771479135,1581
2012-03-27,,,,5391849.9999983,,29000,0.0000494608204204788,1901
2012-03-28,,,,5421699.9999983,,29850,0.0000509105341224583,1725
2012-03-29,,,,5453449.9999983,,31750,0.000054484700633074,1752
2012-03-30,,,,5482949.9999983,,29500,0.0000512691354202428,1893
2012-03-31,,,,5511199.9999983,,28250,0.0000490967144278597,1658
2012-04-01,,,,5540249.9999983,,29050,0.0000504870638629849,1845
2012-04-02,,,,5567349.9999983,,27100,0.000047957654350212,1621
2012-04-03,,,,5594449.9999983,,27100,0.0000480935688275957,1522
2012-04-04,,,,5619799.9999983,,25350,0.0000449878955638211,1742
2012-04-05,,,,5643649.9999983,,23850,0.0000423258899091572,1541
2012-04-06,,,,5671599.9999983,,27950,0.0000443622822882197,1663
2012-04-07,,,,5702349.9999983,,30750,0.0000485702775735599,1597
2012-04-08,,,,5733749.9999983,,31400,0.0000495969663677977,1686
2012-04-09,,,,5764749.9999983,,31000,0.0000507856703482721,1682
2012-04-10,,,,5797749.9999983,,33000,0.0000552532061293445,1917
2012-04-11,,,,5823999.9999983,,26250,0.0000439514139665241,1709
2012-04-12,,,,5852749.9999983,,28750,0.0000484254110355961,1806
2012-04-13,,,,5881449.9999983,,28700,0.0000493457101618163,1723
2012-04-14,,,,5908999.9999983,,27550,0.0000473684430298968,1853
2012-04-15,,,,5936399.9999983,,27400,0.0000471105386213856,1539
2012-04-16,,,,5965399.9999983,,29000,0.0000493475867958432,1635
2012-04-17,,,,5993149.9999983,,27750,0.0000469308570497497,1540
2012-04-18,,,,6020849.9999983,,27700,0.0000468462969469573,1649
2012-04-19,,,,6047949.9999983,,27100,0.0000458315757134492,1493
2012-04-20,,,,6074899.9999983,,26950,0.0000433349950240827,1443
2012-04-21,,,,6100249.9999983,,25350,0.0000407622309410203,1374
2012-04-22,,,,6127049.9999983,,26800,0.0000430937983912956,1532
2012-04-23,,,,6154499.9999983,,27450,0.0000433992133628758,1579
2012-04-24,,,,6186349.9999983,,31850,0.0000471164000852152,1679
2012-04-25,,,,6210899.9999983,,24550,0.0000363173507721205,1556
2012-04-26,,,,6233849.9999983,,22950,0.000033950435854182,1661
2012-04-27,,,,6257849.9999983,,24000,0.0000342476826640588,1451
2012-04-28,,,,6282349.9999983,,24500,0.00003253579346732,1491
2012-04-29,,,,6309199.9999983,,26850,0.0000356565736570425,1572
2012-04-30,,,,6339049.9999983,,29850,0.0000396405483673266,1982
2012-05-01,,,,6371749.9999983,,32700,0.0000419013987496721,2097
2012-05-02,,,,6401349.9999983,,29600,0.0000372006907768699,2095
2012-05-03,,,,6429699.9999983,,28350,0.0000356297156596035,1751
2012-05-04,,,,6453099.9999983,,23400,0.0000294038419214644,1481
2012-05-05,,,,6476049.9999983,,22950,0.0000287864663925613,1567
2012-05-06,,,,6504199.9999983,,28150,0.0000353088901503532,1458
2012-05-07,,,,6530899.9999983,,26700,0.0000334901373717382,1605
2012-05-08,,,,6560599.9999983,,29700,0.0000364773264701294,1685
2012-05-09,,,,6588799.9999983,,28200,0.0000328425786286583,1740
2012-05-10,,,,6617349.9999983,,28550,0.000033250199285397,1727
2012-05-11,,,,6646449.9999983,,29100,0.0000338907460317006,1659
2012-05-12,,,,6674449.9999983,,28000,0.0000324182215225157,1542
2012-05-13,,,,6703449.9999983,,29000,0.0000335184535177591,1691
2012-05-14,,,,6733999.9999983,,30550,0.0000353099570678463,1916
2012-05-15,,,,6760049.9999983,,26050,0.0000300687843350777,1769
2012-05-16,,,,6785149.9999983,,25100,0.0000288562089340658,1583
2012-05-17,,,,6810199.9999983,,25050,0.0000287987264461493,1734
2012-05-18,,,,6832849.9999983,,22650,0.0000260395670261591,1616
2012-05-19,,,,6858599.9999983,,25750,0.000028853600503794,1601
2012-05-20,,,,6888899.9999983,,30300,0.0000294881788708979,1854
2012-05-21,,,,6919749.9999983,,30850,0.0000300234428438021,2069
2012-05-22,,,,6951549.9999983,,31800,0.000030947989706091,2026
2012-05-23,,,,6981599.9999983,,30050,0.0000314814730654247,1966
2012-05-24,,,,7014699.9999983,,33100,0.0000350120750743983,1933
2012-05-25,,,,7048999.9999983,,34300,0.0000362813950166726,2146
2012-05-26,,,,7076749.9999983,,27750,0.0000320144299261017,1825
2012-05-27,,,,7100749.9999983,,24000,0.0000284572522235731,1770
2012-05-28,,,,7126899.9999983,,26150,0.0000310065477352682,1935
2012-05-29,,,,7151449.9999983,,24550,0.00002910939758703,1768
2012-05-30,,,,7180449.9999983,,29000,0.0000306904965985231,1844
2012-05-31,,,,7208949.9999983,,28500,0.0000293492118934935,1847
2012-06-01,,,,7236299.9999983,,27350,0.0000281649454486683,1650
2012-06-02,,,,7265999.9999983,,29700,0.0000305362799892927,1908
2012-06-03,,,,7293849.9999983,,27850,0.0000285193745283221,1639
2012-06-04,,,,7321899.9999983,,28050,0.0000287241815267301,1711
2012-06-05,,,,7354149.9999983,,32250,0.0000330251284932996,2106
2012-06-06,,,,7386499.9999983,,32350,0.0000342746407918067,2032
2012-06-07,,,,7414099.9999983,,27600,0.0000293880621519202,1655
2012-06-08,,,,7443849.9999983,,29750,0.0000316773496021604,2025
2012-06-09,,,,7476049.9999983,,32200,0.0000351470354096542,1804
2012-06-10,,,,7503549.9999983,,27500,0.000030682558797503,1904
2012-06-11,,,,7530999.9999983,,27450,0.0000306267723269621,1826
2012-06-12,,,,7560499.9999983,,29500,0.0000329110164963889,1678
2012-06-13,,,,7590749.9999983,,30250,0.0000335857529259692,2056
2012-06-14,,,,7620199.9999983,,29450,0.0000326975346667699,1770
2012-06-15,,,,7651749.9999983,,31550,0.0000350291075971679,2045
2012-06-16,,,,7680549.9999983,,28800,0.0000333181457985892,1721
2012-06-17,,,,7708449.9999983,,27900,0.000032868018266389,1657
2012-06-18,,,,7737649.9999983,,29200,0.0000343995029884788,1734
2012-06-19,,,,7763949.9999983,,26300,0.0000308830598184294,1674
2012-06-20,,,,7790199.9999983,,26250,0.0000298298681996186,1710
2012-06-21,,,,7820049.9999983,,29850,0.000033920821552709,1735
2012-06-22,,,,7853099.9999983,,33050,0.0000375572245332338,2318
2012-06-23,,,,7887349.9999983,,34250,0.0000398617469264453,2359
2012-06-24,,,,7927499.9999983,,40150,0.0000471365329147499,2084
2012-06-25,,,,7969599.9999983,,42100,0.0000523845164466915,2684
2012-06-26,,,,8001349.9999983,,31750,0.0000518388011906197,2193
2012-06-27,,,,8032149.9999983,,30800,0.0000502877189502705,1866
2012-06-28,,,,8068199.9999983,,36050,0.0000598445983289443,2183
2012-06-29,,,,8100799.9999983,,32600,0.0000607829779126026,2080
2012-06-30,,,,8131849.9999983,,31050,0.0000578929896989665,1651
2012-07-01,,,,8164499.9999983,,32650,0.0000608762033388489,2003
2012-07-02,,,,8194699.9999983,,30200,0.000062995544868729,1951
2012-07-03,,,,8226949.9999983,,32250,0.0000673313429727642,2408
2012-07-04,,,,8264899.9999983,,37950,0.0000792317663819038,2607
2012-07-05,,,,8301599.9999983,,36700,0.0000888243494863711,2283
2012-07-06,,,,8342399.9999983,,40800,0.0000989920991203255,2418
2012-07-07,,,,8384149.9999983,,41750,0.000118307116957415,2794
2012-07-08,,,,8433849.9999983,,49700,0.0001680803302175,3722
2012-07-09,,,,8480149.9999983,,46300,0.000187551930878435,3676
2012-07-10,,,,8510799.9999983,,30650,0.00017667303115916,2532
2012-07-11,,,,8540799.9999983,,30000,0.000172926294772424,2114
2012-07-12,,,,8567599.9999983,,26800,0.000154480823330033,1898
2012-07-13,,,,8593499.9999983,,25900,0.000151440025078079,2052
2012-07-14,,,,8623449.9999983,,29950,0.000175154811021138,2104
2012-07-15,,,,8655849.9999983,,32400,0.000189483000904336,2261
2012-07-16,,,,8685349.9999983,,29500,0.000177281346694799,2719
2012-07-17,,,,8718299.9999983,,32950,0.000202144361064704,3017
2012-07-18,,,,8751149.9999983,,32850,0.000201530872867239,2626
2012-07-19,,,,8782199.9999983,,31050,0.000196999740373955,2606
2012-07-20,,,,8812449.9999983,,30250,0.000201151528792268,2355
2012-07-21,,,,8844799.9999983,,32350,0.000215115767154706,2195
2012-07-22,,,,8874299.9999983,,29500,0.000197961506958192,2078
2012-07-23,,,,8906349.9999983,,32050,0.000227703270184856,2863
2012-07-24,,,,8941149.9999983,,34800,0.000247240992275599,2695
2012-07-25,,,,8975099.9999983,,33950,0.000245999589093136,2992
2012-07-26,,,,9001499.9999983,,26400,0.000219626630360619,2510
2012-07-27,,,,9034299.9999983,,32800,0.000272869449841979,2851
2012-07-28,,,,9066699.9999983,,32400,0.000269541773624394,2422
2012-07-29,,,,9099649.9999983,,32950,0.000288222441910521,2712
2012-07-30,,,,9136999.9999983,,37350,0.000329740755580096,2707
2012-07-31,,,,9167449.9999983,,30450,0.000268824792701846,4802
2012-08-01,,,,9197599.9999983,,30150,0.000304502541076886,3581
2012-08-02,,,,9228749.9999983,,31150,0.000323047460268717,3094
2012-08-03,,,,9257199.9999983,,28450,0.000295046556810434,2463
2012-08-04,,,,9283749.9999983,,26550,0.000276848313244276,3172
2012-08-05,,,,9308299.9999983,,24550,0.000258225773493743,3709
2012-08-06,,,,9332449.9999983,,24150,0.000254018428915434,2314
2012-08-07,,,,9354749.9999983,,22300,0.000234559460240752,1841
2012-08-08,,,,9380599.9999983,,25850,0.000261046500613906,2329
2012-08-09,,,,9409599.9999983,,29000,0.000254673899524095,2405
2012-08-10,,,,9437599.9999983,,28000,0.000245892040919816,2232
2012-08-11,,,,9467049.9999983,,29450,0.00025862573589602,2157
2012-08-12,,,,9496349.9999983,,29300,0.000258908662645242,2727
2012-08-13,,,,9525249.9999983,,28900,0.000255977125932632,2255
2012-08-14,,,,9554399.9999983,,29150,0.000258191460932049,2089
2012-08-15,,,,9585149.9999983,,30750,0.000273953914136123,2375
2012-08-16,,,,9611849.9999983,,26700,0.000241107492703896,2454
2012-08-17,,,,9639349.9999983,,27500,0.00024833168724184,2335
2012-08-18,,,,9664549.9999983,,25200,0.000227562127945251,1946
2012-08-19,,,,9692549.9999983,,28000,0.000243558156494679,2648
2012-08-20,,,,9722899.9999983,,30350,0.000256225437351747,2608
2012-08-21,,,,9751749.9999983,,28850,0.000243561906675384,2368
2012-08-22,,,,9775449.9999983,,23700,0.000200083784686537,1876
2012-08-23,,,,9804549.9999983,,29100,0.000236348009442074,2146
2012-08-24,,,,9834199.9999983,,29650,0.000240076123021543,2322
2012-08-25,,,,9866599.9999983,,32400,0.000262342879794199,2768
2012-08-26,,,,9896249.9999983,,29650,0.000251916309381854,2154
2012-08-27,,,,9924299.9999983,,28050,0.000245674954131744,3170
2012-08-28,,,,9950749.9999983,,26450,0.000231661409511038,2280
2012-08-29,,,,9982049.9999983,,31300,0.000273444043969055,2583
2012-08-30,,,,10011349.9999983,,29300,0.000249591817131006,2665
2012-08-31,,,,10040449.9999983,,29100,0.000247888118720556,2520
2012-09-01,,,,10072249.9999983,,31800,0.000270888047261637,2607
2012-09-02,,,,10102349.9999983,,30100,0.000265359201994022,5472
2012-09-03,,,,10129799.9999983,,27450,0.000244803527772834,5162
2012-09-04,,,,10158349.9999983,,28550,0.000254613505206354,4591
2012-09-05,,,,10185449.9999983,,27100,0.000241204630291596,4954
2012-09-06,,,,10220999.9999983,,35550,0.000313428595298338,3146
2012-09-07,,,,10249299.9999983,,28300,0.0002495085582825,2130
2012-09-08,,,,10278649.9999983,,29350,0.00025876594295376,3061
2012-09-09,,,,10307549.9999983,,28900,0.000268667449362805,3422
2012-09-10,,,,10334299.9999983,,26750,0.0002501119182456,4303
2012-09-11,,,,10360699.9999983,,26400,0.00024683942585734,3491
2012-09-12,,,,10390349.9999983,,29650,0.000274943241665325,2918
2012-09-13,,,,10417699.9999983,,27350,0.000247914801504219,3156
2012-09-14,,,,10444399.9999983,,26700,0.000242022859238123,2926
2012-09-15,,,,10471999.9999983,,27600,0.000250180933145025,3611
2012-09-16,,,,10499799.9999983,,27800,0.000242465120178707,3050
2012-09-17,,,,10529349.9999983,,29550,0.000250945431105876,3063
2012-09-18,,,,10559599.9999983,,30250,0.000256889992925643,2467
2012-09-19,,,,10589849.9999983,,30250,0.000258644528181119,4155
2012-09-20,,,,10621699.9999983,,31850,0.000279949079390385,2632
2012-09-21,,,,10653599.9999983,,31900,0.000280388559891783,2902
2012-09-22,,,,10684949.9999983,,31350,0.000275737914200069,2620
2012-09-23,,,,10716399.9999983,,31450,0.000305310597650016,2731
2012-09-24,,,,10748149.9999983,,31750,0.000308222940393895,3514
2012-09-25,,,,10783149.9999983,,35000,0.000339773320119255,2836
2012-09-26,,,,10812399.9999983,,29250,0.000318663813296759,2758
2012-09-27,,,,10838149.9999983,,25750,0.000283264453897669,2401
2012-09-28,,,,10870149.9999983,,32000,0.000352017962125259,3122
2012-09-29,,,,10899249.9999983,,29100,0.000320475786263315,2485
2012-09-30,,,,10929199.9999983,,29950,0.000330301352982575,2693
2012-10-01,,,,10959149.9999983,,29950,0.000330301352982575,2719
2012-10-02,,,,10989849.9999983,,30700,0.000340085305305295,2813
2012-10-03,,,,11020999.9999983,,31150,0.000360986766504448,2754
2012-10-04,,,,11054999.9999983,,34000,0.000394014448191051,2468
2012-10-05,,,,11088349.9999983,,33350,0.000387103717203114,3112
2012-10-06,,,,11116949.9999983,,28600,0.000375901401949058,2669
2012-10-07,,,,11146349.9999983,,29400,0.000386416126479102,2855
2012-10-08,,,,11174899.9999983,,28550,0.00037524423166593,2859
2012-10-09,,,,11206749.9999983,,31850,0.000425065397996026,3570
2012-10-10,,,,11240899.9999983,,34150,0.000461080454989073,3261
2012-10-11,,,,11275149.9999983,,34250,0.000462430617375571,3079
2012-10-12,,,,11315049.9999983,,39900,0.000600535568577761,4500
2012-10-13,,,,11355699.9999983,,40650,0.00064739060066985,3452
2012-10-14,,,,11395449.9999983,,39750,0.00066676524639231,3883
2012-10-15,,,,11424699.9999983,,29250,0.000659159956417184,4799
2012-10-16,,,,11453499.9999983,,28800,0.000649019034010765,4563
2012-10-17,,,,11479349.9999983,,25850,0.000582539653790911,3268
2012-10-18,,,,11505349.9999983,,26000,0.000574526788142661,3893
2012-10-19,,,,11529349.9999983,,24000,0.000521593127768881,2858
2012-10-20,,,,11551199.9999983,,21850,0.000474867076739585,2619
2012-10-21,,,,11575699.9999983,,24500,0.000532459651264065,2808
2012-10-22,,,,11603999.9999983,,28300,0.000572339153197008,3514
2012-10-23,,,,11641649.9999983,,37650,0.000684814880171903,3929
2012-10-24,,,,11678299.9999983,,36650,0.000666625905930949,3495
2012-10-25,,,,11707299.9999983,,29000,0.000596114494951949,2902
2012-10-26,,,,11730399.9999983,,23100,0.000529131008703167,2821
2012-10-27,,,,11756999.9999983,,26600,0.000609302373658192,2660
2012-10-28,,,,11780749.9999983,,23750,0.000544019976480529,2299
2012-10-29,,,,11808299.9999983,,27550,0.00058132857304205,3236
2012-10-30,,,,11840499.9999983,,32200,0.000629003397616959,2776
2012-10-31,,,,11873349.9999983,,32850,0.000641700671171338,2779
2012-11-01,,,,11904649.9999983,,31300,0.000639202911037899,2839
2012-11-02,,,,11935949.9999983,,31300,0.000695842467180351,2714
2012-11-03,,,,11971699.9999983,,35750,0.000794772147019091,3554
2012-11-04,,,,12004799.9999983,,33100,0.000765425681222614,2995
2012-11-05,,,,12033999.9999983,,29200,0.000738622670903828,3451
2012-11-06,,,,12058599.9999983,,24600,0.000622264304939527,2513
2012-11-07,,,,12083399.9999983,,24800,0.000627323364329279,2999
2012-11-08,,,,12105699.9999983,,22300,0.000538501354034301,2292
2012-11-09,,,,12129599.9999983,,23900,0.000541844565961393,2334
2012-11-10,,,,12152199.9999983,,22600,0.000512371848984413,2466
2012-11-11,,,,12176749.9999983,,24550,0.000556580924449882,2591
2012-11-12,,,,12199449.9999983,,22700,0.000503040946947178,2602
2012-11-13,,,,12232449.9999983,,33000,0.000606399834537733,3185
2012-11-14,,,,12264599.9999983,,32150,0.000590780444860246,2756
2012-11-15,,,,12299399.9999983,,34800,0.00064453636231498,3524
2012-11-16,,,,12326299.9999983,,26900,0.000567885396974864,2999
2012-11-17,,,,12350399.9999983,,24100,0.000508774649334358,3380
2012-11-18,,,,12374549.9999983,,24150,0.000509830198399367,2215
2012-11-19,,,,12397999.9999983,,23450,0.000495052511489241,2579
2012-11-20,,,,12424649.9999983,,26650,0.00048690507200941,2583
2012-11-21,,,,12451499.9999983,,26850,0.000489544134474684,2747
2012-11-22,,,,12479099.9999983,,27600,0.000503218551638782,2890
2012-11-23,,,,12507149.9999983,,28050,0.000501343879934899,2600
2012-11-24,,,,12539449.9999983,,32300,0.000548216303282676,3014
2012-11-25,,,,12573349.9999983,,33900,0.000575372528832282,3234
2012-11-26,,,,12606249.9999983,,32900,0.000575360940932745,2807
2012-11-27,,,,12635549.9999983,,29300,0.000576180738301093,2778
2012-11-28,,,,12670699.9999983,,35150,0.000691220237245168,2983
2012-11-29,,,,12721849.9999983,,51150,0.00111306533651972,4120
2012-11-30,,,,12773699.9999983,,51850,0.00128306865984511,4011
2012-12-01,,,,12812099.9994983,,38400,0.00115109508037782,3472
2012-12-02,,,,12831149.9994983,,19050,0.00083409228765844,2065
2012-12-03,,,,12843849.9994983,,12700,0.000556061525105626,1605
2012-12-04,,,,12861199.9994983,,17350,0.000759658855163985,2002
2012-12-05,,,,12877399.8994983,,16200,0.00070930682730009,2928
2012-12-06,,,,12894949.8994983,,17550,0.000768415729575097,1689
2012-12-07,,,,12929699.8994983,,34750,0.00104382668396284,2546
2012-12-08,,,,12974899.5994983,,45200,0.00118961496709236,3684
2012-12-09,,,,13012749.5994983,,37850,0.00114701697573478,4492
2012-12-10,,,,13029449.5994983,,16700,0.000701935132890024,3013
2012-12-11,,,,13046049.5994983,,16600,0.000697731928501461,2198
2012-12-12,,,,13062999.5994983,,16950,0.000712443143861431,1789
2012-12-13,,,,13079949.5994983,,16950,0.000712443143861431,1877
2012-12-14,,,,13097874.5994983,,17950,0.000754475187747061,2185
2012-12-15,,,,13132174.2989983,,34300,0.000972760532050486,2771
2012-12-16,,,,13183524.0989983,,51350,0.00130595622396297,3503
2012-12-17,,,,13215524.0989983,,32000,0.00100192282822971,2865
2012-12-18,,,,13234074.0989983,,18550,0.000794824427446577,1871
2012-12-19,,,,13253124.0989983,,19050,0.00081624826646131,1778
2012-12-20,,,,13272124.0989983,,19000,0.000814105882559836,1977
2012-12-21,,,,13290573.9989983,,18450,0.000790539659643631,2277
2012-12-22,,,,13312973.8989983,,22400,0.00084950603396114,2179
2012-12-23,,,,13355073.5979983,,42100,0.00118068318341057,3040
2012-12-24,,,,13396123.4974983,,41050,0.0011512362156533,3096
2012-12-25,,,,13424973.4969983,,28850,0.00102791212475726,2350
2012-12-26,,,,13447673.4969983,,22700,0.000902955934077406,2037
2012-12-27,,,,13467123.4969983,,19450,0.000773678102105972,1898
2012-12-28,,,,13488723.4969983,,21600,0.000859200360179382,1634
2012-12-29,,,,13511723.4969983,,23000,0.000871602426167524,1766
2012-12-30,,,,13544273.4969983,,32550,0.000988465721328755,2243
2012-12-31,,,,13576923.4969983,,32650,0.000991502482377384,2279
2013-01-01,,,,13609623.4969983,,32700,0.000999404948925898,2206
2013-01-02,,,,13634473.4969983,,24850,0.000847955436879259,1822
2013-01-03,,,,13657923.3969983,,23450,0.000800183299590286,2121
2013-01-04,,,,13682123.2969983,,24200,0.000825775515995093,1871
2013-01-05,,,,13699923.2969983,,17800,0.000607388602674075,1848
2013-01-06,,,,13722773.2969983,,22850,0.00066503085274122,2464
2013-01-07,,,,13755423.2969983,,32650,0.000847619206554845,2618
2013-01-08,,,,13787173.2969983,,31750,0.000824254511734038,2402
2013-01-09,,,,13818673.2969983,,31500,0.000845497426224599,2612
2013-01-10,,,,13843023.2969983,,24350,0.000705948205051033,2693
2013-01-11,,,,13865073.1969983,,22050,0.000639267265764899,2569
2013-01-12,,,,13888273.1969983,,23200,0.000672607735407966,2152
2013-01-13,,,,13911523.1969983,,23250,0.000667665046407935,2446
2013-01-14,,,,13945973.0969983,,34450,0.000815252952627144,2865
2013-01-15,,,,13979073.0969983,,33100,0.000783305449403728,2637
2013-01-16,,,,14011872.9969983,,32800,0.000779097471456635,2398
2013-01-17,,,,14036072.9969983,,24200,0.0006659865850622,2194
2013-01-18,,,,14057672.9969983,,21600,0.000594434307328245,1960
2013-01-19,,,,14075872.8969983,,18200,0.000500865944137689,1975
2013-01-20,,,,14095522.7969983,,19650,0.000540770099027779,2295
2013-01-21,,,,14115972.7969983,,20450,0.00053107241877065,2009
2013-01-22,,,,14147122.6969983,,31150,0.00061332940105096,2847
2013-01-23,,,,14178922.4969983,,31800,0.00062612760685138,3264
2013-01-24,,,,14206722.2969983,,27800,0.000547369417310329,2948
2013-01-25,,,,14236622.1969983,,29900,0.000605695206116973,3885
2013-01-26,,,,14263722.1969983,,27100,0.000552837643553391,2579
2013-01-27,,,,14292171.9969983,,28450,0.00058037752616583,2647
2013-01-28,,,,14319121.8969983,,26950,0.000548637722263308,3526
2013-01-29,,,,14346571.8969983,,27450,0.000554389899290162,2713
2013-01-30,,,,14373071.7969983,,26500,0.000535203363613453,2896
2013-01-31,,,,14400771.6969983,,27700,0.000559438987626137,2732
2013-02-01,,,,14428821.6969983,,28050,0.000546661966606537,2419
2013-02-02,,,,14460421.6969983,,31600,0.000594954728963702,2521
2013-02-03,,,,14490321.6969983,,29900,0.000562947670759958,2498
2013-02-04,,,,14522021.6969983,,31700,0.000607851012866222,2780
2013-02-05,,,,14549771.6969983,,27750,0.000566761643320345,2520
2013-02-06,,,,14578971.6969983,,29200,0.000596376215674021,2676
2013-02-07,,,,14608171.2969983,,29200,0.000596376215674021,3201
2013-02-08,,,,14638321.1969983,,30150,0.000615532516667616,3653
2013-02-09,,,,14667321.1969983,,29000,0.000591972511988443,3763
2013-02-10,,,,14695871.0969983,,28550,0.000582786731630001,3663
2013-02-11,,,,14723521.0969983,,27650,0.000566186860413379,3664
2013-02-12,,,,14748021.06050376,,24500,0.000506498001456453,3019
2013-02-13,,,,14770921.06050376,,22900,0.000473420580953175,2769
2013-02-14,,,,14791921.06050376,,21000,0.000434141144105532,3032
2013-02-15,,,,14812470.96050376,,20550,0.000424838119588985,2959
2013-02-16,,,,14842270.96000376,,29800,0.000497442477739727,3111
2013-02-17,,,,14874520.56000376,,32250,0.000512145466026633,3368
2013-02-18,,,,14908620.16000376,,34100,0.00054152435322506,3832
2013-02-19,,,,14939320.06000376,,30700,0.000543958194537034,3842
2013-02-20,,,,14964019.96000376,,24700,0.000458617300270236,3446
2013-02-21,,,,14988066.36000376,,24050,0.000446548423947335,2949
2013-02-22,,,,15013566.26000376,,25500,0.000473471301898422,3202
2013-02-23,,,,15040965.96000376,,27400,0.000461552686829262,3975
2013-02-24,,,,15068515.86000376,,27550,0.000452025585455563,3320
2013-02-25,,,,15096665.76000376,,28150,0.000461870062815757,3659
2013-02-26,,,,15123365.66000376,,26700,0.000435734776530818,3593
2013-02-27,,,,15151164.56000376,,27800,0.000437235811967557,4738
2013-02-28,,,,15182413.64000376,,31250,0.000491497090790869,5479
2013-03-01,,,,15219712.74000366,,37300,0.000586650927567981,4737
2013-03-02,,,,15258712.54000366,,39000,0.000680782495778709,3783
2013-03-03,,,,15300462.54000366,,41750,0.000730684975933276,3852
2013-03-04,,,,15340861.93642078,,40400,0.000854613839937401,5001
2013-03-05,,,,15376559.03642078,,35700,0.000897036022765611,5035
2013-03-06,,,,15423407.42642078,,46850,0.00118808642221609,5318
2013-03-07,,,,15453157.12642078,,29750,0.00104188426635399,4480
2013-03-08,,,,15482506.42642078,,29350,0.00102787573840301,4300
2013-03-09,,,,15517756.02492078,,35250,0.00123450152567994,4363
2013-03-10,,,,15551154.57272158,,33400,0.00127198088811756,8978
2013-03-11,,,,15592954.57272158,,41800,0.00161629174185815,15908
2013-03-12,,,,15636354.57272158,,43400,0.00186752775554878,5984
2013-03-13,,,,15680504.57272158,,44150,0.00237869510301227,7006
2013-03-14,,,,15728454.57272158,,47950,0.00269539964686783,6952
2013-03-15,,,,15759904.57272158,,31450,0.0026335027764346,6111
2013-03-16,,,,15792154.57272158,,32250,0.0027004917182835,5950
2013-03-17,,,,15826454.47272158,,34300,0.00288341699046759,5992
2013-03-18,,,,15855754.47272158,,29300,0.00280094050553341,5541
2013-03-19,,,,15878804.47272158,,23050,0.00220347026117902,5723
2013-03-20,,,,15897954.47272158,,19150,0.00183064882870189,5537
2013-03-21,,,,15914404.47272158,,16450,0.00157254168314079,6214
2013-03-22,,,,15928804.47272158,,14400,0.00130807499944701,4745
2013-03-23,,,,15957004.47272158,,28200,0.00192314585933344,5962
2013-03-24,,,,15988904.47272158,,31900,0.00217547350754387,6408
2013-03-25,,,,16029454.47272158,,40550,0.00278807355529994,8511
2013-03-26,,,,16064404.47272158,,34950,0.00272105945421088,7469
2013-03-27,,,,16100954.47272158,,36550,0.00284562869961108,7708
2013-03-28,,,,16133204.47272158,,32250,0.00260509749447172,7892
2013-03-29,,,,16160904.47272158,,27700,0.00264918758550084,7253
2013-03-30,,,,16190054.47272158,,29150,0.00278786346994041,8237
2013-03-31,,,,16223754.47272158,,33700,0.0032230188314577,8551
2013-04-01,1.51668030262339,24662479.7655947052013170657562,14.71663829,16260829.47272158,56268.839227327769,37100,0.00368716689327577,11649
2013-04-02,4.61454068450838,75244144.2235637821211029168404,8.935656,16305879.47272158,208115.784871327938,45100,0.0045082550794027,17131
2013-04-03,4.61454068450838,75450760.2827126448356029168404,7.13152482,16350654.47272158,206731.422665975424,44800,0.00559005026946943,17130
2013-04-04,5.40020440476914,88505324.1944734053669873960412,7.22463895,16389254.47272158,208447.890024088804,38600,0.0058780287437372,16542
2013-04-05,3.72626872853185,61217115.629966266004817212323,4.82619839,16428529.47272158,146442.361031301705,39300,0.00598462511991896,16353
2013-04-06,3.72626872853185,61328717.378385794912317212323,4.54632049,16458479.47272158,111601.7484195289075,29950,0.00604099376030271,15452
2013-04-07,3.72626872853185,61439387.559623190857317212323,4.46741758,16488179.47272158,110856.4946738225375,29750,0.00608637786181129,14854
2013-04-08,4.26481100366803,70481032.0638557164127069370874,4.71741237,16526179.47272158,162489.299239751943,38100,0.00779465534571471,18773
2013-04-09,4.49987085098773,74517993.9157975459190342862134,4.5578782,16560029.47272158,152320.6283059346605,33850,0.00775756737839877,17452
2013-04-10,3.65909696125669,60728310.5610426289274712823702,3.69493452,16596529.47272158,133557.039085869185,36500,0.00850781396848491,19863
2013-04-11,3.10901968372812,51715602.7758971665415371768296,3.04669152,16634054.47272158,116743.689123990906,37550,0.00889605387292932,18429
2013-04-12,1.25839340212887,20966695.8381784401146647900146,1.35331427,16661479.47272158,34542.8988884374815,27450,0.0080060671743843,14800
2013-04-13,2.81211377461108,46949517.4961325207042336231064,2.67264683,16695454.47272158,95611.86833677672,34000,0.00991644021599519,17192
2013-04-14,2.19050684372414,36645382.1248860208471485449412,2.0177664,16729179.47272158,73929.605975689725,33750,0.00984352521440698,15873
2013-04-15,1.87290939676446,31391093.6124126845691824190468,1.72545044,16760604.47272158,58903.000528242267,31450,0.010014375360333,15658
2013-04-16,1.87290939676446,31451682.2313980148501824190468,1.73793283,16792954.47272158,60588.618985330281,32350,0.010397320109873,14819
2013-04-17,2.47773988478156,41693311.7844426796431969980648,2.28814023,16827154.47272158,84738.704059529352,34200,0.0109919118317668,15672
2013-04-18,2.1978915200225,37050801.28747212416613783555,2.02739499,16857429.47272158,66596.11305668175,30300,0.0107330928170709,14150
2013-04-19,2.9688916796498,50129971.956788730987107302684,2.70268948,16885079.47272158,82089.85494231697,27650,0.0100161781834408,14458
2013-04-20,3.07446116941578,52005369.9086983273574951985324,2.78662842,16915279.47272158,92848.727316356556,30200,0.0109399125186225,12493
2013-04-21,3.07446116941578,52101907.9894179828494951985324,2.7614136,16946679.47272158,96538.080719655492,31400,0.0115093259549418,15029
2013-04-22,3.09090260172297,52480990.0073563775542231006926,2.75901205,16979179.47272158,100454.334555996525,32500,0.0121151342799774,14870
2013-04-23,3.42339725654915,58226953.134850417783929535657,3.03527991,17008529.47272158,100476.7094797175525,29350,0.0109408981882257,14695
2013-04-24,3.74718532621894,63849338.0095259017072927427252,3.2572383,17039279.47272158,115225.948781232405,30750,0.0115994053957575,15771
2013-04-25,4.67037783925735,79716715.317001771176370518613,3.67142123,17068579.47272158,136842.070690240355,29300,0.0117924981836978,17830
2013-04-26,4.67037783925735,79865700.370074080641370518613,3.60024194,17100479.47272158,148985.053072309465,31900,0.0128389314696232,15423
2013-04-27,4.67037783925735,80017487.649849944516370518613,3.48424576,17132979.47272158,151787.279775863875,32500,0.0130804160740675,17413
2013-04-28,4.67037783925735,80165071.589570476776370518613,3.3151786,17164579.47272158,147583.93972053226,31600,0.0136763300322354,16969
2013-04-29,4.67037783925735,80316858.869346340651370518613,3.25773137,17197079.47272158,151787.279775863875,32500,0.0141505046688137,18646
2013-04-30,4.35004728755561,74944482.8966556372846922970638,2.98872649,17228429.47272158,136373.9824648683735,31350,0.0136497945036096,17704
2013-05-01,4.35004728755561,75082379.3064951807268022920638,2.81625951,17260129.45222158,137896.499015512837,31700,0.0148591306118496,16933
2013-05-02,3.24967569673291,56174802.2228179488060473981978,2.11449374,17286279.45222158,84979.0194695655965,26150,0.0125445875266484,15862
2013-05-03,2.77938024042446,48100453.2067444644838691718468,1.81150166,17306179.45222158,55309.666784446754,19900,0.00954635915029839,12821
2013-05-04,2.77938024042446,48158472.7692633250863691718468,1.81447738,17327054.45222158,58089.047024871214,20900,0.0100260756905144,12604
2013-05-05,2.77938024042446,48219897.0725767056523691718468,1.78975979,17349154.45222158,61424.303313380566,22100,0.0095676502781865,12092
2013-05-06,2.77938024042446,48308420.3332342247033691718468,1.7319508,17381004.45222158,88523.260657519051,31850,0.0125570201075574,18175
2013-05-07,3.42073354986733,59585516.3799865113695827629814,2.13407733,17418929.45222158,129816.8382174651735,37950,0.0149619752929923,16844
2013-05-08,3.23046587077861,56389169.1051855817932688444038,2.00896584,17455429.45222158,117912.004283419265,36500,0.0156719527086201,16813
2013-05-09,3.34734563891292,58553374.8081677695639901648136,2.05774927,17492479.45222158,124019.155921723686,37050,0.0173051586073662,20473
2013-05-10,3.34734563891292,58677226.5968075476039901648136,2.04741718,17529479.45222158,123851.78863977804,37000,0.0172818048170729,18002
2013-05-11,3.34734563891292,58781998.5153055219999901648136,2.02955776,17560779.45222158,104771.918497974396,31300,0.0174181876862619,14213
2013-05-12,3.29198296389714,57911015.2656082285937076082812,1.99431156,17591529.45222158,101228.476139837055,30750,0.0182479302448917,13950
2013-05-13,3.29198296389714,58005988.9741166610827076082812,1.9853487,17620379.45222158,94973.708508432489,28850,0.0171204158557764,13577
2013-05-14,3.29198296389714,58103267.0706998215697076082812,1.97237719,17649929.45222158,97278.096583160487,29550,0.0176259082946709,14433
2013-05-15,2.75635784833431,48726423.9521463682321320364098,1.66316948,17677829.45222158,76902.383968527249,27900,0.0167960470404855,13313
2013-05-16,2.05510530771479,36388371.6374072792270785231682,1.24852778,17706329.45222158,58570.501269871515,28500,0.0171572523531841,14544
2013-05-17,3.25704475277615,57757270.528183222689489939317,1.97011805,17733029.45222158,86963.094899123205,26700,0.0160736364150882,13214
2013-05-18,2.77249776475745,49241097.519637307352382355771,1.67543769,17760554.45222158,76382.3134190677475,27550,0.0163330336250565,11868
2013-05-19,3.06129391466978,54453391.3955304753214730898524,1.8467303,17787704.45222158,83114.129783284527,27150,0.0160079200021166,11897
2013-05-20,3.06129391466978,54537270.8487924272934730898524,1.84239522,17815104.45222158,83879.453261951972,27400,0.016155322580405,13370
2013-05-21,3.06129391466978,54619619.6550970443754730898524,1.84932947,17842004.45222158,82348.806304617082,26900,0.0158257948022351,12700
2013-05-22,3.06129391466978,54705029.7553163312374730898524,1.84783477,17869904.45222158,85410.100219286862,27900,0.0154813665945338,11302
2013-05-23,3.02138176504968,54085315.2207506600006750680944,1.82140317,17900854.45222158,93511.765628287596,30950,0.0171737740537929,12420
2013-05-24,2.8646582704393,51373791.316584461785183540094,1.72749637,17933654.37222158,93960.79127040904,32800,0.0182003162831796,12583
2013-05-25,2.8646582704393,51463598.353362733840183540094,1.72650663,17965004.37222158,89807.036778272055,31350,0.0182614191976347,10931
2013-05-26,3.15,56679538.772497977,1.89370035,17993504.37222158,89775,28500,0.0168777546799745,11423
2013-05-27,3.15,56767738.772497977,1.88942389,18021504.37222158,88200,28000,0.0165816537206767,10660
2013-05-28,3.05,55054495.835275819,1.82501748,18050654.37222158,88907.5,29150,0.0173161863071689,11250
2013-05-29,3.069,55487840.31834802902,1.83073533,18080104.37222158,90382.05,29450,0.0176360714957036,11087
2013-05-30,2.98478415116612,54056841.8550770434664920288696,1.77901553,18110804.37222158,91632.873440799884,30700,0.0183846314063871,11259
2013-05-31,2.95034305990649,53521596.2807052487183883600542,1.75348933,18140804.37222158,88510.2917971947,30000,0.0179654378564044,11123
2013-06-01,2.82303779147072,51292350.5837365588478219221376,1.6998967,18169204.37222158,80174.273277768448,28400,0.0175416369604435,9523
2013-06-02,2.65381523617767,48292947.0541732036573054881186,1.59721574,18197554.37222158,75235.6619456369445,28350,0.017564508799046,9882
2013-06-03,2.81553640295149,51314852.5757816964040802711542,1.69005617,18225604.37222158,78975.7961027892945,28050,0.0173786409810667,9981
2013-06-04,2.83,51654728.8733870714,1.69630855,18252554.37222158,76268.5,26950,0.0165429822443354,10279
2013-06-05,2.8,51191432.242220424,1.67830399,18282654.37222158,84280,30100,0.0180930830708358,10321
2013-06-06,2.81,51456732.2859426398,1.68306875,18312004.37222158,82473.5,29350,0.0176422587418282,9840
2013-06-07,2.96635476329632,54417494.3481007802561094385856,1.77570956,18344904.33222158,97593.071712448928,32900,0.0197761605657973,10628
2013-06-08,2.52467144409702,46396529.2334680733218736576916,1.5120915,18377254.33222158,81673.121216538597,32350,0.0205334747887071,9735
2013-06-09,2.3762600159135,43734957.07437209245660811333,1.42657426,18404954.33222158,65822.40244080395,27700,0.0175848746395468,10765
2013-06-10,2.47949325703063,45706121.6191768682720820069954,1.42272962,18433654.33222158,71161.456476779081,28700,0.018219707659025,11360
2013-06-11,2.4599,45414192.476831864642,1.38899014,18461804.33222158,69246.185,28150,0.0180614662997604,13896
2013-06-12,2.35,43460087.680720713,1.33500046,18493654.33222158,74847.5,31850,0.0205994754282647,10034
2013-06-13,2.4,44459050.397331792,1.36218742,18524604.33222158,74280,30950,0.0200173866406528,9928
2013-06-14,2.3,42681109.964109634,1.31735528,18557004.33222158,74520,32400,0.0216016063388337,10660
2013-06-15,2.19225707104033,40732803.5543940355675106763214,1.25762152,18580304.33222158,51079.589755239689,23300,0.0165178389311422,8389
2013-06-16,2.15,39998824.314276397,1.23469814,18604104.33222158,51170,23800,0.0168722989940422,8364
2013-06-17,2.16292173723763,40295673.9193407203379502740554,1.24224746,18630204.33222158,56452.257341902143,26100,0.0185028152833825,9117
2013-06-18,2.48905839006429,46448702.7589006966500747253782,1.42764509,18661154.33222158,77036.3571724897755,30950,0.0208572680613981,10194
2013-06-19,2.34813387258913,43903538.8152097169955994594254,1.3465805,18697204.33222158,84650.2261068381365,36050,0.022715018211622,10389
2013-06-20,2.2,41209419.530887476,1.26167981,18731554.33222158,75570,34350,0.0216438523042778,9529
2013-06-21,2.59270015760633,48641269.9839802894320439706014,1.48477947,18760854.33222158,75966.114617865469,29300,0.0198779183529277,11121
2013-06-22,2.77821554893902,52198237.0555312383731685480516,1.5636899,18788404.33222158,76539.838373270001,27550,0.0204431746392133,12714
2013-06-23,2.999,56441043.04233251842,1.65198507,18819954.33222158,94618.45,31550,0.0234113306666853,10499
2013-06-24,2.78372300087453,52476391.9076407533404977383574,1.50356353,18851154.33222158,86852.157627285336,31200,0.0232015309086816,10498
2013-06-25,2.46996028145458,46630390.8539962488804052658364,1.33634732,18879004.33222158,68788.393838510053,27850,0.0213123453919918,10302
2013-06-26,2.74710695499708,51951925.0805033114264388129864,1.48195779,18911504.33222158,89280.9760374051,32500,0.0248707800804213,10853
2013-06-27,2.74791413110063,52052375.3329465825160984375954,1.47762044,18942504.33222158,85185.33806411953,31000,0.0237228979228634,11184
2013-06-28,2.35949970777323,44764556.6527346602403807523034,1.27211038,18972054.33222158,69723.2163646989465,29550,0.0234723264945783,10946
2013-06-29,2.31,43896362.5074318498,1.24472515,19002754.33222158,70917,30700,0.0246786146740083,9872
2013-06-30,2.64365968979263,50311102.4604096309312374109554,1.41984178,19030854.33222158,74286.837283172903,28100,0.0225885691315841,10010
2013-07-01,2.66701592051432,50838935.7325399443277018030256,1.43132122,19062104.33222158,83344.2475160725,31250,0.0254971107324199,12942
2013-07-02,2.75213398978262,52548707.8969656513437658729396,1.47415124,19093804.33222158,87242.647476109054,31700,0.0265199532974199,12028
2013-07-03,2.54263535503364,48625115.2813875831436968339512,1.36221366,19123904.33222158,76533.324186512564,30100,0.0251814067587489,12909
2013-07-04,2.5,47887635.83055395,1.33967395,19155054.33222158,77875,31150,0.0263059869425504,11474
2013-07-05,2.27552152292328,43645991.7567218578946983003824,1.22310571,19180654.33222158,58253.350986835968,25600,0.0231432297846663,10576
2013-07-06,2.58684398616211,49683971.5426052904487143203338,1.39092102,19206404.33222158,66611.2326436743325,25750,0.0232788346466858,9459
2013-07-07,2.43154686875922,46771422.4413006041251207079676,1.30815157,19235254.33222158,70150.127163703497,28850,0.0260813351284228,10119
2013-07-08,2.3501,45282207.001153935158,1.26647855,19268204.33222158,77435.795,32950,0.0292274755427789,10853
2013-07-09,2.34807103009936,45316841.8248695962252769361888,1.26176092,19299604.33222158,73729.430345119904,31400,0.027286847539098,11154
2013-07-10,2.72603798947984,52692145.3160543292523758229472,1.46598159,19329204.33222158,80690.724488603264,29600,0.0257226333489586,10684
2013-07-11,2.68370397136178,51950750.5484258920382053032124,1.44057598,19357854.33222158,76888.118779514997,28650,0.025133698979194,11169
2013-07-12,2.66406826728563,51642575.2924258828335143098954,1.43288598,19384854.33222158,71929.84321671201,27000,0.0247804961976246,10474
2013-07-13,2.58050328515488,50092224.8500815187928647783104,1.3876663,19411804.33222158,69544.563534924016,26950,0.0247346063898512,9812
2013-07-14,2.74720603465225,53403224.729713821001705245555,1.4776009,19439104.33222158,74998.724746006425,27300,0.0250558350442649,9294
2013-07-15,2.9451133220339,57344756.019203861245751071562,1.57838789,19471154.33222158,94390.881971186495,32050,0.0287359284166749,10515
2013-07-16,2.9030975831536,56617528.037435924903870374688,1.55132933,19502454.33222158,90866.95435270768,31300,0.0275012893573337,11199
2013-07-17,2.82,55085187.2168648556,1.50546472,19533754.33222158,88266,31300,0.0275012893573337,10960
2013-07-18,2.56131811271186,50108229.9283304386521922139388,1.3669403,19563454.33222158,76071.147947542242,29700,0.0267443871016293,10345
2013-07-19,2.79922881355932,54836624.6616251963274827141256,1.49233182,19589904.33222158,74039.602118644014,26450,0.0251793184513874,10057
2013-07-20,2.799,54909534.57588820242,1.4874371,19617554.33222158,77392.35,27650,0.0263216693830193,9954
2013-07-21,2.66435657667963,52336633.8674452003039178324154,1.41215462,19643254.33222158,68473.964020666491,25700,0.0244653491191174,9327
2013-07-22,2.62086027632963,51553643.4196894341949862794154,1.38743354,19670504.33222158,71418.4425299824175,27250,0.0249904544570306,9715
2013-07-23,2.71515651557569,53491446.0338420973291103413902,1.43524088,19701054.33222158,82948.0315508373295,30550,0.0271594583727525,9968
2013-07-24,2.84,56036904.3035092872,1.4982706,19731304.33222158,85910,30250,0.0268927533805487,9744
2013-07-25,2.7590824221391,54516238.692579012747178781778,1.45405837,19758829.33222158,76012.720729932205,27550,0.024541908812392,9915
2013-07-26,2.63041953050847,52055159.0179754605695121067826,1.38537187,19789679.33222158,81148.4425161862995,30850,0.0280024222924076,8970
2013-07-27,2.63041953050847,52125654.2613930875655121067826,1.38477437,19816479.33222158,70495.243417626996,26800,0.0243262534015081,8664
2013-07-28,2.84840151957919,56524902.6650817991415094369202,1.49634472,19844429.33222158,79612.8224722383605,27950,0.0253701038273191,8385
2013-07-29,2.65,52660215.230387187,1.39183498,19871779.33222158,72477.5,27350,0.0245248215291358,9544
2013-07-30,2.78254789135009,55371671.6370215570066052329422,1.45940887,19899629.33222158,77493.9587741000065,27850,0.0247135564230906,9439
2013-07-31,2.77644222837424,55319165.7963497729101708440992,1.4543646,19924479.33222158,68994.589375099864,24850,0.0220514138999569,9626
2013-08-01,2.74253170625365,54714959.250161142332533483767,1.43652229,19950529.33222158,71442.9509479075825,26050,0.0231162709092104,9121
2013-08-02,2.67,53342673.3170316186,1.39784174,19978529.33222158,74760,28000,0.0233896381567224,9335
2013-08-03,2.77408547890222,55500932.1379387743383321939076,1.45053788,20006929.33222158,78784.027600823048,28400,0.0232074220954141,9778
2013-08-04,2.76390064997492,55374416.0084963161323748827736,1.44429778,20034879.33222158,77251.023166799014,27950,0.0228396988579868,9552
2013-08-05,2.76220693821428,55430806.8646279361286304801624,1.4423116,20067579.33222158,90324.166879606956,32700,0.0268688074735917,10406
2013-08-06,2.62545553313852,52764250.6782582536741014732616,1.37063933,20097179.33222158,77713.483780900192,29600,0.024673409883511,10252
2013-08-07,2.73434316656926,55035982.4409574036073827366308,1.42628927,20127679.33222158,83397.46658036243,30500,0.0254236149137529,10914
2013-08-08,2.59,52206317.4704538922,1.35680301,20156879.33222158,75628,29200,0.0243399854256257,9736
2013-08-09,2.4225646554062,48901476.680301736211003305796,1.26811333,20185829.33222158,70133.24677400949,28950,0.024903261629569,8951
2013-08-10,2.32005627584365,46891305.457549732178043235967,1.21572478,20211279.33222158,59045.4322202208925,25450,0.0219566230865843,10001
2013-08-11,2.4,48577870.397331792,1.25775439,20240779.33222158,70800,29500,0.0254507025954513,9300
2013-08-12,2.31,46828041.2574318498,1.211056,20271879.33222158,71841,31100,0.0266412835651489,9379
2013-08-13,2.48,50350148.7439095184,1.29946056,20302479.33222158,75888,30600,0.0259033219918762,9839
2013-08-14,2.3919182874553,48635064.295020196557993945374,1.22877847,20333079.33222158,73192.69959613218,30600,0.0259033219918762,11171
2013-08-15,2.41,49076226.1906540078,1.23771299,20363579.33222158,73505,30500,0.0259783897496916,10280
2013-08-16,2.3841770710111,48613559.619980012407979839538,1.15624936,20390079.33222158,63180.69238179415,26500,0.0240605220378486,8950
2013-08-17,2.656329367271,54235549.95582886920417190818,1.28718919,20417479.33222158,72783.4246632254,27400,0.0248776718429077,8418
2013-08-18,2.41101814614845,49291649.005821252562158973551,1.16911943,20444329.33222158,64735.8372240858825,26850,0.0243783025175938,9720
2013-08-19,2.39450613676213,49026984.7598549993940809127654,1.16144914,20474779.33222158,72912.7118644068585,30450,0.0270615251490068,9825
2013-08-20,2.45446015723382,50330372.9179508723470481098356,1.1904109,20505679.33222158,75842.818858525038,30900,0.0266640815176957,10616
2013-08-21,2.3778132159717,48836548.701457290014299409286,1.15551389,20538429.33222158,77873.382823073175,32750,0.0282604747477195,11129
2013-08-22,2.35863966998536,48521296.8831792577006548760688,1.14646447,20571729.33222158,78542.701010512488,33300,0.0297417776085111,9918
2013-08-23,2.47356910964229,50958193.4614735158754648186182,1.20159717,20601079.33222158,72599.2533680012115,29350,0.02855570268936,10177
2013-08-24,2.47652816884863,51095801.8217579319396686394354,1.20270719,20632029.33222158,76648.5468258650985,30950,0.0301124019841804,9990
2013-08-25,2.3,47513007.464109634,1.12209952,20657829.33222158,59340,25800,0.0251017761289773,10576
2013-08-26,2.48,51297384.7439095184,1.20928873,20684429.33222158,65968,26600,0.0256882476161699,9739
2013-08-27,2.3201,48052007.168687287758,1.13173741,20711179.33222158,62062.675,26750,0.025782230668492,10719
2013-08-28,2.3901,49565963.906942798358,1.16610457,20738029.33222158,64174.185,26850,0.0258786128392154,9364
2013-08-29,2.3901,49638742.451942798358,1.16558472,20768479.33222158,72778.545,30450,0.0292001389280692,9121
2013-08-30,2.4001,49927070.605265014158,1.17034424,20802079.33222158,80643.36,33600,0.0312261309627027,9837
2013-08-31,2.41,50218084.1906540078,1.1749583,20837379.33222158,85073,35300,0.0328060244935537,9757
2013-09-01,2.42928188300701,50698333.9059317188877540132758,1.18405464,20869679.33222158,78465.804821126423,32300,0.0308008945500122,9250
2013-09-02,2.41,50349549.6906540078,1.17417883,20891929.33222158,53622.5,22250,0.0243843828608981,8234
2013-09-03,2.39966861484512,50194058.7877576465047372216896,1.16826687,20917079.33222158,60351.665663354768,25150,0.0275625720877119,8251
2013-09-04,2.82889007437171,59236333.9124555014061770035018,1.37302617,20939779.33222158,64215.804688237817,22700,0.024877550154714,9599
2013-09-05,2.61,54726817.5570983238,1.26623533,20968129.33222158,73993.5,28350,0.0306879349261052,9114
2013-09-06,2.6,54614116.263776108,1.26058163,21005429.33222158,96980,37300,0.0348211311508246,10098
2013-09-07,2.60573915513735,54823916.247503824098245534013,1.25687961,21039679.33222158,89246.5660634542375,34250,0.0319738268610118,9278
2013-09-08,2.48187124625675,52292975.863864737896236570665,1.19739988,21069979.33222158,75200.698761579525,30300,0.0289273810227411,9395
2013-09-09,2.57855814336024,54391278.6155295444319654419792,1.23919211,21093679.33222158,61111.827997637688,23700,0.0265934265520277,7883
2013-09-10,2.4978627614237,52746691.842019840300644663446,1.20013295,21116729.33222158,57575.736650816285,23050,0.0258640709714868,7903
2013-09-11,2.58634866593256,54679236.8667320728832472566448,1.24178315,21141479.33222158,64012.12948183086,24750,0.0277716163359784,7632
2013-09-12,2.57364868813559,54483188.7591887755334429640322,1.23524329,21169629.33222158,72448.2105710168585,28150,0.031232046225295,8055
2013-09-13,2.52267335452952,53473811.7599146768417772910416,1.21147776,21197279.33222158,69751.918252741228,27650,0.0266672766587998,7942
2013-09-14,2.52,53501941.9171983816,1.20986214,21230929.33222158,84798,33650,0.0324540274708359,8088
2013-09-15,2.52738185037571,53738909.8346155427222319698218,1.21357132,21262679.33222158,80244.3737494287925,31750,0.0306215563803578,8497
2013-09-16,2.58882466393922,55122754.5341377132452366923676,1.24271088,21292579.33222158,77405.857451782678,29900,0.0303572966430542,8248
2013-09-17,2.53437912528791,54043174.8066094635115574150978,1.21643566,21324029.33222158,79706.2234903047695,31450,0.0322913842543195,8250
2013-09-18,2.55833181455289,54632611.3583789873563381093662,1.22661067,21354779.33222158,78668.7032975013675,30750,0.0315726571008052,7850
2013-09-19,2.48507492694331,53143400.2054510843534810186298,1.19137485,21385029.33222158,75173.5165400351275,30250,0.0324616795676605,7967
2013-09-20,2.39697189976622,51322714.2917603161953152390276,1.15004443,21411479.33222158,63399.906748816519,26450,0.0294687374816923,7829
2013-09-21,2.40718154289889,51607756.0652688472510170160462,1.15493647,21439079.33222158,66438.210584009364,27600,0.0307499869374181,7039
2013-09-22,2.42,51949968.9839762236,1.16115438,21466929.33222158,67397,27850,0.0310285194277933,7353
2013-09-23,2.34913342478083,50501886.0920794687974434963114,1.12807874,21498091.83222158,73292.962853161896,31200,0.0332355799763539,9871
2013-09-24,2.41406149855312,51966878.6464589635249652403296,1.15707709,21526741.83222158,69162.861933546888,28650,0.0303784081002155,8387
2013-09-25,2.33630608571011,50371908.2785223972772931661738,1.12075197,21560491.83222158,78850.3303927162125,33750,0.0357860828405677,8764
2013-09-26,2.34,50516017.8873984972,1.12017118,21588041.83222158,64467,27550,0.0310101006671363,8109
2013-09-27,2.29155679427236,49533241.7475057787358383895288,1.0977383,21615541.83222158,63017.8118424899,27500,0.031984543554072,8011
2013-09-28,2.0019081930309,43325881.334890109211020586822,0.96414371,21642291.83222158,53551.044163576575,26750,0.0311122378207791,9185
2013-09-29,2.24982271034483,48748577.6560208078520867674314,1.08165798,21667741.83222158,57257.9879782759235,25450,0.0296002412164048,7811
2013-09-30,2.16875250356517,47051610.0390823575019314103686,1.04024629,21695241.83222158,59640.693848042175,27500,0.0294771934487802,8010
2013-10-01,2.30475210683811,50067148.3305878189976507084138,1.10530057,21723441.83222158,64994.009412834702,28200,0.0298402322676602,8318
2013-10-02,1.84999468028877,40242919.1699749870325850256566,0.89147568,21752991.83222158,54667.3428025331535,29550,0.0312687540251546,8997
2013-10-03,2.13999,46613351.7005358589842,1.03244533,21782041.83222158,62166.7095,29050,0.0307063489720952,8758
2013-10-04,2.06,44930334.1743764548,0.99600493,21810841.83222158,59328,28800,0.0303781914210077,8291
2013-10-05,2.05154850543542,44800468.5760018304293238203636,0.99191516,21837391.83222158,54468.612819310401,26550,0.0280048952162416,7989
2013-10-06,1.99576621858562,43639806.9878606325153700416796,0.96508577,21866191.83222158,57478.067095265856,28800,0.0303781914210077,9578
2013-10-07,1.99,43571531.2461209442,0.96288355,21895241.83222158,57809.5,29050,0.0301973616678034,7987
2013-10-08,1.93580976037405,42441258.118103598406463281999,0.93771796,21924291.83222158,56235.2735388661525,29050,0.0300628068253057,8632
2013-10-09,1.84152956067576,40423768.6511003374324468549008,0.89318274,21951191.83222158,49537.145182177944,26900,0.0278378486609543,9078
2013-10-10,1.93911118296943,42619805.8078137762031181262994,0.94222338,21979041.83222158,54004.2464456986255,27850,0.0286800063828195,10106
2013-10-11,1.94829026851869,42874546.8083862107095384513302,0.94751861,22006241.83222158,52993.495303708368,27200,0.0274248735042319,8264
2013-10-12,1.92054441846873,42317452.0844005878726576611934,0.93455673,22034091.83222158,53487.1620543541305,27850,0.0280802473195904,7101
2013-10-13,2.04624406721441,45146163.8294800328626124889678,0.99643409,22062941.83222158,59034.1413391357285,28850,0.0290885147278343,7536
2013-10-14,1.96114406779661,43327637.9288436991003318928438,0.9557339,22093041.83222158,59030.436440677961,30100,0.0298967210845157,8451
2013-10-15,1.920222151906,42485475.49361676785621133148,0.93733671,22125291.83222158,61927.1643989685,32250,0.0317284550027899,9225
2013-10-16,1.84,40765276.9712877072,0.89979587,22155041.83222158,54740,29750,0.029268884847535,10112
2013-10-17,1.84826724737986,40997417.2648813960409779493788,0.90494508,22181541.83222158,48979.08205556629,26500,0.0263308568164609,7568
2013-10-18,1.86997300348334,41535731.5811966300791907184772,0.91662413,22211941.83222158,56847.179305893536,30400,0.0311803344412923,8107
2013-10-19,1.7819694702965,39636243.27459975008841629847,0.87716035,22242941.83222158,55241.0535791915,31000,0.0317957357789494,9674
2013-10-20,1.84705872281323,41134259.7294926774178383155034,0.90967383,22270141.83222158,50239.997260519856,27200,0.0278981939737879,8688
2013-10-21,1.714,38218758.00042778812,0.84758333,22297991.83222158,47734.9,27850,0.0290612821192038,9933
2013-10-22,1.65,36836071.523165607,0.81862195,22324891.83222158,44385,26900,0.0282016260492826,11424
2013-10-23,2.18553419053185,48850714.545680333824287247323,1.08338902,22351841.83222158,58900.1464348333575,26950,0.0282540454285564,8671
2013-10-24,2.26045188359325,50593189.550525647913700592335,1.11823136,22381891.83222158,67926.5791019771625,30050,0.0312536144293136,9203
2013-10-25,2.30771347876302,51725647.9924716696512769499716,1.13948001,22414241.83222158,74654.531037983697,32350,0.0322786733729744,10474
2013-10-26,2.24244321658765,50333637.879425420615006291487,1.10744367,22445891.83222158,70973.3278049991225,31650,0.0315802167621217,7804
2013-10-27,2.11061887303473,47447433.7433590085377123954734,1.04269115,22480341.83222158,72710.8201760464485,34450,0.0347692943852307,8317
2013-10-28,2.13660069959088,48094864.2965096225247075071904,1.05507417,22509991.83222158,63350.210742869592,29650,0.0340920100908069,7880
2013-10-29,2.16693864617183,48838120.4675490670992113140914,1.07008866,22537841.83222158,60349.2412958854655,27850,0.0320223433736584,7411
2013-10-30,2.24196507121566,50585551.6882185702939690859428,1.10626299,22563041.83222158,56497.519794634632,25200,0.0289753340400786,8213
2013-10-31,2.28910286382233,51708640.3491408311982743118814,1.12904156,22589041.83222158,59516.67445938058,26000,0.0291000971518736,8829
2013-11-01,2.39985534774985,54277268.813036861992179611763,1.18206137,22616891.83222158,66835.9714348333225,27850,0.0299134650845689,9970
2013-11-02,2.63669565427186,59702018.9898182929455210787388,1.29592177,22642741.83222158,68158.582662927581,25850,0.0277652808774184,8946
2013-11-03,2.88010477681008,65300880.0910349814797121375264,1.40508224,22673091.83222158,87411.179976185928,30350,0.032598695343507,14263
2013-11-04,3.01082462018091,68358339.7497630577036668060378,1.46250918,22704191.83222158,93636.645687626301,31100,0.0328301950189625,13320
2013-11-05,2.91,66154461.2317647978,1.40756748,22733491.83222158,85263,29300,0.0307940280719676,12006
2013-11-06,3.35018583869082,76259917.8639596703295193518956,1.60762782,22762891.83222158,98495.463657510108,29400,0.0308991271438856,12743
2013-11-07,4.22152016364699,96222763.2176300096352465800442,1.95582518,22793391.83222158,128756.364991233195,30500,0.0327948343983653,19954
2013-11-08,4.69370050476961,107138134.6997401865791723701838,2.1190478,22825941.83222158,152779.9514302508055,32550,0.0360266949608554,17115
2013-11-09,4.16085061897149,95113682.4842871897290213827542,1.86809083,22859191.83222158,138348.2830808020425,33250,0.0368014625944222,16545
2013-11-10,3.90157013442431,89309834.6874129260651216586098,1.74545894,22890741.83222158,123094.5377410869805,31550,0.0363476055236903,13348
2013-11-11,4.008,91865130.86354409264,1.78645351,22920441.83222158,119037.6,29700,0.0371991540443451,13211
2013-11-12,4.05296821107133,93008494.6459713573380857453014,1.80010336,22948241.83222158,112672.516267782974,27800,0.0348194101829223,15326
2013-11-13,4.14244446790427,95176563.1377765813096208681466,1.82040942,22975941.83222158,114745.711760948279,27700,0.0346941605060053,16999
2013-11-14,4.2838574268163,98550533.500053418023095555754,1.84281812,23005091.83222158,124874.443991695145,29150,0.0360058818455402,15566
2013-11-15,4.04866803039158,93264071.5124694706087487262964,1.71594355,23035741.83222158,124091.675131501927,30650,0.0377269348141534,15242
2013-11-16,4.07953112387646,94099655.4419653119815032660068,1.68517173,23066291.83222158,124629.675834425853,30550,0.0376038453041561,13463
2013-11-17,4.06775809468147,93953585.6520253312908725601226,1.67172947,23097141.83222158,125490.3372209233495,30850,0.0390354349228414,15806
2013-11-18,8.55444998346291,197842972.1216864811272868315978,2.9904684,23127491.83222158,259627.5569980993185,30350,0.039565984437712,28099
2013-11-19,7.85290924570311,181879203.6715956336601604151138,2.65505432,23160741.83222158,261109.2324196284075,33250,0.0433465892110025,25702
2013-11-20,7.78740842516177,180600840.1454701900155099849966,2.4855863,23191391.83222158,238684.0682312082505,30650,0.0408997769770392,21421
2013-11-21,9.71522340619815,225601009.452897637785856186077,2.95658265,23221391.83222158,291456.7021859445,30000,0.0426228554599065,19715
2013-11-22,10.5885803623612,246180700.936592891450410394696,3.13533808,23249641.83222158,299127.3952367039,28250,0.0401365222247453,20043
2013-11-23,11.6088725617763,270269549.953783782583419992554,3.25378855,23281291.83222158,367420.816580219895,31650,0.0449671125102013,22209
2013-11-24,11.1586544766029,260124324.757187442971438470582,2.98625431,23311441.83222158,336433.432469577435,30150,0.0443852663956893,19847
2013-11-25,12.1413507204524,283399666.943721380917434642792,3.15650481,23341691.83222158,367275.8592936851,30250,0.0446947574209411,22827
2013-11-26,19.6302691409557,458763155.542274231850095364006,4.1623152,23370191.83222158,559462.67051723745,28500,0.0421091102974156,38167
2013-11-27,35.5309595406025,831424163.04109392237378670195,4.8709233,23399991.83222158,1058822.5943099545,29800,0.0445757886535423,41831
2013-11-28,47.1804792518995,1105622247.38138741412751989121,4.60889854,23433891.83222158,1599418.24663939305,33900,0.051317340633338,48831
2013-11-29,37.4065993594687,877829713.289676836220729474546,3.54020488,23467241.83222158,1247510.088638281145,33350,0.0504847584106732,38549
2013-11-30,40.2958772144917,946892341.596936884954981470886,3.66114855,23498491.83222158,1259246.162952865625,31250,0.0499874633206572,35934
2013-12-01,34.9478332806612,822332715.997783738817647308696,3.15266879,23530291.83222158,1111341.09832502616,31800,0.0548267539229381,36658
2013-12-02,33.1832273641146,781929298.574748063831287713068,2.96034852,23563991.83222158,1118274.76217066202,33700,0.0581025662642455,35221
2013-12-03,37.9116092955058,894611308.375214743036323775164,3.25488675,23597291.83222158,1262456.58954034314,33300,0.0598782950523965,35318
2013-12-04,43.7816354920408,1034445856.825947233723072000464,3.56140477,23627391.83222158,1317827.22831042808,30100,0.0587988097097821,39247
2013-12-05,37.4443625280236,885893994.995127744172194669288,3.02943667,23658941.83222158,1181369.63775914458,31550,0.0616313105097551,36647
2013-12-06,30.7194245799997,727885762.715036732265886733526,2.52537969,23694641.83222158,1096683.45750598929,35700,0.0715820018568414,33447
2013-12-07,22.7891310583147,540751710.180647490295431771226,1.89170204,23728491.83222158,771412.086323952595,33850,0.0746742831452509,33913
2013-12-08,27.1513156331866,645215497.546426503069852686828,2.21162178,23763691.83222158,955726.31028816832,35200,0.0776524303312506,32274
2013-12-09,31.2780030604683,744364608.662297349318064165914,2.44009679,23798341.83222158,1083782.806045226595,34650,0.0812644299442403,37815
2013-12-10,35.5767703097604,847690973.264515237482289509432,2.6072044,23827091.83222158,1022832.1464056115,28750,0.0770242810204933,39388
2013-12-11,30.908731608766,737471265.67342266824918237028,2.2755478,23859641.83222158,1006079.2138653333,32550,0.0872048816423324,39414
2013-12-12,31.5398876233462,753575969.396272588167819450996,2.30965619,23892791.83222158,1045547.27471392653,33150,0.0896995632044943,35505
2013-12-13,30.5046285177196,729720797.625860552193263508968,2.2223168,23921641.83222158,880058.53273621046,28850,0.0839405677009567,36557
2013-12-14,29.388027708844,703979677.92076139794193365352,2.09759832,23954641.83222158,969804.914391852,33000,0.0960152074222382,32233
2013-12-15,31.0043454926204,743618820.579306049890827628232,2.20087845,23984341.83222158,920829.06113082588,29700,0.0864136866800143,36228
2013-12-16,23.8072252398978,571696989.568669255563426154524,1.71483098,24013591.83222158,696361.33826701065,29250,0.0890869265660157,42740
2013-12-17,22.2122472825833,534083308.973724271627480407614,1.62311952,24044541.83222158,687469.053395953135,30950,0.0952187419245555,43541
2013-12-18,13.4244722912033,323210170.129353811481730427214,1.00899595,24076191.83222158,424884.548016584445,31650,0.0973723160553209,46486
2013-12-19,19.7001764676813,474843042.582079991630850422454,1.48686234,24103491.83222158,537814.81756769949,27300,0.0857496248160161,38377
2013-12-20,16.7752565947722,404768351.833020131836940024076,1.27552973,24128891.83222158,426091.51750721388,25400,0.0815964803426451,37187
2013-12-21,15.9594007202079,385512759.534385202568456466482,1.21833737,24155841.83222158,430105.849409602905,26950,0.0865757931194602,31081
2013-12-22,16.6992197545295,403808706.25467745646625264661,1.27569796,24181291.83222158,424995.142752775775,25450,0.0817571033354456,30114
2013-12-23,17.4495716683908,422431303.124337448634227633464,1.34092085,24208691.83222158,478118.26371390792,27400,0.0826466965500168,30759
2013-12-24,17.51,424358208.9821998658,1.34521757,24235191.83222158,464015,26500,0.076920984865918,31197
2013-12-25,20.8181639392168,505126555.242021464242829258544,1.58508197,24263741.83222158,594358.58046463964,28550,0.0828714761479986,34970
2013-12-26,24.1400579775999,586420954.247302083765693385842,1.81609257,24292441.83222158,692819.66395711713,28700,0.0832859846435782,37974
2013-12-27,22.4376428988895,545793236.48550173333409993541,1.68649364,24324891.83222158,728101.512068964275,32450,0.0919319637605187,35236
2013-12-28,21.7041583869082,528678394.376908202029193518956,1.63136281,24358391.83222158,727089.3059614247,33500,0.0949066497989947,31952
2013-12-29,23.3030760326575,568321053.71909773521585624885,1.74086203,24388241.83222158,695596.819574826375,29850,0.0845660745223876,31698
2013-12-30,23.5067649912332,574007976.308127006413979852456,1.75165625,24418841.83222158,719307.00873173592,30600,0.0948793916740139,36915
2013-12-31,23.7897999127725,581604507.52767826596389213055,1.7655672,24447641.83222158,685146.237487848,28800,0.0906967936037537,30354
2014-01-01,23.8710529600653,584274858.592975072491520869174,1.76830769,24476291.83222158,683905.667305870845,28650,0.0902244144704008,30379
2014-01-02,25.3102724061494,620209035.879689671681455384052,1.86401579,24504241.83222158,707422.11375187573,27950,0.0883100980272166,35498
2014-01-03,24.2638040500217,595269772.528819764649158208286,1.76714844,24533241.83222158,703650.3174506293,29000,0.0921279149112159,36795
2014-01-04,24.290313347185,596710781.2263801008243892523,1.74241338,24565791.83222158,790649.69945087175,32550,0.10340564242621,33794
2014-01-05,26.2054511205542,644558233.628725148342586799636,1.86858716,24596341.83222158,800576.53173293081,30550,0.0973586425163186,36588
2014-01-06,28.4854857759795,701548856.67341991558768553761,2.00863174,24628291.83222158,910111.270542545025,31950,0.106942574384315,46378
2014-01-07,23.2619578141859,573645505.188760798817036111722,1.64925662,24660241.83222158,743219.552163239505,31950,0.106942574384315,38503
2014-01-08,23.7803245541066,587245408.501419130731990140428,1.68084178,24694591.83222158,816854.14843356171,34350,0.11497581940849,38155
2014-01-09,23.8114696321717,588712199.552042083492651005286,1.67760826,24723891.83222158,697676.06022263081,29300,0.110796575642904,34027
2014-01-10,24.565435325403,608102411.57412349446769879674,1.72850118,24754391.83222158,749245.7774247915,30500,0.115682265865916,32817
2014-01-11,26.1868122660728,648987554.502002086979286011024,1.83655055,24782991.83222158,748942.83080968208,28600,0.108475829631646,35833
2014-01-12,24.4923446152796,607726203.810735073951080853768,1.71576919,24812904.33222158,733545.72122762402,29950,0.114871855612724,31972
2014-01-13,23.7330422059611,589549044.298746394650482060538,1.66345864,24840854.33222158,663338.529656612745,27950,0.108132778905999,32588
2014-01-14,23.5237142469592,584986651.617611540070095619536,1.6200909,24867954.33222158,637492.65609259432,27100,0.10484430441333,32318
2014-01-15,24.6330680702969,613337636.944828074004187187102,1.6925061,24898954.33222158,763625.1101792039,31000,0.120014638715648,34272
2014-01-16,23.7224468986564,591299883.555081147063329085112,1.62853349,24925754.33222158,635761.57688399152,26800,0.104756183678784,32243
2014-01-17,23.1011275112913,576523388.814744455197863526254,1.58546895,24956504.33222158,710359.670972207475,30750,0.120195994332933,30829
2014-01-18,23.5990304579394,589683235.707035568402351012252,1.61692783,24987604.33222158,733929.84724191534,31100,0.121564078821276,31932
2014-01-19,24.4061216903652,610536324.102395804746197521016,1.65377499,25015704.33222158,685812.01949926212,28100,0.111029974122449,33550
2014-01-20,24.0481746021041,602237338.333783841938295426478,1.62689858,25042954.33222158,655312.757907336725,27250,0.108320210299815,38080
2014-01-21,23.7558268097667,595432775.154264961503852505386,1.60708295,25064704.33222158,516689.233112425725,21750,0.0864574155604026,38385
2014-01-22,23.0323639940427,577722037.462077079641776381466,1.55432155,25083054.33222158,422643.879290683545,18350,0.0729422333578569,36011
2014-01-23,22.033996822441,553114009.19068734058032847678,1.47759704,25102754.33222158,434069.7374020877,19700,0.0746403333653678,35042
2014-01-24,19.9338661614122,500888308.328810212801696115276,1.34413861,25127504.33222158,493363.18749495195,24750,0.0770205756553449,38291
2014-01-25,21.8164620107884,548717929.601192504407699293672,1.46618818,25151554.33222158,524685.91135946102,24050,0.0748422159398401,34928
2014-01-26,22.2517893233523,560117686.889241325380432002634,1.49287409,25171804.33222158,450598.733797884075,20250,0.0630168346271001,38475
2014-01-27,19.45201174785,490052671.032835333449288603,1.31215786,25192904.33222158,410437.447879635,21100,0.065661985710213,38774
2014-01-28,20.9364670210567,528143407.774590551780150143586,1.41010887,25226004.33222158,692997.05839697677,33100,0.0851747342011708,38320
2014-01-29,20.6999792464891,522988170.336330882057218254778,1.39514635,25265154.33222158,810404.187500048265,39150,0.0956877357124789,38686
2014-01-30,20.9319376972531,529638817.041617667245386541898,1.40965404,25302904.33222158,790180.648071304525,37750,0.0946094876408413,36819
2014-01-31,21.0785133008667,533872460.498481800591750443386,1.41866055,25327804.33222158,524854.98119158083,24900,0.0816995935221323,33188
2014-02-01,22.3106257274197,565628004.346409441910822057126,1.49963799,25352404.33222158,548841.39289452462,24600,0.0807152610700584,33137
2014-02-02,22.1896812733136,563094323.994731304611056027488,1.48942625,25376404.33222158,532552.3505595264,24000,0.0787465961659106,34144
2014-02-03,21.5855236598601,548299376.378292779971505000958,1.45027553,25401254.33222158,536400.262947523485,24850,0.0813685236399779,35414
2014-02-04,21.083943697302,536315529.76014144625671217716,1.41779688,25437154.33222158,756913.5787331418,35900,0.100660870295028,39359
2014-02-05,20.6024295743378,524827410.352449836466431369724,1.22022067,25474054.33222158,760229.65129306482,36900,0.103464794258678,39517
2014-02-06,19.7770320015176,504435041.612392882685139469808,1.16820119,25506104.33222158,633853.87564863908,32050,0.0928729576314808,35641
2014-02-07,18.361798504462,468779549.63607025794200268996,1.09434249,25530154.33222158,441601.2540323111,24050,0.0838714236089411,35030
2014-02-08,17.8717306792701,456685347.337025821031985868758,1.07255517,25553504.33222158,417304.911360956835,23350,0.0814302595122152,32852
2014-02-09,18.0290371323884,461104421.640753114014343421672,1.08361563,25575654.33222158,399343.17248240306,22150,0.0772454067749707,32977
2014-02-10,17.7714785439499,454881507.522706089491735218842,1.0696729,25596154.33222158,364315.31015097295,20500,0.0714912342612596,34579
2014-02-11,17.3790311581836,445264756.787404201855385522088,1.04761673,25620804.33222158,428393.11804922574,24650,0.070802101068451,36769
2014-02-12,17.2179462386771,441599933.440364982291763271818,1.03708291,25647654.33222158,462301.856508480135,26850,0.0713905631537863,40604
2014-02-13,15.1982746423968,390212727.630902745198199882944,0.9195306,25674804.33222158,412633.15654107312,27150,0.0721882230772923,36408
2014-02-14,16.8717259432717,433730811.365009614622514543286,1.01832017,25707554.33222158,552549.024642148175,32750,0.0871444068881279,35993
2014-02-15,16.2752700199682,418939354.801574441803266953756,0.98276335,25740854.33222158,541966.49166494106,33300,0.0890615485561073,33199
2014-02-16,15.5642123458314,401195656.223643431833214121612,0.9390896,25776804.33222158,559533.43383263883,35950,0.0961490291469086,34075
2014-02-17,15.4245436205834,398096740.489263880362737669772,0.93234814,25809304.33222158,501297.6676689605,32500,0.0895936972861158,33382
2014-02-18,15.5667519731072,402141419.523087713522591493376,0.94266947,25833354.33222158,374380.38495322816,24050,0.0766791450063803,31178
2014-02-19,15.5736033289514,402710867.830156644513093851212,0.94357192,25858554.33222158,392454.80388957528,25200,0.0803457153497207,31104
2014-02-20,15.2159385361577,393864634.927259350795998223166,0.92334311,25885004.33222158,402461.574281371165,26450,0.0843311178968298,31675
2014-02-21,14.3521202268472,371944586.733457604181935202576,0.87264944,25915654.33222158,439892.48495286668,30650,0.0941299098784039,32433
2014-02-22,15.3228345461618,397554073.248991621011656131644,0.93214068,25945204.33222158,452789.76083908119,29550,0.0843406515586045,32574
2014-02-23,15.59010467359,405038002.5067592168854540722,0.94897271,25980454.33222158,549551.1897440475,35250,0.100609406681584,35232
2014-02-24,14.2970000131085,371887192.62874438922392658143,0.87232467,26011554.33222158,444636.70040767435,31100,0.0913912457445375,31996
2014-02-25,13.6946963925915,356623648.08793449503304842457,0.84061111,26041004.33222158,403308.808761819675,29450,0.0972782065683062,43009
2014-02-26,14.5854303251272,380225458.518508215822472084976,0.89609241,26068854.33222158,406204.23455479252,27850,0.091993142714001,35391
2014-02-27,14.33795886255,374144080.347855154991363829,0.88163614,26094654.33222158,369919.33865379,25800,0.0852216546506725,31744
2014-02-28,13.5681414586242,354482679.342356939164436350236,0.83925171,26126104.33222158,426718.04887373109,31450,0.100432722912082,35378
2014-03-01,13.8409334484842,362038048.220664216477069529036,0.85732749,26157054.33222158,428376.89023058599,30950,0.0967822586754133,34429
2014-03-02,12.8462823479687,336470525.225055199478071304546,0.79840972,26192054.33222158,449619.8821789045,35000,0.109446819180596,39161
2014-03-03,14.7294712800487,386228158.507566326032201590946,0.9173752,26221454.33222158,433046.45563343178,29400,0.0988461375505706,44605
2014-03-04,16.9523261060318,445018128.899589674318332126244,1.0488281,26251154.33222158,503484.08534914446,29700,0.1073788175799,53512
2014-03-05,16.5862093899756,435948682.219374924930929993448,1.02648178,26283804.33222158,541539.73658270334,32650,0.118044390369822,37389
2014-03-06,16.80069100965,442163178.879936298417718247,1.03895287,26318154.33222158,577103.7361814775,34350,0.127039427375546,42408
2014-03-07,15.9809425608305,421112288.55917265322035482219,0.98988378,26350904.33222158,523375.868867198875,32750,0.127689255815154,40419
2014-03-08,15.7233788013592,414870065.649364193322859571536,0.95895432,26385554.33222158,544815.07546709628,34650,0.13509718210672,32717
2014-03-09,16.2456036223742,429177239.155617327285680075236,0.99051886,26418054.33222158,527982.1177271615,32500,0.13413995248639,33715
2014-03-10,16.1406490200615,426850831.71470841046628322717,0.98496934,26445704.33222158,446288.945404700475,27650,0.130243397875428,32791
2014-03-11,16.281389645188,431046605.11301083567199675704,0.99357137,26474804.33222158,473788.4386749708,29100,0.137073521814646,32461
2014-03-12,17.4328180804347,462063020.231080563918383120826,1.06492347,26505354.33222158,532572.592357280085,30550,0.143903645753864,39654
2014-03-13,17.307684217628,459285437.22180848943343801224,1.05713778,26536504.33222158,539134.3633791122,31150,0.146237182824464,34304
2014-03-14,16.9628024706152,450661024.404935307996485316016,1.03555627,26567604.33222158,527543.15683613272,31100,0.145922605310142,34634
2014-03-15,17.1727281815314,456791209.479162549224488527612,1.04584152,26599804.33222158,552961.84744531108,32200,0.151083855015645,33119
2014-03-16,17.6416376811651,469797769.958794140139605762858,1.07216307,26630054.33222158,533659.539855244275,30250,0.150544904207036,35978
2014-03-17,17.270673733414,460431918.88476933553529787412,1.05000445,26659754.33222158,512939.0098823958,29700,0.152434711766191,39070
2014-03-18,19.5015094881064,520582154.439642136429299416112,1.18144269,26694454.33222158,676702.37923729208,34700,0.178097121154439,47088
2014-03-19,17.6100805487073,470670862.644263033303006163534,1.06425533,26727354.33222158,579371.65005247017,32900,0.178010002913075,50004
2014-03-20,16.5097250292244,441719415.653188795912076342552,0.99940637,26755104.33222158,458144.8695609771,27750,0.158248798185195,36710
2014-03-21,15.6674890487398,419637311.182028527574233364884,0.95044861,26783954.33222158,452007.05905614323,28850,0.164521723518662,34988
2014-03-22,15.55500283779,417109023.9833415998350775082,0.94415519,26815104.33222158,484538.3383971585,31150,0.177934670424465,31667
2014-03-23,15.1231314071592,405934402.591153127710852735536,0.91846109,26841954.33222158,406056.07828222452,26850,0.15577303591073,31702
2014-03-24,16.1618123143256,434235643.277852300831107466448,0.98068546,26868004.33222158,421015.21078818188,26050,0.151131753648958,33818
2014-03-25,16.3000089873764,438372512.321751590905987662712,0.98916882,26894004.33222158,423800.2336717864,26000,0.150841673507597,32499
2014-03-26,16.2411820196941,437263037.994825454136765018678,0.98558688,26923104.33222158,472618.39677309831,29100,0.164624163204223,33916
2014-03-27,12.983636379186,349947358.39437100748265203388,0.79454257,26952954.33222158,387561.5459187021,29850,0.16087941300296,35428
2014-03-28,13.7347958060079,370617729.312125060095918030482,0.84115481,26983854.33222158,424405.19040564411,30900,0.16653848783221,35374
2014-03-29,13.4407555122818,363079219.108253029751169001244,0.82362273,27013304.33222158,395830.24983669901,29450,0.158723574972769,28729
2014-03-30,12.9149668138048,349233027.814252842308996467584,0.79643355,27040954.33222158,357098.83240170272,27650,0.155958335006152,32874
2014-03-31,12.7589670673443,345380828.149209098153289749994,0.78774321,27069654.33222158,366182.35483278141,28700,0.161986483053582,33227
2014-04-01,13.0804731492345,354478916.94079061854926138051,0.80868131,27099854.33222158,395030.2891068819,30200,0.170452675547671,31829
2014-04-02,11.2712698363921,305795235.125874288270924961518,0.70095532,27130504.33222158,345464.420485417865,30650,0.174095300100105,33970
2014-04-03,11.3631384158213,308637092.524359746173049283654,0.71417846,27161254.33222158,349416.506286504975,30750,0.175676326080672,33952
2014-04-04,11.1485445314847,303165206.878761523164006779826,0.70170738,27193254.33222158,356753.4250075104,32000,0.182817640148992,29307
2014-04-05,11.1928721455089,304703047.263583760209556662062,0.70505762,27222954.33222158,332428.30272161433,29700,0.173055359218776,26870
2014-04-06,11.5755587076471,315420713.038754914660677644418,0.72977377,27248854.33222158,299806.97052805989,25900,0.159403764377592,26845
2014-04-07,11.419655404381,311476860.45467154452299474198,0.72048765,27275504.33222158,304333.81652675365,26650,0.164019703500495,28180
2014-04-08,11.435728832966,312226894.93637368970352060628,0.72238098,27302754.33222158,311623.6106983235,27250,0.167712454798817,27244
2014-04-09,11.2192804979347,306656081.490433343590852770826,0.71122729,27332954.33222158,338822.27103762794,30200,0.179473841496942,26876
2014-04-10,8.59920708433425,235298850.821245934254217783115,0.55498623,27362854.33222158,257116.291821594075,29900,0.172674940104867,32078
2014-04-11,10.8143843840905,296217390.23415149319687277299,0.69651943,27391054.33222158,304965.6396313521,28200,0.162857301369808,31314
2014-04-12,10.9014141974947,298909738.548911070362447775626,0.70457247,27419354.32722158,308510.02178910001,28300,0.163646336327468,29057
2014-04-13,10.5148885344461,288592727.705513682759737266838,0.68018365,27446104.32722158,281273.268296433175,26750,0.156792960307852,26636
2014-04-14,11.4727933941805,315211032.67274043250430601519,0.74235274,27474654.32722158,327548.251403853275,28550,0.167343514646325,32571
2014-04-15,13.3115729964286,366126885.925096719731100849188,0.85958622,27504404.32722158,396019.29664375085,29750,0.17437721753864,41425
2014-04-16,13.546946487309,372969847.87796001283870092822,0.87293703,27531654.32722158,369154.29177917025,27250,0.158237611939471,33374
2014-04-17,12.7096291283195,350267901.55202061823572953481,0.81960338,27559254.32722158,350785.7639416182,27600,0.158835008944108,28683
2014-04-18,12.1364480179596,334782757.447713537903008688168,0.78504836,27584904.32722158,311299.89166066374,25650,0.147612970268709,28557
2014-04-19,12.9696351149215,358075469.60157391713909480597,0.83901868,27608754.32722158,309325.797490877775,23850,0.137254165337572,26374
2014-04-20,12.7958989363861,353633276.531177646373979132038,0.82793864,27636454.32722158,354446.40053789497,27700,0.148239018241326,26391
2014-04-21,12.474700896965,345101427.0645243818923045047,0.80764846,27664104.32722158,344925.47980108225,27650,0.141914317966506,26196
2014-04-22,12.2542179344192,339365300.948038011841787006336,0.79390619,27693754.32722158,363337.56175552928,29650,0.152179368090665,25772
2014-04-23,12.1999598853163,338229300.660461728815018485754,0.79086442,27723804.32722158,366608.794553754815,30050,0.154635881671718,24803
2014-04-24,12.7609881343481,354204888.716503296560037551998,0.82782642,27756854.32722158,421750.657840204705,33050,0.172593462753528,25318
2014-04-25,11.2254517051643,311943003.464657080104756405594,0.73096866,27788904.32722158,359775.727150515815,32050,0.16737127023451,28627
2014-04-26,10.7229850567423,298354774.171771583407805058834,0.69942848,27823854.32722158,374768.327733143385,34950,0.185487905030034,24443
2014-04-27,10.1537639949119,282837709.209655361864783878802,0.66332003,27855454.32722158,320858.94223921604,31600,0.190067666826502,23081
2014-04-28,10.3378853524013,288310227.961834723786810180054,0.67617134,27888704.32722158,343734.687967343225,33250,0.199992086138646,27404
2014-04-29,10.4975293856311,293137255.001252783027037839138,0.6879016,27924404.32722158,374761.79906703027,35700,0.218357080837636,22089
2014-04-30,11.0274375082632,308259381.708528811177947359856,0.72295333,27953854.32722158,324758.03461835124,29450,0.207669066855497,26334
2014-05-01,11.3031386827645,316283345.21843359234131845791,0.74115593,27981904.32722158,317053.040051544225,28050,0.197796853150991,21761
2014-05-02,10.7853082368295,302131582.63578254023536318061,0.70803126,28013254.32722158,338119.413224604825,31350,0.221067071168754,21214
2014-05-03,10.2095413499514,286308254.163904751892030031212,0.67156125,28043204.32722158,305775.76343104443,29950,0.216445352950094,20781
2014-05-04,10.4485092343079,293307461.885735713956421244482,0.68766984,28071704.32722158,297782.51317777515,28500,0.207930023831269,20880
2014-05-05,10.3221879613728,290052494.162174041988586585024,0.67999872,28099904.32722158,291085.70051071296,28200,0.205741286738308,20501
2014-05-06,10.4125161946856,292866119.929660105303009635248,0.68758443,28126354.32722158,275411.05334943412,26450,0.192161693135192,21237
2014-05-07,10.6981793416869,301193912.934410074932747283302,0.70678651,28153754.32722158,293130.11396222106,27400,0.194126026083359,21521
2014-05-08,10.6429102265068,299910338.345545200722912976744,0.70317518,28179354.32722158,272458.50179857408,25600,0.181373221450146,20597
2014-05-09,10.8917816265312,307240869.143157854173309183296,0.71971476,28208504.32722158,317495.43441338448,29150,0.206524586143428,21207
2014-05-10,10.9885865096671,310287511.970145997803353736018,0.72619225,28237254.32722158,315921.862152929125,28750,0.199373408515058,18897
2014-05-11,10.4042037567597,294102435.346063352672644714326,0.68823622,28267654.32722158,316287.79420549488,30400,0.205972562858168,20583
2014-05-12,10.7019315523906,302859893.373084565417504909148,0.70844197,28299554.32722158,341391.61652126014,31900,0.216135682736039,19946
2014-05-13,10.4567242753788,296230155.754410272549006034504,0.69287712,28329154.32722158,309519.03855121248,29600,0.202949922057003,19550
2014-05-14,10.612952650423,300997710.57667208747860172834,0.70324429,28361354.32722158,341737.0753436206,32200,0.233456546626812,19220
2014-05-15,10.5355076219237,299130499.295706782462715753446,0.69855897,28392604.32722158,329234.613185115625,31250,0.226568853480989,20245
2014-05-16,10.5554309081652,300014947.292286258571451645016,0.70021006,28422804.32722158,318774.01342658904,30200,0.218956140004028,19302
2014-05-17,10.5000114729188,298750046.867377455041816947704,0.69691551,28452354.32722158,310275.33902475054,29550,0.226461043868323,16645
2014-05-18,10.4381882778005,297282256.86718126192635853479,0.69388963,28480254.32722158,291225.45295063395,27900,0.21469849588021,16854
2014-05-19,10.3614421415775,295403724.14841640220557324245,0.6893454,28509904.32722158,307216.759497772875,29650,0.228165247413916,19627
2014-05-20,10.8379620962597,309305730.959628670427011124326,0.7226124,28539104.32722158,316468.49321078324,29200,0.226534141989752,20631
2014-05-21,10.7405820062064,306812826.920668709816028014112,0.71690496,28565754.32722158,286236.51046540056,26650,0.208722429797438,19815
2014-05-22,10.7202850955701,306537486.454544784218299122758,0.71510569,28594154.32722158,304456.09671419084,28400,0.222428405487702,25058
2014-05-23,11.2242515168245,321253840.93346412725070947271,0.74876191,28621404.32722158,305860.853833467625,27250,0.213421621462671,23944
2014-05-24,11.1839205808579,320447892.034362509139439793482,0.74837385,28652554.32722158,348379.126093723585,31150,0.233037385787741,17224
2014-05-25,11.4952298766263,329718303.055172783413062955554,0.76901619,28683054.32722158,350604.51123710215,30500,0.226079647881551,20234
2014-05-26,11.6984725992332,335957956.573922045360594492456,0.78301926,28718104.32722158,410031.46460312366,35050,0.259806283876994,20734
2014-05-27,11.2316630200217,322900813.513951456080872308286,0.7523535,28749154.32722158,348743.136771673785,31050,0.253921604114103,19663
2014-05-28,11.1773232090095,321642613.09233472198575882501,0.74797485,28776354.32722158,304023.1912850584,27200,0.231202598472716,19301
2014-05-29,10.879367304693,313419388.01141173741398487494,0.72885052,28808604.32722158,350859.59557634925,32250,0.274128080909747,18670
2014-05-30,11.4493093618204,330203856.193279792765262964232,0.76637271,28840504.32722158,365232.96864207076,31900,0.275478789238069,20244
2014-05-31,10.9440774676837,315954469.441729841982659254246,0.7337389,28869904.32722158,321755.87754990078,29400,0.260159002826998,17689
2014-06-01,11.0573045472466,319538457.575557998917617101628,0.74144542,28898404.32722158,315133.1795965281,28500,0.252194951720049,21967
2014-06-02,11.5622412584342,334466205.923672285452827250036,0.77486898,28927454.32722158,335883.10855751351,29050,0.257061871840962,19425
2014-06-03,11.6153362646237,336379607.718822864051265219446,0.77896715,28959954.32722158,377498.42860027025,32500,0.294254454314709,17558
2014-06-04,11.2039595522286,324826924.414159961340735013188,0.75246436,28992154.32722158,360767.49758176092,32200,0.291846575053026,17780
2014-06-05,11.3803168707804,330269932.199601355939018321032,0.76441019,29021154.32722158,330029.1892526316,29000,0.262843188712353,18467
2014-06-06,11.1834661596721,324903784.784053905347836843918,0.75174001,29052154.32722158,346687.4509498351,31000,0.300384358860201,19049
2014-06-07,11.2725978953066,327833686.179598773743300236428,0.75806538,29082354.32722158,340432.45643825932,30200,0.29983546844689,19329
2014-06-08,11.3501190349811,330440604.627498780478990812138,0.76358583,29113404.32722158,352421.196036163155,31050,0.30827454620119,21520
2014-06-09,11.3315930870102,330274060.626239534149355120116,0.76256799,29146304.32722158,372809.41256263558,32900,0.338846578754987,21207
2014-06-10,11.0850057242977,323405644.223947596989537784366,0.74721032,29175054.32722158,318693.914573558875,28750,0.307647182975969,19798
2014-06-11,10.889951250417,317995335.59640878955242639886,0.73502935,29200804.32722158,280416.24469823775,25750,0.27554486823065,18381
2014-06-12,10.2489776277221,299550500.617200683051277362918,0.69284604,29227354.32722158,272110.356016021755,26550,0.284105485496068,19328
2014-06-13,10.1642469129619,297352546.359920730242115397802,0.68852058,29254754.32722158,278500.36541515606,27400,0.282588308394552,19193
2014-06-14,9.83879927603193,288130263.2531872217767442650494,0.66716047,29285104.32722158,298607.5580275690755,30350,0.3110328320095,15752
2014-06-15,9.90610264636461,290429141.4725480539460489402838,0.67232339,29318204.32722158,327891.997594668591,33100,0.339215378567198,15083
2014-06-16,9.64804519718266,283158108.2300439747391615538028,0.65647236,29348754.32722158,294747.780773930263,30550,0.32265634108708,16337
2014-06-17,9.66324265783852,283901279.4809589601153998992616,0.65793984,29379504.32722158,297144.71172853449,30750,0.332813581889211,15546
2014-06-18,9.66269130363,284195736.4930156194460683354,0.66000446,29411654.32722158,310655.5254117045,32150,0.347966070170345,24153
2014-06-19,9.99561721131773,294332487.0002940774730014926134,0.68294161,29446154.32722158,344848.793790461685,34500,0.389320229863669,33356
2014-06-20,9.79574226528902,288750606.5036115583697322810516,0.66982281,29477154.32722158,303668.01022395962,31000,0.372765300317287,19750
2014-06-21,9.785178158669,288715637.98542640493716087702,0.66944922,29505404.32722158,276431.28298239925,28250,0.339697410773012,13272
2014-06-22,9.76044579462159,288264560.3116759808872921819122,0.66814068,29533954.32722158,278660.7274364463945,28550,0.343404462581431,13492
2014-06-23,9.62757239449763,284635849.8536233852619177948554,0.6602635,29564654.32722158,295566.472511077241,30700,0.381394383236897,13891
2014-06-24,9.53391688668895,282150591.166798355886839187541,0.6545717,29594404.32722158,283634.0273789962625,29750,0.369592276915234,15152
2014-06-25,9.15815745276178,271311369.9831895713066050152124,0.62990379,29625104.32722158,281155.433799786646,30700,0.381394383236897,14500
2014-06-26,9.07689032959598,269174768.1573680206220373372484,0.62529544,29654954.32722158,270945.176338440003,29850,0.383782758121364,15126
2014-06-27,9.2602930908899,274908509.001970383343676684042,0.63840651,29686804.32722158,294940.334944843315,31850,0.415847339709921,14384
2014-06-28,9.11002162663255,270750793.166764226286073090429,0.62863498,29720104.32722158,303363.720166863915,33300,0.434779165222618,13280
2014-06-29,8.95588580521672,266422416.4534308759254673608176,0.61883001,29748304.32722158,252555.979707111504,28200,0.385770060333005,13384
2014-06-30,8.85945518512807,263825754.2947544606590795677506,0.61317729,29779004.32722158,271985.274183431749,30700,0.442345208407379,15514
2014-07-01,8.2667629889596,246428107.091506398771282868168,0.5741211,29809504.32722158,252136.2711632678,30500,0.439463480665311,14827
2014-07-02,8.16469128574934,243638505.6428315060024905187572,0.5719736,29840504.32722158,253105.42985822954,31000,0.449197678269125,17409
2014-07-03,8.12892397238605,242828471.417367178995739650959,0.57026908,29872154.32722158,257280.4437260184825,31650,0.474231289402584,15383
2014-07-04,7.34553153047864,219659337.5668697100895987370512,0.51656192,29903804.32722158,232486.072939648956,31650,0.474231289402584,13397
2014-07-05,7.3105094616389,218844884.199504839983030247462,0.51620466,29935654.32722158,232839.726353198965,31850,0.477228011610499,14040
2014-07-06,7.14445483022618,214093264.9173874077329623769644,0.50522103,29966354.32722158,219334.763287943726,30700,0.504323809336224,13286
2014-07-07,7.63366193168857,229001493.9550788878002659433406,0.54037025,29998904.32722158,248475.6958764629535,32550,0.536709484540623,18968
2014-07-08,7.74358237150517,232571173.6331015955232487055686,0.54861383,30034054.32722158,272186.9203584067255,35150,0.579580288221287,19501
2014-07-09,7.80124418017007,234545610.2211523473418349741106,0.55354942,30065154.32722158,242618.694003289177,31100,0.577077927019531,18205
2014-07-10,7.79936371313468,234730074.0282619557593167423944,0.55406957,30096054.32722158,241000.338735861612,30900,0.581858723043651,17956
2014-07-11,7.91985350705678,238601460.8780606172347807013124,0.56305049,30127004.32722158,245119.466043407341,30950,0.582800242012978,17275
2014-07-12,8.69909809999091,262322210.7579609149586635558378,0.61813628,30155104.32722158,244444.656609744571,28100,0.550574982114292,18107
2014-07-13,9.04222864052217,272941519.0876167104455964924286,0.64057404,30185204.32722158,272171.082079717317,30100,0.605672960059889,17965
2014-07-14,8.69196301288512,262615965.8963064278063093248896,0.61641697,30213654.32722158,247286.347716581664,28450,0.572471618395476,17765
2014-07-15,8.68058382625598,262526934.2202692631138472600484,0.61612415,30243004.32722158,254775.135300613013,29350,0.590556890043956,16252
2014-07-16,8.34627252933993,252657980.8107224954844282516894,0.59335728,30271954.32722158,241624.5897243909735,28950,0.582340535427707,17845
2014-07-17,8.8044939183954,266806139.105699249019333852732,0.62602769,30303404.32722158,276901.33373353533,31450,0.632629009989684,19400
2014-07-18,8.91152535826525,270347201.050766077202621164095,0.63367486,30336804.32722158,297644.94696605935,33400,0.671854020148026,19995
2014-07-19,8.95062788655416,271792119.9460878015589529907728,0.64116525,30365704.32722158,258673.145921415224,28900,0.630113953467278,96795
2014-07-20,8.6336532356872,262400501.738662743502477969776,0.61902016,30392754.32722158,233540.32002533876,27050,0.595663365960153,14773
2014-07-21,8.62615586811664,262417187.6068509420619585650912,0.61952485,30421104.32722158,244551.518861106744,28350,0.62429044084918,13396
2014-07-22,8.59263417533063,261637155.1868743854062057709954,0.61749608,30449004.32722158,239734.493491724577,27900,0.606898182940264,13777
2014-07-23,8.48087700912236,258498440.0682349123541330525288,0.60997176,30480154.32722158,264179.318834161514,31150,0.657171978999086,13050
2014-07-24,7.89136954356673,240776372.2708093320622042260334,0.56931428,30511354.32722158,246210.729759281976,31200,0.658226829687688,15724
2014-07-25,7.57169517842248,231252096.8104697095437058131184,0.54693052,30541654.32722158,229422.363906201144,30300,0.639239517292851,14424
2014-07-26,7.61124034671679,232692395.0634185261175758363282,0.55038862,30572204.32722158,232523.3925921979345,30550,0.690138555059267,13537
2014-07-27,7.74506882827829,237018889.5854567559506307334982,0.56051699,30602554.32722158,235062.8389382461015,30350,0.685694768119661,11222
2014-07-28,7.63915478957383,234016755.0069017305497361792514,0.55398767,30633854.32722158,239105.544913660879,31300,0.707158031042683,11204
2014-07-29,7.62321888073839,233761084.8729274991911075424562,0.55430879,30664354.32722158,232508.175862520895,30500,0.72411140502915,11191
2014-07-30,7.23509357663782,222063140.9088093484965585481556,0.52692369,30692504.32722158,203667.884182354633,28150,0.681117590528427,11213
2014-07-31,7.55011093322762,231962468.3781017922974963160396,0.55032206,30723054.32722158,230655.889010103791,30550,0.739188006772414,12048
2014-08-01,7.74290594160766,238109877.0215884427548862453028,0.56454453,30752004.32722158,224157.127009541757,28950,0.706025284287898,11335
2014-08-02,7.6548348603117,235610491.740158506687073766486,0.55858586,30779304.32722158,208976.99168650941,27300,0.67796928958146,10624
2014-08-03,7.52227967466975,231750562.021617665388821573205,0.54932671,30808554.32722158,220026.6804840901875,29250,0.726395667408708,10928
2014-08-04,7.43912152713033,229397247.0742343425189194485214,0.54305284,30836604.32722158,208667.3588360057565,28050,0.696594819515017,12017
2014-08-05,7.20540764752005,222403944.979661208358293842679,0.52606892,30866254.32722158,213640.3367489694825,29650,0.72413530936405,14807
2014-08-06,7.17303059208826,221624798.5915141368914959366508,0.52325756,30896954.32722158,220212.039177109582,30700,0.745504122251673,15627
2014-08-07,7.16882633691289,221729678.9739146421948081881662,0.52245917,30929704.32722158,234779.0625338971475,32750,0.795285342141442,14666
2014-08-08,7.04117235346199,218005640.3490440328846108377442,0.51371714,30961554.32722158,224261.3394577643815,31850,0.813133223429669,11609
2014-08-09,6.97475731496409,216164847.5274791796959671730622,0.51075536,30992454.32722158,215520.001032390381,30900,0.824043966317292,10564
2014-08-10,6.94563713521831,215466890.7003397893550490431298,0.50951296,31021904.32722158,204549.0136321792295,29450,0.785375236506286,10487
2014-08-11,6.08287652769345,188886724.835197127200564464651,0.44893697,31052204.32722158,184311.158789111535,30300,0.815440119317928,12690
2014-08-12,5.64452535140635,175438645.777242955082641069033,0.41829713,31081204.32722158,163691.23519078415,29000,0.806376626181745,12941
2014-08-13,5.06508767246535,157576925.443222705524034322253,0.37767269,31110404.32722158,147900.56003598822,29200,0.811937844293343,13522
2014-08-14,5.05414009005321,157394789.0197986185388936602718,0.38013774,31141754.32722158,158447.2918231681335,31350,0.871720938993026,11752
2014-08-15,5.09958000642574,158953675.8883026472550007954692,0.38458048,31169954.32722158,143808.156181205868,28200,0.814957427347482,10634
2014-08-16,5.01552258036609,156480313.7926352598654289482222,0.37869727,31199204.32722158,146704.0354757081325,29250,0.85177808285769,10783
2014-08-17,4.42285084313393,138112161.2746566889438367262094,0.33467011,31226954.32722158,122734.1108969665575,27750,0.808097155531655,10398
2014-08-18,3.86378428823992,120758344.4856723882247220414736,0.29488316,31253904.32722158,104128.986568065844,26950,0.776949483075773,12889
2014-08-19,4.93858623391712,154483443.4948949651050895954496,0.37882764,31280904.32722158,133341.82831576224,27000,0.754138236896851,12130
2014-08-20,5.5008345455648,172229228.132872893897495848384,0.42317546,31309654.32722158,158148.993184988,28750,0.803017567066091,11974
2014-08-21,5.78287745683915,181234826.233385402814888468857,0.44527471,31339904.32722158,174932.0430693842875,30250,0.844914135782583,12041
2014-08-22,5.31535337063517,166744784.3788853477062459309686,0.40992923,31370404.32722158,162118.277804372685,30500,0.852716903828644,10828
2014-08-23,4.85837345696185,152548332.117076442907018556723,0.3752354,31399054.32722158,139192.3995419570025,28650,0.801277968713614,9589
2014-08-24,5.44284785056899,171052947.2370253812677488068042,0.42041452,31427104.32722158,152671.8822084601695,28050,0.78449727826935,9692
2014-08-25,5.20962722790726,163874317.1056235302788737106708,0.40290506,31456054.32722158,150818.708247915177,28950,0.812091580847301,9780
2014-08-26,5.53176343798496,174162064.0186846049435106274368,0.4278613,31484004.32722158,154612.788091679632,27950,0.791173267182901,10504
2014-08-27,5.39959713438925,170154558.082837764397822720015,0.41803955,31512454.32722158,153618.5384733741625,28450,0.805326635111039,10350
2014-08-28,5.24152253527123,165324195.3468531099194776091434,0.40630734,31541254.32722158,150955.849015811424,28800,0.815233992660736,8935
2014-08-29,5.39961811307639,170460297.5961469247535349964962,0.41912225,31568954.32722158,149569.421732216003,27700,0.776470931124456,10037
2014-08-30,5.17797759381047,163601849.0670138516721402139426,0.40230481,31595704.32722158,138510.9006344300725,26750,0.746608498777476,9346
2014-08-31,4.87499746035658,154168647.0306218236231874709964,0.37948942,31624354.32722158,139668.677239216017,28650,0.79963863513924,10225
2014-09-01,4.77562089465747,151162510.0627179582972108922026,0.37245793,31652954.32722158,136582.757587203642,28600,0.795687768522967,9978
2014-09-02,4.76924854736122,151108176.2249060248221232391276,0.37250799,31683854.32722158,147369.780113461698,30900,0.830208948422091,9877
2014-09-03,4.84633574369717,153692593.3613985208372430089286,0.37886472,31713154.32722158,141997.637290327081,29300,0.787220782808002,9520
2014-09-04,5.19839008846385,164999263.177968179791380769883,0.4065683,31740454.32722158,141916.049415063105,27300,0.733485575790391,10706
2014-09-05,4.9373179704808,156851947.907783736106320735664,0.38658534,31768654.32722158,139232.36676755856,28200,0.771035763287744,9852
2014-09-06,4.93808809408969,157023568.7237076676664770235102,0.38736015,31798454.32722158,147155.025203872762,29800,0.823617492995544,9831
2014-09-07,5.10866614769727,162601458.0216203423895940510866,0.40103049,31828554.32722158,153770.851045687827,30100,0.831908944267312,9516
2014-09-08,5.00153918797759,159340557.5551147629293040043922,0.39308554,31858304.32722158,148795.7908423333025,29750,0.824235110151305,8659
2014-09-09,5.06260896992064,161434218.5658236897741642954112,0.39817834,31887554.32722158,148081.31237017872,29250,0.81784974524825,9826
2014-09-10,5.30206850339768,169215539.2291622037407442179344,0.41743684,31915004.32722158,145541.780418266316,27450,0.76752053015605,10207
2014-09-11,5.42379909367892,173261387.1878707955298642150936,0.42752735,31944654.32722158,160815.643127579978,29650,0.829034015268739,10527
2014-09-12,5.34462303744643,170900223.8350589349263399899594,0.42180332,31976104.32722158,168088.3945276902235,31450,0.883953263863903,10245
2014-09-13,5.44001952308216,174131784.4623159682064308650128,0.42968968,32009404.32722158,181152.650118635928,33300,0.937678760052621,15775
2014-09-14,5.38649901827115,172602035.275595473979234571417,0.42590355,32043454.32722158,183410.2915721326575,34050,0.958797651044796,10387
2014-09-15,5.17413448113627,165960127.1653481880314704647066,0.41000932,32074954.32722158,162985.236155792505,31500,0.986452312216777,10365
2014-09-16,5.09859288720555,163691621.354697153287861855769,0.40441368,32105254.32722158,154487.364482328165,30300,0.995019872955686,9807
2014-09-17,5.07982905486595,163237026.770777549309442847201,0.40399001,32134354.32722158,147823.025496599145,29100,0.955613145313877,9667
2014-09-18,4.77001237994225,153411727.800889169178263353755,0.38048238,32161704.32722158,130459.8385914205375,27350,0.899380640421839,11557
2014-09-19,4.36210180734694,140411059.6372006245276813149652,0.34876604,32188854.32722158,118431.064069469421,27150,0.896236603833292,11374
2014-09-20,4.32797791108794,139431237.1062062616480552457452,0.34651457,32216254.32722158,118586.594763809556,27400,0.904489242910947,11152
2014-09-21,4.27240777784818,137759748.4969807431934904597244,0.34264694,32244054.32722158,118772.936224179404,27800,0.917693465435194,9890
2014-09-22,4.27248444518876,137887831.6055640778571294454408,0.34311964,32273454.32722158,125611.042688549544,29400,0.951255947241176,9433
2014-09-23,4.82350352362355,155817272.823622791942365356209,0.38855755,32303754.32722158,146152.156765793565,30300,0.968076133279642,10598
2014-09-24,4.73178206099868,153011893.5710868113043644475144,0.3815649,32337054.32722158,157568.342631256044,33300,1.06392525538654,9982
2014-09-25,4.48282646723037,145099249.9242025984804198953846,0.36187296,32367804.32722158,137846.9138673338775,30750,1.01328756733298,9404
2014-09-26,4.46392344046289,144617300.6247180440798627971662,0.36067269,32396904.32722158,129900.172117470099,29100,1.00642634024508,10040
2014-09-27,4.44483308298135,144127287.815914295004828457533,0.3594587,32425804.32722158,128455.676098161015,28900,0.999509320724497,9412
2014-09-28,4.21270095221812,136725333.9840056641847977310296,0.34123234,32455504.32722158,125117.218280878164,29700,1.02717739880683,9961
2014-09-29,4.23394607447404,137538274.6693859455063530377832,0.34337292,32484654.32722158,123419.528070918266,29150,1.02365330653361,9080
2014-09-30,4.5450838924948,147774559.518463159653898597784,0.36881942,32513054.32722158,129080.38254685232,28400,0.998077492787829,9249
2014-10-01,4.45595558972776,145016865.9718022727115893970608,0.36191813,32544504.32722158,140139.803296938052,31450,1.10526539254145,31063
2014-10-02,4.29476573913608,139892349.3138477372542959326064,0.34910828,32572754.32722158,121327.13213059426,28250,1.00585287176249,9863
2014-10-03,4.17318499467073,136061498.3282919795088678503534,0.33957652,32603754.32722158,129368.73483479263,31000,1.11632482862504,9902
2014-10-04,3.90690527840294,127495619.6182793339171099034452,0.31834681,32633404.32722158,115839.741504647171,29650,1.06771068286233,9513
2014-10-05,3.73651875331951,122041444.3859157551568803070258,0.30537415,32661804.32722158,106117.132594274084,28400,1.02529254388874,9357
2014-10-06,3.77432423073611,123383807.7323699178911944772538,0.30896049,32690304.32722158,107568.240575979135,28500,1.04870964192368,8971
2014-10-07,3.84997443731214,125955780.3507964398254494039812,0.31632166,32716004.32722158,98944.343038921998,25700,0.945678519208375,9338
2014-10-08,3.9572104029963,129568583.022792305566086020154,0.32552745,32742404.32722158,104470.35463910232,26400,0.971436299887201,8801
2014-10-09,3.87553795303134,127007983.9056686295442408643172,0.31951463,32771704.32722158,113553.262023818262,29300,1.05555506744684,10087
2014-10-10,3.7790359125109,123961086.065682047282158465222,0.31191264,32802304.32722158,115638.49892283354,30600,1.07023166410859,9141
2014-10-11,3.80245843993315,124845564.043639342309360437377,0.3141461,32832854.32722158,116165.1053399577325,30550,1.0684829195594,9355
2014-10-12,3.91388521868614,128621244.1008874615336842549012,0.32357012,32862804.32722158,117220.862299649893,29950,1.0516517616989,8278
2014-10-13,3.92183743067864,128992779.7193676436603650530512,0.32463378,32890904.32722158,110203.631802069784,28100,1.0260244833559,9055
2014-10-14,4.09914936418429,134930282.6565043977700387849782,0.33956485,32916654.32722158,105553.0961277454675,25750,0.940218165352827,11200
2014-10-15,4.01503645872606,132280010.7986099903551861403748,0.33291984,32946154.32722158,118443.57553241877,29500,1.07714314088965,8345
2014-10-16,3.99938478362984,131885329.6851151982226743799472,0.33187893,32976404.32722158,120981.38970480266,30250,1.09585982185254,8386
2014-10-17,4.01958137825892,132668109.5946751536821414514936,0.3338361,33005454.32722158,116768.839038421626,29050,1.04446604538026,9069
2014-10-18,4.07405783959044,134585296.1428693099119303296952,0.33952663,33034704.32722158,119166.19180802037,29250,1.05165686152746,8433
2014-10-19,3.98625787992533,131797462.2204983109814367646214,0.33270142,33062954.32722158,112611.7851078905725,28250,1.01613373462187,10022
2014-10-20,3.90051587714263,129073547.9752741030862172739554,0.32580019,33091404.32722158,110969.6767047078235,28450,1.03270210611832,8640
2014-10-21,3.93903294858116,130461379.1570186858054259334328,0.3292972,33120154.32722158,113247.19727170835,28750,1.04359175925841,7958
2014-10-22,3.84871367212897,127582180.7857417224985235271726,0.32485245,33149304.32722158,112190.0035425594755,29150,1.05811129677853,8030
2014-10-23,3.71039159153973,123110438.0238156525882650833734,0.31350657,33179904.32722158,113537.982701115738,30600,1.11388500226462,8019
2014-10-24,3.74376996156785,124329119.115805839612171154203,0.31663185,33209604.32722158,111189.967858565145,29700,1.08343596803405,8896
2014-10-25,3.64179988209423,121045796.0599348471566076494834,0.30836858,33237904.32722158,103062.936663266709,28300,1.0323649123018,7719
2014-10-26,3.67791158792694,122357881.9957682106115222313652,0.31173309,33268304.32722158,111808.512272978976,30400,1.11402556893767,7056
2014-10-27,3.79566908654776,126382891.7318473274643547726608,0.32199092,33296604.32722158,107417.435149301608,28300,1.0609709656941,8746
2014-10-28,3.86742709327517,128894207.0139528341324885021686,0.32845867,33328154.32722158,122017.3247928316135,31550,1.18281392111833,7644
2014-10-29,3.6909870257241,123130604.952469540393340646078,0.3139397,33359804.32722158,116819.739364167765,31650,1.18656293513139,7901
2014-10-30,3.8032988688171,126978473.811592167774944193018,0.32373855,33386404.32722158,101167.74991053486,26600,1.04010335062739,7690
2014-10-31,3.71387917074933,124095574.6821962057990055465414,0.31645309,33414004.32722158,102503.065112681508,27600,1.08778128460198,8670
2014-11-01,3.55187778196685,118777827.494848323471988164623,0.30292946,33440854.32722158,95367.9184458099225,26850,1.05822201056388,8024
2014-11-02,3.55621128482572,119026051.4705025805653821230376,0.30363966,33469904.32722158,103307.937824187166,29050,1.13557353343473,7569
2014-11-03,3.57478226936094,119755578.9706934058740323770852,0.30550364,33500104.32722158,107958.424534700388,30200,1.13374512151634,7575
2014-11-04,3.61337400770303,121155904.1080514231891376473874,0.30918511,33529854.32722158,107497.8767291651425,29750,1.11685156838116,7683
2014-11-05,3.65889367242823,122804195.9392868273928878572034,0.31332332,33563204.32722158,122024.1039754814705,33350,1.25199999346258,8098
2014-11-06,3.70375058601375,124422146.525731674048845176725,0.31755723,33593554.32722158,112408.8302855173125,30350,1.22028719905741,7681
2014-11-07,3.57066234931088,120051932.2939902524715380647904,0.30644788,33621754.32722158,100692.678250566816,28200,1.14059038978723,7971
2014-11-08,3.60213174098833,121215530.9098075458541721041614,0.30964945,33651054.32722158,105542.460010958069,29300,1.18508150428248,8112
2014-11-09,3.67870527866235,123899361.509712615640134453513,0.31640836,33680154.32722158,107050.323609074385,29100,1.18811550721967,7828
2014-11-10,3.6855081190301,124231860.725900682752257389558,0.31721649,33708204.32722158,103378.502738794305,28050,1.15738118272874,9020
2014-11-11,3.68893321965817,124461118.3075394158222134473086,0.31774306,33739054.32722158,113803.5898264545445,30850,1.27291299419542,8035
2014-11-12,4.00363486381974,135190755.7712163417411401579892,0.34489992,33767004.32722158,111901.594443761733,27950,1.15325504660493,9404
2014-11-13,4.08736816270384,138145704.3236446441450075968672,0.35232157,33798204.32722158,127525.886676359808,31200,1.29106126333208,10162
2014-11-14,3.97761514626745,134560351.041162170893366091571,0.34322346,33829404.32722158,124101.59256354444,31200,1.29109725161075,9279
2014-11-15,3.85629675225654,130572875.0145936798594135841332,0.33310208,33859654.32722158,116652.976755760335,30250,1.25178499555209,8886
2014-11-16,3.88575133517672,131682883.7993435843185158976176,0.33595113,33888654.32722158,112686.78872012488,29000,1.26505708550437,8886
2014-11-17,3.84146074353449,130308319.3076942074047906022942,0.3323744,33921554.32722158,126384.058462284721,32900,1.46550674666929,8532
2014-11-18,3.72335648613601,126412995.3473623599542132870958,0.32245119,33951354.32722158,110956.023286853098,29800,1.32741948482507,8731
2014-11-19,3.74868627522848,127386561.1860140242104980865984,0.32507417,33981654.32722158,113585.194139422944,30300,1.37519752010526,8731
2014-11-20,3.60535322470392,122621864.3942285357773917345936,0.31292273,34011054.32722158,105997.384806295248,29400,1.36841536973133,9606
2014-11-21,3.48357877067379,118586087.6171705206849952283882,0.30276403,34041454.32722158,105900.794628483216,30400,1.41496011019838,9552
2014-11-22,3.5131993219439,119704904.379054231067011629362,0.30561299,34072904.32722158,110490.118675135655,31450,1.4733843116989,12636
2014-11-23,3.60395485322645,122901903.802096950804727066791,0.31374332,34101954.32722158,104694.8884862283725,29050,1.43884099415964,8708
2014-11-24,3.60024145040886,122885796.9213404726987188151988,0.31365731,34132654.32722158,110527.412527552002,30700,1.52056518143549,9431
2014-11-25,3.59172583510483,122711508.2848418153006419382314,0.3132212,34165054.32722158,116371.917057396492,32400,1.60476585923485,8801
2014-11-26,3.55196338004086,121448569.6623206725595506737588,0.31035196,34191954.32722158,95547.814923099134,26900,1.39266130648526,8943
2014-11-27,3.56032096621498,121837937.2071888580609123752684,0.31136158,34221054.32722158,103605.340116855918,29100,1.5231358380978,8497
2014-11-28,3.60891354037212,123599530.1126490668604388943496,0.31582021,34248404.32722158,98703.785329177482,27350,1.43153832206099,8530
2014-11-29,3.57786477085187,122638844.0191802799289668473546,0.31332917,34277104.32722158,102684.718923448669,28700,1.49425922978869,9432
2014-11-30,3.56648701544807,122352810.6066949294741818733506,0.31260751,34306254.32722158,103963.0965003112405,29150,1.48584739822302,9849
2014-12-01,3.56089814120495,122266301.805580203013946842821,0.3123802,34335804.32722158,105224.5400726062725,29550,1.50623638481956,8990
2014-12-02,3.63091508511728,124776231.0660751828030308469024,0.31883001,34364954.32722158,105841.174731168712,29150,1.48584739822302,10506
2014-12-03,3.6178240964542,124432362.084596371170615721636,0.31791945,34394254.32722158,106002.24602610806,29300,1.51378503843426,8870
2014-12-04,3.56378599528382,122675507.9797475443899241288356,0.31369374,34422804.32722158,101746.090165353061,28550,1.48141877341993,13325
2014-12-05,3.60349961229724,124140216.8868199741302503024392,0.317374,34449904.32722158,97654.839493255204,27100,1.40618034184519,13406
2014-12-06,3.5651370031296,122922195.901193097518932656768,0.31426969,34478954.32722158,103567.22994091488,29050,1.50311817427927,10378
2014-12-07,3.72387236397068,128513644.2989219993495409832744,0.32880128,34510754.32722158,118419.141174267624,31800,1.62774467509265,9065
2014-12-08,3.64911541856431,126053416.7074781578227148498098,0.32248034,34543554.32722158,119690.985728909368,32800,1.67893161456097,9080
2014-12-09,3.50565784434334,121206207.0261148678017817772772,0.31046758,34574454.32722158,108324.827390209206,30900,1.5855279068207,9588
2014-12-10,3.48199780300398,120485669.9459311024224110818884,0.30869554,34602454.32722158,97495.93848411144,28000,1.57702278909604,7149
2014-12-11,3.4552727835669,119656456.973931057527359053702,0.30663122,34630104.32722158,95538.292465624785,27650,1.55731000423234,7396
2014-12-12,3.48144406275636,120664603.3414745238881952742488,0.30951298,34659354.32722158,101832.23883562353,29250,1.64742559218068,7590
2014-12-13,3.45952264136118,120008433.7330914115706986702644,0.30782562,34689304.32722158,103612.703108767341,29950,1.67923592184722,9221
2014-12-14,3.5370887779113,122802608.896119254768604685854,0.31512131,34718554.32722158,103459.846753905525,29250,1.63237520219551,7605
2014-12-15,3.4663970374161,120447259.498669033465015359438,0.30910622,34747104.32722158,98965.635418229655,28550,1.59330981274126,8872
2014-12-16,3.05936927517815,106395392.584511753474849024477,0.27357999,34776904.32722158,91169.20440030887,29800,1.66435146753974,10857
2014-12-17,2.95621140645852,102889916.1199783211874591188616,0.26482738,34804654.32722158,82034.86652922393,27750,1.5708988745846,8673
2014-12-18,2.83536435335358,98761565.1934793832333567462564,0.2544753,34832054.32722158,77688.983281888092,27400,1.55108573562588,7742
2014-12-19,2.8766832379077,100280758.619022521743473488166,0.25848247,34859854.32722158,79971.79401383406,27800,1.57372932300728,7879
2014-12-20,2.94748257394542,102827068.8220997009385671661636,0.26503137,34886404.32722158,78255.662338250901,26550,1.47428230098862,7775
2014-12-21,2.84688514917899,99396587.4503104870173448106042,0.2563991,34914154.32722158,79001.0628897169725,27750,1.49361428547912,8523
2014-12-22,2.88771267707234,100903335.1718374390490008690972,0.26027912,34942304.32722158,81289.111859586371,28150,1.51514386076531,9838
2014-12-23,2.91554552947416,101954307.3454993284851112043728,0.26308381,34969204.32722158,78428.174742854904,26900,1.44786393799598,10281
2014-12-24,2.81115674773795,98393731.165586292216773424961,0.2539407,35001154.32722158,89816.4580902275025,31950,1.67674578825867,8553
2014-12-25,2.72485489099205,95465302.896957358419346368439,0.24645818,35035004.32722158,92236.3380600808925,33850,1.76201668273758,8940
2014-12-26,2.78920159493414,97803505.4559386983764292867412,0.25251896,35065054.32722158,83815.507927770907,30050,1.56421274198713,9413
2014-12-27,2.73637327379336,96035084.1646267955138758527088,0.25075053,35095754.32722158,84006.659505456152,30700,1.71666114692527,9063
2014-12-28,2.74691858349973,96481956.1377948396240635801734,0.25193996,35123704.32722158,76776.3744088174535,27950,1.63857028128953,9880
2014-12-29,2.7075781866501,95166375.957396471124580629158,0.2485441,35148154.32722158,66200.286663594945,24450,1.43338258953592,9321
2014-12-30,2.71414991393487,95471320.6273527051321121784946,0.24939311,35175404.32722158,73960.5851547252075,27250,1.59753274293881,10470
2014-12-31,2.75986527783426,97152237.4798146418051055353308,0.25385641,35201804.32722158,72860.443334824464,26400,1.44708001133842,8281
2015-01-01,2.71012865406824,95477979.7165839950724429206192,0.24959739,35230054.32722158,76561.13447742778,28250,1.53415970589533,7870
2015-01-02,2.67643933545104,94369656.6859484497005993214432,0.24672461,35259404.32722158,78553.494495488024,29350,1.59389689798329,9312
2015-01-03,2.17418091923265,76723375.358412038787760120587,0.20216775,35288404.32722158,63051.24665774685,29000,1.56468401723454,12188
2015-01-04,1.96452002208008,69378408.2446869151429986641264,0.18405246,35315704.32722158,53631.396602786184,27300,1.45195171747522,11113
2015-01-05,2.10140453333654,74266902.4783830402007052905332,0.19712677,35341554.32722158,54321.307186749559,25850,1.37483340281078,11570
2015-01-06,2.1456634266231,75888798.906108864295224846498,0.20156352,35368454.32722158,57718.34617616139,26900,1.43067769963676,11298
2015-01-07,2.15914476868984,76417648.5261914341107839747472,0.20300319,35392554.32722158,52035.388925425144,24100,1.22859460517241,12335
2015-01-08,2.03339459812942,72023658.8225322938490538568836,0.19150646,35420404.32722158,56630.039557904347,27850,1.36227623070005,13066
2015-01-09,2.0389292265915,72279438.22679924694944864457,0.19230875,35449704.32722158,59740.62633913095,29300,1.4332026412751,11628
2015-01-10,1.68092277904497,59635533.4902659127114659744526,0.15908616,35477854.32722158,47317.9762301159055,28150,1.3769506604742,13480
2015-01-11,1.76820486379985,62780298.161114298730671720763,0.16803407,35505104.32722158,48183.5825385459125,27250,1.29650812131717,12930
2015-01-12,1.73226348621632,61553738.5360527897852924521856,0.16487155,35533704.32722158,49542.735705786752,28600,1.35592137351273,12322
2015-01-13,1.58159444727327,56239844.7147774673155661011666,0.15108631,35558954.32722158,39935.2597936500675,25250,1.19709841542645,14333
2015-01-14,1.15954192678177,41263579.9782435938818550945966,0.1120537,35586104.32722158,31481.5633121250555,27150,1.27447463686851,13311
2015-01-15,1.3001642113484,46300478.397479342390477378472,0.12583861,35611254.32722158,32699.12991541226,25150,1.1197512609717,11804
2015-01-16,1.40457449101589,50053211.9535736518979753309062,0.13606836,35635854.32722158,34552.532478990894,24600,1.09526365884309,12023
2015-01-17,1.32168700791172,47135263.3980378174152255189176,0.1282006,35662954.32722158,35817.717914407612,27100,1.20657094124584,11419
2015-01-18,1.35049900163453,48199652.8369952079738934891574,0.13111513,35690254.32722158,36868.622744622669,27300,1.18139113329218,10869
2015-01-19,1.36746020430242,48842334.1374852073196406702236,0.13290062,35717554.32722158,37331.663577456066,27300,1.09541050939893,12272
2015-01-20,1.33748302361132,47811345.8033751615245534362856,0.13028964,35747254.32722158,39723.245801256204,29700,1.19171033440103,11980
2015-01-21,1.3943479957168,49881829.536824255335484528544,0.13624398,35774304.32722158,37717.11328413944,27050,1.08537927762787,11881
2015-01-22,1.43022174068878,51210168.2805536649786528798724,0.13990968,35805754.32722158,44980.473744662131,31450,1.24728152421718,10585
2015-01-23,1.44406140268247,51749462.8783727935761540717026,0.14151734,35836054.32722158,43755.060501278841,30300,1.19601615001856,9459
2015-01-24,1.88586842963531,67637999.4973417036256249619898,0.18477292,35865704.32722158,55915.9989386869415,29650,1.17035903788945,11669
2015-01-25,2.2623895178887,81211309.521372991548778678146,0.22170601,35896254.32722158,69115.999771499785,30550,1.23546184209626,13807
2015-01-26,2.11543564405508,75997880.8408951410883408846264,0.20707126,35925404.32722158,61664.949024205582,29150,1.22158462697676,13721
2015-01-27,2.11512736906666,76051105.8093118095018756105228,0.20728149,35955804.32722158,64299.872019626464,30400,1.27396818731024,11884
2015-01-28,1.90028799992034,68381016.7705007122173335289372,0.18655083,35984554.32722158,54633.279997709775,28750,1.20482188767004,11174
2015-01-29,1.93580735794966,69715109.8718195569695533056628,0.19034549,36013454.32722158,55944.832644745174,28900,1.2368241473598,17201
2015-01-30,1.91573441815973,69048344.9899339242670275429734,0.18855458,36042754.32722158,56131.018452080089,29300,1.25426244443665,14264
2015-01-31,1.86621999016937,67316522.6519462682267857190046,0.18382772,36071054.32722158,52814.025721793171,28300,1.21145485247635,22076
2015-02-01,1.83135911247273,66112712.8606515906771444175134,0.18056603,36100354.32722158,53658.821995450989,29300,1.25344618617526,24425
2015-02-02,1.88128044385304,67969353.6808169727448530366032,0.18932282,36129304.32722158,54463.068849545508,28950,1.23766677177839,21617
2015-02-03,1.83182480953609,66235587.3461201728464584368222,0.18457684,36158254.32722158,53031.3282360698055,28950,1.23766677177839,12556
2015-02-04,1.81292848052021,65600643.6197189907326623381318,0.18277492,36184904.32722158,48314.5440058635965,26650,1.13933746003088,24735
2015-02-05,1.74249471081543,63100184.3803000153228880929794,0.17590999,36212554.32722158,48179.9787540466395,27650,1.16615268097101,10095
2015-02-06,1.78773698259088,64790903.2984453347593402471904,0.18060586,36241854.32722158,52380.693589912784,29300,1.23470501603794,12045
2015-02-07,1.8236401239691,66143891.097685147867964773178,0.18439019,36270254.32722158,51791.37952072244,28400,1.19677892339513,21514
2015-02-08,1.79472908455186,65145981.4417961151364532211388,0.18160607,36298504.32722158,50701.096638590045,28250,1.18509326160353,19323
2015-02-09,1.7435530890869,63333614.551623197677496175302,0.17656477,36324454.32722158,45245.202661805055,25950,1.08110597719975,19197
2015-02-10,1.77137914878568,64393536.7576368754834252909744,0.17954426,36352204.32722158,49155.77137880262,27750,1.15609598717892,16474
2015-02-11,1.73382909758841,63079224.1251205461109937098878,0.17588402,36381454.32722158,50714.5011044609925,29250,1.21858766216157,18534
2015-02-12,1.76822566848051,64385082.7486337212062886814058,0.17952798,36412254.32722158,54461.350589199708,30800,1.25654708537801,14061
2015-02-13,1.82936446193883,66662414.7820087303527938159514,0.1859443,36440204.32722158,51130.7367111902985,27950,1.1336249870155,16943
2015-02-14,1.96135268343306,71533384.8134023338794457174348,0.19947371,36471454.32722158,61292.271357283125,31250,1.26746979764702,14158
2015-02-15,1.83540531016195,66992393.533382149276883334881,0.18699916,36500054.32722158,52492.59187063177,28600,1.1726984614237,14066
2015-02-16,1.80403580986525,65897918.071011032804186692095,0.18393304,36528054.32722158,50513.002676227,28000,1.16757068517424,14779
2015-02-17,1.8688056366274,68314852.215623506229723699292,0.19067013,36555354.32722158,51018.39387992802,27300,1.13838141804488,11358
2015-02-18,1.82041606453146,66598564.2861787445242063009068,0.18586817,36584254.32722158,52610.024264959194,28900,1.20509974291198,12556
2015-02-19,1.85437571376576,67890464.5621871571070997371008,0.18945918,36610954.32722158,49511.831557545792,26700,1.08927795154286,12258
2015-02-20,1.85706118446185,68041337.038709070396178006723,0.18987759,36639254.32722158,52554.831520270355,28300,1.14800602382305,11403
2015-02-21,1.85671984674942,68084532.2748543582033830764836,0.18998731,36669254.32722158,55701.5954024826,30000,1.21696751642019,10470
2015-02-22,1.80977971078757,66417746.8604096266456316997606,0.18533741,36699354.32722158,54474.369294705857,30100,1.21929306128063,9064
2015-02-23,1.81842737068886,66786208.2043447313144944575988,0.18635444,36727454.32722158,51097.809116356966,28100,1.13439669460323,12740
2015-02-24,1.82747430905847,67173120.7019566193079008657826,0.18742175,36757354.32722158,54641.481840848253,29900,1.20706267504045,12858
2015-02-25,1.80521405675311,66407334.1889038286054023241138,0.18533812,36786404.32722158,52441.4683486778455,29050,1.17274818427843,11912
2015-02-26,1.79997972597799,66262391.4443799629859449330242,0.18492877,36812854.32722158,47609.4637521178355,26450,1.0819036461793,10424
2015-02-27,1.86984501976224,68888090.3713062619546913971392,0.19229882,36841604.32722158,53758.0443181644,28750,1.1794713507524,14831
2015-02-28,1.83657843741337,67715848.7106971183283140445246,0.18902746,36870654.32722158,53352.6036068583985,29050,1.19177887789069,14800
2015-03-01,1.90452479270074,70276211.2820410083236686099692,0.19617905,36899604.32722158,55135.992748686423,28950,1.1803268256529,14546
2015-03-02,1.95668777857529,72253248.3850263119002565427582,0.20169716,36926304.32722158,52243.563687960243,26700,1.06920554154502,14567
2015-03-03,1.97755563456014,73081170.2991817592612316158212,0.20395664,36955304.32722158,57349.11340224406,29000,1.16130938969309,14866
2015-03-04,1.92314564419647,71124280.6248886420009667438226,0.19855855,36983304.32722158,53848.07803750116,28000,1.12126423832436,19705
2015-03-05,1.9245712296869,71227042.338897545518290323302,0.19885486,37009304.32722158,50038.8519718594,26000,1.02165046218768,15807
2015-03-06,1.90447755065,70538047.762071055798223027,0.1969809,37038004.32722158,54658.505703655,28700,1.11512976583382,13538
2015-03-07,1.89602237823459,70280533.3063628808961401504522,0.19626058,37067354.32722158,55648.2568011852165,29350,1.14038531802169,23334
2015-03-08,1.89505416841581,70301780.2131247853623057610217,0.25706317,37097504.32722157,57135.8831777366715,30150,1.17041130294671,13879
2015-03-09,1.94193242528435,72099687.1026441681028527034295,0.26363083,37127804.32722157,58840.552486115805,30300,1.16886294209556,12818
2015-03-10,2.00502631073074,74506385.3776852524635805900618,0.27243345,37159804.32722157,64160.84194338368,32000,1.23444271112403,14028
2015-03-11,2.01850832806767,75068232.5299530203555580436419,0.27452467,37189954.32722157,60858.0260912402505,30150,1.16307649188717,15607
2015-03-12,2.05781263876485,76587371.0222656100543770778145,0.28000468,37217854.32722157,57412.972621539315,27900,1.14302322884261,11537
2015-03-13,1.99826260740836,74428596.5931516492958971903252,0.27208393,37246654.32722157,57549.963093360768,28800,1.19332017510126,14767
2015-03-14,2.0113525445623,74976392.966199147884370768811,0.27405436,37276604.32722157,60240.008709640885,29950,1.2409701126487,23972
2015-03-15,2.03293899014787,75834325.3586654136978805535559,0.27709061,37302804.32722157,53263.001541874194,26200,1.07879984977445,12211
2015-03-16,2.04894128768907,76489958.1005230680032191572399,0.2795272,37331454.32722157,58702.1678922918555,28650,1.16116704460419,15990
2015-03-17,1.99931928406727,74687979.3506133165418480750139,0.27330926,37356704.32722157,50482.8119226985675,25250,1.02336711609968,13216
2015-03-18,1.77151605189888,66217329.0180655170100729948416,0.24257722,37378904.32722157,39327.656352155136,22200,0.899752474352978,14104
2015-03-19,1.79854915331821,67267364.8110597313327953857897,0.24682483,37400904.32722157,39568.08137300062,22000,0.863383343506609,12314
2015-03-20,1.78785128019713,66914453.9557506672701347880941,0.24551607,37427304.32722157,47199.273797204232,26400,0.914528025602053,12343
2015-03-21,1.76703066615528,66193771.5643097721145965853896,0.24285968,37460454.32722157,58577.066583047532,33150,1.1483562139662,26493
2015-03-22,1.80519083255519,67682388.7346189583070763834483,0.24829227,37493204.32722157,59119.9997661824725,32750,1.13449972872981,16965
2015-03-23,1.7697852555931,66410402.971018992875425463167,0.24375234,37524554.32722157,55482.767762843685,31350,1.14767822350338,14944
2015-03-24,1.67771464352416,63007084.0117858798106059681312,0.23198522,37555304.32722157,51589.72528836792,30750,1.13380836720802,13282
2015-03-25,1.69581635814027,63742946.1436749415579214296239,0.23492306,37588354.32722157,56046.7306365359235,33050,1.2186135458935,12759
2015-03-26,1.7161400539918,64558107.205192589534281563126,0.23789754,37618204.32722157,51226.78061165523,29850,1.18120118248203,14126
2015-03-27,1.69863660300753,63948409.6801411292827106884221,0.23564411,37646904.32722157,48750.870506316111,28700,1.17102957330402,12449
2015-03-28,1.711287274925,64475065.72573973227198013225,0.23756865,37676354.32722157,50397.41024654125,29450,1.20163139142172,24140
2015-03-29,1.66124080754606,62639749.8223733213735296005142,0.23082189,37706604.32722157,50252.534428268315,30250,1.23670387279444,16093
2015-03-30,1.68960950646068,63759280.6080655677817088528676,0.23523314,37736104.32722157,49843.48044059006,29500,1.21252348675194,13960
2015-03-31,1.65155135295934,62371752.3443822412253393809638,0.23012412,37765554.32722157,48638.187344652563,29450,1.21046836219813,15266
2015-04-01,1.66845312463551,63053937.4380228480501772599507,0.23262452,37791854.32722157,43880.317177913913,26300,1.08099551530766,11902
2015-04-02,1.69234002786004,64001430.1987496230623660290628,0.23612861,37818304.32722157,44762.393736898058,26450,1.08017277930098,13820
2015-04-03,1.69750354073904,64250091.9865614158773476290928,0.23718818,37849754.32722157,53386.486356242808,31450,1.2811061838738,10954
2015-04-04,1.68529481203714,63837289.4777988716632597287384,0.23565129,37879004.32722156,49294.873252086345,29250,1.19148985304638,24779
2015-04-05,1.70818354586932,64754256.2943893180129704465392,0.23917054,37908254.32722156,49964.36871667761,29250,1.19889448384006,14333
2015-04-06,1.67857219741092,63678490.0017542048651092034352,0.23528198,37936104.32722156,46748.235697894122,27850,1.15976421969377,13980
2015-04-07,1.67206491783953,63480871.4768779303863428362668,0.2345301,37965554.32722156,49242.3118303741585,29450,1.22639340287187,13021
2015-04-08,1.60636306881799,61034815.8868231663204700438644,0.22552127,37995654.32722156,48351.528371421499,30100,1.25346150853797,14989
2015-04-09,1.57936578225179,60052389.9094037004352110365924,0.22193987,38023104.32722156,43353.5907228116355,27450,1.15211056389091,12328
2015-04-10,1.51071013875273,57484944.4529408641894047648588,0.2124823,38051604.32722156,43055.238954452805,28500,1.19839105237619,16149
2015-04-11,1.46335730214449,55724432.8943381253495713632044,0.20600365,38079854.32722156,41339.8437855818425,28250,1.18787885016237,27146
2015-04-12,1.4184657697135,54058374.93139351690125222306,0.19986191,38110454.32722156,43405.0525532331,30600,1.28058655223313,13030
2015-04-13,1.38256310320962,52727022.4342276276521728634072,0.1950803,38137154.32722156,36914.434855696854,26700,1.10406812599813,17018
2015-04-14,1.3899486242367,53046422.294572343899386783252,0.19629009,38164304.32722156,37737.105148026405,27150,1.12267601576215,12817
2015-04-15,1.37892638118996,52668374.8817467265299733675376,0.19488216,38195204.32722156,42608.825178769764,30900,1.27774176379559,15057
2015-04-16,1.4115452337122,53957804.789213211044670675032,0.19969834,38226054.32722156,43546.17046002137,30850,1.27400789331443,10361
2015-04-17,1.41487160583116,54122877.4295814061904172718096,0.20042961,38252854.32722156,37918.559036275088,26800,1.10630692521259,12458
2015-04-18,1.41056306112355,53997135.893312001785923383738,0.20000155,38280554.32722156,39072.596793122335,27700,1.14345902344734,24534
2015-04-19,1.39660059791239,53501400.7284074278323849991284,0.19819507,38308304.32722156,38755.6665920688225,27750,1.14029723088523,14795
2015-04-20,1.40786601101896,53976885.0216095733924412807776,0.20000244,38339504.32722156,43925.419543791552,31200,1.25533042582907,14272
2015-04-21,1.44049854534712,55270638.9696345445666953479072,0.20480836,38369104.32722156,42638.756942274752,29600,1.19095450655578,12038
2015-04-22,1.44198862348075,55369773.80194279545062364497,0.20517864,38398204.32722156,41961.868943289825,29100,1.17083703178288,10949
2015-04-23,1.45430572236908,55883012.5502851078388572533648,0.20708868,38425904.32722156,40284.268509623516,27700,1.1466897735636,15256
2015-04-24,1.42771639573239,54898557.0267470294586899983284,0.20383464,38452004.32722156,37263.397928615379,26100,1.08866161511246,12707
2015-04-25,1.40666771201986,54129775.3130422808892093401816,0.20098327,38480854.32722156,40582.363491772961,28850,1.20336734084271,22979
2015-04-26,1.34429362373575,51768618.83775771052486514277,0.19224233,38509904.32722156,39051.7297695235375,29050,1.20415232140016,15669
2015-04-27,1.37920393032973,53151353.2739890049885062616815,0.19742988,38537704.32722155,38341.869263166494,27800,1.11755227673167,13719
2015-04-28,1.36743228926129,52736057.7267610650747876687995,0.19589446,38565754.32722155,38356.4757137791845,28050,1.12760220727782,11109
2015-04-29,1.36337798568208,52621760.661815569367088024824,0.19567502,38596604.32722155,42060.210858292168,30850,1.24016142939468,10251
2015-04-30,1.44285923027405,55732175.4439830649682815657775,0.20723798,38626204.32722155,42708.63321611188,29600,1.20422998700508,13281
2015-05-01,1.40921345486602,54473504.4991885359590595580708,0.2025878,38655254.32722154,40937.650863857881,29050,1.18809188118974,10768
2015-05-02,1.42294476224747,55043564.9537017703169309945038,0.20468746,38682854.32722154,39273.275438030172,27600,1.12878953255893,22790
2015-05-03,1.43332570620017,55483184.2939027303030871756618,0.20637649,38709404.32722154,38054.7974996145135,26550,1.08179454503308,16020
2015-05-04,1.41100937580077,54660886.6634898230215466925858,0.20334744,38738854.32722154,41554.2261173326765,29450,1.16330333068461,11258
2015-05-05,1.40364684196263,54412656.6319405935696684110502,0.20243374,38765204.32722154,36986.0942857153005,26350,1.04085034850729,12650
2015-05-06,1.37736443461821,53432035.6040835395293399882434,0.19879538,38792954.32722154,38221.8630606553275,27750,1.09615169529705,10624
2015-05-07,1.44988219313389,56289435.1049853783119089119906,0.20941424,38823454.32722154,44221.406890583645,30500,1.18962155561758,12434
2015-05-08,1.4853588256843,57713400.795616328985208199822,0.21469202,38854854.32722154,46640.26712648702,31400,1.21085934254536,12900
2015-05-09,1.446051978522,56229954.35001201772001576388,0.20920707,38885154.32722154,43815.3749492166,30300,1.16844070315683,23699
2015-05-10,1.43749421809349,55940884.3392840589291076617746,0.20815045,38915554.32722154,43699.824230042096,30400,1.19213710531889,13755
2015-05-11,1.44231032373289,56166022.1749053827343348144506,0.20902962,38941704.32722154,37716.4149656150735,26150,1.07804704640218,15560
2015-05-12,1.44422364177873,56279885.1347688917156643698442,0.20965676,38968954.32722154,39355.0942384703925,27250,1.12339510571546,13212
2015-05-13,1.44482195662346,56344161.5410967488239817813284,0.20987032,38997304.32722154,40960.702470275091,28350,1.16874316502875,12386
2015-05-14,1.44852121393567,56531081.5540361072618793983318,0.21056576,39026754.32722154,42658.9497504054815,29450,1.1750886344617,11850
2015-05-15,1.45792904003644,56940518.4141851373672055529176,0.21212067,39055754.32722154,42279.94216105676,29000,1.13217419334552,11251
2015-05-16,1.44914964539833,56640527.3635611777165154560282,0.21102246,39085354.32722154,42894.829503790568,29600,1.15559848700095,22954
2015-05-17,1.4508134907682,56746544.830502455294746187028,0.21141524,39113604.32722154,40985.48111420165,28250,1.10737794314303,13354
2015-05-18,1.43848487423053,56306835.4293795031040403416162,0.20981534,39143154.32722154,42507.2280335121615,29550,1.1876222710972,13904
2015-05-19,1.44520838722717,56611420.1565221208040708972418,0.21094714,39171804.32722154,41405.2202940584205,28650,1.15145103441403,12370
2015-05-20,1.45794551453719,57154896.6506702450482116990726,0.21307582,39202354.32722154,44540.2354691111545,30550,1.22781253407849,12898
2015-05-21,1.47579426235383,57894013.2936802354274042774982,0.21584518,39229054.32722154,39403.706804847261,26700,1.08069332329296,11470
2015-05-22,1.80651705840862,70918628.6308525637252185856748,0.26830824,39257104.32722154,50672.803488361791,28050,1.13884917379363,13422
2015-05-23,1.7779423898739,69845229.920073856111417963806,0.2642942,39284304.32722154,48360.03300457008,27200,1.10433859276958,12977
2015-05-24,1.83348335592373,72080747.5211640265261510531442,0.27298103,39313554.32722154,53629.3881607691025,29250,1.18453921909818,23124
2015-05-25,1.77842883494835,69966954.920193547645604907459,0.26492787,39342004.32722154,50596.3003542805575,28450,1.11676698155202,13368
2015-05-26,1.80584461486513,71096110.3015298834373947309002,0.26918777,39370004.32722154,50563.64921622364,28000,1.09910282894399,12234
2015-05-27,1.83573454971117,72325012.0269706453603756026018,0.2737819,39398404.32722154,52134.861211797228,28400,1.1148042979289,12270
2015-05-28,1.82151626051235,71815836.575568513989292356019,0.27181248,39426404.32722154,51002.4552943458,28000,1.09044544789675,11207
2015-05-29,1.81939796650468,71780806.8153455357652498068072,0.27166728,39453054.32722154,48486.955807349722,26650,1.02997616098642,11935
2015-05-30,1.77524321621399,70091846.8254868226581226152047,0.26529195,39482954.32722153,53079.772164798301,29900,1.1555830098872,22452
2015-05-31,1.62611247941144,64252914.6580290421188648963032,0.24334125,39513204.32722153,49189.90250219606,30250,1.16911798752314,13877
2015-06-01,1.60177205809437,63337598.0068017333523686357861,0.23993016,39542204.32722153,46451.38968473673,29000,1.12158124233947,14244
2015-06-02,1.65901411489589,65649767.1772300358907477675528,0.24871405,39571554.32722152,48692.0642721943715,29350,1.13511756767805,11559
2015-06-03,1.68895964515491,66883738.1844417941263902856632,0.2533706,39600554.32722152,48979.82970949239,29000,1.12158124233947,11971
2015-06-04,1.67180741788357,66255072.6509412219174169584264,0.25096567,39630804.32722152,50572.1743909779925,30250,1.1781488028791,11083
2015-06-05,1.74546350034357,69223955.4253579839407234976264,0.26214312,39659354.32722152,49832.9829348089235,28550,1.11790734337395,9303
2015-06-06,1.75634298794786,69708119.1687935712400804299472,0.2639914,39689354.32722152,52690.2896384358,30000,1.17468372333515,22869
2015-06-07,1.71495143649304,68115563.2940390449435960182208,0.25796262,39718654.32722152,50248.077089246072,29300,1.15088289487376,13399
2015-06-08,1.7880708845416,71068494.307280790313846855232,0.26907396,39745904.32722152,48724.9316037586,27250,1.0906984764505,11837
2015-06-09,1.80202058039375,71672312.9479169718377250735,0.2712868,39773304.32722152,49375.36390278875,27400,1.096702321275,11134
2015-06-10,1.75300419773718,69772204.1618738588686606001136,0.2641565,39801504.32722152,49434.718376188476,28200,1.12872282700566,11285
2015-06-11,1.79168699215059,71360929.7946931435891041286968,0.27012826,39828904.32722152,49092.223584926166,27400,1.06717816596451,12086
2015-06-12,1.80499105403774,71945597.4812499205345914201648,0.27224526,39859254.32722152,54781.478490045409,30350,1.14889131015142,12569
2015-06-13,1.85911121805013,74154284.2435907036234349747976,0.28049037,39886954.32722152,51497.380739988601,27700,1.04857625341661,23790
2015-06-14,1.98399523919402,79190384.9595205253099107993104,0.29943996,39914604.32722152,54857.468363714653,27650,1.04668351649709,13686
2015-06-15,1.99752829018481,79787281.1385992699265146091112,0.30146464,39943004.32722152,56729.803441248604,28400,1.0837234557577,15436
2015-06-16,2.81951268743983,112695652.3663572381196660811416,0.42210873,39969904.32722152,75844.891292131427,26900,1.02694134817197,17179
2015-06-17,2.83810786533956,113520353.5436923555946061393312,0.42488166,39998604.32722152,81453.695735245372,28700,1.09565861310541,18670
2015-06-18,3.05570176437149,122315324.0829308395297808024648,0.45603913,40028554.32722152,91518.2678429261255,29950,1.13638881322649,14890
2015-06-19,2.81739672942034,112858163.4199279695093123737168,0.42060209,40057604.32722152,81845.374989660877,29050,1.09158999742596,14895
2015-06-20,3.02746694323741,121365259.2943685618160390210632,0.45174239,40088054.32722152,92186.3684215791345,30450,1.14419674428986,30176
2015-06-21,2.99832488652883,120291758.0082423474486112764216,0.44749092,40119654.32722152,94747.066414311028,31600,1.19084612662798,28408
2015-06-22,3.01297347090971,120967884.9213575892995910889592,0.44978653,40149004.32722152,88430.7713711999885,29350,1.15458957385998,13793
2015-06-23,2.96421700986123,119090988.2584103837475666696696,0.44254441,40176204.32722152,80626.702668225456,27200,1.07001146197586,14800
2015-06-24,2.79846343455897,112514893.0362774168281866930344,0.41809609,40205954.32722152,83254.2871781293575,29750,1.17032503653609,14979
2015-06-25,2.84182753182297,114348047.6089440072078406143144,0.42456397,40237504.32722152,89659.6586290147035,31550,1.24303306211058,15327
2015-06-26,2.86281595249523,115273443.8272236048091569533496,0.42790508,40265754.32722152,80874.5506579902475,28250,1.11413973727846,16270
2015-06-27,3.11203062414495,125398042.654116989969059239324,0.46473128,40294604.32722152,89782.0835065818075,28850,1.13780288214101,29635
2015-06-28,3.08772791089957,124518508.0513385333822618627464,0.46110501,40326904.32722152,99733.611522056111,32300,1.28915289204439,21734
2015-06-29,3.74146447618746,150982325.3693191210219044661392,0.55662873,40353804.32722152,100645.394409442674,26900,1.11500533696743,23517
2015-06-30,4.12412226834344,166534755.7211731611229483188288,0.61247829,40380654.32722152,110732.682905021364,26850,1.11293283634109,22363
2015-07-01,3.94867666011891,159568410.1281998436342731109432,0.58633897,40410604.32722152,118262.8659705613545,29950,1.24142787517377,16010
2015-07-02,4.07490793728875,164790109.5985738260046894539,0.60388677,40440204.32722152,120617.274943747,29600,1.20816078788714,17590
2015-07-03,4.14945563015586,167932221.8180884935695983461072,0.6137666,40470904.32722152,127388.287845784902,30700,1.24386268829513,15682
2015-07-04,4.137079161654,167555447.32029046685274759408,0.61184778,40500904.32722152,124112.37484962,30000,1.215500998334,25093
2015-07-05,4.86422134347613,197157370.1755392981127213423176,0.71341807,40532154.32722152,152006.9169836290625,31250,1.29210294130825,19148
2015-07-06,5.396845521294,218905522.17669298435901504688,0.78303588,40561754.32722152,159746.6274303024,29600,1.26758761738667,22079
2015-07-07,5.26200330283031,213602627.6429658362723943402712,0.76186014,40593404.32722152,166542.4045345793115,31650,1.35537662467189,18430
2015-07-08,6.36949458842983,258755649.6215050907681575016433,0.91138334,40624204.32722151,196180.433323638764,30800,1.32695917501847,18929
2015-07-09,7.70593881449669,313255307.9842313125274767918019,1.07591558,40651154.32722151,207675.0510506857955,26950,1.24015960985385,25151
2015-07-10,4.41981692654425,179790216.0268791851543685668175,0.6331031,40678204.32722151,119556.0478630219625,27050,1.24476131527075,26359
2015-07-11,4.33197392959398,176341031.7013034736612958225098,0.62447709,40706854.32722151,124111.053082867527,28650,1.31838860194111,29386
2015-07-12,5.2764928325988,214944026.335222889202356560188,0.75764181,40736154.32722151,154601.23999514484,29300,1.32874227096273,22623
2015-07-13,4.70313632890354,191729251.7196766244188330031454,0.67488552,40766254.32722151,141564.403499996554,30100,1.34198672043006,15404
2015-07-14,4.5974869464888,187562315.604164033750554334088,0.66097191,40796704.32722151,139993.47752058396,30450,1.35759121717925,12575
2015-07-15,4.17949523084959,170633161.3759199304221989226809,0.60240936,40826260.57722151,123713.058833147864,29600,1.32449611420954,14786
2015-07-16,3.60296963405731,147195646.9463841916768704047381,0.52200798,40853979.32722151,100342.7043084960835,27850,1.28624632046898,15798
2015-07-17,3.77047884119338,154145486.3971331444478680056038,0.54607186,40882204.32722151,107081.599089891992,28400,1.31164795336873,10826
2015-07-18,4.00443491988337,163812114.5615986093081328552887,0.57996031,40907673.07722151,102513.533949014272,25600,1.18233054951547,10629
2015-07-19,3.71030259321156,151874156.7547068814453424126556,0.53797658,40933091.82722151,94798.231256555358,25550,1.15468707658644,19510
2015-07-20,3.93677125421763,161258041.1505438112602067572213,0.57094618,40962004.32722151,114166.36637231127,29000,1.26282832836664,10053
2015-07-21,3.78402317605604,155113772.0515465097884632534204,0.54923081,40991760.57722151,112763.890646469992,29800,1.29766497190779,8921
2015-07-22,3.84158795573379,157588701.3564493578768714218229,0.55782186,41021760.57722151,115247.6386720137,30000,1.30637413279308,9656
2015-07-23,3.79756469614647,155896336.9262442248725565945697,0.55214449,41051660.57722151,113547.184414779453,29900,1.31211805180346,8983
2015-07-24,4.62582076035024,190037323.5319253549251136616624,0.67063242,41081860.57722151,139699.786962577248,30200,1.3261732821686,12027
2015-07-25,4.65989204409246,191576832.0216329647036363408146,0.67580963,41111860.57722151,139796.7613227738,30000,1.31739067765092,11492
2015-07-26,4.68805932648597,192871029.5316685914365145972147,0.67982219,41140910.57722151,136188.1234344174285,29050,1.29758720292687,20635
2015-07-27,4.69271665909307,193201775.4849277799830570959357,0.68078193,41170560.57722151,139139.0489421095255,29650,1.34275761116753,11736
2015-07-28,5.11638698341936,210796732.7501311123152679424336,0.74132701,41200310.57722151,152212.51275672596,29750,1.34728630462847,12406
2015-07-29,4.8295919820613,199114469.320087473582316498563,0.70070172,41228010.57722151,133779.69790309801,27700,1.25618914230101,11676
2015-07-30,4.6019684508366,189854487.213726161360263015266,0.66813215,41255060.57722151,124483.24659513003,27050,1.24594291472432,9843
2015-07-31,4.63128791550371,191204159.9641034773319038968021,0.67267998,41285310.57722151,140096.4594439872275,30250,1.39333727062517,9960
2015-08-01,4.20775148700536,173843086.8043716352195792772936,0.6120532,41314960.57722151,124759.831589708924,29650,1.36570082889376,16579
2015-08-02,4.20782979739474,173972346.6974536292485858888574,0.61261327,41344910.57722151,126024.502431972463,29950,1.38075168659033,12851
2015-08-03,4.20778939400235,174098382.6309162196290214105485,0.61295108,41375260.57722151,127706.4081079713225,30350,1.39998206510903,11250
2015-08-04,4.39132341748858,181820596.8874064194369185553558,0.63967409,41404510.57722151,128446.209961540965,29250,1.34924136423194,11050
2015-08-05,4.33367384824629,179555854.2904623046781343656979,0.63149177,41432710.57722151,122209.602520545378,28200,1.30780062452466,9578
2015-08-06,4.05412773404694,168093097.8160081085168531176794,0.59151862,41462210.57722151,119596.76815438473,29500,1.39933599355905,10891
2015-08-07,4.19017931647008,173848698.5801060045884274474208,0.61158055,41489560.57722151,114601.404305456688,27350,1.29735048894373,9981
2015-08-08,3.88391490862829,161254362.2149119729178335825179,0.56762121,41518510.57722151,112439.3366047889955,28950,1.3732466784249,18414
2015-08-09,3.93367605275753,163428350.2114246621023411304703,0.57518188,41545960.57722151,107979.4076481941985,27450,1.28333852088867,10626
2015-08-10,3.95582591989324,164459746.4265845641323150315924,0.5787515,41574060.57722151,111158.708349000044,28100,1.30331845781228,11821
2015-08-11,4.14691157479458,172520481.2341426453322054074158,0.60668875,41602160.57722151,116528.215251727698,28100,1.30331845781228,9023
2015-08-12,4.05387689888393,168765370.5054312700251993893343,0.5935811,41630610.57722151,115332.7977732478085,28450,1.31828402038442,11564
2015-08-13,3.89750289630858,162366699.0075050506294119735558,0.57119881,41659160.57722151,111273.707689609959,28550,1.30225087809807,10762
2015-08-14,4.02949631955782,167976245.3705701427958073927082,0.5909325,41686660.57722151,110811.14878784005,27500,1.25435723809797,11674
2015-08-15,3.94240761607022,164456786.9225646511417526544322,0.57847133,41714810.57722151,110978.774392376693,28150,1.28400568190756,17032
2015-08-16,3.97442519700439,165899107.5629139794843214724289,0.58345419,41741660.57722151,106713.3165395678715,26850,1.21245047871196,10879
2015-08-17,4.0003813437694,167099571.385376827980402159794,0.5874884,41770910.57722151,117011.15430525495,29250,1.30404923776674,10226
2015-08-18,3.3879804649596,141621007.251196089030482400996,0.49880864,41801010.57722151,101978.21199528396,30100,1.34194468570184,10119
2015-08-19,3.49456852880548,146180634.1775816838343776618748,0.51515604,41830810.57722151,104138.142158403304,29800,1.32872055591385,11015
2015-08-20,3.61996925568282,151529598.3520833281140134414582,0.53410111,41859360.57722151,103350.122249744511,28550,1.29005506621524,9273
2015-08-21,3.57944588180853,149941415.0989044828076012174803,0.52833216,41889560.57722151,108099.265630617606,30200,1.36461166373732,9628
2015-08-22,3.55359694730939,148956693.8670918659897165329789,0.52513222,41917160.57722151,98079.275745739164,27600,1.2471285403692,18807
2015-08-23,3.42952917472349,143852323.4145014888058467302699,0.50728733,41945210.57722151,96198.2933509938945,28050,1.26435841040508,11139
2015-08-24,3.02611335051269,127015541.5859429370144941959619,0.44926013,41973160.57722151,84579.8681468296855,27950,1.25668005694436,11893
2015-08-25,3.00009256831233,126000994.5115074010225712742183,0.44645455,41999035.57722151,77627.39520508153875,25875,1.18474130592071,11998
2015-08-26,2.95480228844479,124137037.2556264183759572354329,0.44024631,42011960.57722151,38190.81957814891075,12925,1.16226044622582,10982
2015-08-27,2.88647135788279,121304855.2872785491837544468129,0.43177532,42025310.57722151,38534.3926277352465,13350,1.13237634729638,8593
2015-08-28,2.92586792834263,122999056.7064866297740546859713,0.43790484,42038485.57722151,38548.30995591415025,13175,1.09456662668336,10181
2015-08-29,2.89534586146448,121755187.1746653743435779569648,0.43351267,42052035.57722151,39231.936422843704,13550,1.12572127450167,17893
2015-08-30,2.85165117455653,119955378.4417808522053438269603,0.42724432,42065235.57722151,37641.795504146196,13200,1.09664360320458,10373
2015-08-31,2.85194017377098,120009387.4838684125455474697798,0.42754712,42079910.57722151,41852.2220500891315,14675,1.14737246755707,10087
2015-09-01,2.82417780442012,118885277.2423664929400663407812,0.423573,42095535.57722151,44127.778194064375,15625,1.21881179396138,9540
2015-09-02,2.81525058008036,118554595.3431120758239613205436,0.42281116,42111560.57722151,45114.390545787769,16025,1.25001337588679,9387
2015-09-03,2.63804269261599,111129093.2041587455804175979449,0.39639494,42125585.57722151,36998.54876393925975,14025,1.14277639986334,8288
2015-09-04,2.72025348651614,114632530.7895712733835109701714,0.40898622,42140385.57722151,40259.751600438872,14800,1.23104312724375,9019
2015-09-05,2.9380195395432,123854154.478227769536630614232,0.44161474,42155660.57722151,44878.24846652238,15275,1.2705529573411,19640
2015-09-06,3.07851788539359,129822517.1222617137202949641209,0.46262962,42170460.57722151,45562.064703825132,14800,1.23884735786035,13197
2015-09-07,3.05908613207817,129049875.1529482972374207254367,0.45975101,42185760.57722151,46804.017820796001,15300,1.30324901911741,10185
2015-09-08,3.0559067109979,128963039.012834548547841444829,0.45942195,42201235.57722151,47290.1563526925025,15475,1.31815546214653,9568
2015-09-09,2.93990636601957,124113470.1690158348241288849507,0.44225671,42216810.57722151,45789.04165075480275,15575,1.32667342959174,8307
2015-09-10,2.94506353398087,124375365.3049626656050740925137,0.44325469,42231810.57722151,44175.95300971305,15000,1.36051473907287,7651
2015-09-11,2.95550979737593,124859458.7017094877776783522543,0.4449126,42246335.57722151,42928.77980688538325,14525,1.31824184305191,9496
2015-09-12,2.86499541609452,121071871.5924294618463571371252,0.43145436,42259010.57722151,36313.816898998041,12675,1.15034184927249,8995
2015-09-13,2.80278632499216,118484177.9125128788329253333616,0.42230387,42273710.57722151,41200.958977384752,14700,1.32362566047497,21144
2015-09-14,2.84359362782222,120254182.8011074585901198399522,0.44586584,42289510.57722151,44928.779319591076,15800,1.40783416696024,9849
2015-09-15,2.82173054026233,119371435.6837521594638879187183,0.44265998,42304335.57722151,41832.15525938904225,14825,1.32095832437883,8733
2015-09-16,2.79715544403946,118373410.2535274451397776007846,0.43898105,42319210.57722151,41607.6872300869675,14875,1.3319627247561,8893
2015-09-17,2.92785076391313,123949568.3110210670863904074263,0.45955875,42334660.57722151,45235.2943024578585,15450,1.44643113083562,10195
2015-09-18,2.96914305846568,125739899.6453645983803780927768,0.46613107,42348885.57722151,42236.060006674298,14225,1.33174646188587,10190
2015-09-19,2.88710196437764,122306980.6523889474674275710364,0.45343732,42363235.57722151,41429.913188819134,14350,1.34344897912564,8636
2015-09-20,2.8519839609093,120859552.671905821859847119043,0.44811221,42377360.57722151,40284.2734478438625,14125,1.33806482061176,21884
2015-09-21,2.79626159423753,118537053.8833999757685943652703,0.43962731,42391260.57722151,38868.036159901667,13900,1.32501091467075,11782
2015-09-22,2.83608195929707,120263163.7552225858021632839757,0.44600769,42404685.57722151,38074.40030356316475,13425,1.27973176470898,11242
2015-09-23,2.8417404647177,120545950.135927023824452517727,0.44702794,42419760.57722151,42839.2375056193275,15075,1.43434004945541,8651
2015-09-24,2.92231485650407,124006343.1674508042066626065457,0.4597448,42434285.57722151,42446.62329072161675,14525,1.35218366778034,8892
2015-09-25,2.90363651963779,123254247.0162084811571197968629,0.45691607,42448235.57722151,40505.7294489471705,13950,1.29865488230883,10578
2015-09-26,2.87661764536397,122148191.4465662084165852629947,0.45284749,42462435.57722151,40847.970564168374,14200,1.32192826729644,9083
2015-09-27,2.84930248804865,121028213.5736154431609487064615,0.44870691,42476435.57722151,39890.2348326811,14000,1.29725625601419,20146
2015-09-28,3.05858199423149,129966598.3475312809472619473499,0.48148563,42492435.57722151,48937.31190770384,16000,1.47653973583942,11532
2015-09-29,3.00112968235805,127568976.1233650029357839816555,0.4726245,42506985.57722151,43666.4368783096275,14550,1.34272832227897,8842
2015-09-30,3.01446886900104,128181126.4089237352511725003704,0.47539167,42521960.57722151,45141.671313290574,14975,1.39152042590844,10638
2015-10-01,2.99924387056037,127572719.7957585913583013175587,0.47334343,42534960.57722151,38990.17031728481,13000,1.24754611985069,9753
2015-10-02,2.98805911796629,127141947.0748288152046700428979,0.47182013,42550010.57722151,44970.2897253926645,15050,1.44427454644254,9763
2015-10-03,3.04722226750334,129703143.5335073910998018448434,0.48136477,42564385.57722151,43803.8200953605125,14375,1.37949811329644,7147
2015-10-04,3.02007485098262,128593837.5745140658719129001562,0.47720858,42579685.57722151,46207.145220034086,15300,1.46090608534338,20368
2015-10-05,3.01241196717089,128313568.9839943571468515538439,0.47621341,42594960.57722151,46014.59279853534475,15275,1.45453974714742,10480
2015-10-06,3.14008404732695,133797365.9258410214457235426945,0.49657633,42609485.57722151,45609.72078742394875,14525,1.38312208362136,9387
2015-10-07,3.06261866791244,130542392.1080297565180071645844,0.48447342,42624435.57722151,45786.149085290978,14950,1.44005515773151,9825
2015-10-08,3.06321942601056,130609965.1890169112487487191456,0.48459005,42638135.57722151,41966.106136344672,13700,1.35732148122068,8883
2015-10-09,3.09738565567122,132109183.7049333149075816719422,0.49012548,42651835.57722151,42434.183482695714,13700,1.35732148122068,9776
2015-10-10,3.11157939083657,132759690.4645995803345150986207,0.49251238,42666335.57722151,45117.901167130265,14500,1.43658112975912,18787
2015-10-11,3.16296305971147,134996324.8068408563433248777197,0.50092829,42680335.57722151,44281.48283596058,14000,1.36655544381319,11864
2015-10-12,3.14538084149139,134290967.4135702678281307877989,0.49821326,42694660.57722151,45057.58055436416175,14325,1.38921787342091,11689
2015-10-13,3.18337096321914,135959101.6449905596019064517014,0.50431199,42709160.57722151,46158.87896667753,14500,1.40618912143827,8574
2015-10-14,3.15001821320055,134580151.4519354195366234038305,0.49953892,42723610.57722151,45517.7631807479475,14450,1.40102539725891,8777
2015-10-15,3.0918705242318,132138694.639229755949571186018,0.49049014,42737460.57722151,42822.40676061043,13850,1.34150780189629,11463
2015-10-16,3.11487920156586,133166258.3643903905230400736486,0.49422177,42751660.57722151,44231.284662235212,14200,1.37540872107779,11469
2015-10-17,3.06717940728183,131170950.2945655614646729081633,0.4868453,42765985.57722151,43937.34500931221475,14325,1.38751619221404,22609
2015-10-18,3.01424792088902,128948653.6636239541941206668202,0.47886451,42779710.57722151,41370.5527142017995,13725,1.30318155637382,10922
2015-10-19,3.0448400894802,130301756.326188374815296159102,0.48338165,42794285.57722151,44378.544304173915,14575,1.36596602829739,11353
2015-10-20,3.08416145473428,132030054.5456514085623177503628,0.48961556,42809060.57722151,45568.485493698987,14775,1.38470998751931,10784
2015-10-21,3.05779974097823,130950612.0303919911203627977273,0.48565221,42825110.57722151,49077.6858427005915,16050,1.51649780633136,13372
2015-10-22,3.12823077650504,134011406.2034610428171117114104,0.49689541,42839360.57722151,44577.28856519682,14250,1.38780705650369,10420
2015-10-23,3.12532226078905,133932436.9549667517472692324655,0.49654405,42853960.57722151,45629.70500752013,14600,1.4218935456108,11253
2015-10-24,3.11266992889522,133435212.5032511744886915201822,0.49486459,42868410.57722151,44978.080472535929,14450,1.40728505027918,21712
2015-10-25,3.08927898651105,132477120.0626935270081779126855,0.49124636,42882860.57722151,44640.0813550846725,14450,1.41299660885346,11731
2015-10-26,3.1180850831545,133755203.606594857389416053295,0.49596886,42896585.57722151,42795.7177662955125,13725,1.34400359774321,11895
2015-10-27,3.1069088006047,133324868.404811708526833847097,0.49438125,42912385.57722151,49089.15904955426,15800,1.54719539849492,12754
2015-10-28,3.09770389221641,132973928.6647171858681334269791,0.49301791,42926610.57722151,44064.83786677843225,14225,1.40032082432577,13574
2015-10-29,3.85733726343912,165636224.4274813784887966394712,0.61215397,42940560.57722151,53809.854824975724,13950,1.39137152731721,14569
2015-10-30,3.98160659208804,171029853.7373118461904125017404,0.63085984,42954985.57722151,57434.675090869977,14425,1.4387479771721,17124
2015-10-31,3.65331305272237,156978242.5432394218970660221787,0.57992927,42968735.57722151,50233.0544749325875,13750,1.37142354843094,22508
2015-11-01,3.87110969703018,166393013.6081996652367030151718,0.61432825,42983285.57722151,56324.646091789119,14550,1.42600160115988,10673
2015-11-02,4.17050384750786,179325036.7490249708218966860686,0.66135562,42998410.57722151,63078.8706935563825,15125,1.47163034152159,16909
2015-11-03,4.52536022693452,194649480.4408777149532863055252,0.71581288,43013035.57722151,66183.393318917355,14625,1.42298140461179,16532
2015-11-04,3.9822853241414,171347624.791741870895738361514,0.63102404,43027460.57722151,57444.465800739695,14425,1.40874795328037,16726
2015-11-05,3.81392123784701,164159315.0002554896974702611851,0.6051878,43042135.57722151,55969.29416540487175,14675,1.44655199619831,16435
2015-11-06,3.50366242883619,150857317.8489741597997431344469,0.55722085,43057035.57722151,52204.570189659231,14900,1.46873081726438,23229
2015-11-07,3.58078314945367,154228396.5027492533256530724417,0.56960081,43071135.57722151,50489.042407296747,14100,1.38987278680723,13377
2015-11-08,3.40430063132583,146677392.5792834429631488946033,0.54183893,43085910.57722151,50298.54182783913825,14775,1.47785401471182,13364
2015-11-09,3.40255821393717,146651741.0975448797806663125267,0.54210162,43100435.57722151,49422.15805743739425,14525,1.45740275806866,16666
2015-11-10,3.10142797799881,133712517.5055490158968198864031,0.49514932,43113210.57722151,39620.74241893479775,12775,1.28181206432544,11638
2015-11-11,2.96097674423364,127698815.6116571604078254735964,0.47292244,43127260.57722151,41601.723256482642,14050,1.40060840164614,13756
2015-11-12,3.28607374784258,141765445.9834873296163532698958,0.52468092,43141285.57722151,46087.1843134921845,14025,1.3659098902592,13359
2015-11-13,3.23649386472951,139672626.1247935100427535037601,0.52054624,43155535.57722151,46120.0375723955175,14250,1.38782288315106,11355
2015-11-14,3.19177198625039,137785878.0174213626722993538889,0.5136104,43169085.57722151,43248.5104136927845,13550,1.3196491274875,22377
2015-11-15,3.07598874903123,132831146.7822984978878676177573,0.49525764,43183235.57722151,43525.2407987919045,14150,1.3567277698177,15414
2015-11-16,3.1991952984188,138197032.802396056716200348388,0.51491838,43197435.57722151,45428.57323754696,14200,1.34799594860837,13604
2015-11-17,3.22145951630948,139202521.2333398297828276729148,0.51869492,43211010.57722151,43731.312933901191,13575,1.28866514101117,12100
2015-11-18,3.18380373861117,137622576.9153495651217348502667,0.51277309,43225835.57722151,47199.89042491059525,14825,1.40554326965105,15634
2015-11-19,3.13271940264656,135457801.9720984447355453595056,0.50474597,43239685.57722151,43388.163726654856,13850,1.28654065203395,10348
2015-11-20,3.12434732330249,135138521.3432794685875214645599,0.50419063,43253360.57722151,42725.44964616155075,13675,1.27028472321764,13840
2015-11-21,3.1437199039314,136017083.138291322813337644414,0.50796566,43266285.57722151,40632.579758313345,12925,1.20061645686201,18758
2015-11-22,3.13249002180128,135568641.1068115395848677615328,0.50624477,43278235.57722151,37433.255760525296,11950,1.08505272296003,14816
2015-11-23,3.11897978834499,135030726.7374121362306255287349,0.50299433,43293235.57722151,46784.69682517485,15000,1.26295669594911,10954
2015-11-24,3.09511046039126,134042302.7786785277414382880026,0.4995732,43307760.57722151,44956.4794371830515,14525,1.22296306724406,14967
2015-11-25,3.34151557884542,144754323.1437551086928773889842,0.53912896,43319960.57722151,40766.490061914124,12200,1.02720477937194,12574
2015-11-26,3.63938440782227,157697931.3160912362760765010277,0.58653164,43330935.57722151,39942.24387584941325,10975,0.900049902337679,14924
2015-11-27,3.58747231813686,155500908.9980985884782587158586,0.57816532,43345535.57722151,52377.095844798156,14600,1.16152986278881,12455
2015-11-28,3.5126410978863,152310087.110936782937987894313,0.56618503,43360560.57722151,52777.4324957416575,15025,1.19534151975356,23717
2015-11-29,3.6884179149704,159993280.594467342974265893304,0.59443121,43377210.57722151,61412.15828425716,16650,1.32646341228073,15199
2015-11-30,3.60940062471686,156629075.9368618864476092516586,0.58181271,43394760.57722151,63344.980963780893,17550,1.42701071718007,16423
2015-12-01,3.43821965980781,149254355.1759489066575503979931,0.55438743,43410360.57722151,53636.226693001836,15600,1.26845397082672,14954
2015-12-02,3.35367202205227,145645651.6166332672854645883277,0.54268562,43428710.57722151,61539.8816046591545,18350,1.52604570112038,12184
2015-12-03,3.3836594205859,147000412.389533162715318282709,0.54787487,43444210.57722151,52446.72101908145,15500,1.50533865403449,10454
2015-12-04,3.37133335540988,146511356.3354083640148576025188,0.5462591,43457985.57722151,46440.116970771097,13775,1.33780902963388,12979
2015-12-05,3.53960823313433,153877249.1778574118550299954383,0.57341685,43472960.57722151,53005.63329118659175,14975,1.454351377043,22757
2015-12-06,3.4824163087975,151437350.103141692500219234225,0.56511152,43486285.57722151,46403.1973147266875,13325,1.31770250791951,13121
2015-12-07,3.64003726616784,158340203.5648750417760725182384,0.59046182,43499610.57722151,48503.496571686468,13325,1.32782448478343,12836
2015-12-08,3.69200430638759,160652899.1381126992081973450609,0.59874417,43513735.57722151,52149.56082772470875,14125,1.40754377842897,16220
2015-12-09,3.66516387786643,159541140.4650919314353163029093,0.59489695,43529060.57722151,56168.63642830303975,15325,1.52112611798845,14745
2015-12-10,3.64823420316739,158860755.2597138594843276385589,0.59224255,43544560.57722151,56547.630149094545,15500,1.489886423743,13644
2015-12-11,3.86762743855617,168472635.1533413702072746672167,0.62779562,43559685.57722151,58497.86500816207125,15125,1.4538407844589,13990
2015-12-12,3.60991432334664,157302054.8226932681591757942264,0.5863613,43575010.57722151,55321.937005287258,15325,1.47306512541042,22949
2015-12-13,3.58088169628764,156088432.9658969505639129551364,0.58176726,43589385.57722151,51475.174384134825,14375,1.46512616458722,12896
2015-12-14,3.58603549972564,156363916.1443537533436385065164,0.58282018,43603560.57722151,50832.053208610947,14175,1.46419089715623,12687
2015-12-15,3.79850112350388,165680783.0819059247964061044588,0.61697397,43617410.57722151,52609.240560528738,13850,1.43062038275935,19842
2015-12-16,3.67259904529297,160240034.1258563844665165357847,0.59664573,43631235.57722151,50773.68180117531025,13825,1.41793557294387,16612
2015-12-17,3.72910260525794,162758960.1115902353953220662894,0.60586251,43645610.57722151,53605.8499505828875,14375,1.43762271615194,12043
2015-12-18,3.74230898109219,163392056.4294518864169953610069,0.60800594,43660760.57722151,56695.9810635466785,15150,1.51512933215317,10561
2015-12-19,3.70804797831598,161953669.7337681578307972327298,0.60253035,43676260.57722151,57474.74366389769,15500,1.5501323200247,21462
2015-12-20,3.51385443511978,153520513.1299216583468364424678,0.57129247,43690060.57722151,48491.191204652964,13800,1.42313785603257,14561
2015-12-21,3.43397662595305,150079409.2767400183303247101055,0.55815495,43704260.57722151,48762.46808853331,14200,1.4732416299622,15631
2015-12-22,3.38461079916277,147968027.6412262313964908351827,0.55026266,43717885.57722151,46115.32213859274125,13625,1.41358571888978,13161
2015-12-23,3.56556351448621,155927745.9647723797754870103771,0.57970224,43731585.57722151,48848.220148461077,13700,1.40773582829281,11422
2015-12-24,3.63293868828068,158931660.3980874584255934134268,0.59069548,43747410.57722151,57491.254742041761,15825,1.55965838389239,12519
2015-12-25,3.61394181562587,158156973.9026980569364062764637,0.58771406,43763010.57722151,56377.492323763572,15600,1.53748314620671,10315
2015-12-26,3.44971814312154,151022832.2734506614444114323254,0.56134688,43778310.57722151,52780.687589759562,15300,1.50791616262582,12467
2015-12-27,3.48925301897372,152801056.1881973349892693087172,0.5678494,43791910.57722151,47453.841058042592,13600,1.45166129868335,22300
2015-12-28,3.45469392931355,151337136.1147064064504505944605,0.56263586,43806235.57722151,49488.49053741660375,14325,1.53885525612364,12998
2015-12-29,3.49350894321525,153085686.1810337749349608600275,0.56902544,43820035.57722151,48210.42341637045,13800,1.48245741951178,10557
2015-12-30,3.45831934498963,151592266.1216360799156751629413,0.56351139,43834085.57722151,48589.3867971043015,14050,1.48946917879109,14111
2015-12-31,3.47202529643109,152241749.1248207261040513807459,0.56583708,43848110.57722151,48695.15478244603725,14025,1.44227715644589,8109
2016-01-01,3.52111320708616,154443368.8162980345188159753016,0.5739106,43862085.57722151,49207.557069029086,13975,1.43713534840152,14891
2016-01-02,3.50463782974134,153767686.5522010571363191842234,0.57135763,43875485.57722151,46962.146918533956,13400,1.37800455589127,21205
2016-01-03,3.47833222213821,152666048.9315523594790292548971,0.56722783,43890588.70222151,52609.77485984042625,15125,1.52298008791208,14742
2016-01-04,3.49811075886427,153587749.0995072366654235644477,0.57056803,43905913.70222151,53608.54737959493775,15325,1.52842462900237,13270
2016-01-05,3.47838365977565,152773875.5038152434866832042315,0.56763039,43920938.70222151,52262.71448812914125,15025,1.49850440787997,11411
2016-01-06,3.46034818600027,152033429.5166896339852554598077,0.56479697,43935876.20222151,51991.73149465405675,15025,1.53340720994809,11261
2016-01-07,3.6215707409722,159165978.651299506844667152022,0.59169887,43949432.45222151,49253.36207722192,13600,1.44388162632765,12981
2016-01-08,3.57683315697987,157251058.8933375965253751010037,0.58449001,43963766.82722151,51506.397460510128,14400,1.52881583964104,15365
2016-01-09,3.56682760929651,156862004.6214401863961090399301,0.58295525,43978016.82722151,50827.2934324752675,14250,1.51289067464478,26278
2016-01-10,3.55008203440853,156178918.5238084496936823934803,0.57961108,43993044.95222151,53428.7346178483765,15050,1.57468649402324,14568
2016-01-11,3.56779782474371,157010926.2516713268520046492021,0.58248072,44007798.07722151,52714.21286058831525,14775,1.54089083972694,17263
2016-01-12,3.50758612127601,154419280.0035393969317066189751,0.57279958,44024373.07722151,58138.23996014986575,16575,1.72861358162261,14077
2016-01-13,3.47092904072516,152853460.6074350412893283501916,0.56702509,44038198.07722151,47985.593988025337,13825,1.48336661245098,12242
2016-01-14,3.45390875005538,152151937.8006779981917915272238,0.56442044,44052101.20222151,48095.6793445211665,13925,1.53373792250001,11651
2016-01-15,3.03583933651544,133777309.3396386569137404151144,0.49707593,44066004.32722151,42274.062760977502,13925,1.53373792250001,12937
2016-01-16,3.08765152502173,136105477.6324478560459895234123,0.50585,44080582.45222151,45079.712265317258,14600,1.60808428499104,14626
2016-01-17,3.01886315166189,133115293.1721394721095351552539,0.49461294,44094510.57722151,42113.1409656833655,13950,1.50778364658169,25534
2016-01-18,3.0317041624824,133727858.436970615855376276424,0.49705591,44109798.07722151,46612.4514981669,15375,1.65975155582425,13166
2016-01-19,2.9833308659349,131636261.642412164909800539699,0.48936229,44123923.07722151,42139.5484813304625,14125,1.52481240494424,9128
2016-01-20,3.39319910138889,149769185.0726876518266131830239,0.55625137,44138048.07722151,47928.93730711807125,14125,1.52675122084537,15138
2016-01-21,3.21973946775731,142157608.8156281833811957917381,0.5280442,44151898.07722151,44593.3916284387435,13850,1.49937126214278,13042
2016-01-22,3.05351989532138,134862975.2334798241209988988838,0.50141026,44166398.07722151,44276.03848216001,14500,1.56973886650327,12358
2016-01-23,3.0850812440076,136299731.825670014209745323476,0.50676963,44180273.07722151,42805.50226060545,13875,1.50207770846433,23909
2016-01-24,3.18524481565094,140771410.7164507287413572197194,0.52317996,44194848.07722151,46424.9431881124505,14575,1.54689250216807,19536
2016-01-25,3.10513927582217,137276804.1009290077184544588767,0.51019194,44209548.07722151,45645.547354585899,14700,1.5556186619474,20857
2016-01-26,3.12219883912115,138079549.8767200014998822759365,0.51325214,44225098.07722151,48550.1919483338825,15550,1.64556940090354,24091
2016-01-27,3.2925672171074,145663990.495758230916731260174,0.54131525,44240248.07722151,49882.39333917711,15150,1.64272212769736,25004
2016-01-28,3.08231313757529,136404217.3166808469923216324879,0.50711938,44253848.07722151,41919.458671023944,13600,1.50872144319671,25418
2016-01-29,3.08940242395055,136757798.8101764814865216363305,0.50850831,44266748.07722151,39853.291268962095,12900,1.43106666303217,19252
2016-01-30,3.06044995443519,135514116.7153616011790365689369,0.50391698,44279148.07722151,37949.579434996356,12400,1.37559896291465,36482
2016-01-31,3.01264401187473,133432859.5050959686334645814423,0.49640389,44290948.07722151,35549.199340121814,11800,1.2066066876304,22527
2016-02-01,3.04231044169548,134796023.1793177671005319257748,0.50156651,44307123.07722151,49209.371394424389,16175,1.58792252952577,14843
2016-02-02,3.04358625539438,134900943.8353593052675396691138,0.50224812,44323023.07722151,48393.021460770642,15900,1.56092539223862,21073
2016-02-03,3.02726617871038,134225722.2321138436126853962738,0.49968745,44338923.07722151,48133.532241495042,15900,1.60909459425797,13188
2016-02-04,3.16129547054834,140212615.7972125378812233427934,0.52189392,44352898.07722151,44179.1042009130515,13975,1.49215339519655,17220
2016-02-05,3.10660655567216,137832438.0506321884645832601616,0.51304475,44367523.07722151,45434.12087670534,14625,1.56155587869407,17201
2016-02-06,3.06135166055853,135870740.3236038903302771299803,0.50580475,44382598.07722151,46149.87628291983975,15075,1.60960375188465,20984
2016-02-07,3.06142928624921,135919647.7783346082584662325071,0.50594515,44397448.07722151,45462.2249008007685,14850,1.61172576794332,16884
2016-02-08,3.02397866995118,134301312.8727644092565617458818,0.49993866,44412123.07722151,44376.8869815335665,14675,1.59485022199553,10740
2016-02-09,3.03615975235215,134884503.2241277606773090747465,0.50210293,44426023.07722151,42202.620557694885,13900,1.51062474178793,17715
2016-02-10,3.05378683898534,135707151.1212429025803948226634,0.50587416,44438973.07722151,39546.539564860153,12950,1.39845886024913,12417
2016-02-11,3.0343716137361,134888897.334946605131950883511,0.50302281,44453651.20222151,44605.26272192067,14700,1.57052600919701,15617
2016-02-12,3.06769089848976,136412932.1779996982156159867376,0.50868979,44467626.20222151,42870.980306394396,13975,1.49306809377743,15853
2016-02-13,3.09936836904349,137864247.8968984167637018034699,0.51404419,44481401.20222151,42693.79928357407475,13775,1.47170039297203,17309
2016-02-14,3.17923383075246,141463033.3936132191873068974146,0.52734439,44495951.20222151,46257.852237448293,14550,1.52098024768614,18020
2016-02-15,3.13099025702717,139362023.8743081105627424284267,0.51948601,44510526.20222151,45634.18299617100275,14575,1.51450274251748,15463
2016-02-16,3.17944174315816,141567826.8782534855766352840216,0.52760031,44526001.20222151,49201.860975372526,15475,1.60802263742422,14812
2016-02-17,3.21345975789393,143129429.5557408210174749444343,0.53337475,44540601.20222151,46916.512465251378,14600,1.54233163802197,15775
2016-02-18,3.22202122479963,143555065.2307346170211606260413,0.53487961,44554351.20222151,44302.7918409949125,13750,1.48964071760421,16125
2016-02-19,3.21601754625152,143330509.0624393385449972141952,0.53402603,44567701.20222151,42933.834242457792,13350,1.44630571491027,12755
2016-02-20,3.46217158640306,154348806.7415251718745822618206,0.57459806,44581501.20222151,47777.967892362228,13800,1.49505759294095,21532
2016-02-21,3.4457633482048,153670109.173874345341430445248,0.57219166,44596826.20222151,52806.32331123856,15325,1.59934342438594,25320
2016-02-22,3.46613965277394,154628220.1774398426142618354494,0.57574864,44611076.20222151,49392.490052028645,14250,1.4684744301785,19815
2016-02-23,3.38830267573896,151204027.4691441708519328570296,0.56328981,44625301.20222151,48198.605562386706,14225,1.46589815924837,16548
2016-02-24,3.35026637147126,149556732.4168322102273991188026,0.55715142,44640251.20222151,50086.482253495337,14950,1.5513930882168,12814
2016-02-25,3.35905796992693,149997478.0386800813343383742643,0.55878276,44654626.20222151,48286.45831769961875,14375,1.51542318261384,15052
2016-02-26,3.40839734252583,152249960.6207355895186405566033,0.56703296,44669076.20222151,49251.3415994982435,14450,1.52332973834921,15944
2016-02-27,3.41013105866148,152381710.4560211444419030644348,0.56740186,44685001.20222151,54306.337109184069,15925,1.67882533447829,22502
2016-02-28,3.42225741343847,152972771.5841276851489416954897,0.56964532,44699376.20222151,49194.95031817800625,14375,1.55498295811094,15308
2016-02-29,3.42553565714836,153166921.9786329867747436532236,0.57015849,44713276.20222151,47614.945634362204,13900,1.5067706180909,18754
2016-03-01,3.40799646157701,152425542.6381907648202699434851,0.56829378,44725851.20222151,42855.55550433090075,12575,1.36313960593475,17435
2016-03-02,3.35085967445364,149917382.0920395698787635057964,0.56115047,44739976.20222151,47330.892901657665,14125,1.51330589884258,14265
2016-03-03,3.27994981281922,146791697.8535907933767400254222,0.54957218,44754251.20222151,46821.2835779943655,14275,1.47407455324266,17563
2016-03-04,3.20440057776536,143457572.9883333706839435248936,0.5372088,44768926.20222151,47024.578478706658,14675,1.51537961953318,14580
2016-03-05,3.14671210011869,140920549.1153028172532126710219,0.52774102,44783426.20222151,45627.325451721005,14500,1.49730865303108,23383
2016-03-06,3.17164055796192,142083553.9836623381702219848992,0.53222443,44798126.20222151,46623.116202040224,14700,1.53145947973574,20507
2016-03-07,3.24798490983591,145554225.2587108427271415724241,0.54512523,44813701.20222151,50587.36497069429825,15575,1.6270452767882,16584
2016-03-08,3.22590439653628,144609071.9187619196054853113828,0.54156717,44827451.20222151,44356.18545237385,13750,1.43639631177129,11159
2016-03-09,3.26148426499066,146250013.6638184678213114010966,0.54758486,44841551.20222151,45986.928136368306,14100,1.47684333031723,11603
2016-03-10,3.26934755036061,146649530.7147004348083335987211,0.54928451,44855901.20222151,46915.1373476747535,14350,1.51219032188449,17096
2016-03-11,3.35980301454669,150749073.6121895227141236173019,0.56438121,44868426.20222151,42081.53275719729225,12525,1.31987343425806,16130
2016-03-12,3.26338116763932,146467485.4119409502199064257732,0.54873562,44882126.20222151,44708.321996658684,13700,1.44369389615453,12711
2016-03-13,3.26138254287988,146426948.2250907937246890822188,0.54877145,44897201.20222151,49165.341833914191,15075,1.5420747060573,23045
2016-03-14,3.27875265080114,147252638.0236308515021492405214,0.55228776,44911176.20222151,45820.5682949459315,13975,1.40424644085194,17927
2016-03-15,3.2977567094451,148154692.117493668931719384101,0.55560659,44925901.20222151,48559.4675465790975,14725,1.47960850386725,17045
2016-03-16,3.29706039226237,148172453.2138718344836087775787,0.55562461,44940776.20222151,49043.77333490275375,14875,1.49906836285345,12268
2016-03-17,3.29049125709356,147927575.6966417331218179144756,0.55478084,44956076.20222151,50344.516233531468,15300,1.562480638657,16671
2016-03-18,3.16485580233303,142329424.2190083968185768494753,0.53494155,44971851.20222151,49925.60028180354825,15775,1.61098902449766,16070
2016-03-19,3.16866776193834,142550523.9663356606543316416934,0.53597438,44987526.20222151,49668.8671683834795,15675,1.60077673274173,24268
2016-03-20,3.18990962817508,143551838.4356686938461832219708,0.53977482,45001851.20222151,45695.455423608021,14325,1.56553256716398,20334
2016-03-21,3.19303683304027,143743417.5552570037025412902077,0.54086892,45017776.20222151,50849.11156616629975,15925,1.74872332258488,12850
2016-03-22,3.22260085177707,145122018.4269948502059652787757,0.54594281,45032576.20222151,47694.492606300636,14800,1.62518713810086,19438
2016-03-23,3.23460559678016,145711789.0262057969594950932416,0.54825721,45047776.20222151,49166.005071058432,15200,1.70429671534242,22022
2016-03-24,3.18858792317047,143682797.6774293594520164308097,0.54060011,45061576.20222151,44002.513339752486,13800,1.57008832731176,16870
2016-03-25,3.22365970783674,145304772.7849474828931443962774,0.54670412,45074476.20222151,41585.210231093946,12900,1.46769126248708,16355
2016-03-26,3.22728521145782,145514340.6401607680899896617082,0.54745589,45088776.20222151,46150.178523846826,14300,1.62697558554769,24126
2016-03-27,3.29432229413328,148583575.3186263907235760228528,0.55884605,45102926.20222151,46614.660461985912,14150,1.56736834700182,22697
2016-03-28,3.25272541472074,146754598.8547533425954442711174,0.55194172,45117426.20222151,47164.51851345073,14500,1.60445743301903,14355
2016-03-29,3.22240567371241,145432972.2588991605211008559391,0.54692086,45131801.20222151,46322.08155961589375,14375,1.59062590342404,16823
2016-03-30,3.20887743024954,144867823.8799556899625216556054,0.54484201,45145951.20222151,45405.615638030991,14150,1.55850250668051,12182
2016-03-31,3.26104681020341,147267247.3458815142384269773491,0.55375252,45159501.20222151,44187.1842782562055,13550,1.48367044504864,13766
2016-04-01,3.25357511659609,146976680.8711180996235773798959,0.55257845,45173901.20222151,46851.481678983696,14400,1.57674202278232,20765
2016-04-02,3.26457590092862,147520231.0366885121925159386162,0.55451722,45188176.20222151,46601.8209857560505,14275,1.56305502605678,33066
2016-04-03,3.25690648047294,147223250.3149335228789634409394,0.55365333,45203401.20222151,49586.4011652005115,15225,1.63819624590248,16130
2016-04-04,3.23760998099634,146397442.6105216131794911792734,0.55052466,45217751.20222151,46459.703227297479,14350,1.54010727235512,19661
2016-04-05,3.25291900580834,147136930.9341786312441012853934,0.55496816,45232276.20222151,47248.6485593661385,14525,1.55888906835946,13065
2016-04-06,3.25584570862205,147318801.2189812359703709702955,0.55573192,45247476.20222151,49488.85477105516,15200,1.65597643543606,21807
2016-04-07,3.24224636456172,146749343.0083041801904015065972,0.55352699,45261626.20222151,45877.786058548338,14150,1.56863557401294,19593
2016-04-08,3.2153052795316,145569172.412598908639452244716,0.54910486,45273826.20222151,39226.72441028552,12200,1.35246318042105,17337
2016-04-09,3.23273714071059,146400162.5935414384206679827909,0.55220243,45286751.20222151,41783.12754368437575,12925,1.43283496778213,24338
2016-04-10,3.24427879909185,146968672.2431517670739405356935,0.55431651,45300876.20222151,45825.43803717238125,14125,1.48481336284733,11211
2016-04-11,3.24975697794537,147262985.0942955286112694189087,0.55535322,45315076.20222151,46146.549086824254,14200,1.4587979108218,20839
2016-04-12,3.28612991638638,148962244.7384005073622075070338,0.56162225,45330601.20222151,51017.1669518985495,15525,1.59491813841609,19240
2016-04-13,3.2526383028514,147487716.430843184822847413614,0.55597267,45344026.20222151,43666.669215780045,13425,1.38058838743115,14776
2016-04-14,3.25675755375181,147720501.5520516447269071834331,0.55681785,45358151.20222151,46001.70044674431625,14125,1.45839117617711,15131
2016-04-15,3.29312874948592,149415676.9243079057753744661392,0.56344954,45371951.20222151,45445.176742905696,13800,1.42483527300844,18419
2016-04-16,3.29002817109578,149317685.7484117789138069862278,0.56300091,45384926.20222151,42688.1155199677455,12975,1.33965490342641,13218
2016-04-17,3.27157722138663,148525929.2597394492182886124113,0.55994375,45398876.20222151,45638.5022383434885,13950,1.39819690117707,24424
2016-04-18,3.26362245454072,148214643.61747752191962620948,0.5587346,45414151.2022215,49851.832993109498,15275,1.48744518452872,17384
2016-04-19,3.31410238236476,150557189.63832941051013531434,0.56740064,45429251.2022215,50042.945973707876,15100,1.47040407766833,17748
2016-04-20,3.29671385733838,149816610.2568834875284946377862,0.56443305,45444226.20222149,49368.2900136422405,14975,1.46978624910546,15299
2016-04-21,3.37066107569017,153222756.8322628982729889557533,0.57714554,45457776.20222149,45672.4575756018035,13550,1.39314479173538,17174
2016-04-22,3.36252216794959,152895147.9649772493066363346891,0.57597206,45470376.20222149,42367.779316164834,12600,1.29547043364324,11430
2016-04-23,3.3588785543526,152775572.092145074002828757374,0.57541051,45484101.20222149,46100.608158489435,13725,1.41113743664709,24686
2016-04-24,3.70729558157387,168677133.9343454569191545364663,0.63448217,45498701.20222149,54126.515490978502,14600,1.45680418067168,20943
2016-04-25,3.85853011366558,175621388.6153080627189029493142,0.65850312,45515101.20222149,63279.893864115512,16400,1.56899653040582,22565
2016-04-26,4.08844940725923,186144857.7805604875083083068527,0.69472878,45529451.20222149,58669.2489941699505,14350,1.37287196410509,20076
2016-04-27,3.90623349710198,177909409.3216675342738530775502,0.66282983,45545001.20222149,60741.930879935789,15550,1.5033660498068,14483
2016-04-28,3.81420631471924,173771144.0123410500661736444676,0.64651211,45558926.20222149,53112.822932465417,13925,1.43624806530225,23883
2016-04-29,3.84212629135239,175095977.4038445747010944208611,0.65141352,45572676.20222149,52829.2365060953625,13750,1.41819826914944,16276
2016-04-30,3.66755484891188,167194386.0173698428734682740636,0.62195173,45587426.20222147,54096.43402145023,14750,1.52133996145122,18484
2016-05-01,3.72755624230189,169980203.4976505734706043795783,0.63225206,45600976.20222147,50508.3870831906095,13550,1.38100175435383,25449
2016-05-02,3.67960596430809,167841550.8796505086912394926923,0.62428441,45614001.20222147,47926.86768511287225,13025,1.3153032136617,16945
2016-05-03,3.76670244565333,171864090.3567241698419415029951,0.6389573,45627201.20222147,49720.472282623956,13200,1.33297523380686,13984
2016-05-04,3.75773461573446,171503763.9266731348901676308562,0.63759866,45640201.20222147,48850.55000454798,13000,1.31277863935525,13479
2016-05-05,3.72512338384583,170070791.9521584675457579959701,0.63218036,45655076.20222147,55411.21033470672125,14875,1.39648407822791,26889
2016-05-06,3.84238303392333,175480196.8850361391976156598951,0.65225738,45669626.20222147,55906.6731435844515,14550,1.33417894294264,15987
2016-05-07,4.02329019169594,183804922.4848079989837747798318,0.68250007,45685226.20222147,62763.326990456664,15600,1.43045989758799,17595
2016-05-08,3.96719572790812,181298667.5771986143174200513364,0.67308673,45699451.20222147,56433.359229493007,14225,1.32800233979018,18902
2016-05-09,4.1123272101011,187986304.658378385311243290617,0.69753549,45712876.20222147,55207.9927956072675,13425,1.29030318010817,19313
2016-05-10,3.82474829620881,174897712.2124013618471509851507,0.64924301,45727901.20222147,57466.84315053737025,15025,1.4440823300652,18333
2016-05-11,3.88726357013785,177814421.8910426219948241296395,0.65985269,45742826.20222147,58017.40878430741125,14925,1.43447113319288,18847
2016-05-12,3.87825552897276,177453173.7770349966802591171572,0.65835563,45755926.20222147,50805.147429543156,13100,1.24597682899196,16882
2016-05-13,3.95974127197866,181238550.7013308346158544338302,0.67200411,45770301.20222147,56921.2807846932375,14375,1.36513968663874,18191
2016-05-14,4.03314243599803,184653599.7955860335464325437041,0.68434762,45784051.20222147,55455.7084949729125,13750,1.30578578721966,23140
2016-05-15,4.10133578383654,187839235.6959301446510673585138,0.69561517,45799526.20222147,63468.1712548704565,15475,1.46346228908456,13028
2016-05-16,4.0218897808392,184263689.522306360338480857624,0.682567,45815201.20222147,63043.12231465446,15675,1.46778529281735,21190
2016-05-17,3.97656074427082,182247771.9710105195315592985054,0.67578473,45830501.20222147,60841.379387343546,15300,1.43267081212794,12840
2016-05-18,4.00716187137876,183711446.3613056062759237739772,0.68126087,45845776.20222147,61209.397585310559,15275,1.43347378845426,21255
2016-05-19,3.81386203821912,174901620.0337146486489866285064,0.64902972,45859451.20222147,52154.563372646466,13675,1.37102048947225,22374
2016-05-20,3.87252883999354,177645875.5177549727934284493038,0.65908192,45873351.20222147,53828.150875910206,13900,1.39357841343066,14514
2016-05-21,3.97578135381562,182438771.0475178117233047853614,0.67635552,45887526.20222147,56356.7006903364135,14175,1.42114920937983,21500
2016-05-22,3.94116287093199,180904109.9093740795892772878253,0.67051027,45901201.20222147,53895.40225999496325,13675,1.34946073476883,12967
2016-05-23,3.98145632819618,182810662.3602921873193139679846,0.6771895,45915526.20222147,57034.3619014102785,14325,1.38003446423816,24058
2016-05-24,3.95170546806803,181505097.0562009308525350866041,0.67220671,45930826.20222147,60461.093661440859,15300,1.47396351154233,15264
2016-05-25,4.03098536353335,185206247.5141632117230484310245,0.68540242,45945651.20222147,59759.35801438191375,14825,1.42820320644542,14590
2016-05-26,4.09849413782618,188365565.9535475321097727240846,0.69651276,45959701.20222147,57583.842636457829,14050,1.38592193746105,10848
2016-05-27,4.44577970214468,204390170.2267187735115393422796,0.75216235,45973976.20222147,63463.505248115307,14275,1.40920498101093,24311
2016-05-28,4.54987967743778,209245104.4376007142193737051366,0.76908139,45989151.20222147,69044.4241051183115,15175,1.49805152972616,23560
2016-05-29,4.50898107406016,207426999.9443639500507844236352,0.76105028,46003076.20222147,62787.561456287728,13925,1.37241788801914,18416
2016-05-30,4.57612782033687,210568925.5095830702187877465989,0.77060321,46014651.20222147,52968.67952039927025,11575,1.1387295578041,15147
2016-05-31,4.6292846220459,213066880.919132201026916305473,0.77647596,46025876.20222147,51963.7198824652275,11225,1.10429713057028,17775
2016-06-01,4.72533015668994,217539321.3049046315001100010118,0.79216988,46036851.20222147,51860.4984696720915,10975,1.07970253968898,16352
2016-06-02,4.71965872032083,217336867.9922770335406771142201,0.79118279,46049276.20222147,58641.75959998631275,12425,1.17796564834285,20091
2016-06-03,4.90322858592895,225860856.5084220524365235845565,0.82102008,46063701.20222147,70729.07235202510375,14425,1.14952427121857,20020
2016-06-04,4.84388417222902,223200981.3042496454504056010594,0.8085805,46078926.20222147,73748.1365221868295,15225,1.21327605055825,15671
2016-06-05,4.82740964882535,222509316.0059574993179960502645,0.80421382,46092901.20222147,67463.04984233426625,13975,1.11366389534,11972
2016-06-06,4.9656849531743,228963518.328509838807088112221,0.82616223,46109151.20222147,80692.380489082375,16250,1.32160474006074,16569
2016-06-07,4.79392713047355,221116299.2111067604582930771185,0.79761417,46124251.20222147,72388.299670150605,15100,1.2372697300217,17586
2016-06-08,4.7765943296392,220389082.740620920072503593624,0.79480983,46139376.20222147,72245.9892357929,15125,1.23931818983961,9492
2016-06-09,4.74392323151945,218951868.7173605721682135125915,0.78957833,46154176.20222147,70210.06382648786,14800,1.25211792286361,15070
2016-06-10,4.86824558604988,224756924.6571809221278982269236,0.81017013,46167951.20222147,67060.082947837097,13775,1.21258464373371,13416
2016-06-11,5.04641416020519,233058425.0673097345509490234293,0.83879852,46182976.20222147,75822.37275708297975,15025,1.32261954788378,15445
2016-06-12,5.27321970553935,243613264.9400259451964844998445,0.87469546,46198201.20222147,80284.77001683660375,15225,1.34028910965034,13894
2016-06-13,5.29318101338303,244610604.6264377944574359996541,0.87632759,46212401.20222147,75163.170390039026,14200,1.25908125970728,22853
2016-06-14,5.17110280635965,239042765.7604161320553237716855,0.85610155,46226651.20222147,73688.2149906250125,14250,1.26351464442456,14692
2016-06-15,5.24915493373853,242727229.4326368741328881322391,0.86760764,46241201.20222147,76375.2042858956115,14550,1.29011495272824,18927
2016-06-16,5.70298480109716,263795846.0696007296326853080252,0.93711093,46255751.20222147,82978.428855963678,14550,1.28515443443905,19249
2016-06-17,5.61473608011102,259795529.5977171925991082275994,0.9210763,46270301.20222147,81694.409965615341,14550,1.28015970567893,19679
2016-06-18,5.57856738991968,258211947.8076365123473008715296,0.91394254,46286426.20222147,89954.39916245484,16125,1.41873369443799,16264
2016-06-19,5.58320198746064,258514681.3560950325958521879408,0.91447234,46302226.20222147,88214.591401878112,15800,1.41182969179406,15861
2016-06-20,5.17726598476468,239790645.8695300990157911936796,0.84898286,46316076.20222147,71705.133888990818,13850,1.30892170981135,22278
2016-06-21,4.88287332397308,226227555.3404602195617024780276,0.8018833,46330826.20222147,72022.38152860293,14750,1.39397799420342,18123
2016-06-22,3.94361688262005,182768013.6607698235040439624735,0.65126369,46345276.20222147,56985.2639538597225,14450,1.36562589940607,16610
2016-06-23,3.9040915037749,180986073.830154629627770827103,0.64562862,46358051.20222147,49874.7689607243475,12775,1.19889384834186,15209
2016-06-24,4.31720454269912,200198061.8249609891224138141064,0.71201704,46372151.20222147,60872.584052057592,14100,1.31895951180915,12370
2016-06-25,4.28051610418624,198553256.1960563962994546065728,0.70609566,46385354.32722147,56609.825477863024,13225,1.23710918749476,14907
2016-06-26,4.08807039324477,189680454.0327132684843617092119,0.6750137,46398529.32722147,53860.32743099984475,13175,1.23243202610536,12031
2016-06-27,4.17194694615498,193638953.8839223701872634034206,0.68913202,46414529.32722147,66751.15113847968,16000,1.40399202042432,14205
2016-06-28,4.09836943715598,190286286.1093450828581723948906,0.67752769,46429754.32722147,62397.6746806997955,15225,1.32915511928816,18606
2016-06-29,4.0506166903977,188128783.139674227136770278619,0.67045841,46444479.32722147,59645.3307661061325,14725,1.28550470486162,10050
2016-06-30,4.20129638523495,195186576.4878356298395666343765,0.69519573,46458654.32722147,59553.37626070541625,14175,1.27858774850013,17401
2016-07-01,4.2900667711269,199372506.121988019798897774543,0.70958671,46473054.32722147,61776.96150422736,14400,1.32614865768974,16257
2016-07-02,4.62105081914558,214825625.4758891357583408316026,0.76351871,46488479.32722147,71279.7088853205715,15425,1.42054465589335,12564
2016-07-03,4.31072577915366,200464501.5332042436951959810802,0.71301124,46503654.32722147,65415.2636986567905,15175,1.40722622912175,13038
2016-07-04,4.52916310413178,210693856.4759621485683841253166,0.74826004,46519379.32722147,71221.0898124722405,15725,1.49623918670766,14312
2016-07-05,4.42840963853468,206073626.0666194055482066355796,0.73048796,46534454.32722147,66758.275300910301,15075,1.43439146197888,13826
2016-07-06,4.49576349575123,209269717.8070917271429762349081,0.74136868,46548204.32722147,61816.7480665794125,13750,1.30831725387792,10435
2016-07-07,4.12981300515237,192284937.3531108806545560853839,0.68182089,46560204.32722147,49557.75606182844,12000,1.16360093252899,12691
2016-07-08,4.26133489115148,198452301.9213652736167972782756,0.7034832,46570454.32722147,43678.68263430267,10250,0.999249974933764,9563
2016-07-09,4.15510522302273,193559050.5038481474233455540131,0.68688956,46583429.32722147,53912.49026871992175,12975,1.2649042365625,14056
2016-07-10,4.1290648979302,192405874.301262392181920001394,0.68326009,46597929.32722147,59871.4410199879,14500,1.41357313527216,11300
2016-07-11,4.14240957959981,193095333.6709841136704718399207,0.68564243,46614254.32722147,67624.83638696689825,16325,1.42249920038005,11974
2016-07-12,4.20813122999801,196231910.4742910101408969292747,0.69655989,46631604.32722147,73011.0768404654735,17350,1.46544326240519,13409
2016-07-13,4.15536127112051,193837544.5278578322624118293497,0.68799437,46647579.32722147,66381.89630615014725,15975,1.34930582806472,10583
2016-07-14,4.16378688050704,194295117.5067440313823879741488,0.68946878,46663079.32722147,64538.69664785912,15500,1.46518466474042,11742
2016-07-15,4.17537042813766,194892739.6993270832453744675602,0.69144977,46676754.32722147,57098.1906047825005,13675,1.34217000314597,12321
2016-07-16,4.17130196433108,194768013.6069308294216235642876,0.69086482,46692379.32722147,65176.593192673125,15625,1.53355804747025,14382
2016-07-17,4.21165649936925,196718280.5801343257981600577975,0.69756091,46708054.32722147,66017.71562761299375,15675,1.56635314071225,10715
2016-07-18,4.17891513088056,195250842.9059540484502192376232,0.69227291,46722854.32722147,61847.943937032288,14800,1.52166368396189,11895
2016-07-19,4.15808315876452,194336662.4403609972302496182444,0.68899908,46737079.32722147,59148.732933425297,14225,1.4625449935377,10176
2016-07-20,4.13279633792479,193210003.1199525951412765332413,0.68477145,46750429.32722147,55172.8311112959465,13350,1.37258176897914,11283
2016-07-21,4.14358625984617,193769442.7097837664323457212699,0.68665023,46763704.32722147,55006.10759945790675,13275,1.33608148028205,11410
2016-07-22,4.02747028360388,188394605.8720080173096985113036,0.66764224,46777404.32722147,55176.342885373156,13700,1.37343018345825,11568
2016-07-23,4.0656068104098,190232301.256112126708506058406,0.67411127,46790629.32722147,53767.650067669605,13225,1.32581125373981,9753
2016-07-24,4.068645844903,190434918.98339289781555166741,0.67483315,46805479.32722147,60419.39079680955,14850,1.47655994834444,15393
2016-07-25,4.03757550014767,189038898.6308472856179857944749,0.67043726,46819904.32722147,58242.02658963013975,14425,1.37865724413191,12880
2016-07-26,3.9667037490365,185776223.876806165310234613655,0.65913537,46833904.32722147,55533.852486511,14000,1.33803822654051,11900
2016-07-27,3.97049514707399,186012751.7026944359618772065653,0.6599989,46848754.32722147,58961.8529340487515,14850,1.41927626172332,8387
2016-07-28,3.96246610918698,185693165.4829505952357641004606,0.6588502,46863029.32722147,56564.2037086441395,14275,1.36347716826462,10628
2016-07-29,4.08617062271302,191554180.1442109637100497925394,0.67948729,46878654.32722147,63846.4159798909375,15625,1.49199374778033,11770
2016-07-30,4.0721037997734,190952061.275124098963037614898,0.67721577,46892729.32722147,57314.860981810605,14075,1.34398796800052,14406
2016-07-31,3.95043420916497,185309750.2818605539601289559059,0.65727208,46908704.32722147,63108.18649141039575,15975,1.54471278062311,11513
2016-08-01,3.85697299842913,180982689.1817656495678076094211,0.6422673,46923504.32722147,57083.200376751124,14800,1.47005546671526,10960
2016-08-02,3.57536648484762,167821818.9154499005780509424014,0.59687403,46938354.32722147,53094.192299987157,14850,1.47502187031902,17641
2016-08-03,3.77328158810782,177168133.0507677079173553788954,0.62897064,46953329.32722147,56504.8917819146045,14975,1.48743787932844,12456
2016-08-04,3.80177159696094,178562290.1271985764900663193818,0.64258793,46968179.32722147,56456.308214869959,14850,1.54171195061574,11229
2016-08-05,3.7674907836892,177010013.725498127637032047124,0.63693297,46983529.32722147,57830.98352962922,15350,1.59728822781448,11498
2016-08-06,3.79595988110212,178401305.2310351743347409265164,0.64183272,46997679.32722147,53712.832317594998,14150,1.47241878980944,9440
2016-08-07,3.79049881465112,178196009.0401249515898770235464,0.64124186,47011229.32722147,51361.258938522676,13550,1.42008060454011,12510
2016-08-08,3.79598642054812,178508175.8455595558842740321364,0.64233634,47025504.32722147,54187.706153324413,14275,1.50677832205217,19320
2016-08-09,3.74826516896676,176320752.4335005090311415883372,0.6346285,47040629.32722147,56692.510680622245,15125,1.59649892266474,13672
2016-08-10,3.73989571609554,175979313.1459462347336452592438,0.63356035,47054604.32722147,52265.0426324351715,13975,1.47511222771833,12898
2016-08-11,3.74670777988376,176355116.0519060056850403763272,0.63527983,47069354.32722147,55263.93975328546,14750,1.55059735146724,14933
2016-08-12,3.69990157802351,174207291.8804258972032126367597,0.628107,47084304.32722147,55313.5285914514745,14950,1.57150072331619,12951
2016-08-13,3.71001509000197,174740057.2863592375940069262959,0.62986848,47099554.32722147,56577.7301225300425,15250,1.60303585488775,12293
2016-08-14,3.64372011818706,171668059.1833781586939835081782,0.61903757,47113404.32722147,50465.523636890781,13850,1.49010625642564,17143
2016-08-15,3.57016907462845,168251194.9204735029897611128215,0.60491099,47126954.32722147,48375.7909612154975,13550,1.48142913625466,11968
2016-08-16,3.62986755856489,171114059.5918359220902243961883,0.61518677,47140579.32722147,49456.94548544662625,13625,1.48962892852176,14521
2016-08-17,3.60663865747856,170064840.0484415794572008966832,0.61149642,47153279.32722147,45804.310949977712,12700,1.38849815722762,12536
2016-08-18,3.60143361886483,169868835.0851983149416894039001,0.61078124,47167004.32722147,49429.67641891979175,13725,1.40109739927251,11471
2016-08-19,3.59653377747741,169695178.8723703785752009919927,0.61010337,47182979.32722147,57454.62709520162475,15975,1.60625140365923,8451
2016-08-20,3.60944938482759,170358807.6839794657242396963573,0.61227664,47198004.32722147,54231.97700703453975,15025,1.51073097589858,14701
2016-08-21,3.60450633987605,170180474.5486501403252606987935,0.6116211,47213254.32722147,54968.7216831097625,15250,1.56746874000887,16560
2016-08-22,3.67179877383156,173414665.8182224685716005955932,0.62327484,47228804.32722147,57096.470933080758,15550,1.63745315231708,13877
2016-08-23,3.92985894842147,185660308.2351197336260075929609,0.66603055,47243504.32722147,57768.926541795609,14700,1.54794606682065,12178
2016-08-24,3.83952410730961,181447095.0204765082297283293267,0.65110307,47257704.32722147,54521.242323796462,14200,1.49984971493233,11322
2016-08-25,3.79302616382464,179302147.5421548177497195230208,0.64349988,47271529.32722147,52438.586714875648,13825,1.50721143642443,9191
2016-08-26,3.82836178857884,181026017.9200140652859572356948,0.64983777,47285504.32722147,53501.355995389289,13975,1.52356454423374,9932
2016-08-27,3.7432896128249,177056211.151056141706394630603,0.6356439,47299629.32722147,52873.9657811517125,14125,1.53991765204304,13978
2016-08-28,3.75024385644088,177437741.4664297753385737216936,0.63704954,47313654.32722147,52597.170086583342,14025,1.51239749475387,9841
2016-08-29,3.75161839543348,177562145.2902926737897046128156,0.63744017,47329479.32722147,59369.361107734821,15825,1.68643646034491,10343
2016-08-30,3.79207150434001,179527014.8194386292825394520147,0.6444615,47342729.32722147,50244.9474325051325,13250,1.41202420850364,12519
2016-08-31,3.76903735530641,178493239.3486553859516657806227,0.64054646,47357779.32722147,56724.0121973614705,15050,1.60417013728326,9454
2016-09-01,3.81623145609474,180785490.6311771880060212820678,0.64861811,47372779.32722147,57243.4718414211,15000,1.60823113647222,7699
2016-09-02,3.83593169386804,181772065.0984502875262500348188,0.65252697,47386679.32722147,53319.450544765756,13900,1.49029418646426,12857
2016-09-03,3.89803206078319,184773947.9080836790708647830893,0.66331046,47401854.32722147,59152.63652238490825,15175,1.6269938330644,9944
2016-09-04,4.00152381760183,189737771.2223197482092526872901,0.68084094,47416379.32722147,58122.13345066658075,14525,1.56946352375171,15378
2016-09-05,3.95872610558668,187764573.6176189030181686420196,0.67357969,47430554.32722147,56114.942546691189,14175,1.53959035972151,11046
2016-09-06,3.96038099888801,187897917.4010879894122429975747,0.67405176,47444404.32722147,54851.2768345989385,13850,1.50429110985135,10683
2016-09-07,3.9800062893583,188882160.701162527871268282701,0.67742155,47457754.32722147,53133.083962933305,13350,1.44998457158957,8932
2016-09-08,4.01926797234011,190806826.3248640141262401341617,0.68409193,47473029.32722147,61394.31827749518025,15275,1.61028948295279,9449
2016-09-09,3.98120277234783,189056587.6388592204860522839101,0.67767951,47487304.32722147,56831.66957526527325,14275,1.50387863393007,8868
2016-09-10,3.9839543492055,189248107.509163249544417042085,0.67833911,47502579.32722147,60854.9026841140125,15275,1.60922915119312,12032
2016-09-11,3.88819331710539,184756367.9271326219012118607233,0.6622284,47517279.32722147,57156.441761449233,14700,1.58997502870723,11768
2016-09-12,3.81425433212322,181297437.0051546755951082695334,0.6500506,47531554.32722147,54448.4805910589655,14275,1.57091018120551,10789
2016-09-13,3.82961052411573,182078944.6809183674347896207231,0.6527855,47545029.32722147,51604.00181245946175,13475,1.48287318330958,10587
2016-09-14,3.82750628348414,182035354.2160592809209770124858,0.6525291,47559779.32722147,56455.717681391065,14750,1.62117528327015,9292
2016-09-15,3.81613773888797,181549144.1100163853717777087159,0.65069965,47574054.32722147,54475.36622262577175,14275,1.53907906553895,8526
2016-09-16,3.8276969723917,182153417.009711837112361489799,0.65286467,47588254.32722147,54353.29700796214,14200,1.53099283577255,7712
2016-09-17,3.819052788706,181798959.28457724625197671782,0.65150651,47603154.32722147,56903.8865517194,14900,1.60646431359232,11920
2016-09-18,3.84151302233168,182923262.9639563999182351571696,0.65546313,47617504.32722147,55125.711870459608,14350,1.54915134913157,14609
2016-09-19,3.82952114397784,182411788.6983397656518704522248,0.65360866,47633054.32722147,59549.053788855412,15550,1.68029976026057,11572
2016-09-20,3.82575500230927,182287199.8080448386188227240269,0.65307376,47647379.32722147,54803.94040808029275,14325,1.54792887882525,10924
2016-09-21,3.78188586440487,180248762.1898980489775122365589,0.64578361,47661079.32722147,51811.836342346719,13700,1.4820922404368,10367
2016-09-22,3.76808569696144,179646893.1851052459874569301168,0.64359965,47675904.32722147,55861.870457453348,14825,1.61995457227739,8517
2016-09-23,3.82742028354518,182535813.7568185321581906110146,0.65378441,47691604.32722147,60090.498451659326,15700,1.71556740537976,8530
2016-09-24,3.830065789773,182715698.86578249014323202631,0.6543462,47705629.32722147,53716.672701566325,14025,1.5325371248695,8191
2016-09-25,3.81383643620454,181995433.1257974125910707994738,0.65168445,47719779.32722147,53965.785572294241,14150,1.58000748638661,13559
2016-09-26,3.86619228731716,184546326.3476808321132234514252,0.66076764,47733354.32722147,52483.560300330447,13575,1.53068332165688,10296
2016-09-27,3.84670500350117,183669409.7887155441306879941199,0.65755361,47747204.32722147,53276.8642984912045,13850,1.56169163940683,8774
2016-09-28,3.83752928099448,183284732.2865765800629768074856,0.65632475,47761129.32722147,53437.595237848134,13925,1.56703950615296,9244
2016-09-29,3.84950461810617,183910484.7381431147001695634699,0.65845812,47775104.32722147,53796.82703803372575,13975,1.50894396480101,11042
2016-09-30,3.83445758331656,183247402.4390914219357322385432,0.65597852,47789654.32722147,55791.357837255948,14550,1.57102931576778,10007
2016-10-01,3.84546993344443,183832033.8512726816149585479121,0.65793801,47804829.32722147,58355.00624001922525,15175,1.63851339290557,9516
2016-10-02,3.84393979072991,183816256.4413354055562735231677,0.65773698,47819754.32722147,57370.80137664390675,14925,1.62579574614567,13176
2016-10-03,3.83122013045157,183264803.2501334138189844992079,0.65570791,47834579.32722147,56797.83843394452525,14825,1.62456923525337,9310
2016-10-04,3.81654218717052,182619461.0729297316990326950644,0.65329302,47849454.32722147,56771.065034161485,14875,1.63004838950381,8998
2016-10-05,3.83398002143185,183503406.1187599059347114618195,0.65644067,47862379.32722147,49554.19177700666125,12925,1.415518147669,10351
2016-10-06,3.82136860708551,182953866.1872528780171629978997,0.65442116,47876529.32722147,54072.3657902599665,14150,1.53975369936241,10950
2016-10-07,3.8427262805099,184031348.451128196023181827553,0.65810166,47890829.32722147,54950.98581129157,14300,1.55607617674081,9176
2016-10-08,3.83890985504645,183898098.6077481491778362872815,0.65775028,47903729.32722147,49521.937130099205,12900,1.40373305454241,8444
2016-10-09,3.8078027584174,182462499.445188743818996501578,0.65252211,47918054.32722147,54546.774514329255,14325,1.52772545537664,13710
2016-10-10,3.78393454550401,181376013.1321119809113940430947,0.64851341,47933179.32722147,57232.01000074815125,15125,1.57213201319401,10583
2016-10-11,3.83005665937923,183639264.4636769261885309280681,0.6567278,47946879.32722147,52471.776233495451,13700,1.42401379046334,9512
2016-10-12,3.80689588014128,182585024.2630596085138934492816,0.65288738,47961654.32722147,56246.886629087412,14775,1.53575209883911,10279
2016-10-13,3.88967324411814,186609035.5546673599058341832844,0.66704451,47975504.32722146,53871.974431036239,13850,1.46160123485244,8510
2016-10-14,3.88580268493744,186475316.1368559585669091254624,0.66647233,47988879.32722146,51972.61091103826,13375,1.41214657195889,12022
2016-10-15,3.87603122141589,186054844.9433376477896007929994,0.66497427,48001379.32722146,48450.390267698625,12500,1.31976315136345,9547
2016-10-16,3.89257586739795,186902728.317927191973773600007,0.66787272,48015179.32722146,53717.54697009171,13800,1.43454922341759,18577
2016-10-17,3.84625988050466,184736647.9562332163888003820036,0.66005928,48030204.32722146,57790.0547045825165,15025,1.46131783841772,10375
2016-10-18,3.83148839886431,184084164.0647645120799318600926,0.65768279,48045079.32722146,56993.38993310661125,14875,1.44672897480623,8632
2016-10-19,3.80514003659679,182877710.2225509698198150551134,0.65329364,48060704.32722146,59455.31307182484375,15625,1.51967329286368,9254
2016-10-20,3.7801433596664,181729463.337639731224944520944,0.64912595,48074754.32722146,53111.01420331292,14050,1.43255619897186,8158
2016-10-21,3.81888601416315,183644134.728648736240646621199,0.65582689,48088404.32722146,52127.7940933269975,13650,1.4035276872136,7555
2016-10-22,3.85927594131836,185638425.6197447612595080840056,0.66257636,48101879.32722146,52003.743309264901,13475,1.38553374250573,8580
2016-10-23,3.86992072720833,186201059.0395964568081914667618,0.66506836,48114954.32722146,50599.21350824891475,13075,1.33438948590453,17960
2016-10-24,3.85039927655246,185317616.1223981750132797277916,0.66218439,48129454.32722146,55830.78951001067,14500,1.40422775359447,11557
2016-10-25,3.88289237586924,186941967.3106691722627614818904,0.66810599,48145029.32722146,60476.048754163413,15575,1.50833429394716,11274
2016-10-26,3.93051918413257,189296572.2794804265191483889522,0.67629388,48160704.32722146,61610.88821127803475,15675,1.51801862328229,9414
2016-10-27,3.9993044357547,192669807.924518149598429135862,0.68820758,48175829.32722146,60489.4795907898375,15125,1.52916938018192,9298
2016-10-28,3.9839808261376,191991838.032923101811151632896,0.68563274,48190954.32722146,60257.7099953312,15125,1.54494167158295,10577
2016-10-29,4.0644498920044,195926926.243094197886122094424,0.69926693,48205029.32722146,57207.13222996193,14075,1.43768952248132,14681
2016-10-30,4.00358234266436,193048954.4844373381122921691656,0.68893176,48219054.32722146,56150.242355867649,14025,1.43583652847068,10363
2016-10-31,3.97326153686592,191652870.0439092025667901666432,0.68387872,48235654.32722146,65956.141511974272,16600,1.70646381080773,11540
2016-11-01,4.09373574920293,197525633.2285670000710965908778,0.70451814,48250704.32722146,61610.7230255040965,15050,1.54712532244918,11950
2016-11-02,4.13338914301915,199504244.957624005678475070959,0.71127458,48266504.32722146,65307.54845970257,15800,1.64244760488545,7585
2016-11-03,3.86680579934494,186693557.5411330355883783104124,0.66634432,48281079.32722146,56358.6945254525005,14575,1.629456490503,11188
2016-11-04,3.89651218560447,188183046.9928854284666656559262,0.67153262,48295254.32722146,55233.06023094336225,14175,1.58473727292487,9824
2016-11-05,3.89977493737302,188395316.7628507989311881690092,0.67214749,48309279.32722146,54694.3434966566055,14025,1.56796756633307,9527
2016-11-06,3.91504494795712,189188104.2271302104166328237952,0.67490238,48323354.32722146,55104.257642496464,14075,1.56872006996825,19030
2016-11-07,3.8746831668468,187290189.534169237200233492328,0.6680565,48336904.32722146,52501.95691077414,13550,1.50712936560464,11864
2016-11-08,3.83961135674656,185646089.6261001049494302131776,0.66215489,48350229.32722146,51162.821328647912,13325,1.48210323222744,10549
2016-11-09,3.84962694579338,186186165.2440750633518706619348,0.66407271,48364729.32722146,55819.59071400401,14500,1.61279526208614,9586
2016-11-10,3.81617834542333,184631113.4701267737326263606618,0.65845179,48381154.32722146,62680.72932357819525,16425,1.76029718936238,10250
2016-11-11,3.8116543893688,184473035.141593422259867214448,0.65779128,48397104.32722146,60795.88751043236,15950,1.70714954562317,7301
2016-11-12,3.74790832896709,181441880.2858196287541314817514,0.64716653,48411504.32722146,53969.879937126096,14400,1.54125100043723,10630
2016-11-13,3.88831801758476,188293858.1941144039964308409496,0.67139183,48425529.32722146,54533.660196626259,14025,1.59416117025338,15468
2016-11-14,3.8643083667323,187189625.806669080576558635158,0.66710245,48440654.32722146,58447.6640468260375,15125,1.76172531453011,13481
2016-11-15,3.89846049689541,188901284.7077429280715815274986,0.67301744,48455354.32722146,57307.369304362527,14700,1.71222228916315,10544
2016-11-16,3.90925863530879,189481392.0437813798195098146334,0.67490493,48469904.32722146,56879.7131437428945,14550,1.69422866132875,10000
2016-11-17,3.87726105609171,187985820.3420025316315612400966,0.66986664,48484179.32722146,55347.90157570916025,14275,1.66077125130815,9784
2016-11-18,3.92787204331776,190495821.0928174983946606711296,0.67863626,48498479.32722146,56168.570219443968,14300,1.66367978239625,8202
2016-11-19,3.94348347557714,191311512.5471296780632860934244,0.68145728,48513329.32722146,58560.729612320529,14850,1.72766746633457,16810
2016-11-20,3.8905199978751,188797906.873025168756787119646,0.67257512,48527679.32722146,55828.961969507685,14350,1.67764195963815,10318
2016-11-21,3.91339848889467,189965967.4113869964180877036182,0.67489925,48542454.32722146,57820.46267341874925,14775,1.72968687977521,11425
2016-11-22,3.90186939106546,189466015.3082618034505907767716,0.67298707,48557754.32722146,59698.601683301538,15300,1.79114783489412,8503
2016-11-23,3.89545217749278,189211283.4299256914834866110588,0.67194855,48572354.32722146,56873.601791394588,14600,1.736918631677,8712
2016-11-24,3.88450742112627,188743668.1054295101596029137542,0.6701646,48588829.32722146,63997.25976305529825,16475,2.012112655849,8664
2016-11-25,3.90938312025535,190012162.766547596649461199811,0.67446806,48604129.32722146,59813.561739906855,15300,1.86860841484005,7853
2016-11-26,3.86413531619064,187872730.140031666466669697228,0.66677667,48619604.32722145,59797.494018050154,15475,1.91366411819932,14844
2016-11-27,3.85034868036024,187256623.018630194716024255148,0.66481619,48633679.32722145,54193.657676070378,14075,1.86236726327191,12609
2016-11-28,3.84664044354079,187133496.5948813370817204379455,0.6642955,48648554.32722145,57218.77659766925125,14875,1.96822117521631,9997
2016-11-29,3.82662252915869,186218488.3209318924869838219005,0.66102758,48663929.32722145,58834.32138581485875,15375,2.03437987018156,8827
2016-11-30,3.85894911007789,187848353.3220926916887067787405,0.66665729,48678629.32722145,56726.551918144983,14700,1.97079153273893,9026
2016-12-01,3.89623627255244,189721690.015129851429964617838,0.67315291,48693579.32722145,58248.732274658978,14950,2.01326846954046,10009
2016-12-02,3.90982617191462,190438950.389412307050831232599,0.67617091,48707779.32722145,55519.531641187604,14200,1.91226837909528,8708
2016-12-03,3.91936651896228,190960862.259291688280409756906,0.67785181,48722379.32722145,57222.751176849288,14600,1.97751272046394,16640
2016-12-04,3.87591643031756,188898036.490655930983575943662,0.67046636,48736354.32722145,54165.932113687901,13975,1.9189456379716,11246
2016-12-05,3.50089749492438,170671131.132531333244543263951,0.60727681,48750679.32722145,50150.3566147917435,14325,1.9670050993877,11022
2016-12-06,3.50849453044681,171094294.6178060529443643160745,0.6088739,48765729.32722145,52802.8426832244905,15050,2.06655684089249,8907
2016-12-07,3.64461650219434,177787506.672129475708320116593,0.63275957,48780854.32722145,55124.8245956893925,15125,2.07516303905459,9087
2016-12-08,3.66601225275597,178885924.8963702981152049995565,0.63657621,48795779.32722145,54715.23287238285225,14925,2.04735178199461,9028
2016-12-09,3.69324551334819,180269914.7598757031095490866755,0.64156946,48810704.32722145,55121.68928672173575,14925,2.04735178199461,7563
2016-12-10,3.67508010266498,179434699.391472299726103619821,0.63872635,48824704.32722145,51451.12143730972,14000,1.9619394189177,17191
2016-12-11,3.66153542473889,178824462.9156986199634854571905,0.63652418,48838654.32722145,51078.4191751075155,13950,2.01293262171337,11892
2016-12-12,3.63936454620737,177792072.2419318716430476120865,0.63287951,48852504.32722145,50405.1989649720745,13850,1.99850299718496,7618
2016-12-13,3.63811308150967,177783323.8857458567572424064215,0.63280367,48866904.32722145,52388.828373739248,14400,2.07786593209122,8560
2016-12-14,3.6161919490749,176764812.001969366831714936605,0.62913935,48881479.32722145,52705.9976577666675,14575,2.01953677479421,8219
2016-12-15,3.62420714681074,177205533.520879366954233218373,0.63069509,48894979.32722145,48926.79648194499,13500,1.85551213895902,9244
2016-12-16,3.62672036775542,177381276.856374270764141777759,0.63123326,48909554.32722145,52859.4493600352465,14575,2.0032658833576,9254
2016-12-17,3.69920036871933,180975163.3260320031109438056285,0.64386661,48922779.32722145,48921.92487631313925,13225,1.80797193275255,16397
2016-12-18,3.683907142182,180281313.8092921850081502039,0.64125248,48937529.32722145,54337.6303471845,14750,1.98096224866642,9331
2016-12-19,3.63931544402662,178154150.919153572251264434999,0.63368081,48952654.32722145,55044.6460909026275,15125,2.03132569566642,8376
2016-12-20,3.65854125007529,179148994.2496611729348590029705,0.63713689,48967329.32722145,53689.09284485488075,14675,1.97088955926643,8382
2016-12-21,3.63444090528982,178016203.322442879164527570639,0.63333994,48980354.32722145,47338.5927913999055,13025,1.78347189049656,8393
2016-12-22,3.67342457055895,179977156.8399007525859769294775,0.64022406,48994379.32722145,51519.77960208927375,14025,1.93024941511094,8901
2016-12-23,4.5222709645312,221628944.73667644267159783424,0.78403365,49008329.32722145,63085.67995521024,13950,1.91992722572532,11187
2016-12-24,4.41661401115,216511381.5816124641688191675,0.76297728,49022029.32722145,60507.611952755,13700,1.87392354938425,17359
2016-12-25,4.28939862758645,210333575.6089529454963981693525,0.74113502,49035679.32722145,58550.2912665550425,13650,1.77651552301525,8122
2016-12-26,4.26437894455322,209175908.003242131917054250569,0.73694867,49051904.32722145,69189.5483753759945,16225,2.1116457407269,8699
2016-12-27,4.33064031091003,212498908.9635906346655508361435,0.74828574,49068704.32722145,72754.757223288504,16800,2.18648064371106,9816
2016-12-28,4.53547200536748,222625817.358657052853674588446,0.78275935,49085479.32722145,76082.542890039477,16775,2.33346456244686,9151
2016-12-29,4.55195387749142,223504710.444090110513044814959,0.78601074,49100829.32722145,69872.492019493297,15350,2.15572183615746,8398
2016-12-30,4.39030433767546,215634426.362303879150293650617,0.75434988,49116054.32722145,66842.3835411088785,15225,2.138167098078,9088
2016-12-31,4.35411157408208,213919697.531644630501240636616,0.74706596,49130504.32722145,62916.912245486056,14450,2.14638182534483,8099
2017-01-01,4.4752383412542,219932698.74136318790759414259,0.76767845,49144354.32722145,61982.05102637067,13850,2.12080474413931,18762
2017-01-02,4.56694098110425,224505928.9316952172496052861625,0.78274963,49158929.32722145,66563.16479959444375,14575,2.23182159897693,12634
2017-01-03,4.57071100752687,224756163.4904734328901333153615,0.78356446,49173129.32722145,64904.096306881554,14200,2.17137146254611,9834
2017-01-04,4.58353943500624,225457907.686738096943882611848,0.78527142,49188604.32722145,70930.272756721564,15475,2.33732355557545,14543
2017-01-05,4.23643121372977,208443025.1255150279259952475665,0.7265405,49202504.32722145,58886.393870843803,13900,2.09943763634887,12144
2017-01-06,3.85852096924068,189904071.535599402797060708586,0.66334467,49216804.32722145,55176.849860141724,14300,2.15985310789848,10907
2017-01-07,3.97510969862095,195693475.1313797361906102593775,0.68412047,49229704.32722145,51278.915112210255,12900,1.93926545558452,19130
2017-01-08,4.01098119279655,197518179.0578946400083166459975,0.6905447,49244354.32722145,58760.8744744694575,14650,2.19516834351179,9369
2017-01-09,4.38049202146544,215777142.268517632895112401688,0.75300477,49258654.32722145,62641.035906955792,14300,2.14272404861561,10900
2017-01-10,4.57777733481189,225563016.8714765681395921230405,0.78452964,49273479.32722145,67865.54898858626925,14825,2.22060850342344,13224
2017-01-11,3.93888960503417,194144833.0371379259041384069465,0.67786256,49289229.32722145,62037.5112792881775,15750,2.34767696662933,13304
2017-01-12,4.00488083800978,197465372.783063131321395325781,0.68942936,49306179.32722145,67882.730204265771,16950,2.52654759265824,10619
2017-01-13,3.93623113671017,194140447.4190807855681300571465,0.67800166,49321404.32722145,59929.11905641233825,15225,2.26942106774169,9491
2017-01-14,3.95760593907179,195255135.1194920150970927778955,0.68236769,49336679.32722145,60452.43071932159225,15275,2.51471917531879,29157
2017-01-15,3.92441079393036,193677636.594115541085983598222,0.67683563,49352029.32722145,60239.705686831026,15350,2.55261308259634,18546
2017-01-16,3.87620499050059,191358372.8314857312866992856555,0.66876306,49367454.32722145,59790.46197847160075,15425,2.5650851334885,9206
2017-01-17,3.94131879294028,194632198.505643213168475685006,0.68022571,49382505.88972145,59415.380803574721,15075,2.59857365121643,11270
2017-01-18,3.88758274667627,192038738.2275252103023936249915,0.67114256,49397980.88972145,60160.34300481527825,15475,2.726797104761,10112
2017-01-19,3.89566108448298,192496518.894970366098669465921,0.67263669,49413055.88972145,58727.0908485809235,15075,2.65631446554262,10818
2017-01-20,3.89416275757998,192487222.4398160820748307207712,0.6717322,49429680.88972144,64740.4558447671675,16625,3.00973309277568,11529
2017-01-21,3.91822510416753,193731765.5714377141992347928432,0.67598647,49443755.88972144,55149.01834115798475,14075,2.66769292702949,22421
2017-01-22,3.84860477691313,190345472.3052127261506787785072,0.66533301,49458305.88972144,55997.1995040860415,14550,2.75772164037507,15052
2017-01-23,3.83029597908667,189495776.7457337886488019172048,0.66235692,49472880.88972144,55826.56389518821525,14575,2.76245999370904,10164
2017-01-24,3.74288025379715,185227399.328416402555465765896,0.64749141,49487930.88972144,56330.3478196471075,15050,2.87985159781494,9259
2017-01-25,3.68584694112492,182458014.8884334091408590422848,0.63748705,49502330.88972144,53076.195952198848,14400,2.75768976375488,9046
2017-01-26,3.86371653746194,191319094.9842363924611512019936,0.66831554,49516855.88972144,56120.4827066346785,14525,2.78162804295414,9501
2017-01-27,3.88783783128902,192571920.3779606576985439305888,0.67308266,49531880.88972144,58414.7634151175255,15025,2.91875975117514,9173
2017-01-28,3.86806140403364,191647379.9121953133774319892416,0.66927277,49546105.88972144,55023.173472378529,14225,2.80345030930766,20406
2017-01-29,3.85920898917263,191262999.1144098436652667721872,0.66785134,49560155.88972144,54221.8862978754515,14050,2.76896146543217,13492
2017-01-30,4.06642729367812,201591937.1060287113411998228928,0.70273966,49574705.88972144,59166.517123016646,14550,2.86750101936214,10853
2017-01-31,4.06855959183281,201757758.1278859529245040341183,0.70209462,49589480.88972143,60112.96796932976775,14775,2.90011860820579,11072
2017-02-01,4.04812841374875,200807535.0095657573166695107125,0.69866811,49605030.88972143,62948.3968337930625,15550,3.05211332229174,10799
2017-02-02,4.098511007128,203368960.01498089537266435304,0.70754594,49620205.88972143,62194.9045331674,15175,2.97850930326541,12039
2017-02-03,4.0318394375011,200113520.099734483999374318573,0.69515331,49633305.88972143,52817.09663126441,13100,2.63026412065157,10735
2017-02-04,4.01499736896538,199336311.8968065592255155140934,0.69231347,49647930.88972143,58719.3365211186825,14625,2.97780139345266,22141
2017-02-05,3.96598549397967,196956811.9678211366661983833281,0.68439301,49661505.88972143,53838.25308077402025,13575,2.76401052417914,15221
2017-02-06,3.95367863691665,196394957.0542975443649326288095,0.68189985,49673980.88972143,49322.14099553520875,12475,2.54003913732117,12048
2017-02-07,3.96371318568101,196951877.8073441356912637410443,0.68401822,49688730.88972143,58464.7694887948975,14750,2.84022769059107,12027
2017-02-08,3.94585431060114,196123286.1987352799379104404302,0.68110716,49703630.88972143,58793.229227956986,14900,2.84801432026975,14042
2017-02-09,3.75094859071397,186488652.6142970116746181093771,0.64824617,49717730.88972143,52888.375129066977,14100,2.69510079971835,13705
2017-02-10,3.81764604297953,189859577.2589339572277784625326,0.65989046,49732105.88972142,54878.66186783074375,14375,2.7782979841858,11313
2017-02-11,3.83464393139046,190758507.1942291782279026456532,0.66292906,49746080.88972142,53589.1489411816785,13975,2.74196813417283,22529
2017-02-12,3.78119947475609,188151468.3042190202389425484478,0.65388471,49759730.88972142,51613.3728304206285,13650,2.67820143337812,15574
2017-02-13,3.77273810614474,187780610.2959712334494087983308,0.65261849,49773030.88972142,50177.416811725042,13300,2.60952960175303,12158
2017-02-14,3.83281297850796,190825911.2806923687753316525032,0.66313177,49787430.88972142,55192.506890514624,14400,2.69634024698479,10238
2017-02-15,3.88501572370422,193483324.2106535562765462783924,0.67232559,49802455.88972142,58372.3612486559055,15025,2.77135929671589,11060
2017-02-16,3.86182928389779,192384192.9066422735175748536618,0.66841437,49816855.88972142,55610.341688128176,14400,2.65607812796731,9332
2017-02-17,3.90698486611692,194691330.0654443642566559484264,0.67626772,49831605.88972142,57628.02677522457,14750,2.74350888700914,11859
2017-02-18,3.80957574653718,189896611.3507343309590198723956,0.6595718,49847180.88972142,59334.1422523165785,15575,2.94780708695177,28258
2017-02-19,3.80146571769972,189548521.8720218024915265120024,0.65845169,49861957.45222142,56261.692621955856,14800,2.80112647748868,15966
2017-02-20,3.79931074860969,189498250.5217104121622595514629,0.6582621,49877007.45222141,57179.6267665758345,15050,2.84844280312193,11398
2017-02-21,3.84523760870021,191838356.1679742059614072334961,0.66636242,49889857.45222141,49411.3032717976985,12850,2.52812726957871,11240
2017-02-22,3.88809168039334,194025329.6511646943531255694094,0.67401323,49902457.45222141,48989.955172956084,12600,2.48062071002064,11904
2017-02-23,3.94618571179529,196980203.1092504220909496751589,0.68416223,49916607.45222141,55838.5278219033535,14150,2.78577643228509,9678
2017-02-24,3.94529023913651,196991921.8024775559161197346791,0.6838159,49930907.45222141,56417.650419652093,14300,2.77161756437978,13155
2017-02-25,3.89348496100923,194461595.4495783567572490136143,0.67554074,49945382.45222141,56358.19481060860425,14475,2.65665727146319,26167
2017-02-26,3.88218938617751,193957704.6348108207057980824891,0.67357682,49960907.45222141,60270.99022040584275,15525,2.84936816162115,20597
2017-02-27,3.86335295955538,193080364.9914446879974669166858,0.66998991,49977407.45222141,63745.32383266377,16500,3.02831398819639,12280
2017-02-28,3.78537682533442,189239154.2681083474779951339322,0.65666895,49992157.45222141,55834.308173682695,14750,2.89594812711851,10345
2017-03-01,3.8539021293783,192716813.388524713535057249403,0.66914921,50005632.45222141,51931.3311933725925,13475,2.65325303231481,12639
2017-03-02,4.04721185173296,202443084.6888458713501101146736,0.70307756,50020382.45222141,59696.37481306116,14750,2.90430294817391,14044
2017-03-03,4.08572275637011,204427023.5582419598877976260551,0.70998859,50034482.45222141,57608.690864818551,14100,2.76864844482006,13244
2017-03-04,3.99511933427343,199943966.8508629032589018401363,0.69439012,50047057.45222141,50238.62562848838225,12575,2.46010272913093,25860
2017-03-05,3.99796809171384,200140511.3473886825787220413144,0.69503784,50060557.45222141,53972.56923813684,13500,2.6410645601008,15646
2017-03-06,4.09992108524135,205301221.4423562782197734873035,0.71279411,50074432.45222141,56886.40505772373125,13875,2.71442746454804,11157
2017-03-07,3.99116321485378,199907117.9297795522542693354298,0.6940754,50087432.45222141,51885.12179309914,13000,2.39763564904921,10349
2017-03-08,3.8411451806752,192450332.839436944186043696032,0.66824733,50102332.45222141,57233.06319206048,14900,2.6626719917833,15341
2017-03-09,3.90048277936663,195476526.5259298226465563255483,0.67866619,50115982.45222141,53241.5899383544995,13650,2.43929346898269,13684
2017-03-10,3.76003239000719,188490733.7340835643443013719379,0.65454134,50130082.45222141,53016.456699101379,14100,2.51735961473472,10417
2017-03-11,3.80333991167115,190714324.5401780977482529093215,0.6623513,50143907.45222141,52581.17427885364875,13825,2.43234241163724,26629
2017-03-12,3.90394793493232,195813956.8173245708639220049712,0.68009658,50157932.45222141,54752.869787425788,14025,2.46753000529565,16807
2017-03-13,4.37560050942134,219536271.237051497246111564676,0.76143993,50172832.4522214,65196.447590377966,14900,2.62147572755118,14360
2017-03-14,4.19588043858688,210578577.942978778166532895232,0.73008139,50186982.4522214,59371.708206004352,14150,2.47537268302213,12460
2017-03-15,4.3226125169331,217004690.31064437541671018834,0.75139886,50202207.4522214,65811.7755703064475,15225,2.64934574717535,13401
2017-03-16,4.3173222495593,216808831.96479753201695602902,0.74996694,50218357.4522214,69724.754330382695,16150,2.81030763986088,13286
2017-03-17,4.11837223913014,206877914.501328121471046692996,0.71566403,50232932.4522214,60025.2753853217905,14575,2.57240333774448,15497
2017-03-18,4.05757950777311,203880923.446593215214986686554,0.70518466,50246932.4522214,56806.11310882354,14000,2.61077422715423,32069
2017-03-19,3.93263014248089,197658444.476830328482387549046,0.68385247,50261132.4522214,55843.348023228638,14200,2.64807100182786,20812
2017-03-20,4.06572180535989,204399111.910870814237106959646,0.70708469,50273757.4522214,51329.73779266861125,12625,2.35435890127301,12117
2017-03-21,4.01817701747951,202072444.428156887757228483514,0.69896515,50289582.4522214,63587.65130161324575,15825,2.86448935591785,12036
2017-03-22,3.93479848958808,197937017.872888442433966960912,0.6847219,50304232.4522214,57644.797872465372,14650,2.59330537621487,12170
2017-03-23,3.9808394586501,200315174.57846477194919033214,0.69285976,50319832.4522214,62101.09555494156,15600,2.76147193644723,14507
2017-03-24,4.13561100662245,208162288.78792390617236361043,0.71969712,50334107.4522214,59035.84711953547375,14275,2.56176457988227,16257
2017-03-25,4.09657823180106,206255575.487885684947019874684,0.71292225,50348257.4522214,57966.581979984999,14150,2.65532993648863,30861
2017-03-26,4.0733539511739,205144216.88768224411519270146,0.70887034,50362482.4522214,57943.4599554487275,14225,2.66940412343114,20733
2017-03-27,4.07155813188214,205106908.803734682379605985796,0.70868011,50375532.4522214,53133.833621061927,13050,2.44890852799835,11642
2017-03-28,4.20696061029531,211982676.411097631700269501634,0.73250347,50388557.4522214,54795.66194909641275,13025,2.36747456209321,11766
2017-03-29,4.31652020343511,217563441.721302365346480253354,0.7512805,50402507.4522214,60215.4568379197845,13950,2.47164739177354,12631
2017-03-30,7.53229426390334,379753099.732546831168717879476,1.25436926,50416657.4522214,106581.963834232261,14150,2.50708319667351,26058
2017-03-31,7.23894011582957,365069033.636117342305350306798,1.17938952,50431282.4522214,105869.49919400746125,14625,2.59124323331097,18328
2017-04-01,7.60325938375114,383556550.593182016901557782396,1.2209096,50446332.4522214,114429.053725454657,15050,2.61729418311554,31607
2017-04-02,8.32147061434759,419911038.904627282840757236426,1.32264685,50461157.4522214,123365.80185770302175,14825,2.57701010893293,26028
2017-04-03,8.5169438388475,429910050.5472523671449908365,1.34193141,50477032.4522214,135206.4834417040625,15875,2.75953021782869,19696
2017-04-04,9.13864661820227,461441178.788586940165836022578,1.39743168,50493382.4522214,149416.8722076071145,16350,2.96704457113933,16274
2017-04-05,12.3703169732604,624804082.22479346574438065256,1.76564434,50508332.4522214,184936.23875024298,14950,2.76331479047634,24797
2017-04-06,10.8758142078613,549492165.14515647224052809182,1.52920381,50524232.4522214,172925.44590499467,15900,2.93891004472066,23529
2017-04-07,10.0510387882003,507963242.32017868616884314642,1.40967727,50538382.4522214,142222.198853034245,14150,2.72403443216381,17492
2017-04-08,10.7485071080767,543347325.49528454672629658138,1.50429326,50550957.4522214,135162.4768840645025,12575,2.55382427135507,25444
2017-04-09,9.30662439984325,470589997.46431944268652429555,1.30243306,50565057.4522214,131223.404037789825,14100,2.86353258259295,21940
2017-04-10,9.88776319850654,500107563.039223651442385427956,1.37896439,50578432.4522214,132248.8327800249725,13375,2.7162942051192,15555
2017-04-11,9.73757903935227,492646592.599216750773428632578,1.35566114,50592307.4522214,135108.90917101274625,13875,2.62412859810448,16072
2017-04-12,11.7420246748826,594227849.57410068349315420764,1.62083699,50606932.4522214,171727.110870158025,14625,2.6711562480343,20516
2017-04-13,11.0826892415263,561020773.62719130175706152282,1.52785493,50621357.4522214,159867.7923090168775,14425,2.63462761558255,16686
2017-04-14,11.6407867938177,589439183.58576552417315163878,1.60104578,50635682.4522214,166754.2708214385525,14325,2.62202288779517,15353
2017-04-15,11.6561428810723,590389260.45833792412714900722,1.59865403,50650482.4522214,172510.91463987004,14800,2.73730733567035,26045
2017-04-16,11.6662676003572,591064826.80783640211857348408,1.59753912,50664432.4522214,162744.43302498294,13950,2.58009711706766,25078
2017-04-17,11.3729206713815,576413538.8181345877340818641,1.55108056,50682982.4522214,210967.678454126825,18550,3.43088182950574,17268
2017-04-18,10.8792518914248,551593654.90377640160637105072,1.48068615,50701432.4522214,200722.19739678756,18450,3.73982373779826,18546
2017-04-19,10.2357654608389,519166544.95944461273701253246,1.39129409,50720832.4522214,198573.84994027466,19400,3.94496183606829,19465
2017-04-20,10.979453016837,557072275.1536853872672517118,1.48849942,50737707.4522214,185278.269659124375,16875,3.6488946608146,16451
2017-04-21,12.0985430083269,614025949.84677836061910237566,1.62768511,50752057.4522214,173614.092169491015,14350,3.76689969333221,18690
2017-04-22,14.1489581997222,718286117.40826628887525289508,1.85687336,50766007.4522214,197377.96688612469,13950,3.66189900501634,29496
2017-04-23,15.3339303346714,778665530.32814154741736904796,1.96542982,50780557.4522214,223108.68636946887,14550,3.81940003749015,28649
2017-04-24,15.033823021471,763674347.59376649140561546469,1.89348041,50797082.45222139,248433.925429808275,16525,4.32836959476498,21390
2017-04-25,15.4752770544115,786340725.707885907111574161985,1.91829917,50812707.45222139,241801.2039751796875,15625,4.08989059622639,17014
2017-04-26,14.9869314209889,761759983.358095487104075532571,1.83976435,50828282.45222139,233421.4568819021175,15575,4.07680294631846,20845
2017-04-27,14.8362697399986,754297205.829075026232305490054,1.80386195,50841432.45222139,195096.94708098159,13150,3.63468156266205,20642
2017-04-28,14.784155503622,751819139.60437703372809087458,1.7684287,50853032.45222139,171496.2038420152,11600,3.37489595860574,18913
2017-04-29,16.1376165131268,820846439.247890895460754742252,1.92152377,50865407.45222139,199703.00434994415,12375,3.60037392135741,27234
2017-04-30,16.1966163283669,824071407.110424035531575947991,1.92240873,50879232.45222139,223918.2207396723925,13825,4.02223591618313,25697
2017-05-01,16.1070871195055,819760252.051361894134873322645,1.89853919,50894382.45222139,244022.369860508325,15150,4.03180509680758,20246
2017-05-02,16.1771573157958,823622068.969808815038445632162,1.89638531,50912657.45222139,295637.549946168245,18275,4.56609214821104,19550
2017-05-03,21.7031528314731,1105390024.958674771790401029609,2.42637636,50932232.45222139,424839.2166760859325,19575,4.89090308077872,33137
2017-05-04,23.8821712297586,1216755605.386056614464643456454,2.50306291,50948282.45222139,383308.84823762553,16050,4.96633514549592,38115
2017-05-05,26.1364466366059,1332034396.441717650195544980201,2.60308828,50964632.45222139,427330.902508506465,16350,5.32096161605828,36116
2017-05-06,28.392020230517,1447417595.12981373499651815863,2.72342327,50979732.45222139,428719.5054808067,15100,4.91416026926484,33856
2017-05-07,28.7802108965593,1467668654.304717175025292863427,2.68953781,50995757.45222139,461202.8796173627825,16025,5.51269307344981,36130
2017-05-08,28.6350979172048,1460712352.024102557338059570672,2.6399325,51011257.45222139,443844.0177166744,15500,5.51850091794009,34290
2017-05-09,33.3551045537768,1701986152.306777062341874245752,2.96976945,51026257.45222139,500326.568306652,15000,5.34048475929686,36654
2017-05-10,32.5997085804455,1663904038.755045111437490829245,2.743538,51040457.45222139,462915.8618423261,14200,5.14309597995186,45595
2017-05-11,30.5580732709007,1560186203.825773538590961105973,2.5389358,51056432.45222139,488165.2205026386825,15975,6.03464912949196,36678
2017-05-12,27.5132189244784,1405184898.655903235830727072976,2.28698535,51073082.45222139,458095.09509256536,16650,6.28963430397754,28058
2017-05-13,28.5851309593915,1460425987.790419863128557684185,2.36712954,51090407.45222139,495237.3938714577375,17325,6.71289819591854,40735
2017-05-14,28.663128535978,1464875975.01900623438463616942,2.36573459,51106632.45222139,465059.26049624305,16225,6.8928145699183,24286
2017-05-15,25.476707462158,1302426797.91537111176646315962,2.10580617,51122257.45222139,398073.55409621875,15625,6.63791849953611,33997
2017-05-16,23.4552007128988,1199437569.349121732057686265332,1.94407461,51137382.45222139,354759.91078259435,15125,6.43110413745384,38003
2017-05-17,25.1149175083417,1284635752.188855921259520168963,2.07670441,51150307.45222139,324610.3087953164725,12925,5.97333592611473,47185
2017-05-18,28.3927302940867,1452719225.813659488766396254513,2.33415435,51165182.45222139,422341.8631245396625,14875,6.87453554359432,35065
2017-05-19,27.4183435029831,1403234010.046511962113186628509,2.23724188,51178657.45222139,369462.1787026972725,13475,6.22752043360898,38204
2017-05-20,27.222062759841,1393601719.93115556063453319899,2.21660445,51193832.45222139,413094.802380587175,15175,6.91951849205583,40017
2017-05-21,26.0053776243508,1331710876.832092721954416623612,2.11647177,51209057.45222139,395931.87433074093,15225,6.80628586850994,39813
2017-05-22,24.0852919769989,1233768056.746097857941590586471,1.9628856,51224957.45222139,382956.14243428251,15900,7.10804238484782,49520
2017-05-23,30.7939688687272,1577880114.920168341802941914808,2.47881402,51239907.45222139,460369.83458747164,14950,6.74474719570104,49691
2017-05-24,33.7140026195541,1727960041.655462039454596282199,2.65137295,51253482.45222139,457667.5855604469075,13575,6.51318879896052,41418
2017-05-25,28.3802525728953,1454978424.720006168640388890467,2.23543945,51267282.45222139,391647.48550595514,13800,6.62114220446816,49294
2017-05-26,26.0358915564215,1335186453.664702448772194155885,2.05263855,51282532.45222139,397047.346235427875,15250,7.31684192885064,39576
2017-05-27,22.9865751092402,1179123550.755276128156405087878,1.80752749,51296182.45222139,313766.75024112873,13650,6.54370977625336,38309
2017-05-28,24.6667565076249,1265651460.228364087043977876611,1.93208494,51310007.45222139,341017.9087179142425,13825,6.62339086395087,35163
2017-05-29,25.7640664840534,1322311275.617111439434841382226,2.01293517,51323857.45222139,356832.32080413959,13850,6.63536806261986,30762
2017-05-30,23.9420065327059,1229199553.214827002680642559201,1.86982044,51340707.45222139,403422.810076094415,16850,8.0745639853164,35459
2017-05-31,25.9264844231747,1331458689.734701980589311046833,2.02398086,51355157.45222139,374637.699914874415,14450,6.93771074584224,35260
2017-06-01,27.3021387613472,1402529500.575652043419709056608,2.05457046,51370682.45222139,423865.70426991528,15525,7.45383801586166,43694
2017-06-02,27.9037606446564,1433878199.499670268968613280396,2.06922339,51386557.45222139,442972.20023392035,15875,7.62187945261216,39675
2017-06-03,27.3943802880895,1408115866.824755194132434134405,2.01523648,51401632.45222139,412970.2828429492125,15075,7.63898691786415,48778
2017-06-04,27.6697012269344,1422653804.861777001549779806816,2.01842066,51415582.45222139,385992.33211573488,13950,7.14900400053708,35459
2017-06-05,30.5981406258803,1573674074.715876600525659239617,2.21293376,51430382.45222139,452852.48126302844,14800,7.58460639483503,44112
2017-06-06,30.1039039936497,1548645893.852676558477718507083,2.16560676,51443357.45222139,390598.1543176048575,12975,6.6092036617684,42819
2017-06-07,28.7994691733723,1481883380.816455899718172493497,2.06190538,51455232.45222139,341993.6964337960625,11875,5.95766252263985,42584
2017-06-08,30.1612010509957,1552293186.719070364155636338023,2.14648547,51466557.45222139,341575.6019025263025,11325,5.68172867948601,40069
2017-06-09,29.5878957424006,1523101507.508860142912681268834,2.09333641,51477182.45222139,314371.392263006375,10625,5.33054015183567,38944
2017-06-10,29.9310878072558,1541093568.627469776389869961562,2.10106533,51488057.45222139,325500.579903906825,10875,5.4559646259965,50407
2017-06-11,33.8026609436764,1740935318.220984184942853318196,2.33348946,51502907.45222139,501969.51501359454,14850,6.04212264816455,48270
2017-06-12,29.0623072281382,1497291011.530108335738103916098,2.00280461,51520032.45222139,497692.011281866675,17125,6.71867858654627,44803
2017-06-13,30.0876652686932,1550650794.921535658815562387548,2.07060457,51537757.45222139,533303.86688758697,17725,6.95407754432309,44950
2017-06-14,28.8104918966337,1485245175.318101213497828134843,1.97367983,51552232.45222139,417031.8702037728075,14475,6.45342171415072,44788
2017-06-15,28.917212667213,1491154601.98909318000867028607,1.93966714,51566332.45222139,407732.6986077033,14100,6.45724399883735,46407
2017-06-16,33.4204634735533,1723835274.626853524820101565087,2.19704671,51580232.45222139,464544.44228239087,13900,6.36565188537867,47405
2017-06-17,46.4787837970187,2398082492.134126023568174369993,2.84478773,51595207.45222139,696019.7873603550325,14975,6.840984302814,76063
2017-06-18,42.9769978136814,2218107642.930622261418395585146,2.61265247,51611507.45212139,700525.06436300682,16300,7.40151253003639,52670
2017-06-19,47.5690114364874,2455964630.450173845302380005486,2.54536402,51629507.45212139,856242.2058567732,18000,8.17344941967213,60719
2017-06-20,45.4094033993528,2345216656.829531055895713036392,2.40792288,51646057.45212139,751525.62625928884,16550,7.92589145599487,67401
2017-06-21,43.4576196033063,2244974235.617186508009692951757,2.29230244,51658932.45212139,559516.8523925686125,12875,6.94261979204385,53911
2017-06-22,45.9832889616084,2376112076.919602709702846443676,2.37192147,51673382.45212139,664458.52549524138,14450,7.79191114524533,53750
2017-06-23,45.7755639574821,2365969872.500666372095407952119,2.35076498,51686307.45212139,591649.1641504561425,12925,6.96958142230421,46963
2017-06-24,42.7776088845809,2211616600.839654200631866075451,2.19282429,51700332.45212139,599955.9646062471225,14025,7.28626874208999,46289
2017-06-25,40.5027750849356,2094586126.808384267957651532484,2.0745038,51714632.45212139,579189.68371457908,14300,7.25660094331774,43472
2017-06-26,38.663137819462,1999982546.50265446973072849218,1.97566205,51728407.45212139,532584.72346308905,13775,6.99018727232182,51067
2017-06-27,39.7430047777539,2056354035.701774429394534345921,2.01195386,51741282.45212139,511691.1865135814625,12875,6.53347812204309,47054
2017-06-28,42.176919075067,2182909992.37966533228080638313,2.11048944,51756032.45212139,622109.55635723825,14750,7.15245489931328,44324
2017-06-29,40.3276250397349,2087837063.130382442445548219511,2.0108052,51771882.45212139,639192.856879798165,15850,7.66671739006075,40136
2017-06-30,39.3691282540767,2038776858.746583217480830770613,1.9643467,51786182.45212139,562978.53403329681,14300,6.91697531090654,39341
2017-07-01,38.1163571232574,1974436159.212806280020337015786,1.90131896,51800232.45212139,535534.81758176647,14050,6.94289781836561,36471
2017-07-02,41.6174556162264,2156364034.128314667676386522696,2.06789587,51813932.45212139,570159.14194230168,13700,6.88467904428584,49015
2017-07-03,45.7087115805364,2369007442.471961005596014113596,2.24672908,51828357.45212139,659348.16454923757,14425,7.24901424918417,53460
2017-07-04,54.4523606456279,2822991835.754098552045383570781,2.60198735,51843332.45212139,815424.1006682778025,14975,7.52269246849479,57004
2017-07-05,53.248043504381,2761417308.92633044414820880959,2.49965702,51859507.45212139,861287.103683362675,16175,8.04064598928722,54694
2017-07-06,51.4000691363876,2666393104.508673915342861290764,2.3615337,51875282.45212139,810836.09062651439,15775,7.84180466652277,48861
2017-07-07,46.3503437867923,2405168352.366016946323498317297,2.08542463,51891057.45212139,731176.6732366485325,15775,7.84180466652277,50211
2017-07-08,51.6587449913222,2681365624.302564284157531001858,2.30330276,51905357.45212139,738720.05337590746,14300,7.72867991721617,49059
2017-07-09,48.7541635935377,2531288503.454356466784059941403,2.17099684,51919432.45212139,686214.8525790431275,14075,7.71655951855129,43187
2017-07-10,44.0230875686742,2286311866.514756679985099761138,1.9645908,51934382.45212139,658145.15915167929,14950,8.19627458631204,49809
2017-07-11,44.0946844839085,2290647533.67570121057629881373,1.93393976,51948382.45212138,617325.582774719,14000,7.67112572419717,53746
2017-07-12,46.7317478078548,2428329169.352387114302887015624,2.01753783,51963157.45212138,690461.57386105467,14775,8.08690853199682,51948
2017-07-13,45.504595819607,2365257560.07052737452694789766,1.95327086,51978432.45212138,695082.701144496925,15275,8.36057717944171,47262
2017-07-14,42.6142959271431,2215628359.988486113370017829478,1.83469891,51992607.45212138,604057.6447672534425,14175,7.75850615506296,55435
2017-07-15,38.5651422356585,2005646070.09934188904170622873,1.65932751,52006707.45212138,543768.50552278485,14100,7.82045646045966,53270
2017-07-16,40.7532560471325,2120087585.24156235301289094285,1.75274106,52022532.45212138,644920.2769458718125,15825,8.79021107701773,52681
2017-07-17,42.3545210340915,2204124295.93002413637547602627,1.81079247,52039882.45212138,734850.939941487525,17350,9.63729302914739,52721
2017-07-18,43.5155672829493,2265258661.545500883952487986034,1.86097121,52056282.45212138,713655.30344036852,16400,9.76069929651686,59829
2017-07-19,39.9706704894198,2081398018.595656550015355375324,1.71316426,52073132.45212138,673505.79774672363,16850,10.28538223605,54026
2017-07-20,44.5346130283284,2319772696.832545591712615301192,1.89851789,52089207.45212138,715893.90443037903,16075,9.81231569403585,67480
2017-07-21,45.3900137120577,2365074236.726885315238349963626,1.92930717,52105607.45212138,744396.22487774628,16400,10.9443316462701,56894
2017-07-22,46.995724018766,2449479755.41024851377562981708,1.98661472,52121332.45212138,739007.76019509535,15725,10.9612140118303,53587
2017-07-23,45.1371263690174,2353345161.429103716861336132012,1.90706429,52137682.45212138,737992.01613343449,16350,11.3968743461638,47502
2017-07-24,44.8896820470087,2341098255.059468798490698316006,1.8955318,52152257.45212138,654267.1158351518025,14575,10.7312989576961,41287
2017-07-25,42.0080725836932,2191407080.073785005021935080616,1.77966902,52166332.45212138,591263.62161548179,14075,10.9565051707029,45463
2017-07-26,41.9145169899964,2187135436.229521842465418563032,1.77577362,52180857.45212138,608808.35927969771,14525,11.3068019612405,44418
2017-07-27,41.7955063748825,2181565876.42216921862567323785,1.76941711,52196182.45212138,640516.1351950743125,15325,11.9324611785142,46329
2017-07-28,40.0706591216819,2092161538.540846177091117332203,1.69809729,52211807.45212137,626104.0487762796875,15625,12.2457354885584,53253
2017-07-29,40.9808016562838,2140336393.617925425068900764806,1.72650871,52227782.45212137,654668.306459133705,15975,12.5200399635021,46365
2017-07-30,40.2886202067515,2104844010.394738820484171429555,1.69835444,52244132.45212137,658718.940380387025,16350,12.8139376152275,40129
2017-07-31,42.2450062139683,2207652523.046333194785960932571,1.75392862,52258307.45212137,598822.9630830006525,14175,12.1760888510968,54039
2017-08-01,43.1233744223086,2254189550.622318084512322794782,1.78774802,52273032.45212137,634991.688368494135,14725,12.8200557389823,43994
2017-08-02,41.571807092631,2173713194.82870564716304462447,1.72223781,52288157.45212137,628773.582276043875,15125,13.1683085264589,45825
2017-08-03,42.550513470048,2225501739.14728650821755572576,1.74991869,52302582.45212137,613791.1568054424,14425,12.6168217204521,48422
2017-08-04,43.1071876237528,2255271386.542587143767760477336,1.76858106,52317757.45212137,654151.57219044874,15175,13.3548443210353,54588
2017-08-05,45.9521064955457,2404774021.184209104869420781609,1.87852001,52332182.45212137,662859.1361982467225,14425,12.6948025918243,54241
2017-08-06,45.3380507828088,2373253476.177601285094687104056,1.85044982,52345732.45212137,614330.58810705924,13550,11.9247539077448,55807
2017-08-07,45.9024626772383,2403468206.151290543122448012471,1.8527703,52360332.45212137,670175.95508767918,14600,12.8545158019234,57613
2017-08-08,49.1797753796553,2575813232.902022260914124363761,1.94871294,52375457.45212137,743844.1026172864125,15125,13.3172315415625,62513
2017-08-09,47.6565038078122,2496723398.220736408378668566714,1.88437013,52389982.45212137,692210.717808472205,14525,12.7889446704923,49768
2017-08-10,47.3241376146049,2480006404.013862272525499396713,1.84290582,52404682.45212137,695664.82293469203,14700,13.1349923228423,60726
2017-08-11,47.0106506441056,2464266924.903905063263606296672,1.81460009,52419332.45212137,688706.03193614704,14650,13.2764906541916,60889
2017-08-12,46.2759343627748,2426417647.552945342941419577476,1.78433917,52433682.45212137,664059.65810581838,14350,13.0046171254369,61710
2017-08-13,45.1462571446454,2367889921.292037621347166412198,1.73941854,52449307.45212137,705410.267885084375,15625,14.2031106405281,56802
2017-08-14,45.5175452593564,2387997557.591569905582020886268,1.75016253,52463232.45212137,633831.81773653787,13925,12.9771984367313,60094
2017-08-15,43.1053792889173,2262036999.633102421266015492701,1.65950493,52476907.45212137,589466.0617759440775,13675,12.7442146227864,56770
2017-08-16,43.9085379929329,2304761681.887701870237173066073,1.68731314,52490057.45212137,577397.274607067635,13150,12.2549486135021,54133
2017-08-17,43.9039298948276,2305133359.973689877316610425812,1.68649997,52504032.45212137,613557.42028021571,13975,12.7515139797912,55676
2017-08-18,45.8025866268026,2405462875.922184889801870231562,1.74817558,52518057.45212137,642381.277440906465,14025,12.4339346111925,63340
2017-08-19,45.1176287280117,2370106073.273337428631907180029,1.72149976,52531707.45212137,615855.632137359705,13650,12.1014764665082,62271
2017-08-20,46.1754527662368,2426376088.680927678698871760416,1.75965019,52546882.45212137,700712.49572764344,15175,13.4534729215576,53652
2017-08-21,48.1948224446573,2533194928.819642206104858763355,1.82964889,52561557.45212135,707259.0193753458775,14675,12.8317801217096,49983
2017-08-22,46.395049805581,2439348835.53317275275851925435,1.75494162,52577782.45212135,752759.683095551725,16225,14.1638004646396,56489
2017-08-23,52.5970338997467,2766241455.552247438746142662045,1.97043905,52593107.45212135,806049.5445136181775,15325,13.3781351075872,68211
2017-08-24,50.1884292670656,2640342119.23888091158440961056,1.86712001,52608582.45212135,776665.94290784016,15475,14.2265788558803,64593
2017-08-25,51.1118257741317,2689726989.568455104663861540478,1.89841554,52624357.45212134,806289.0515869275675,15775,14.9318452180526,59633
2017-08-26,51.5386777332967,2712986072.217671800343166621578,1.90983178,52639807.45212134,796272.570979434015,15450,14.6242160772686,53185
2017-08-27,61.1753329939313,3221306906.580795253216531223942,2.2292346,52656957.45212134,1049156.960845921795,17150,16.934778134515,69283
2017-08-28,62.110070962155,3271625159.5066890628646078877,2.24036515,52674632.45212134,1097795.504256089625,17675,18.3351710925838,74539
2017-08-29,63.6027622624139,3351369943.659067640261304102626,2.27169955,52692207.45212134,1117818.5467619242925,17575,18.2314360368973,75887
2017-08-30,65.1167743651943,3432287754.934544963396896276362,2.29099444,52709732.45212134,1141171.4707500301075,17525,20.4933846312044,69663
2017-08-31,73.3643036922992,3868118786.035429999783661984928,2.52378276,52724807.45212134,1105966.87816141044,15075,19.091602025074,79665
2017-09-01,87.8758229250781,4634597918.676791807465730176654,2.74913995,52740307.45212134,1362075.25533871055,15500,19.629839561436,105603
2017-09-02,79.0453615367296,4170058398.266179766277845969664,2.42517453,52755257.45212134,1181728.15497410752,14950,19.4668858007437,82532
2017-09-03,79.6354424542663,4202356919.106428714807368272842,2.3893971,52769932.45212134,1168650.1180163579525,14675,20.0836700366236,65359
2017-09-04,70.5289698948605,3722727617.10236867018248837307,2.04530337,52782957.45212134,918639.8328805580125,13025,17.8255401858278,94956
2017-09-05,74.2520532791153,3920341899.352720610687103450502,2.13581026,52797757.45212134,1098930.38853090644,14800,20.2547404798657,80661
2017-09-06,81.656218736816,4312606434.71652935913435725344,2.28643326,52814182.45212134,1341203.3927522028,16425,22.273339680053,74253
2017-09-07,80.6435641931151,4260379936.396848111397917786234,2.24036391,52829757.45212134,1256023.5123077676825,15575,21.0828095586918,78133
2017-09-08,73.8263607764403,3901463479.276131499592228866002,2.03338483,52846482.45212134,1234745.8839859640175,16725,22.6394857058826,76714
2017-09-09,71.6556809371012,3787789692.610912149273050259608,1.92077579,52860982.45212134,1039007.3735879674,14500,21.5563155036791,65079
2017-09-10,67.4859440517357,3568262431.596524980140674009838,1.77822065,52874157.45212134,889127.3128816178475,13175,20.3375514615063,67509
2017-09-11,68.2000863758144,3607039991.572245058729750119296,1.78755019,52889082.45212134,1017886.28915902992,14925,23.0389340085755,65986
2017-09-12,66.125208365305,3498242228.4853163775359061087,1.72967869,52903307.45212134,940631.088996463625,14225,21.8627054263693,70697
2017-09-13,62.0622766632692,3284198054.950246621362399484728,1.62704318,52917782.45212134,898351.45470082167,14475,21.6768692737992,72541
2017-09-14,45.7914466468071,2423892724.032851012572632773514,1.22090359,52933307.45212134,710912.2091916802275,15525,23.2492846615359,87355
2017-09-15,51.9917855670845,2752875747.39611578341190403323,1.38335598,52948282.45212134,778576.9888670903875,14975,22.4256385060548,100975
2017-09-16,52.3652171843544,2773452116.227654761962138362896,1.37462345,52963632.45212134,803806.08377984004,15350,23.6945541442419,74230
2017-09-17,51.3348729399894,2719660349.066812547003547113796,1.33994773,52978807.45212134,779006.696864339145,15175,23.6196349476971,63903
2017-09-18,56.1706119615958,2976701616.087126785382321634372,1.41059485,52993932.45212134,849580.505919136475,15125,23.5418107798299,81612
2017-09-19,53.1997208968471,2819989921.862487715398212627114,1.33514277,53007607.45212134,727506.1832643840925,13675,21.5984384738677,72202
2017-09-20,51.8519904954564,2749364034.045058226787811479576,1.3028711,53023307.45212134,814076.25077866548,15700,25.3197301320662,58720
2017-09-21,46.5884941648871,2470980700.810413651438136600714,1.17424319,53038432.45212134,704650.9742439173875,15125,24.3924151750001,71390
2017-09-22,48.0060002906472,2546886694.166390439178201531248,1.24127465,53053507.45212134,723690.45438150654,15075,24.4055448904053,66489
2017-09-23,49.291421443577,2615816004.77643919598876763318,1.27188299,53068382.45212134,733209.893973207875,14875,25.2866917399044,59891
2017-09-24,47.7181180313691,2533053424.790042795646959526594,1.23368844,53083682.45212134,730087.20587994723,15300,26.0091686467588,52431
2017-09-25,52.1569934806637,2769458507.013265621944836133358,1.34573514,53098507.45212134,773227.4283508393525,14825,25.2016944567451,65109
2017-09-26,52.4030643848117,2783304000.333642509936741451678,1.35033954,53113382.45212134,779495.5827240740375,14875,26.0545798012126,62387
2017-09-27,56.9681975362942,3026534188.790300044048432338228,1.45645687,53126732.45212134,760525.43710952757,13350,23.6659623398916,65122
2017-09-28,54.8694616854829,2915871970.047276475426987295086,1.40046241,53141982.45212134,836759.290703614225,15250,27.0341517365803,65384
2017-09-29,52.6714166381373,2799860153.888916206924031179982,1.34661754,53157107.45212134,796655.1766518266625,15125,26.9121212120614,60933
2017-09-30,55.2610071126625,2938385653.86226658728900046775,1.41164181,53172857.45212134,870360.862024434375,15750,28.3251841827044,58567
2017-10-01,54.7210811284143,2910536735.467885051549985391162,1.39562661,53188582.45212134,860489.0007443148675,15725,28.2802235728906,56021
2017-10-02,53.2011664538905,2830479345.68591760651294326327,1.35790484,53203332.45210134,784717.205194884875,14750,26.5267597901516,61494
2017-10-03,52.0763787427485,2771402413.91951005289611213299,1.33061171,53218032.45210134,765522.76751840295,14700,28.1638137949685,58745
2017-10-04,51.2580270088413,2728634311.149763333632443577342,1.30938144,53233307.45210134,782966.3625600508575,15275,29.3028455513382,58375
2017-10-05,51.6561435377418,2750536351.304542544983008354012,1.32026958,53247032.45210134,708980.570055506205,13725,26.3293980485838,61264
2017-10-06,52.0966710683418,2774752444.003265892809159358012,1.33149859,53261607.45210134,759308.980821081735,14575,28.1585539066927,62458
2017-10-07,52.583891903362,2801459816.90400522745911070508,1.34384032,53276007.45210134,757208.0434084128,14400,28.0017387347798,58609
2017-10-08,53.2887116258116,2839797138.403889481574202947544,1.36191787,53290782.45210134,787340.71427136639,14775,28.730950680998,61486
2017-10-09,49.9420498563598,2662158842.663982977935673102132,1.27784116,53304957.45210134,707928.556713900165,14175,27.5629645370846,69754
2017-10-10,50.3567915695986,2684926306.011350568636430322124,1.29014652,53318057.45210134,659673.96956174166,13100,25.4426876211658,66510
2017-10-11,50.7712613354201,2707718056.514808778344316672934,1.29964324,53331707.45210134,693027.717228484365,13650,26.5108920632758,61606
2017-10-12,58.5006975257572,3120750858.330845279159914634648,1.489987,53345532.45210134,808772.14329359329,13825,26.8507752948562,76442
2017-10-13,58.7856887596429,3136800381.364798149340293011486,1.49454366,53359932.45210134,846513.91813885776,14400,27.3876673721528,82057
2017-10-14,64.0856607879927,3420622288.519059689828355580218,1.62180838,53375782.45210134,1015757.723489684295,15850,28.9815738066009,72749
2017-10-15,65.6151698137177,3503360083.629062533325722551718,1.65520467,53392532.45210134,1099054.094379771475,16750,30.6272152214866,71135
2017-10-16,64.8328631960963,3462569728.394479353953419999042,1.63281131,53407632.45210134,978976.23426105413,15100,28.1599296418135,74970
2017-10-17,59.2741175986712,3166521606.131784495855231739408,1.49223132,53421657.45210134,831319.49932136358,14025,28.8570264758603,74793
2017-10-18,60.6976538361781,3243470631.541998528088959488654,1.52099823,53436507.45210134,901360.159467244785,14850,30.5544986214992,77955
2017-10-19,59.7807699035004,3195325937.892631921897001530536,1.49747034,53450732.45210134,850381.45187729319,14225,29.2685348748031,71620
2017-10-20,60.2684409066301,3222261682.465643531023983094334,1.50858829,53465157.45210134,869372.2600781391925,14425,29.294722209536,70225
2017-10-21,58.0543230511902,3104723859.033206302242378014868,1.45281389,53479632.45210134,840336.326165978145,14475,29.1973537168477,75132
2017-10-22,56.6466589727409,3030205815.231369475075484362806,1.41879363,53493107.45210134,763313.7296576836275,13475,27.1802653771691,66762
2017-10-23,54.6401628167535,2923708095.24800352394693179969,1.36971218,53508407.45210134,835994.49109632855,15300,30.8907480837801,84333
2017-10-24,55.7755391022563,2985250890.410915169119070253442,1.39792133,53522582.45210134,790618.2667744830525,14175,28.7670809829163,86245
2017-10-25,56.2848708146958,3013317919.759848794941462872372,1.40680399,53536907.45210134,806280.774420517335,14325,29.0714945382911,71423
2017-10-26,55.5535363557809,2974938117.510143432896061636406,1.38852995,53550832.45210134,773582.9937542490325,13925,28.2597250572916,71050
2017-10-27,55.1473065773631,2954003112.211711414150871176554,1.37842607,53565682.45210134,818937.502673842035,14850,29.9056786988647,72842
2017-10-28,54.4513570019067,2917578984.555069086439801624978,1.36068939,53581382.45210134,854886.30492993519,15700,31.4694295836226,65935
2017-10-29,56.9267008886452,3051055270.391549842292085704568,1.41352795,53596207.45210134,843938.34067416509,14825,29.7155601004589,70251
2017-10-30,56.0827279402935,3006700617.92819462002913134329,1.39275549,53611882.45210134,879096.7604641006125,15675,32.1600124785605,70507
2017-10-31,55.4302437547112,2972497121.637561101089964833008,1.37642211,53625907.45210134,777409.16865982458,14025,30.1690966751395,70033
2017-11-01,53.286288090393,2858278222.42070166186871642662,1.32576652,53640032.45210134,752668.819276801125,14125,30.3842060988482,74849
2017-11-02,54.2165362038107,2908862600.595911343198730576338,1.34115299,53652682.45210134,685839.182978205355,12650,27.2113420991455,71728
2017-11-03,56.1293266294182,3012298603.435079669605051640388,1.38556194,53667107.45210134,809665.536629357535,14425,29.9393216946279,74695
2017-11-04,54.9864049620589,2951845209.963338388549277848926,1.35818767,53683182.45210134,883906.4597650968175,16075,32.8041392276287,54447
2017-11-05,54.6255600294322,2933205888.112617428297137059148,1.34917478,53696582.45210134,731982.50439439148,13400,27.3452855769966,64685
2017-11-06,54.6559485280743,2935593265.123949147753518649562,1.3496434,53710407.45210134,755618.4884006271975,13825,28.25085321497,67352
2017-11-07,60.8274517638372,3267937051.068959216916561661848,1.49096194,53724707.45210134,869832.56022287196,14300,29.3791365497765,82324
2017-11-08,62.2345602592273,3344400159.588768566561009694582,1.52058468,53738632.45210134,866616.2516097401525,13925,28.6087046472475,76737
2017-11-09,64.3541667181658,3459241265.154513961441760522172,1.56748169,53753182.45210134,936353.12574931239,14550,29.8927578181292,80760
2017-11-10,59.416658211083,3194805931.87624091870862715122,1.45056498,53769532.45210134,971462.36175120705,16350,33.5665662137912,81030
2017-11-11,62.3218762598051,3351990369.297087366145273848834,1.51654564,53785132.45210134,972221.26965295956,15600,32.0170515026844,73186
2017-11-12,58.399632708927,3142075873.83838054670272666218,1.42393429,53803007.45210134,1043893.434672070125,17875,36.6862048468259,89762
2017-11-13,60.9494971123503,3280099731.710623684524301179402,1.48112073,53816682.45210134,833484.3730113903525,13675,30.4933769598838,78167
2017-11-14,62.2493815070133,3350908013.929290411572532327822,1.51038928,53830382.45210134,852816.52664608221,13700,32.1480746974211,64711
2017-11-15,63.2358138907965,3404834854.67810023952021131731,1.53181812,53843457.45210134,826808.2666221642375,13075,30.6814654502759,79218
2017-11-16,70.6828563549611,3806719465.737890449103988332874,1.69771393,53856333.23335134,911808.84697899819,12900,30.2708148610753,92803
2017-11-17,67.6331290275555,3643402290.04640535907947284937,1.62270259,53870083.23335134,929955.524128888125,13750,29.8985649784788,88831
2017-11-18,69.2846948447392,3733468708.379367198704584270528,1.65919793,53885908.23335134,1096430.29591799784,15825,33.8125755293643,76607
2017-11-19,71.586985521642,3858775346.06952838977175970028,1.70787608,53903308.23335134,1245613.5480765708,17400,37.1778081649881,72140
2017-11-20,72.7058799207232,3920314367.467434941725452489088,1.72813904,53920183.23335134,1226911.723662204,16875,38.7570116680244,93821
2017-11-21,69.9020799051071,3770153527.242356044903114628514,1.65859323,53934783.23335134,1020570.36661456366,14600,34.7882326542184,90412
2017-11-22,71.9761534493909,3883015103.988605593100688698806,1.7023783,53948633.23335134,996869.725274063965,13850,33.0011659082826,89628
2017-11-23,73.8647815438376,3985919649.116341613062572702384,1.73909419,53962383.23335134,1015640.746227767,13750,32.8979253130373,92603
2017-11-24,77.056175111654,4159217491.13162136776111051636,1.80443259,53976433.23335134,1082639.2603187387,14050,34.1614076138134,86166
2017-11-25,88.9006107740309,4799758042.731507238820747716406,2.01163574,53990158.23335134,1220160.8828735741025,13725,33.3711971174085,98253
2017-11-26,86.3755345498475,4664825902.10791591464071092065,1.94648526,54006333.23335134,1397124.2713437833125,16175,39.3281685518457,99747
2017-11-27,90.8891444008508,4910204974.348262548478431320072,2.03053099,54024108.23335134,1615554.54172512297,17775,44.2722523286401,116010
2017-11-28,94.1686492102783,5088954621.998842229989783077922,2.07913827,54040858.23335134,1577324.874272161525,16750,41.9781077457084,118643
2017-11-29,85.9046317257243,4643859060.501736657888677875562,1.88624592,54058308.23335134,1499035.823613889035,17450,43.732416726126,145305
2017-11-30,87.5163490030609,4732272260.195361381959125116606,1.9112162,54073008.23335134,1286490.33034499523,14700,42.9147035251727,124900
2017-12-01,98.6648122106854,5336375979.087973301555000408436,2.10731496,54085908.23335134,1272776.07751784166,12900,38.5482474549655,117472
2017-12-02,99.4784477321372,5381603293.182522306121776683848,2.10976705,54098183.23335134,1221097.94591198413,12275,36.6805998069536,111304
2017-12-03,100.94713938168,5462472626.7826097933217994512,2.09846019,54112208.23335134,1415783.629828062,14025,41.6010166612945,119276
2017-12-04,103.740549716125,5615362695.6615525300943883575,2.14111521,54128908.23335134,1732467.1802592875,16700,46.2176576166311,126845
2017-12-05,101.082221972658,5473272107.78791797381118766172,2.07605637,54146733.23335134,1801790.60666262885,17825,49.3311225758354,156808
2017-12-06,99.8597998338959,5408986768.023655314758585685506,2.03819606,54165808.23335134,1904825.6818315642925,19075,55.9409653207899,185968
2017-12-07,97.0776136677395,5260173138.32364062417282709593,1.97517656,54185233.23335134,1885732.6454958397875,19425,67.0629101690536,188122
2017-12-08,126.425420485222,6853276555.83884359916600389748,2.49229123,54208058.23335134,2885660.22257519215,22825,78.8010771999304,191602
2017-12-09,157.130825694067,8520424245.24471971022796449978,2.93058357,54225033.23335134,2667295.766156787325,16975,78.272742970157,201170
2017-12-10,149.91303548254,8131838957.0909465716382556036,2.75067756,54243708.23335134,2799625.9376364345,18675,91.8333083332093,167349
2017-12-11,217.038088219198,11776841140.61787414732206702532,3.62983681,54261633.23335134,3890407.73132912415,17925,88.145223661193,223660
2017-12-12,342.120796823764,18568908420.10773286430507324376,4.05268036,54275883.23335134,4875221.354738637,14250,85.4975471086434,400593
2017-12-13,307.195859337528,16678095806.88890777828767108752,3.32810506,54291408.23335134,4769215.7162151222,15525,93.6014891239756,353671
2017-12-14,276.903783028549,15037857560.34499787452316740566,2.95650863,54307158.23335134,4361234.58269964675,15750,94.9580324446129,359896
2017-12-15,302.810059206699,16449386793.89455282750454862666,3.14188827,54322458.23335134,4632993.9058624947,15300,94.9376601481219,302832
2017-12-16,299.010074689937,16248067890.72069798181788346558,3.06729779,54339533.23335134,5105597.025330674275,17075,107.521500401187,274740
2017-12-17,321.877116294337,17495528696.24327873279037336158,3.24337751,54354683.23335134,4876438.31185920555,15150,95.3997499899259,279709
2017-12-18,359.07262925673,19522701017.7179405839711495182,3.51742718,54369783.23335134,5421996.701776623,15100,100.446961331209,298084
2017-12-19,348.745340178617,18965890455.34467791277211629678,3.26435216,54383208.23335134,4681906.191897933225,13425,94.8579301568112,357780
2017-12-20,305.197573793135,16601918863.7568108615819350509,2.76910693,54397283.23335134,4295655.851138375125,14075,99.450679102951,520364
2017-12-21,308.600572528376,16791384017.87310202827172762384,2.76943169,54411383.23335134,4351268.0726501016,14100,99.6273232931872,426531
2017-12-22,269.281446661413,14655995017.51682206878324984342,2.44915053,54426308.23335134,4019025.591421589025,14925,101.841670618361,381744
2017-12-23,290.283246999634,15803428753.20983511158757340956,2.51813346,54441408.23335134,4383277.0296944734,15100,102.526285148087,315205
2017-12-24,274.257678661059,14935190956.92741733404452346906,2.36901547,54456783.23335134,4216711.809413782125,15375,104.39348570542,246568
2017-12-25,269.230464513094,14665221195.35368490495493244596,2.32238682,54470883.23335134,3796149.5496346254,14100,97.9707512068637,229835
2017-12-26,278.188374788544,15157485354.50115213928095904896,2.39442342,54486408.23335134,4318874.5185921456,15525,110.179971698782,249799
2017-12-27,263.095982357807,14339075229.43920554336662291138,2.26605789,54501308.23335134,3920130.1371313243,14900,105.744385076448,297046
2017-12-28,247.796903604872,13508929011.73512090402371172848,2.15291278,54516133.23335134,3673589.0959422274,14825,105.797569097713,299368
2017-12-29,243.880431367358,13299064101.87902804806502155972,2.13899278,54531083.23335134,3646012.4489420021,14950,110.218076014881,393462
2017-12-30,217.55780150553,11866904193.2054182947594429102,1.91942969,54545983.23335134,3241611.242432397,14900,109.849453687072,466942
2017-12-31,229.03527344673,12496229389.6816621906508641182,1.97746387,54560283.23335134,3275204.410288239,14300,105.425985753365,326466
2018-01-01,224.817223941702,12269171409.96303840094224358068,1.93598778,54573983.23335134,3079995.9680013174,13700,102.313295550558,236300
2018-01-02,250.52089510924,13675399106.7154741796606003816,2.14419239,54587858.23335134,3475977.419640705,13875,104.192125838138,331554
2018-01-03,243.312843948224,13285430736.75204366432096102016,2.07564749,54602258.23335134,3503704.9528544256,14400,108.134530599581,471046
2018-01-04,236.355790970386,12909258901.64171381218747341724,2.01995432,54617908.23335134,3698968.1286865409,15650,117.289342021765,601822
2018-01-05,243.522199069532,13304137224.84537994437804537288,2.05375039,54632133.23335134,3464103.2817640927,14225,105.756427253836,577650
2018-01-06,278.298882327921,15207985632.27257048331568476414,2.31176254,54646233.23335134,3924014.2408236861,14100,104.827108912414,474855
2018-01-07,271.739536654928,14853149441.11711526483056640352,2.2440038,54659508.23335134,3607342.3490941692,13275,98.6936078590277,389707
2018-01-08,253.147462784921,13840466219.50994985435444714414,2.09258135,54673533.23335134,3550393.165558517025,14025,102.978620374719,365076
2018-01-09,245.186071789648,13408492726.66355289463455892832,2.02865745,54687008.23335134,3303882.3173655068,13475,98.0910464239168,365142
2018-01-10,245.862073757587,13448872588.12338121583276161658,2.03007765,54700883.23335134,3411336.273386519625,13875,101.002840009784,356973
2018-01-11,223.887672710633,12250138993.92814556472164279822,1.85554904,54715558.23335134,3285551.597028539275,14675,106.82642718152,294222
2018-01-12,234.819813287301,12851496588.22204609422449333334,1.94387639,54729183.23335134,3199419.956039476125,13625,95.9465967329453,285980
2018-01-13,257.258397803211,14083214355.31896549727034315274,2.11275901,54743458.23335134,3672363.628640837025,14275,100.511376551235,324083
2018-01-14,239.082684388729,13091978499.43102893953899304686,1.96486136,54759208.23335134,3765552.27912248175,15750,110.896965371765,234076
2018-01-15,232.575926584588,12738923842.48410762385923314792,1.91146513,54773183.23335134,3250248.5740196173,13975,98.7381130822786,242369
2018-01-16,188.938047055828,10351638470.16273167778451860952,1.56795403,54788533.23335134,2900199.0223069598,15350,108.805909571811,305590
2018-01-17,187.200901159266,10259289528.08526954810027451644,1.55897953,54803633.23335134,2826733.6075049166,15100,107.033826354029,288293
2018-01-18,191.632631992248,10504967106.48783632710194041232,1.59912435,54818258.23335134,2802627.242886627,14625,104.09820431107,246835
2018-01-19,191.823095154179,10518237355.93603463760717624986,1.60220031,54833008.23335134,2829390.65352414025,14750,107.991940684105,201684
2018-01-20,210.401029411956,11539966932.95211885740734462104,1.75410455,54847483.23335134,3045554.9007380631,14475,105.978531620503,193125
2018-01-21,189.730933171879,10408939382.15046051956541496786,1.58534399,54861583.23335134,2675206.1577234939,14100,103.232973806501,165184
2018-01-22,178.208224402851,9779378265.60982501860898067034,1.4950763,54876133.23335134,2592929.66506148205,14550,107.128486518449,185366
2018-01-23,177.964732344204,9768561258.63077136559334463336,1.49298221,54890433.23335134,2544895.6725221172,14300,105.618671810527,167675
2018-01-24,179.364256404273,9848040815.70965094747468627582,1.50578921,54905258.23335134,2659075.101193347225,14825,109.496280390984,170545
2018-01-25,178.877801932029,9823907747.64014670317555606886,1.50247729,54919658.23335134,2575840.3478212176,14400,106.438691122138,178746
2018-01-26,175.330602195768,9631959022.52010448533340512912,1.47342938,54935983.23335134,2862272.0808459126,16325,121.117733093144,174890
2018-01-27,179.312606960357,9853587854.02923065994863282838,1.50695171,54952008.23335134,2873484.526539720925,16025,118.891986083775,195705
2018-01-28,191.430220792839,10522226878.54425066984184305426,1.6078163,54966383.23335134,2751809.423897060625,14375,106.650377532247,183010
2018-01-29,179.37697628745,9862501902.685836795174682683,1.508514,54981983.23335134,2798280.83008422,15600,123.747330883694,157654
2018-01-30,163.640812451525,8999832839.0947373758270437935,1.38873726,54997483.23335134,2536432.5929986375,15500,123.632166323197,163729
2018-01-31,160.959500680466,8854560513.11930378584565292444,1.36812064,55011108.23335134,2193073.19677134925,13625,108.676662332488,161491
2018-02-01,141.184088210593,7768906217.96265548293907874462,1.20600262,55026783.23335134,2213060.582701045275,15675,127.612317934135,171333
2018-02-02,130.603491471987,7188515198.54119998981273891258,1.12198885,55040758.23335134,1825183.793321018325,13975,115.584100728812,184956
2018-02-03,157.100198870068,8649360900.01622946124085369112,1.34902707,55056333.23335134,2446835.5974013091,15575,128.8173430305,147661
2018-02-04,149.373604722595,8226203561.9449326917828715273,1.28755284,55071333.23335134,2240604.070838925,15000,125.119462425566,159260
2018-02-05,124.362469159974,6850653763.49833286343060726516,1.07620109,55086183.23335134,1846782.6670256139,14850,128.191479798507,161833
2018-02-06,143.090896872154,7884660168.47064968145094458636,1.24042987,55102458.23335134,2328804.34659430635,16275,140.492682405434,172607
2018-02-07,138.550625204593,7636457848.71559680399855070462,1.19273462,55116733.23335134,1977810.174795565075,14275,123.227836641325,145613
2018-02-08,148.956690546532,8212344796.21765221335457455288,1.28319784,55132433.23335134,2338620.0415805524,15700,142.686589618398,119252
2018-02-09,162.326772955935,8951868350.0488922666231932029,1.39544837,55147208.23335134,2398378.070423939625,14775,135.305721969978,141141
2018-02-10,155.002861841779,8550083137.67502331204599763386,1.33389855,55160808.23335134,2108038.9210481944,13600,124.545368446138,171828
2018-02-11,150.159758018205,8285125948.8757130502638811447,1.29144708,55175408.23335134,2192332.467065793,14600,134.067900308143,114379
2018-02-12,161.880731687213,8934202961.65651680742061441542,1.38938494,55190033.23335134,2367505.700925490125,14625,134.792538634744,128711
2018-02-13,158.693864739222,8760715946.24418681320220425748,1.34359877,55205133.23335134,2396277.3575622522,15100,139.170415957924,127880
2018-02-14,212.858959858422,11754009658.23670769474498398548,1.78295634,55219708.23335134,3102419.33993650065,14575,134.357701022639,203607
2018-02-15,222.407887508017,12284545812.14634202380102769278,1.84262341,55234308.23335134,3247155.1576170482,14600,138.356894690955,209445
2018-02-16,229.013808083283,12652745690.92803155347591964922,1.88719513,55248833.23335134,3326425.562409685575,14525,137.646157218228,165307
2018-02-17,229.433352286562,12679429613.10518951345730669308,1.8602939,55264108.23335134,3504594.45617723455,15275,144.753531945503,188517
2018-02-18,214.821633670439,11875132226.91102468347305903826,1.73785844,55279033.23335134,3206212.882531302075,14925,143.879011075469,243569
2018-02-19,221.642902044735,12255297266.5508657881326521949,1.78332469,55292983.23335134,3091918.48352405325,13950,135.97217749935,159232
2018-02-20,229.484258284412,12692231190.02192769636964131208,1.83540402,55307633.23335134,3361944.3838666358,14650,142.795154148063,176589
2018-02-21,210.711725105495,11657074808.0467732016638996133,1.68480386,55322383.23335134,3107997.94530605125,14750,143.912963191605,145625
2018-02-22,194.128871678134,10742544942.93665059530261759956,1.51620109,55337183.23335134,2873107.3008363832,14800,145.329550591597,186164
2018-02-23,207.27976845307,11473403269.9636032554736116138,1.60370199,55352258.23335134,3124742.50943003025,15075,148.029930754617,145570
2018-02-24,206.092393256097,11410580121.87595691241819811998,1.59293238,55366333.23335134,2900750.435079565275,14075,138.210366525455,118667
2018-02-25,217.572965717028,12049274222.62582335956654461752,1.67841483,55380383.23335134,3056900.1683242434,14050,139.86442717582,109739
2018-02-26,218.842562901511,12122741805.22433005698987987474,1.68564469,55394808.23335134,3156803.969854296175,14425,144.508937789647,135685
2018-02-27,215.625596098695,11947654335.9529065062392505013,1.65176966,55409258.23335134,3115789.86362614275,14450,144.759386555314,137557
2018-02-28,202.408565780345,11218238353.9550879802066514123,1.54630082,55423733.23335134,2929863.989670493875,14475,144.986443210207,168203
2018-03-01,209.268883483766,11601471012.44561013596866434644,1.59721166,55438108.23335134,3008240.20007913625,14375,143.87486735044,138022
2018-03-02,210.513789218557,11673643938.14955172778382881638,1.60526543,55453108.23335134,3157706.838278355,15000,150.130296365677,117135
2018-03-03,210.141015986598,11656135126.06183141591806534132,1.60166014,55468158.23335134,3162622.2905982999,15050,150.630730686896,121663
2018-03-04,212.266749460853,11777065141.28482007683332509302,1.61588715,55482383.23335134,3019494.511080633925,14225,143.260592438407,114329
2018-03-05,210.767825089176,11697215568.90715369245283909584,1.60214363,55498108.23335134,3314324.0495272926,15725,158.681119880594,119476
2018-03-06,195.944181117965,10877592999.2101877424248308231,1.49057451,55513733.23335134,3061627.829968203125,15625,157.672018959255,128077
2018-03-07,185.887516768859,10322186626.63856046095771792106,1.41554012,55529208.23335134,2876609.321998093025,15475,161.46696183381,129332
2018-03-08,176.321183689984,9793545606.32439505391591097856,1.34671874,55543783.23335134,2569881.2522815168,14575,157.822676130949,241550
2018-03-09,186.752871447147,10375538199.49223236674049162698,1.42662585,55557583.23335134,2577189.6259706286,13800,149.430732803231,127753
2018-03-10,177.667481665012,9873436471.00176086165198131608,1.35780397,55572558.23335134,2660570.5379335547,14975,162.175513036636,111839
2018-03-11,187.846217233864,10441813920.13813339096525777776,1.43517854,55587033.23335134,2719073.9944601814,14475,158.81568684247,105631
2018-03-12,178.648995420504,9933175920.87752655406047187536,1.36511394,55601633.23335134,2608275.3331393584,14600,160.187152186532,112773
2018-03-13,175.721378805392,9773167660.34685867482182242528,1.34554325,55617408.23335134,2772004.7506550588,15775,173.078926420723,115180
2018-03-14,160.902820981768,8951214316.79986415741967836912,1.23524655,55631183.23335134,2216436.3590238542,13775,153.702322208865,108385
2018-03-15,164.701304578563,9164838389.57876059925981132442,1.26484294,55645208.23335134,2309935.796714346075,14025,158.176912993264,122053
2018-03-16,166.161816907622,9248721796.82749796355424991348,1.27697533,55660933.23335134,2612894.57087235595,15725,177.349872143962,107603
2018-03-17,152.891359898531,8512296522.27095065894247288154,1.17701546,55675458.23335134,2220747.002526162775,14525,164.259288042274,105492
2018-03-18,153.69999515973,8559480988.4137239346065095382,1.18511251,55689533.23335134,2163327.43187319975,14075,161.513720017217,109095
2018-03-19,159.938320137947,8909221495.62459590781491729898,1.23331531,55704108.23335134,2331101.016010577525,14575,167.251329964542,115554
2018-03-20,168.42747353792,9384434935.9347146102481728128,1.29827449,55717958.23335134,2332720.508500192,13850,158.93179554092,114491
2018-03-21,168.041747454981,9365413279.84359341405940602454,1.29348062,55732658.23335134,2470213.6875882207,14700,167.789228284732,108214
2018-03-22,163.695333177961,9125696966.53281949856165781774,1.26061759,55748058.23335134,2520908.1309405994,15400,175.19284337583,107785
2018-03-23,166.595142770783,9289937945.29203832896752589922,1.28306755,55763558.23335134,2582224.7129471365,15500,176.330459241907,106609
2018-03-24,159.993772938765,8924245979.9044361225365506951,1.23274321,55778708.23335134,2423905.66002228975,15150,176.10736600149,96200
2018-03-25,159.918001936249,8922518290.04280151886329872366,1.23235387,55794333.23335134,2498718.780253890625,15625,190.247699456323,95785
2018-03-26,149.184947287124,8325897518.05232857317175014616,1.15178827,55809233.23335134,2222855.7145781476,14900,181.420206201549,105743
2018-03-27,136.319414747976,7609971106.93475969406396188784,1.05395493,55824558.23335134,2089095.0310127322,15325,186.676674476804,108207
2018-03-28,131.284918869867,7330816383.56639436533575007178,1.02170531,55838983.23335134,1893784.954697831475,14425,183.49645955051,101172
2018-03-29,115.6617471196,6460163501.270905063899800264,0.90312173,55853933.23335134,1729143.11943802,14950,190.174840227391,114388
2018-03-30,118.263547819808,6607261213.67280207697027534272,0.925438,55868958.23335134,1776909.8059926152,15025,191.128894609803,108019
2018-03-31,116.087309016232,6487435741.58161195698781895088,0.90912635,55884108.23335134,1758722.7315959148,15150,198.145009887809,84962
2018-04-01,114.628859257421,6407679667.51098854610859529414,0.89966048,55899358.23335134,1748090.10367567025,15250,202.88857128069,82549
2018-04-02,118.626651395473,6632891562.82137654863049448382,0.93194091,55914008.23335134,1737880.44294367945,14650,194.906070115548,99074
2018-04-03,134.187607567913,7504926133.43649759247063955342,1.05408215,55928608.23335134,1959139.0704915298,14600,194.99649974181,113015
2018-04-04,118.048879866001,6604074385.16552347378835379134,0.92868843,55943558.23335134,1764830.75399671495,14950,202.219905682684,102186
2018-04-05,119.190740746955,6669810541.6406932589095501697,0.93885571,55959133.23335134,1856395.787133824125,15575,210.673915117579,91980
2018-04-06,112.991340812058,6324631911.79842750290442245772,0.8910047,55974483.23335134,1734417.0814650903,15350,207.630471721017,102292
2018-04-07,115.790999882989,6482936402.54674292579732635526,0.91016728,55988258.23335134,1595021.023388173475,13775,196.143500538331,92567
2018-04-08,117.525173297459,6581766185.82866944979151435715,0.92411181,56003033.23246385,1736434.435469956725,14775,211.319038698246,87243
2018-04-09,114.51546477159,6414836635.9475353460631820215,0.90149259,56017208.23246385,1623256.71313728825,14175,202.737554893241,100282
2018-04-10,113.993565130512,6387294079.5190089791605719912,0.89789346,56032058.23246385,1692804.4421881032,14850,212.863564008705,105580
2018-04-11,117.279986372662,6572922617.7631781328325432687,0.92410388,56044708.23246385,1483591.8276141743,12650,181.912857755624,105768
2018-04-12,129.349939260336,7251368361.0485796456118588536,1.01825783,56060083.23246385,1988755.316127666,15375,221.099619604168,108353
2018-04-13,126.101532735581,7071097198.19923840738719124685,0.99347398,56074633.23246385,1834777.30130270355,14550,209.235737576627,107948
2018-04-14,126.468912184743,7093556959.07593880744218217106,0.99656558,56089333.23245342,1859093.0091157221,14700,208.915104665436,99452
2018-04-15,132.253878376368,7420104935.0716522849099159752,1.04342682,56105008.23239015,2073079.5435495684,15675,222.40888543535,102385
2018-04-16,128.507759631739,7211772998.41544664054577097085,1.01470969,56119358.23239015,1844086.35071545465,14350,203.608772312425,110859
2018-04-17,132.904505958305,7460462631.58523861176639269575,1.04944488,56134008.23239015,1947051.01228916825,14650,210.351769945409,117771
2018-04-18,140.447703268296,7886037870.1502398614427976844,1.10879379,56149283.23239015,2145338.6674232214,15275,222.008278888,114046
2018-04-19,146.127476268894,8207243601.2470143457017169941,1.16823288,56164958.23239015,2290548.19051491345,15675,227.821916305689,112199
2018-04-20,155.620276695215,8742697849.27408576108751813225,1.24277807,56179683.23239015,2291508.574337040875,14725,215.976510853386,120349
2018-04-21,148.143904436457,8324959040.17795351450490769855,1.18234729,56195083.23239015,2281416.1283214378,15400,236.032937383657,106701
2018-04-22,146.841616806718,8254166725.7457876589997170277,1.17205496,56211358.23239015,2389847.31352933545,16275,249.443899735001,100611
2018-04-23,152.070805939488,8550399016.7523814892025072432,1.21348514,56226433.23239015,2292467.3995377816,15075,231.051722796015,113626
2018-04-24,165.305886721445,9297139174.49723130876461176675,1.31760097,56242033.23239015,2578771.832854542,15600,258.278855511072,129418
2018-04-25,144.931746390304,8153151079.4958719562367051056,1.15635107,56255108.23239015,1894982.5840532248,13075,217.78358923356,120842
2018-04-26,153.803663531753,8654464201.45491671386760943295,1.22595689,56269558.23239015,2222462.93803383085,14450,240.686261141488,116339
2018-04-27,146.36842751086,8238242030.300810637892882029,1.16722081,56284283.23239015,2155275.0950974135,14725,244.671382865486,110776
2018-04-28,151.923743928437,8553270052.93055405833706369555,1.21054007,56299758.23239015,2351019.937292562575,15475,256.290793751188,109249
2018-04-29,153.347491399849,8635719236.35145420762661908735,1.22172137,56314708.23239015,2292544.99642774255,14950,247.595952606156,114682
2018-04-30,148.04890718879,8339718301.0822407268874277138,1.17991331,56330833.23234222,2387288.62841923875,16125,270.320908738194,121984
2018-05-01,147.990156165236,8338636058.809126073076391472,1.17301599,56345883.232252,2227251.8502868018,15050,269.515765285558,116098
2018-05-02,151.169924465226,8519855043.870594504405668952,1.19792869,56359458.232252,2052131.72461544295,13575,243.101429485145,123328
2018-05-03,161.247604953236,9090157684.28452870331625771552,1.27647566,56373908.23213032,2330027.8915742602,14450,258.770950722678,128039
2018-05-04,169.151074345046,9538240179.81442252780662786196,1.33781341,56388883.23202526,2533037.33831706385,14975,268.047130512068,129549
2018-05-05,177.339112859731,10002805253.69952422497436780841,1.400982,56404958.23169811,2850726.239220175825,16075,287.671198131891,117776
2018-05-06,171.317601264695,9665877527.66987819632344122645,1.33702906,56420808.23169811,2715383.98004541575,15850,283.644696136266,110679
2018-05-07,164.124189199841,9262444339.90111421130609681043,1.2783295,56435583.23156723,2424934.895427650775,14775,274.026463615977,114633
2018-05-08,159.463222982928,9001728156.08254830885297424944,1.24243911,56450183.23156723,2328163.0555507488,14600,283.305780033128,119069
2018-05-09,156.541277966004,8839092808.30299309176654934072,1.21973378,56464933.23136518,2308983.849998559,14750,286.216455855386,112765
2018-05-10,149.147775979038,8423848971.50840947959865177338,1.16100847,56479883.23132851,2229759.2508866181,14950,290.216569514104,118279
2018-05-11,136.849904486082,7731343322.87653897761578356602,1.06720506,56495058.23120861,2076697.30057629435,15175,301.041736627013,119072
2018-05-12,142.144207897643,8032499286.21048501720906030623,1.10887305,56509508.23120861,2053983.80412094135,14450,286.659182488326,107977
2018-05-13,144.685616010495,8178384573.0475728647659139463,1.12912437,56525208.23116474,2271564.1713647715,15700,311.456689623994,102581
2018-05-14,147.397849009702,8333794527.44757326440302030748,1.15008236,56539458.23116474,2100419.3483882535,14250,291.037324001994,117960
2018-05-15,139.515979924371,7890149510.0976625644463690065,1.08950793,56553733.2309515,1991590.613420396025,14275,295.794460209485,114414
2018-05-16,138.958376167905,7860754894.9988936899069116075,1.08636262,56569133.2309515,2139958.992985737,15400,319.105757423894,112446
2018-05-17,132.317757093371,7487045900.8648545483926725065,1.03559392,56583833.2309515,1945071.0292725537,14700,306.061813608406,112463
2018-05-18,135.88750469823,7691030053.146231282153265845,1.06349728,56598508.2309515,1994149.13144652525,14675,310.342241008181,117187
2018-05-19,134.674392791222,7624174365.74786936469713508938,1.05429378,56611908.23089279,1804636.8634023748,13400,283.37894579282,109262
2018-05-20,139.123795088676,7878206026.70386808468847820128,1.08911035,56627308.23064728,2142506.4443656104,15400,325.674310836524,98450
2018-05-21,134.617103435411,7624942695.64341547084420283208,1.05440528,56641708.23064728,1938486.2894699184,14400,305.054049187621,124016
2018-05-22,128.343848135077,7271565625.75718863900458264056,1.00777205,56656908.23064728,1950826.4916531704,15200,322.180260320119,118561
2018-05-23,118.820941473555,6733877813.094358945289362068,0.93437261,56672483.2305176,1850636.163450619125,15575,330.128786479332,131694
2018-05-24,122.860123134549,6964634241.3806648130596322309,0.9668797,56687508.2304241,1845973.350096598725,15025,326.590294991851,114369
2018-05-25,118.255793377571,6705270015.9143360787807578611,0.93144036,56701408.2304241,1643755.5279482369,13900,312.539484178211,109227
2018-05-26,118.133975506004,6699930999.5736964421250162964,0.93093083,56714683.2304241,1568228.5248422031,13275,298.48644981768,115173
2018-05-27,117.673325482063,6675482224.2739147469904329183,0.92753628,56728933.2304241,1676844.88811939775,14250,320.409183420108,99537
2018-05-28,111.022463516678,6299770765.57052457340140101712,0.876713,56743208.23032504,1584845.66670057845,14275,312.098883240798,104664
2018-05-29,119.38791457248,6776160543.9488763792630388992,0.94329519,56757508.23032504,1707247.178386464,14300,310.595872012196,110723
2018-05-30,117.238682900548,6655676164.78087904978796646412,0.92811807,56770308.23032019,1500655.1411270144,12800,278.01588543749,105587
2018-05-31,118.026844467697,6702075666.3613364788534708845,0.934867,56784333.2301885,1655326.493659450425,14025,302.43795171785,101147
2018-06-01,119.946189754747,6812740656.7267980684365798095,0.95055949,56798308.2301885,1676248.001822589325,13975,290.403844594039,99600
2018-06-02,123.317369406537,7005904322.70045208863762960243,0.97773945,56811983.23006939,1686365.026634393475,13675,284.169772795955,92842
2018-06-03,125.026493630578,7104775309.96182092114127001336,0.99137004,56826158.22974812,1772250.54721344315,14175,294.559892459427,92689
2018-06-04,119.506046476253,6792766492.32968935629827634523,0.94780003,56840358.22973591,1696985.8599627926,14200,289.857598699433,104890
2018-06-05,121.817438870842,6926098988.47746590117630442362,0.96730967,56856383.22950561,1952124.45790524305,16025,322.477631958389,98513
2018-06-06,121.237579755284,6895057973.90107107710715964472,0.96316925,56872283.22949558,1927677.5181090156,15900,319.962205812068,96021
2018-06-07,121.340893042694,6902829587.89720219919315868782,0.96449813,56887908.22949053,1895951.45379209375,15625,322.905294257846,95362
2018-06-08,119.956218008314,6825797686.77484666763552426642,0.95427208,56902408.22949053,1739365.161120553,14500,315.890781312778,96182
2018-06-09,117.884742390275,6709638011.40297403663267659575,0.9382058,56916933.22949053,1712275.883218744375,14525,316.435420590904,85575
2018-06-10,106.243351623283,6048535813.41629855017980226722,0.84689049,56930958.22939734,1490063.006516544075,14025,305.542635028394,96174
2018-06-11,106.82226567958,6082968092.6401322413089443172,0.85237017,56944758.22939734,1474147.266378204,13800,300.846655023215,98943
2018-06-12,99.3025773387117,5656285552.671118109508343006878,0.79405951,56960108.22939734,1524294.562149224595,15350,334.681990638613,98687
2018-06-13,93.5163083771874,5328022302.141828630295706241516,0.74986856,56974258.22939734,1323255.76353720171,14150,308.517926223868,102552
2018-06-14,100.476349239086,5725962088.74921999194535243124,0.80485736,56988158.22939734,1396621.2544232954,13900,303.417561966943,105570
2018-06-15,95.3661235180864,5436015258.675013087611662050176,0.76513982,57001533.22939734,1275521.9020544056,13375,292.65056576977,94285
2018-06-16,96.5368886437366,5504121489.707323574677183700644,0.77514063,57015733.22939734,1370823.81874105972,14200,310.701909078934,82931
2018-06-17,94.9656598486225,5415930348.94102917359880416415,0.76322081,57030408.22939734,1393621.0582785351875,14675,321.095106741786,81397
2018-06-18,98.582476279477,5623579021.15136584374112039118,0.79266043,57044408.22939734,1380154.667912678,14000,299.727041746391,89803
2018-06-19,98.5222920955673,5621522699.027503343102064410982,0.79306238,57058383.22939734,1376849.0320355530175,13975,296.911699306617,92042
2018-06-20,97.7864539699273,5580910864.938212272854662613382,0.78822937,57072433.22939734,1373899.678277478565,14050,298.505143131161,89657
2018-06-21,96.6845504287697,5519453480.006604454695728652598,0.78021282,57087233.22939734,1430931.34634579156,14800,313.709565902372,96799
2018-06-22,85.0369148253909,4855697825.092947716323436920206,0.68765257,57101058.22939734,1175635.3474610291925,13825,290.152258053577,99464
2018-06-23,83.0378906328051,4742718110.633522859827206678434,0.67227879,57115108.22939734,1166682.363390911655,14050,294.874446701827,85449
2018-06-24,80.7332657079108,4612251767.646212114794354477272,0.6543686,57129508.22939734,1162559.02619391552,14400,302.220073487994,87702
2018-06-25,81.6371550011033,4665082420.923133296777194085222,0.66245045,57144108.22939734,1191902.46301610818,14600,304.611314071066,89101
2018-06-26,76.2311700168447,4357185633.353639123077029373098,0.61978036,57157533.22939734,1023403.4574761400975,13425,279.149831670878,87753
2018-06-27,80.7431876723357,4616123019.549966565512701167038,0.65723511,57170433.22939734,1041587.12097313053,12900,268.233357806653,133297
2018-06-28,74.5329645994328,4262078754.422425965526449828752,0.60732363,57183808.22939734,996878.4015174137,13375,278.110167493332,112958
2018-06-29,79.5473635618612,4550030303.001760878793484729208,0.64886088,57199008.22939734,1209119.92614029024,15200,297.299815998656,92676
2018-06-30,80.7568393352382,4620468905.489054948981611346388,0.65923694,57214583.22939734,1257787.772646334965,15575,302.684571474755,86765
2018-07-01,79.8942987280615,4572241519.02813799431219145641,0.65259881,57228633.22939734,1122514.897129264075,14050,273.04771937209,81689
2018-07-02,85.4421537368367,4890846290.479944332514998994378,0.69945862,57241608.22939734,1108611.9447354561825,12975,253.305481172739,110184
2018-07-03,84.8165594731547,4856174931.038628093698589588498,0.69474872,57255033.22939734,1138662.3109271018475,13425,263.47305698073,90781
2018-07-04,85.3319573302771,4886816834.208090716705868202914,0.69944298,57268308.22939734,1132781.7335594285025,13275,260.529223941839,88568
2018-07-05,83.1560969614995,4763314968.03439289894606771133,0.68209725,57281608.22939734,1105976.08958794335,13300,261.019862781655,88576
2018-07-06,82.9609530960151,4753354265.570029305963928539834,0.68103451,57296283.22939734,1217451.9866840215925,14675,274.980299031459,87054
2018-07-07,84.0935203513766,4819499153.262798504359457378244,0.69122038,57311183.22939734,1252993.45323551134,14900,273.533349103409,82623
2018-07-08,82.3045223542629,4718210301.927680903266646920686,0.67730546,57326258.22939734,1240740.6744905132175,15075,276.745989109657,88712
2018-07-09,80.4489478278314,4613093166.659539072137001128476,0.66271181,57341870.72939734,1257014.809809865625,15625,291.756848064965,95338
2018-07-10,75.7209804827316,4342959474.992241636028344973944,0.62483132,57354770.72939734,976800.64822723764,12900,248.395632395102,92583
2018-07-11,78.0722846916155,4478899289.95082358739706600277,0.64471774,57368620.72939734,1081301.142978874675,13850,266.688334005594,87120
2018-07-12,75.6785246938767,4342633971.832174956709479267978,0.6257475,57382645.72939734,1061391.3088316207175,14025,270.058042197001,86052
2018-07-13,76.4411561585408,4387509912.842097145140277801472,0.63271976,57397220.72939734,1114129.85101073216,14575,272.865034025453,90419
2018-07-14,76.2321622444649,4376646290.634112314904127783366,0.6313115,57412070.72939734,1132047.609330303765,14850,274.856493652757,80204
2018-07-15,78.3083871571588,4497031076.527583345687790677592,0.64876503,57427195.72939734,1184414.35575202685,15125,279.946428720401,80184
2018-07-16,83.4380087413971,4792933351.701928609041292623714,0.69187759,57443045.72939734,1322492.438551144035,15850,297.842318129937,93650
2018-07-17,88.980402730847,5112648947.16947196282353774698,0.73891948,57458145.72939734,1343604.0812357897,15100,291.039646197593,93811
2018-07-18,86.3878933213263,4964958065.744221231102668492042,0.71830309,57472845.72939734,1269902.03182349661,14700,283.32998669567,96322
2018-07-19,86.0879331737222,4948949559.900387764129730578948,0.71605836,57487145.72939734,1231057.44438422746,14300,275.620327193747,90474
2018-07-20,81.7015357578887,4697913531.084380363322901796058,0.68000901,57500920.72939734,1125438.6550649168425,13775,274.202633197036,99530
2018-07-21,83.6488123382284,4810983709.250953087250975272456,0.69664216,57514070.72939734,1099981.88224770346,13150,262.042015105775,88770
2018-07-22,82.2446074227504,4731309853.356749855666397243936,0.68570111,57527295.72939734,1087684.93316587404,13225,263.536551313602,81765
2018-07-23,81.4164735082705,4684925397.85878627487297070047,0.67969193,57542720.72939734,1255849.1038650724625,15425,302.575887590316,91920
2018-07-24,89.0793022009744,5127268408.329925047614872768096,0.74373218,57558470.72939734,1402999.0096653468,15750,297.851295356368,94248
2018-07-25,86.5818104840288,4984865116.141488171930719203392,0.72391324,57574045.72939734,1348511.69828874856,15575,294.541836519075,102912
2018-07-26,83.3201040843146,4798419019.406834435104204963164,0.69724233,57590170.72939734,1343536.678359572925,16125,308.258095493158,87723
2018-07-27,84.4349384940137,4863711734.102985282656198703558,0.70682463,57603070.72939734,1089210.70657277673,12900,268.047252829984,86848
2018-07-28,83.8444231993277,4830884734.515247181610414168318,0.70210066,57617245.72939734,1188494.6988504701475,14175,294.540295260855,79977
2018-07-29,84.0014989224588,4841176127.199593880830314979592,0.70365856,57632020.72939734,1241122.14657932877,14775,307.00760934597,81138
2018-07-30,82.1667197439979,4736452962.877494244515549225586,0.68884937,57644420.72939734,1018867.32482557396,12400,253.410056147087,87034
2018-07-31,78.6732701099962,4536119470.038851298091735690108,0.66002165,57657695.72939734,1044387.660710199555,13275,265.814590995602,92482
2018-08-01,77.5656731330169,4473169377.208691457152493035046,0.65132312,57669445.72939734,911396.659312948575,11750,235.278451540363,89655
2018-08-02,76.2060484146174,4395871276.454247399481148677716,0.64043514,57684020.72939734,1110703.155643048605,14575,291.845398400068,92788
2018-08-03,77.5946806465515,4477026514.69642025538664427301,0.65242655,57697595.72939734,1053347.7897769366125,13575,254.775583112636,92906
2018-08-04,73.0418796824918,4215392648.303121098150563491812,0.61492889,57711995.72939734,1051803.06742788192,14400,259.11933590547,83581
2018-08-05,74.5859382372326,4305614679.499996342418747401284,0.62816359,57726895.72939734,1111330.47973476574,14900,268.116535068855,78386
2018-08-06,73.6415425086449,4252189381.616216614530517064566,0.62109287,57741720.72939734,1091735.8676906606425,14825,267.477021203387,87575
2018-08-07,67.7550512732558,3913350227.426196852732393659572,0.57217026,57757320.72939734,1056978.79986279048,15600,285.925333775721,96639
2018-08-08,62.0471875760026,3584592958.021316699734344273084,0.53176379,57772045.72939734,913644.837056638285,14725,269.887855118429,99913
2018-08-09,63.5799424151142,3674151082.765706677546473276228,0.54609338,57787895.72939734,1007742.08727956007,15850,290.507470534948,104649
2018-08-10,58.927880217966,3406107831.18515614879302061044,0.50675741,57801295.72939734,789633.5949207444,13400,259.700703135372,88470
2018-08-11,58.5254479997816,3383592926.992839505921019620944,0.50388303,57814045.72939734,746199.4619972154,12750,249.596205138306,82961
2018-08-12,59.3201886390667,3430287533.032330993854971062578,0.51126019,57826645.72939734,747434.37685224042,12600,246.659779195503,74534
2018-08-13,56.5979239434606,3273625094.130615147094472034804,0.48871381,57840020.72939734,756997.232743785525,13375,261.831313233321,90071
2018-08-14,53.9794902843111,3122935947.819865124664360072474,0.46755542,57854120.72939734,761110.81300878651,14100,249.498772159548,96585
2018-08-15,54.3750807123335,3146594610.34818215858136009289,0.47239314,57868320.72939734,772126.1461151357,14200,250.538392983319,90975
2018-08-16,55.0368322916056,3185643067.583080246835228969104,0.47859638,57882020.72939734,754004.60239499672,13700,241.716618582498,86422
2018-08-17,61.2634980623618,3546856085.038184861152851037612,0.53278884,57895095.72939734,801020.237165380535,13075,227.32554501302,90301
2018-08-18,57.2415582417945,3314908479.663745769559781790925,0.49818628,57910870.72894165,902985.5812643082375,15775,265.986326161646,80189
2018-08-19,57.9061778289499,3354229579.965715862053657873335,0.50416603,57925245.72894165,832401.3062911548125,14375,242.380566629076,80626
2018-08-20,53.6060371550627,3105964387.281184397511710391455,0.4677195,57940570.72894165,821512.5194013358775,15325,258.398760597606,83053
2018-08-21,56.4880545035921,3273760720.887815523270356300965,0.49325352,57954920.72894165,810603.582126546635,14350,251.447817333349,78851
2018-08-22,55.1794755020279,3198719472.005609004005795772035,0.4822758,57969370.72894165,797343.421004303155,14450,253.635171942499,79360
2018-08-23,57.148438923055,3313674836.47648079897093474075,0.49981658,57983645.72894165,815793.965626610125,14275,250.563465707901,79852
2018-08-24,57.9073034737804,3358507539.54684361152621651366,0.50677909,57997995.72894165,830969.80484874874,14350,250.924858939319,82789
2018-08-25,57.889339967451,3358354293.55197462687967823415,0.50689729,58013345.72894165,888601.36850037285,15350,267.141885046603,75204
2018-08-26,56.8674544856384,3299853225.29937167650915659936,0.49814684,58027095.72894165,781927.499177528,13750,239.296476833277,71550
2018-08-27,60.2718635289647,3498255548.422464622547351209755,0.52820959,58041270.72894165,854353.6655230746225,14175,246.692913389942,80248
2018-08-28,63.3297580368089,3676607249.097897902685240300685,0.55511857,58054970.72894165,867617.68510428193,13700,239.908142831147,87617
2018-08-29,61.4966083502088,3571107784.24102242516098051652,0.54012499,58069995.72894165,923986.54046188722,15025,263.201745728177,80993
2018-08-30,60.0253272053564,3486518352.19014683523038305406,0.52746699,58084120.72894165,847857.74677565915,14125,247.435917365092,81241
2018-08-31,62.1095630725427,3608470632.157477266547345433455,0.5460045,58098470.72894165,891272.230090987745,14350,249.889203721442,85117
2018-09-01,66.2803406279616,3851788919.987112393130515153984,0.58260442,58113595.72829599,1002490.1519979192,15125,261.248387997635,82472
2018-09-02,66.1308481356612,3844000753.259796538835027958588,0.58151837,58127195.72829599,899379.53464499232,13600,234.907641439197,79648
2018-09-03,65.3529086999781,3799758341.402149528054663317819,0.57536763,58142145.72829599,977025.985064672595,14950,258.225679376174,92147
2018-09-04,67.7224751378735,3938484905.438215268418923255195,0.59648778,58156245.72817237,954886.89944401635,14100,247.107132113807,93957
2018-09-05,58.7046083802418,3414942213.688225688339480553132,0.51773887,58171620.72811974,902583.353846217675,15375,269.639695404351,89526
2018-09-06,57.3157376729554,3334936012.158497165664269542384,0.50615815,58185345.72803896,786658.499561312865,13725,240.702752482909,87176
2018-09-07,55.8450652765132,3250126715.459848589278782554272,0.49357753,58198995.72803896,762285.14102440518,13650,237.98166440013,85244
2018-09-08,53.0754678606272,3089736386.179993346942365778304,0.46957542,58214020.72787082,797458.90460592368,15025,259.859878109878,78049
2018-09-09,54.7950945820333,3190611272.985641609300635338306,0.48501205,58228045.72787082,768501.2015130170325,14025,242.564711513547,79026
2018-09-10,54.068087993437,3149075252.69392973581924678775,0.48030519,58242770.72783075,796152.595703359825,14725,254.671328130979,82986
2018-09-11,51.7455420135678,3014566986.42826303274756204985,0.46014895,58257520.72783075,763246.74470012505,14750,257.520680294615,83717
2018-09-12,51.6851514056047,3011759450.164913498373823004525,0.46001933,58271270.72783075,710670.831827064625,13750,240.195138813201,85233
2018-09-13,54.69009421429,3187659761.4666244013251735316,0.4870365,58285870.72782404,798475.375528634,14600,255.043565576199,85200
2018-09-14,56.8167317058163,3312464930.358257559904310963852,0.50624769,58300870.72782404,852250.9755872445,15000,262.226178584375,84807
2018-09-15,56.6153766438249,3301543847.111207222498279770596,0.50481285,58315320.72782404,818092.192503269805,14450,252.833357658931,79232
2018-09-16,56.8384665992689,3315339201.214814949775451844356,0.50715077,58329145.72782404,785791.8007348925425,13825,241.897658798251,73207
2018-09-17,52.2442917267553,3048093713.439910040720763308958,0.46678332,58343095.72769886,728807.869588236435,13950,244.084798570387,79568
2018-09-18,54.1232611557572,3158561576.498088477450796876792,0.48386823,58358670.72769886,842969.79250091839,15575,269.591795889034,82466
2018-09-19,54.105018866014,3158182761.83177251790688054404,0.48455515,58371345.72769886,685781.11412672745,12675,219.178090937339,80332
2018-09-20,56.5542400542217,3301999653.741066964937469277262,0.5097259,58386420.72769886,852555.1688173921275,15075,260.679267919558,89902
2018-09-21,60.7824111255352,3549788282.348014054367281929872,0.54820913,58401570.72769886,920853.52855185828,15150,262.842454739435,126153
2018-09-22,60.4930970363573,3533824991.126092939069205251602,0.54639681,58416995.72766474,933106.0217858113525,15425,268.703816989033,84413
2018-09-23,61.5298562367324,3595332293.951850191907260295576,0.55597182,58432320.72766474,942945.04682792403,15325,266.961814933999,77259
2018-09-24,57.8868560369727,3383285331.224269697565170132598,0.52337303,58446520.72766474,821993.35572501234,14200,248.602546222432,84289
2018-09-25,57.3402143663939,3352151692.043542535921781981086,0.5190957,58460745.72766474,815664.5493619532275,14225,261.09350474198,81319
2018-09-26,57.2937069311568,3350173353.859785799152410771232,0.51938266,58473670.72766474,740521.16208520164,12925,237.232586909673,81014
2018-09-27,63.148056537894,3693384316.58171435648193765756,0.57283471,58487695.72766474,885651.49294396335,14025,257.422594306241,89559
2018-09-28,61.7965899603029,3615301087.579340399260920049746,0.56098586,58503245.72766474,960936.973882710095,15550,280.535227126216,111327
2018-09-29,61.4648185789793,3596727306.465033186728641799882,0.55820271,58516845.72766474,835921.53267411848,13600,240.949804292444,84564
2018-09-30,61.0281947826419,3572109664.809035097008474676606,0.55450356,58532120.72766474,932205.6753048550225,15275,270.625607394639,100132
2018-10-01,60.0140053279579,3513636712.83433299005824549706,0.54566022,58546945.7276414,889707.6289869758675,14825,263.099076241184,90192
2018-10-02,59.3874909713069,3477778727.547748585475232184723,0.54035339,58560795.72763967,822516.749952600565,13850,251.882298542261,83962
2018-10-03,57.17542294938,3348988691.4034147250936236938,0.52072202,58573920.72759001,750427.4262106125,13125,238.697124069833,83756
2018-10-04,58.0038518460271,3398277220.672138224963876149271,0.52846502,58587095.72759001,764200.7480714070425,13175,239.606446447241,81806
2018-10-05,58.5163373180585,3429143428.428151857739516519855,0.53345188,58601470.72755863,841172.3489470909375,14375,254.69692173457,80551
2018-10-06,57.5832903716843,3375313419.063489260953320100509,0.52512205,58616195.72755863,847913.9507230513175,14725,248.259030379349,79102
2018-10-07,57.9082288598552,3395221461.989822076066711310376,0.5284455,58631070.72755863,861384.9042903461,14875,250.787984848408,71676
2018-10-08,59.1458433721133,3468705322.501872032407715266918,0.54006676,58646645.72755646,921196.5105206646475,15575,262.589772370687,81158
2018-10-09,58.4179388177846,3426835473.572569188579598836986,0.53411771,58660670.72755591,819311.591919429015,14025,250.272236513931,75684
2018-10-10,57.4280777431805,3369580730.607315847487934971755,0.52571531,58674795.72755591,811171.5981224245625,14125,252.207124964599,80192
2018-10-11,50.7574061958862,2978907540.047457053910283224062,0.46529669,58689120.72754601,727099.843756069815,14325,255.778199300381,91951
2018-10-12,52.9852085801042,3110442133.479356645146576094242,0.48614775,58703970.72754601,786830.34741454737,14850,263.51589145946,78722
2018-10-13,52.8527067810508,3103398404.370635274049453147308,0.48516243,58717870.72754601,734652.62425660612,13900,244.832374260733,73835
2018-10-14,51.3759689953656,3017464567.503344060433950771256,0.4719124,58732995.72754601,777061.5310549047,15125,266.409328107452,67463
2018-10-15,53.5943308728589,3148552821.847743714345039435327,0.49263295,58747870.72754043,797215.6717337761375,14875,262.113211314665,82337
2018-10-16,53.0856450162613,3119431717.050528496576603194359,0.4883583,58762245.72754043,763106.1471087561875,14375,258.810068761369,93673
2018-10-17,52.8026700928216,3103525551.578152240351566777288,0.48618709,58775920.72754043,722076.51351933538,13675,246.207143673859,165905
2018-10-18,51.7163545453888,3040470201.119419019760622069184,0.47658334,58791270.72754043,793846.04227171808,15350,276.3641429904,160292
2018-10-19,52.4370873191954,3083518124.245728641087968570022,0.48339302,58804145.72754043,675127.499234640775,12875,229.721827967419,112758
2018-10-20,52.8389836080736,3107892358.929383232292818415648,0.4880056,58818170.72754043,741066.74510323224,14025,247.760692752775,204417
2018-10-21,52.2037288646838,3071259994.274529280756463666034,0.48229735,58832195.72754043,732157.297327190295,14025,247.760692752775,76963
2018-10-22,51.734075044345,3044376786.175959008647264636,0.47815402,58846645.7275288,747557.38439078525,14450,255.268592533163,83593
2018-10-23,52.0892006446675,3066027425.516228598886672674,0.48190442,58861095.7275288,752688.949315445375,14450,251.066819084418,83534
2018-10-24,51.8477327376298,3052529858.63673580519952323824,0.47986921,58874895.7275288,715498.71177929124,13800,239.220215698706,80462
2018-10-25,51.7844951529331,3049525262.30190376850623472328,0.47971508,58888770.7275288,718509.8702469467625,13875,240.520325566634,85088
2018-10-26,51.5936570185655,3038924220.8252401216885359364,0.47822634,58901120.7275288,637181.664179283925,12350,211.632460019502,83011
2018-10-27,51.4947588183618,3033848254.73611383881817831984,0.47749273,58915670.7275288,749248.74080716419,14550,236.874673825579,72864
2018-10-28,51.3622392987575,3026834324.949992155013374162175,0.47645431,58931120.72750329,793546.597165803375,15450,251.526715505512,74217
2018-10-29,48.6648692871507,2868576061.266979843686088975803,0.45188073,58945520.72750329,700774.11773497008,14400,234.432666878923,81984
2018-10-30,48.9092491653263,2883664667.198449837423137173527,0.45502183,58959495.72750329,683506.7570854350425,13975,231.791906959461,81982
2018-10-31,49.4558908709903,2916607787.733835591502408808087,0.46028382,58973920.72750329,713401.2258140350775,14425,240.831308529645,79796
2018-11-01,50.1080857054919,2955758007.678256505574374726891,0.46656091,58987645.72748989,687733.4763078763275,13725,229.144520594064,82202
2018-11-02,51.0868335134108,3014202143.614170312805536416812,0.47581835,59001545.72748989,710106.98583641012,13900,230.922692124876,83502
2018-11-03,50.6243121698395,2987615081.742864716852199172655,0.47168043,59015420.72748989,702412.3313565230625,13875,223.51220887838,71397
2018-11-04,53.8970711988914,3181570831.125170194998147809792,0.50229104,59030495.72739328,812498.348323287855,15075,242.842994511105,82968
2018-11-05,53.2824207980315,3146102934.25683367182507943525,0.49687696,59045795.7265535,815221.03820988195,15300,246.467516817241,92613
2018-11-06,55.5231066581782,3279181949.2579805843866748337,0.51797552,59059770.7265535,775935.415548040345,13975,229.948198008451,88237
2018-11-07,53.7593983893996,3175808006.431403854195935442908,0.50197272,59074470.72654773,790263.15632417412,14700,244.058270068598,84574
2018-11-08,52.0629881618329,3076349685.005849284932066134317,0.48636797,59088995.72654773,756214.9030506228725,14525,241.152814472544,81415
2018-11-09,51.513118173873,3044564149.35611196218417345829,0.48141062,59102695.72654773,705729.7189820601,13700,226.809388745624,79778
2018-11-10,51.801726198649,3062358541.18386362078996001677,0.48424643,59116920.72654773,736879.555175782025,14225,232.174945029614,80349
2018-11-11,50.5409713191001,2988544276.706694288999283297773,0.4726938,59131120.72654773,717681.79273122142,14200,231.766904704431,86229
2018-11-12,50.1688431634088,2967236014.505656776056682702024,0.46947909,59144995.72654773,696092.6988922971,13875,226.46238047704,89319
2018-11-13,48.9126060937849,2893695246.600826377971586203277,0.45819583,59160520.72654773,759368.2096060105725,15525,250.687224738659,84966
2018-11-14,42.5640083825196,2518709052.636380116171977984972,0.39939689,59174620.72652857,600152.51819352636,14100,226.21165625436,90988
2018-11-15,43.2106314684563,2557545269.366658874655555746491,0.40733388,59187870.72652857,572540.866957045975,13250,212.574783359593,87537
2018-11-16,41.6484799624689,2465689792.146198455581936921398,0.3929493,59202395.72652182,604944.1714548607725,14525,232.868149440489,83063
2018-11-17,41.4839201905027,2456541716.562318242682768318914,0.39185052,59216720.72652182,594257.1567289511775,14325,227.888219045291,80359
2018-11-18,41.7247979286353,2471375249.802029447261714319505,0.39434425,59230370.72651585,569543.491725871845,13650,217.150030713314,78062
2018-11-19,36.1089883145887,2139219986.730022819367476780895,0.342371,59243420.72651585,471222.297505382535,13050,207.604974418224,91731
2018-11-20,32.135401754473,1904209605.33761500360244289705,0.30585634,59255820.72651585,398478.9817554652,12400,192.924197510461,99709
2018-11-21,34.1472030683881,2023890067.372800035466358847406,0.32543747,59269570.72646526,469524.042190336375,13750,204.61563916815,89529
2018-11-22,31.8237826963713,1886617129.534612959571377511038,0.30357773,59283245.72646526,435190.2283728775275,13675,203.499553863596,81817
2018-11-23,31.7783079176252,1884324821.562405113551649500552,0.30579658,59295945.72646526,403584.51055384004,12700,188.9904449044,80929
2018-11-24,28.7105859701656,1702814682.489269607265319501408,0.27660508,59309645.72644868,393335.02779126872,13700,194.335928202616,76988
2018-11-25,30.4537332507175,1806596790.0234158367808369279,0.29383842,59322670.72644868,396659.8755905954375,13025,177.591272779918,83487
2018-11-26,28.911148708649,1715447944.52543470201177063332,0.27951314,59335170.72644868,361389.3588581125,12500,170.433083282071,82698
2018-11-27,30.8380572929407,1830140657.716105007795144833276,0.29848354,59346820.72644868,359263.367462759155,11650,158.84363361889,85448
2018-11-28,34.159751925243,2027726144.27416407330523602924,0.33093944,59360095.72644868,453470.706807600825,13275,169.169030762283,85717
2018-11-29,33.4913459309177,1988507494.622487451667534353636,0.33806277,59373770.72644868,457994.1556052995475,13675,165.442415465287,85396
2018-11-30,31.6219369833635,1877970573.36584225857759653518,0.38642078,59388220.72644868,456936.989409602575,14450,174.818493855459,94753
2018-12-01,33.762602108851,2005601396.91596858663502526668,0.41279031,59403045.72644868,500530.576263716075,14825,179.318404593819,80417
2018-12-02,33.2709482777548,1976891399.034537972237663222788,0.40710397,59417945.72643131,495737.12933854652,14900,178.063345803975,73109
2018-12-03,30.6282260025414,1820324928.000265160890212531234,0.37533248,59432920.72643131,458657.684388057465,14975,178.959637813055,77775
2018-12-04,30.6671650908347,1823119132.881631932300320114457,0.37617482,59448570.72643131,479941.133671563055,15650,187.026265894779,79715
2018-12-05,28.849609912454,1715472691.08949757982294453474,0.3545069,59462595.72643131,404615.77902216735,14025,172.685272842937,79285
2018-12-06,26.4989939027311,1576062660.286582631994965550741,0.32710311,59476320.72643131,363698.6913149843475,13725,171.436831977008,78248
2018-12-07,24.7874493175822,1474598437.423535434313843578682,0.30867307,59489720.72643131,332151.82085560148,13400,167.377307722543,86759
2018-12-08,24.2497213803298,1442931067.660914057198984846038,0.30250943,59502995.72643131,321915.051323878095,13275,165.815952240057,75410
2018-12-09,25.343089069893,1508335653.78621526147405354983,0.31644142,59516645.72643131,345933.16580403945,13650,161.492157365635,71817
2018-12-10,24.0466751023891,1431512292.918289180559898042721,0.30081372,59530570.72643131,334849.9508007682175,13925,164.323164051117,78935
2018-12-11,23.2571445775333,1384805874.475204779875411687623,0.29144279,59543245.72643131,294784.3075202345775,12675,149.57243119195,78165
2018-12-12,23.9915556918707,1428873376.855674205475088951617,0.30089762,59557345.72643131,338280.93525537687,14100,163.730934941632,81954
2018-12-13,22.8561172882366,1361600520.699745282844360927946,0.28756914,59572695.72643131,350841.40037443181,15350,168.962867646399,86468
2018-12-14,23.1585522971493,1379948556.760571336275175264583,0.29189516,59586995.72643131,331167.29784923499,14300,157.405147058208,77208
2018-12-15,23.4264407148814,1396236264.628053403966631896634,0.29562367,59600870.72643131,325041.864918979425,13875,152.727022058226,82205
2018-12-16,25.2443170851702,1504924077.450920146009569958962,0.31885015,59614370.72643131,340798.2806497977,13500,150.097663607541,71853
2018-12-17,28.8854726049359,1722379226.358990907905698303029,0.36639151,59627870.72643131,389953.88016663465,13500,150.627172994048,84974
2018-12-18,29.8850788576405,1782371377.670771110231591924055,0.37933027,59640845.72643131,387758.8981778854875,12975,144.769449599835,76647
2018-12-19,29.1737867604209,1740363583.206065142473710538379,0.37081537,59655045.72643131,414267.77199797678,14200,158.257638526648,83436
2018-12-20,32.2171646182046,1922444789.974698885735017426026,0.40953566,59671445.72643131,528361.49973855544,16400,171.187120658254,81002
2018-12-21,30.1870116848298,1801801469.762561000702218741038,0.3841069,59687970.72643131,498840.368091812445,16525,172.49190054132,81408
2018-12-22,31.4087908657103,1875246805.233947014649967309493,0.39976642,59704520.72643131,519815.488827505465,16550,172.752856517933,78114
2018-12-23,33.1538135161328,1979924880.364903836356056037968,0.42224935,59719370.72643131,492334.13071457208,14850,175.895830797285,77118
2018-12-24,33.5983041826901,2006941639.439244594352048667031,0.42804179,59733420.72643131,472056.173766795905,14050,167.361042185089,81678
2018-12-25,30.5942016975256,1827915462.32184813465847412248,0.39014516,59747120.7254833,419140.56325610072,13700,163.191905902898,70668
2018-12-26,30.4816758116174,1821622156.26069275457036968942,0.38944596,59761220.7254833,429791.62894380534,14100,167.466304401665,78495
2018-12-27,27.6971220880183,1655616127.26104898905190674439,0.35447406,59775745.7254833,402300.6983284658075,14525,171.75301809496,77210
2018-12-28,31.9284068752424,1908980153.547255153773563165296,0.4086887,59789395.72545654,435822.75384705876,13650,161.406450739842,80482
2018-12-29,31.6623828081416,1893544921.711570921241888966064,0.40547288,59804245.72545654,470186.38470090276,14850,175.596028826861,84887
2018-12-30,31.5311927643651,1886175321.107295937015646053686,0.40416992,59819345.72544786,476121.01074191301,15100,175.480537234163,76035
2018-12-31,29.8134807549924,1783855208.032824050638420896264,0.38262266,59833845.72544786,432295.4709473898,14500,168.121148808759,72494
2019-01-01,31.6459548832744,1893950928.326282531855963272784,0.4062669,59848120.72544786,451746.00595874206,14275,165.512372361726,65660
2019-01-02,33.2462260611798,1990216195.120725022175114985228,0.426957,59862920.72544786,492044.14570546104,14800,173.543196702108,79396
2019-01-03,31.5623087321775,1889874373.359559485222812773125,0.4056425,59877570.72513675,462387.822926400375,14650,174.224302716827,76432
2019-01-04,32.0715969792328,1920845579.6072357362066900854,0.41232425,59892420.72513675,476263.21514160708,14850,176.602791491118,72963
2019-01-05,34.4364017907667,2062989983.968999910992244846225,0.44304803,59907245.72513675,510519.6565481163275,14825,176.459568371686,73356
2019-01-06,38.9921864893942,2336488657.32655195688721965685,0.50140042,59921970.72513675,574159.946056329595,14725,180.15833704394,72071
2019-01-07,37.5538488171956,2250808545.2454586791145614983,0.48343845,59935495.72513675,507915.80525257049,13525,165.476503125249,69752
2019-01-08,39.1472020060687,2346889273.108065750241223890206,0.50383305,59950370.72494338,582314.6298402719125,14875,181.993566283777,72819
2019-01-09,38.720590677336,2321862630.16793093334444923568,0.49841983,59964545.72494338,548864.3728512378,14175,172.743465838779,67168
2019-01-10,33.337615625765,1999570873.5842055091828941857,0.4296404,59979420.72494338,495897.032433254375,14875,180.60584550545,69940
2019-01-11,31.6291992785401,1897606327.179106954517921559538,0.4174259,59995395.72494338,505276.4584746780975,15975,193.96157189577,69009
2019-01-12,31.9866931211879,1919558102.154651065442205841102,0.42233523,60011145.72494338,503790.416658709425,15750,193.950684548705,64887
2019-01-13,29.7821677692433,1787687150.449677531048297944354,0.39361145,60025420.72494338,425140.4449059481075,14275,184.262252143415,65001
2019-01-14,32.0247087781171,1922737758.363684924858380509798,0.4234574,60039195.72494338,441140.3634185630525,13775,177.80823280389,65143
2019-01-15,30.9806328287327,1860457349.861124535629444654526,0.41000082,60052270.72494338,405071.7742356800525,13075,168.772605728556,67585
2019-01-16,31.4121211856784,1886827822.456399619923306888992,0.4166796,60066870.72494338,458616.96931090464,14600,184.016146916221,66635
2019-01-17,31.5897884057628,1897973583.223355780794495710264,0.41922294,60081870.72494338,473846.826086442,15000,186.11429658367,65425
2019-01-18,30.9035440794436,1857208611.225420026584840166844,0.41071503,60096945.72412479,465870.92699761227,15075,187.044868066588,68593
2019-01-19,32.222637078172,1936949299.81270718601751308388,0.42830771,60111445.72412479,467228.237633494,14500,181.139634184716,69066
2019-01-20,30.6286604658545,1841564925.308428031020691983055,0.40764401,60125545.72412479,431864.11256854845,14100,180.62972717195,64495
2019-01-21,30.8862020436416,1857475210.652680716461544435264,0.41120955,60139320.72412479,425457.43315116304,13775,176.466276013732,73597
2019-01-22,31.4971473304471,1894680053.266526658601066893609,0.41949739,60154020.72412479,463008.06575757237,14700,188.31609854097,64291
2019-01-23,31.6255046738088,1902873274.216456558281815800152,0.42136716,60168945.72412479,472010.65725659634,14925,190.331156594287,56314
2019-01-24,32.5091321820515,1956504277.662153990240284206685,0.4332223,60183220.72412479,464067.8618987851625,14275,181.651767456024,62499
2019-01-25,32.6693607494506,1966640656.247561035122158340374,0.43567305,60198320.72412479,493307.34731670406,15100,192.150030724061,76354
2019-01-26,32.7611034035873,1972662197.690565451929162951647,0.43709357,60213545.72186239,498787.7993196166425,15225,196.00826369816,66622
2019-01-27,32.1768072778563,1937998507.226110260583742794557,0.42947324,60229670.72186239,518851.0173554328375,16125,213.599038033093,62325
2019-01-28,30.9841910034323,1866610695.651367548185138281197,0.41401867,60243970.72186239,443073.93134908189,14300,189.424263185936,69246
2019-01-29,30.679393669252,1848709451.86478835957711823228,0.41028247,60258995.72186239,460957.8898805113,15025,199.027940864944,69114
2019-01-30,31.5699884824974,1902843036.735596713881046332786,0.42245662,60273795.72186239,467235.82954096152,14800,204.895852527109,64654
2019-01-31,31.1843187645176,1880027602.536924313048521933064,0.41743287,60287595.72186239,430343.59895034288,13800,191.400150884074,63467
2019-02-01,32.53457137152,1961889823.2866141742710051328,0.4356953,60301695.72186239,458737.456338432,14100,195.56102372938,75319
2019-02-02,34.0292471559838,2052524089.770915875105168669282,0.45576369,60316470.72186239,502782.126729660645,14775,204.821690603979,65174
2019-02-03,33.0921482137596,1996516999.067191006200735741444,0.44349015,60332045.72186239,515410.20842930577,15575,215.774988135025,68136
2019-02-04,33.6915764568819,2033161836.202731821593000281741,0.45181091,60346295.72186239,480104.964510567075,14250,197.418528470247,67761
2019-02-05,33.9084738269314,2046747548.178597712134146770046,0.45489562,60360945.72186239,496759.14156454501,14650,203.112933787565,64271
2019-02-06,32.494771023825,1961887096.56256864651106144175,0.4363702,60375470.72186239,471986.549121058125,14525,205.264529440474,65829
2019-02-07,32.7655217289336,1978715451.001191847556940647304,0.44019114,60390170.72186239,481653.16941532392,14700,207.737596060239,67881
2019-02-08,42.2037650762442,2549298202.088605028720170435638,0.56643727,60404520.72186239,605624.02884410427,14350,202.791462820709,84485
2019-02-09,44.1134846860007,2665290236.845684049926364843673,0.59222572,60418945.72186239,636337.0165955600975,14425,204.557700017843,77013
2019-02-10,46.4170292628414,2805157264.486265965487631194946,0.62175116,60433795.72186239,689292.88455319479,14850,211.144400555209,73339
2019-02-11,42.5130883799226,2569863932.156213449414156051014,0.57001476,60448770.72186239,636633.498489340935,14975,212.921710324192,74794
2019-02-12,43.4861057012327,2629318704.569011451118462768153,0.58304098,60463420.72186239,637071.448523059055,14650,209.188028900604,69627
2019-02-13,41.2701916787495,2495943634.561812911920226281305,0.55386194,60478120.72186239,606671.81767761765,14700,214.87394903189,74814
2019-02-14,41.0549605287628,2483519076.895439401974378551092,0.55190443,60492545.72186239,592217.80562740339,14425,210.854198284695,74093
2019-02-15,42.0306597570396,2543161559.304175909375424980644,0.56503649,60507295.72186239,619952.2314163341,14750,215.604812804107,72208
2019-02-16,43.1570861152128,2611962691.577331756979327166592,0.58018001,60522220.72186239,644119.51026955104,14925,222.105628672318,69145
2019-02-17,43.3850079707347,2626388280.289862002718257136613,0.58345087,60536770.72184679,631251.865974189885,14550,218.080664377102,67162
2019-02-18,47.2558017774879,2861427200.087665069328934878841,0.6349164,60551870.72184679,713562.60684006729,15100,226.324263374175,82301
2019-02-19,47.1161456482382,2853683391.906753311562213825378,0.63303095,60566995.72184679,712631.702929602775,15125,228.290900170171,74566
2019-02-20,50.9410596109151,3086091952.517446799799713897529,0.68389283,60581620.72184679,745012.9968096333375,14625,223.86118018379,76765
2019-02-21,48.2198271602653,2921953755.720886906748322353387,0.64783435,60596520.72184679,718475.42468795297,14900,228.070535708614,72088
2019-02-22,49.1436690342554,2978639342.040753481012660530166,0.66031305,60610845.72184679,703983.058915708605,14325,219.269155974892,75189
2019-02-23,51.2720777760612,3108441276.732792614654116063548,0.68879813,60626395.72184679,797280.80941775166,15550,242.984485365807,69643
2019-02-24,44.0633190114949,2672032523.836679684894066666371,0.59268614,60640745.72184679,632308.627814951815,14350,224.740502626995,71094
2019-02-25,45.3936280269299,2753365066.701646379761381870021,0.61075499,60655320.72184679,661612.1284925032925,14575,228.264308417314,71397
2019-02-26,44.5705988114815,2704110296.127405385450735919385,0.59994365,60670270.72184679,666330.452231648425,14950,239.664884552411,67901
2019-02-27,44.8803135941252,2723571736.525188771656638478108,0.6044426,60685220.72184679,670960.68823217174,14950,245.19245103698,67917
2019-02-28,45.5048397999987,2762078736.786529630952303599173,0.6128506,60698570.72184679,607489.611329982645,13350,218.951118484526,67727
2019-03-01,46.9952179872841,2853216943.967887830043288403039,0.63264293,60712920.72184679,674381.378117526835,14350,235.35195132981,75850
2019-03-02,48.314646998938,2934028726.79672021992652870902,0.65048186,60727520.72184679,705393.8461844948,14600,235.252780468334,68050
2019-03-03,47.4218987724592,2880530411.045301055708613925968,0.6386835,60742620.72184679,716070.67146413392,15100,243.226005353006,62780
2019-03-04,45.5196905160834,2765693127.581825432206245662286,0.61351245,60758170.72184679,707831.18752509687,15550,250.474462466175,72813
2019-03-05,52.2836275974324,3177481038.656917633769990181996,0.70390648,60773920.72184679,823467.1346595603,15750,263.445549706968,77039
2019-03-06,55.3516512063597,3364735309.807271382206877030363,0.74476837,60788345.72184679,798447.5686517386725,14425,245.974362735243,75776
2019-03-07,56.4447385587237,3432002141.514517838022929341923,0.76008635,60802870.72184679,819859.8275654617425,14525,247.679557624222,85204
2019-03-08,55.3088162319878,3363742311.848922522626288749162,0.74689032,60817470.72184679,807508.71698702188,14600,249.469831830072,73300
2019-03-09,57.2078477740438,3480054679.280945690028162349402,0.77261229,60831770.72184679,818072.22316882634,14300,245.947244939657,72692
2019-03-10,56.560630744404,3441493552.36203624560333786316,0.76434316,60846095.72184679,810231.0354135873,14325,246.3772226406,61505
2019-03-11,54.6734175634937,3327530572.177218543784048530223,0.73914019,60861945.72184679,866573.668381375145,15850,272.605862398151,69841
2019-03-12,56.2492690092713,3424207759.857805178112468144127,0.76076062,60875595.72184679,767802.521976553245,13650,241.575575588586,69406
2019-03-13,55.1359932744021,3357227637.798453535473245054259,0.74579007,60889945.72184679,791201.503487670135,14350,255.529631148163,74936
2019-03-14,55.532213836474,3382179527.99770870413234181846,0.7509179,60904820.72184679,826041.68081755075,14875,264.878276190169,67731
2019-03-15,58.0737677961345,3537818841.431359945472563233255,0.78519924,60919395.72184679,846425.1656286603375,14575,259.193373802685,71367
2019-03-16,60.9147546894066,3711758081.477507161242601214814,0.82319433,60933645.72184679,868035.25432404405,14250,252.686941644601,69420
2019-03-17,60.2640566192164,3673066874.296893659497610655356,0.81657479,60949545.72184679,958198.50024554076,15900,281.945429624502,58370
2019-03-18,59.0148093839631,3597849404.580790980580141213449,0.79982903,60965195.72184679,923581.766859022515,15650,277.512325385123,67114
2019-03-19,59.1782889651692,3608635588.547714006613808826868,0.80941419,60979045.72184679,819619.30216759342,13850,259.992673678855,67612
2019-03-20,60.1164238432064,3666709337.582741839706003147456,0.822157,60993470.72184679,867179.41393825232,14425,270.786593344222,66011
2019-03-21,58.5202436712331,3570192534.493378186939428576749,0.80054365,61007820.72184679,839765.496682194985,14350,269.378690779174,67150
2019-03-22,59.2112886302092,3613282778.975038105094008048468,0.81004993,61023545.72184679,931097.51371003967,15725,294.885882521804,71937
2019-03-23,60.4975019390258,3692681050.142934537901708311762,0.82750014,61038570.71428689,908974.966633862645,15025,281.474601521101,65543
2019-03-24,59.469909310439,3630822065.1819224674512269771,0.81352914,61053095.7131389,863800.432734126475,14525,272.107726262495,58984
2019-03-25,58.7302934582854,3586572142.54602798912684604206,0.80337655,61068520.7131389,905914.776594052295,15425,290.942109692756,69722
2019-03-26,58.2144221655204,3555912754.93989489086283598356,0.79640981,61083020.7131389,844109.1214000458,14500,282.975269822019,63630
2019-03-27,61.3408159303422,3747793241.15049878878071313158,0.83849235,61097870.7131389,910911.11656558167,14850,289.805707369447,68514
2019-03-28,60.2287331308053,3680801975.46221097201204775617,0.82354323,61113720.7131389,954625.420123264005,15850,309.321243219241,65486
2019-03-29,61.1904447870744,3740493609.6953982250748077296,0.83282178,61128720.713034,917856.671806116,15000,306.107468909574,71546
2019-03-30,60.2320808152208,3682807504.06106393943429931192,0.82169358,61143620.71201115,897458.00414678992,14900,306.950167677036,70809
2019-03-31,60.3509547792998,3690973609.08558563780824679277,0.8230334,61158495.71201115,897720.452342084525,14875,306.435150617175,66954
2019-04-01,60.383903838126,3693912597.6872459214435071049,0.82193379,61173795.71201115,923873.7287233278,15300,319.735998565599,79135
2019-04-02,77.7314093296294,4756349624.356001257256454288324,1.04767009,61189545.71100246,1224269.69694166305,15750,334.688253056587,95009
2019-04-03,84.3089178972293,5160105881.012870053252858240655,1.13003058,61204745.71032835,1281495.55203788536,15200,323.000726759374,104908
2019-04-04,84.9869726186357,5202855356.285876355936860865798,1.13757986,61219445.71002414,1249308.49749394479,14700,315.639399349763,83507
2019-04-05,88.5971179888961,5425151112.932495126128445617663,1.18383154,61233945.70929983,1284658.21083899345,14500,329.158404048281,78358
2019-04-06,92.545495571968,5668311720.29032655102265516544,1.23402743,61248920.70929983,1385868.7961902208,14975,339.941179353311,71825
2019-04-07,91.813148074341,5624858672.27808732934602502734,1.22342432,61264195.70891574,1402445.836835558775,15275,346.751353230172,162301
2019-04-08,89.3129899203439,5472999161.955448544386136922986,1.18923668,61278870.70891574,1310668.1270810467325,14675,343.512325321184,138559
2019-04-09,86.5739466059408,5306315936.059205689007010628192,1.15094606,61292295.70891574,1162255.23318475524,13425,317.116187323503,70960
2019-04-10,88.4232238281299,5420893675.801188991282340874626,1.17435253,61306220.70891574,1231293.3918067088575,13925,328.926846069257,99575
2019-04-11,79.3841897867154,4867881838.310151791331247745718,1.05191134,61320545.70801667,1137178.518694698105,14325,336.446432207576,100908
2019-04-12,79.090495916675,4850975682.34621275169783097225,1.04860383,61334495.70801667,1103312.41803761625,13950,318.964937840649,68285
2019-04-13,78.1109369318177,4792019723.457976189422045398428,1.03250046,61348895.70766364,1124797.49181817488,14400,329.254129383895,62844
2019-04-14,83.0601316420432,5096951397.639301037191467949248,1.09733297,61364595.70766364,1304044.06678007824,15700,358.97846050883,68295
2019-04-15,78.5345072518662,4820404523.9992229065028269566,1.03793885,61379445.707093,1166237.43269021307,14850,347.406661451521,69925
2019-04-16,80.8822894544533,4965660644.782291937797759356956,1.06593548,61393670.70684332,1150550.5674895981925,14225,335.375493764978,69874
2019-04-17,79.1925482607641,4863008148.082027822418222180812,1.04400391,61407395.70684332,1086917.7248789872725,13725,323.587251453379,67979
2019-04-18,82.055408963175,5040066467.230906031488374741,1.08113689,61422720.70684332,1257499.142360656875,15325,360.875578573337,75061
2019-04-19,82.4804279496409,5067349697.742277879040911516771,1.08588668,61436995.70565019,1177408.1089811238475,14275,334.975709293867,71237
2019-04-20,81.575876423019,5012937186.20829072368038257165,1.07387982,61451220.70418535,1160416.842117445275,14225,333.802414340123,65865
2019-04-21,77.0860676287968,4738142994.44880467932394468688,1.01541978,61465620.70418535,1110039.37385467392,14400,337.908946678226,58625
2019-04-22,76.9986291966895,4733836892.926032782193514398825,1.01455188,61479495.70418535,1068355.9801040668125,13875,325.966102692972,63556
2019-04-23,74.882896522582,4604827924.2800698818081885737,0.98663753,61493720.70418535,1065209.20303372895,14225,334.322735877822,75485
2019-04-24,72.9610068091495,4487626924.584758196905823859825,0.961692,61507195.70418535,983149.5667532895125,13475,316.695878098675,72246
2019-04-25,70.5062089693671,4337599840.536258313288910591985,0.93016094,61520820.70418535,960647.0972076267375,13625,318.878401510757,68587
2019-04-26,71.5141477546451,4400667471.212909275018473869285,0.94282448,61535620.70418535,1058409.38676874748,14800,331.612862193579,72800
2019-04-27,70.6272935456184,4347091957.50766381228203397044,0.93135416,61549745.70418535,997610.5213318599,14125,316.488626924615,65314
2019-04-28,67.6936033755726,4167515784.85592868336577278141,0.89332082,61564395.70418535,991711.28945213859,14650,328.251921022698,64739
2019-04-29,66.364782641168,4086709847.5609993420048124888,0.87630387,61579495.70418535,1002108.2178816368,15100,339.316583445561,68414
2019-04-30,73.2848268136065,4513896147.335894411583877964775,0.96673285,61593870.70418535,1053469.3854455934375,14375,323.57587284111,74713
2019-05-01,72.4984031130236,4466593680.07228094084761332426,0.95954703,61609545.70418535,1136412.46879664493,15675,352.838386558914,63784
2019-05-02,72.3201569473222,4456707665.15765667373401496977,0.95707859,61624695.70418535,1095650.37775193133,15150,347.664078954769,62917
2019-05-03,77.7543033827538,4792561102.16056608687166861683,1.0282968,61637245.70418535,975816.50745356019,12550,301.884814217866,67637
2019-05-04,77.0576272671097,4750689079.822704395123187582895,1.01831635,61651120.70418535,1069174.5783311470875,13875,333.757115320549,68270
2019-05-05,75.0616441825111,4628751027.707818760281542832385,0.99206294,61665995.70418535,1116541.9572148526125,14875,357.811682190499,60197
2019-05-06,74.3746734913709,4587533665.990833058062239196315,0.98310823,61681395.70418535,1145369.97176711186,15400,360.980176731786,69999
2019-05-07,74.0897669297459,4571003045.094058737914542002565,0.9793816,61695470.70418535,1042813.4695361735425,14075,326.00655186473,67479
2019-05-08,73.8289009773284,4555964550.65294125330334141894,0.97587634,61709770.70418535,1055753.28397579612,14300,331.218024274646,68005
2019-05-09,73.6652881672836,4547033794.84605647467146041526,0.97322393,61725595.70418535,1165753.18524726297,15825,368.908939728856,69755
2019-05-10,76.8654466474798,4745689640.54118674791788958093,1.01405235,61740220.70418535,1124157.157219392075,14625,346.61898752746,72920
2019-05-11,92.5835927119041,5717353551.043162525111637824935,1.21749895,61753420.70418535,1222103.42379713412,13200,312.845855409399,80431
2019-05-12,84.4552940801089,5216636353.318228958532413784615,1.1108171,61768020.70418535,1233047.29356958994,14600,346.026476437669,69282
2019-05-13,87.5913020160657,5411617999.661782303630430577495,1.14944857,61782595.70418535,1276643.2268841575775,14575,342.975937962503,73252
2019-05-14,91.608165834985,5661088818.73555431981695446975,1.20080306,61796770.70418535,1298545.750710912375,14175,332.786284439623,82152
2019-05-15,103.011016779889,6367383483.84317080140700842615,1.34358161,61812645.70418535,1635299.891380737875,15875,372.69716158582,95635
2019-05-16,95.3905197910282,5897752183.07381409467611987687,1.23273709,61827445.70418535,1411779.69290721736,14800,352.106986904882,99082
2019-05-17,89.4023860219791,5528815267.136200235594460226185,1.15603927,61841920.70418535,1294099.5376681474725,14475,352.173197916777,84724
2019-05-18,86.9371927828886,5377549675.00535812733788280201,1.12441095,61855570.70418535,1186692.68148642939,13650,332.101150367117,72876
2019-05-19,95.8435249759687,5929845666.801537967245260598545,1.2376116,61870070.70418535,1389731.11215154615,14500,352.781441781919,72822
2019-05-20,91.7134363500065,5675667271.848958776999549704775,1.18507372,61884795.70418535,1350480.3502538457125,14725,356.569645207244,78198
2019-05-21,91.6673618231346,5674124510.75634949382267639811,1.18437554,61899070.70418535,1308551.590025246415,14275,345.366317424881,82593
2019-05-22,88.0817215213213,5453464903.371880863297672102955,1.14120778,61913695.70418535,1288195.1772493240125,14625,353.834143071025,77154
2019-05-23,89.1648770797418,5521744167.58836313362595734263,1.1547683,61927345.70418535,1217100.57213847557,13650,329.346258178622,78119
2019-05-24,100.20809073194,6207151755.699150727702925079,1.29363949,61942620.70418535,1530678.5859303835,15275,366.542228200501,91600
2019-05-25,102.763327211663,6366945558.84850234601943373705,1.32514457,61957370.70418535,1515759.07637202925,14750,353.944213810631,75973
2019-05-26,112.41617177269,6966710722.2639934269618280915,1.44417558,61972495.70418535,1700294.59806193625,15125,362.942795517681,72574
2019-05-27,118.304847144692,7333344306.0152557700214366622,1.5127769,61986845.70418535,1697674.5565263302,14350,357.132384404855,91805
2019-05-28,114.632885475801,7107350174.12137210725684371535,1.46378934,62000970.70418535,1619189.507345689125,14125,352.17819233524,83662
2019-05-29,115.133283798715,7140067815.15262761249745182525,1.46843931,62015670.70418535,1692459.2718411105,14700,366.514649722338,83740
2019-05-30,107.760077277362,6684435256.6534722942262070467,1.37459864,62030720.70418535,1621789.1630242981,15050,376.819132439296,95320
2019-05-31,114.088975542856,7078692780.8172365505074923596,1.45004198,62045370.70418535,1671403.4917028404,14650,368.512474427858,86508
2019-06-01,112.710640705494,6994796518.1047773503025393129,1.43161526,62059770.70418535,1623033.2261591136,14400,362.223865649226,73240
2019-06-02,114.774304933971,7124608747.01186254753009552485,1.45521293,62074945.70418535,1741700.077373009925,15175,382.3634865537,84720
2019-06-03,106.450472407754,6609333731.2264741972495932039,1.35048841,62088345.70418535,1426436.3302639036,13400,346.166389961614,79127
2019-06-04,101.251909235276,6288041821.6834486308310624066,1.2860125,62102945.70418535,1478277.8748350296,14600,377.166365182056,82157
2019-06-05,103.959934508446,6457709993.2488830413771244661,1.31874821,62117295.70418535,1491825.0601962001,14350,370.708037011131,77978
2019-06-06,111.590119927848,6933319641.7395781508936186268,1.41258484,62132020.70418535,1643164.5159375618,14725,376.89311121162,83054
2019-06-07,118.050306827904,7336519131.4342435412949680064,1.48987464,62147395.70418535,1815023.467479024,15375,390.124929710682,83787
2019-06-08,118.645342275775,7375346936.07704492808641489625,1.49606876,62162970.70418535,1847901.205945195625,15575,395.199725544317,79732
2019-06-09,114.721207647335,7133194984.90896600376127354225,1.44658432,62178520.70418535,1783914.77891605925,15550,400.596383660472,73888
2019-06-10,129.122536140298,8030468914.5360185056033962343,1.60201882,62192620.70418535,1820627.7595782018,14100,380.601886699323,103551
2019-06-11,136.360991421797,8482443974.40447518432011807395,1.70396424,62205795.70418535,1796556.061982175475,13175,355.633323210183,97201
2019-06-12,134.805535856395,8387599861.88530106699806281325,1.67879462,62219995.70418535,1914238.609160809,14200,383.301190860312,106301
2019-06-13,131.259305314756,8168869798.6760670376483140246,1.63280621,62234595.70418535,1916385.8575954376,14600,387.358825441074,98172
2019-06-14,132.353987689083,8238955752.68460399951760353405,1.64133155,62249395.70418535,1958839.0177984284,14800,388.885758960792,95352
2019-06-15,138.159955733459,8602411614.27188931170533262565,1.71041416,62264145.70418535,2037859.34706852025,14750,387.57195572106,91787
2019-06-16,136.86740800461,8523974980.2176901220190944635,1.69276518,62279070.70418535,2042746.06446880425,14925,395.300742773903,91185
2019-06-17,134.235130047805,8361935226.44468822198408065675,1.65771454,62293195.70418535,1896071.211925245625,14125,383.874010751643,101780
2019-06-18,135.351429407211,8433503352.34573108426217055885,1.65297467,62308195.70418535,2030271.441108165,15000,407.653816727408,98472
2019-06-19,136.539091604741,8509631037.33163700393660274435,1.66484092,62323770.70418535,2126596.351743841075,15575,423.280546368626,96475
2019-06-20,135.499664547406,8446984143.4631859893176857021,1.65116677,62339520.70418535,2134119.7166216445,15750,439.49031666213,98117
2019-06-21,138.474241537362,8634467266.0894943468117980467,1.68506523,62354320.70418535,2049418.7747529576,14800,414.75199070442,105634
2019-06-22,141.113309221371,8801098904.46379737012936511485,1.7140733,62369020.70418535,2074365.6455541537,14700,411.949612388849,134417
2019-06-23,136.32397784076,8504424223.697092628387824866,1.65559412,62383920.70418535,2031227.269827324,14900,425.973336346918,99949
2019-06-24,135.285292878115,8441744198.18435972577791861525,1.63894358,62399570.70418535,2117214.83354249975,15650,456.081420827488,121338
2019-06-25,135.609790651859,8464006525.35162930038605806565,1.64154042,62414420.70418535,2013805.39118010615,14850,432.767354587105,105975
2019-06-26,130.911335247207,8172653367.42691045646179781745,1.58398662,62428920.70418535,1898214.3610845015,14500,425.802177151457,131221
2019-06-27,114.285064726175,7136416090.81381637309919653625,1.38728954,62443995.70418535,1722847.350747088125,15075,462.271966380102,123421
2019-06-28,119.371730804069,7455775751.33384355079911018915,1.44805503,62458470.70418535,1727905.803388898775,14475,443.873082146069,97933
2019-06-29,133.853577299896,8362143608.4815670583993197236,1.61614487,62472320.70418535,1853872.0456035596,13850,424.707577735618,92222
2019-06-30,121.964818448198,7621123612.8204584031407654993,1.47417272,62486245.70418535,1698360.09689115715,13925,426.115039860273,83594
2019-07-01,122.677113941165,7667383499.80948832344915493275,1.48275102,62500520.70418535,1751215.801510130375,14275,436.332497836867,96909
2019-07-02,117.962397212861,7374439398.43692356954754778635,1.42666452,62515170.70418535,1728149.11916841365,14650,447.794822648695,86516
2019-07-03,121.3690659435,7589307301.547446850596627725,1.46730878,62530820.70418535,1899425.882015775,15650,480.298927300058,86084
2019-07-04,119.75661821306,7490177171.683602745880030671,1.44659174,62544995.70418535,1697550.0631701255,14175,441.793647048605,83790
2019-07-05,118.482107171317,7412032771.97286996583637160595,1.43130823,62558245.70418535,1569887.92001995025,13250,412.964079251782,84634
2019-07-06,118.142206152218,7392443826.2771794166317856063,1.42741085,62572420.70418535,1674665.77220769015,14175,441.793647048605,78072
2019-07-07,119.989465868365,7509783184.58750164112766145275,1.44969447,62587020.70418535,1751846.201678129,14600,448.751468713482,88018
2019-07-08,123.740935544343,7746240810.45213164683061597505,1.49455538,62600470.70418535,1664315.58307141335,13450,409.82617124763,96149
2019-07-09,119.318133938,7471083563.2858430684774083,1.44055453,62614820.70418535,1712215.2220103,14350,437.24948382182,88293
2019-07-10,107.979346662483,6762716323.29171881705192322405,1.30699204,62629720.70418535,1608892.2652709967,14900,453.7293304003012,98561
2019-07-11,102.209922477663,6402973372.76312152056598683705,1.23872303,62645320.70418535,1594474.7906515428,15600,472.05441927365297,88603
2019-07-12,105.039315570262,6581797200.1807466024453960617,1.27329836,62660320.70418535,1575589.73355393,15000,453.89848007081997,86926
2019-07-13,100.907572831508,6324575940.8122348873659520078,1.22370872,62676920.70418535,1675065.7090030328,16600,502.31431794504135,78512
2019-07-14,90.0164166135137,5643338058.975959043516959564295,1.09325988,62692320.70418535,1386252.81584811098,15400,500.7695712932405,82148
2019-07-15,90.8685426094293,5698066050.492283720574384920755,1.1047197,62706695.70418535,1306235.3000105461875,14375,471.93817049634725,84580
2019-07-16,79.8826572443882,5010223942.67548975498854015287,0.97759243,62719795.70418535,1046462.80990148542,13100,430.0793066784105,89439
2019-07-17,89.9001548598564,5639800423.79157210618017998374,1.09022333,62734045.70418535,1281077.2067529537,14250,465.841533153572,92288
2019-07-18,101.971603642953,6398587676.74954717153413333855,1.23659053,62748720.70418535,1496433.283460335275,14675,475.7574719055951,85317
2019-07-19,98.472805063724,6180411313.8916918961602572434,1.19437899,62762620.70418535,1368771.9903857636,13900,450.63229025470207,78573
2019-07-20,101.462175932373,6369386583.91354734750965733555,1.23039379,62775970.70418535,1354520.04869717955,13350,432.8015161798748,74738
2019-07-21,99.7405399658697,6262688127.882092504766442748895,1.20969959,62789795.70418535,1378912.9650281486025,13825,440.40592457729434,68085
2019-07-22,94.9502856539046,5963231220.99044154090678961761,1.15243029,62803720.70418535,1322182.727730621555,13925,440.80121787174573,74029
2019-07-23,90.290778362585,5671847353.72761198147934512975,1.09674067,62817570.70418535,1250527.28032180225,13850,438.42706409505774,79195
2019-07-24,94.5638136974991,5941678053.587038541391266764899,1.1487897,62832470.70167789,1409000.82409273659,14900,469.71934480462545,72515
2019-07-25,93.3590345133107,5867206472.098379543871028890423,1.13461506,62845620.70167789,1227671.303850035705,13150,405.9296211863972,73017
2019-07-26,94.3336384154398,5929736638.407449758329742286022,1.15041986,62859195.70167789,1280579.141489595285,13575,419.04901958975984,72887
2019-07-27,88.5458760319932,5567248524.565149357974561070348,1.08012717,62874170.70167789,1325974.49357909817,14975,462.2658613890719,68243
2019-07-28,89.6622954646329,5638850168.586402972903182896581,1.09405696,62889870.70167789,1407698.03879473653,15700,478.92870834657174,66379
2019-07-29,90.4366138661593,5688880892.794854022317400027877,1.10387122,62904620.70167789,1333940.054525849675,14750,446.4200101316356,75048
2019-07-30,90.3574989697386,5685282152.096380492870213492878,1.10308173,62919870.70160523,1377951.85928851365,15250,461.55289183101286,78164
2019-07-31,98.8587560634597,6221685273.795482533589037414231,1.20617342,62935095.70160523,1505124.5610661739325,15225,469.0907971026078,78467
2019-08-01,98.8407426921756,6221853827.334778566126681038388,1.20437161,62948270.70160523,1302226.78496941353,13175,424.1655462141147,78024
2019-08-02,94.8202144506537,5970160013.871072495446712838851,1.15562348,62962945.70160523,1391486.6470633430475,14675,472.45763876221076,76451
2019-08-03,94.0892772749896,5925544690.863710177944851555608,1.14694694,62977895.70160523,1406634.69526109452,14950,481.3111890626949,71111
2019-08-04,93.0830530777898,5863498914.750061280120920520654,1.13525728,62992120.70160523,1324106.430031559905,14225,452.3031529294285,73896
2019-08-05,95.9850618735298,6047267252.960264372008106240854,1.17103332,63002170.70160523,964649.87182897449,10050,450.5914246341816,86418
2019-08-06,92.8802528691282,5852283326.772779536144350660486,1.13344095,63008908.20160523,625780.7037057512475,6737.5,426.83440751814385,83804
2019-08-07,90.8426730308481,5724485852.097021826521228295563,1.10885738,63015383.20160523,588206.3078747414475,6475,408.5779903788268,79972
2019-08-08,89.9422170027894,5668275053.790736447224967628562,1.10340459,63021295.70160523,531783.3580289923275,5912.5,358.20009880377694,90521
2019-08-09,84.1755187772004,5305384774.238205117105005398092,1.03360721,63027645.70160523,534514.54423522254,6350,384.7053915271009,182195
2019-08-10,85.3816280895588,5381935572.560145689590362472524,1.04870348,63033883.20160523,532567.905208623015,6237.5,377.8897448268176,270447
2019-08-11,89.7906962128273,5660476935.857744257964326766779,1.10269402,63040795.70160523,620678.18757116871125,6912.5,413.08952473659366,88096
2019-08-12,85.6664522997801,5401116320.489418918241996009923,1.05431251,63048208.20160523,635002.57767211999125,7412.5,396.3159901235304,88503
2019-08-13,84.4395454189456,5324362616.289375555346774045488,1.04005614,63055320.70160523,600576.26679225058,7112.5,380.2762198655797,75685
2019-08-14,75.9189431294112,4787608606.178443061771464740576,0.93493109,63062108.20160523,515299.82649087852,6787.5,362.8998020861331,70471
2019-08-15,76.4232102891451,4819964735.222951942154764388873,0.94239072,63069383.20160523,555978.8548535306025,7275,386.42830013904256,64998
2019-08-16,74.8911735739713,4723795088.434188899705805949899,0.92487972,63075458.20160523,454963.8794618756475,6075,321.1260685966237,75380
2019-08-17,72.7084218412894,4586580538.944168543720372983562,0.89834048,63081833.20160523,463516.189238219925,6375,336.9841460581857,65057
2019-08-18,76.4211642279823,4821245661.887427660406044027429,0.9444686,63087833.20160523,458526.9853678938,6000,317.16154923123327,62992
2019-08-19,77.0321972303136,4860365411.181150474011536300128,0.95229646,63095245.70160523,571001.16196969956,7412.5,362.83445738458295,61715
2019-08-20,75.1538586857733,4742321830.242604341869223874359,0.92922735,63101508.20160523,470651.04001965529125,6262.5,293.6015538984717,88964
2019-08-21,72.9170734614208,4601723275.506714859276903042944,0.90224251,63108995.69963418,545966.58754238824,7487.5,351.0325963776136,67424
2019-08-22,73.5891163926668,4644628277.044519089733994631224,0.91103911,63115695.69963418,493047.07983086756,6700,313.9568839312337,68176
2019-08-23,75.5337622831028,4767896579.616402120376329764848,0.93566871,63122720.69470316,530624.68003879717,7025,318.4075488595672,60324
2019-08-24,73.3707505612611,4631920846.812249144559359755076,0.90925121,63130345.69470316,559451.9730296158875,7625,345.60249965184346,58117
2019-08-25,72.2755486042272,4563294428.498631166434225197952,0.89673394,63137458.19470316,514059.83944756596,7112.5,322.3734791834409,52178
2019-08-26,73.6117536046244,4648171537.685234898121961293104,0.91475176,63144420.69470316,512521.834472197385,6962.5,314.6938520080493,61404
2019-08-27,72.5978803060927,4584666540.541796123848365942932,0.90986729,63151520.69470316,515444.95017325817,7100,320.08158935301674,100540
2019-08-28,66.9178369821848,4226448321.343336692584644263968,0.8400655,63158770.69470316,485154.3181208398,7250,326.8438764520241,60934
2019-08-29,63.5869828234098,4016531109.076240748927010034968,0.79993759,63165933.19470316,455441.7644726726925,7162.5,322.8992089776031,61061
2019-08-30,64.3561159110721,4065550130.994650873458816857836,0.81009595,63172708.19470316,436012.6852975134775,6775,305.108944452734,58624
2019-08-31,64.3769474515234,4067332848.689850547982752793944,0.81068919,63179958.19470316,466732.86902354465,7250,326.4971478590789,59372
2019-09-01,66.297114000002,4189093910.32732096802162940632,0.8354481,63186670.69470316,445019.377725013425,6712.5,302.2913248281476,51366
2019-09-02,67.0181890206854,4235155524.775872000305402493218,0.84485773,63194120.68071067,499285.50820410623,7450,331.5929276204212,59021
2019-09-03,69.2335547229001,4375626996.743952918752741414067,0.87302752,63200958.18071067,473384.43041782943375,6837.5,298.7781165685636,103895
2019-09-04,67.1046498514197,4241547062.731645729991804438199,0.84669726,63207945.68071067,468893.74083679515375,6987.5,305.3326639155889,62889
2019-09-05,65.3856398526485,4133337411.776213372713811709495,0.8259299,63214758.18071067,445439.67149616790625,6812.5,297.68569201072603,64923
2019-09-06,65.0694842613158,4113854374.288555820548233299586,0.82246433,63222483.18071067,502661.765918664555,7725,328.1061533606077,70676
2019-09-07,68.8442089075805,4352988912.526860981727840233935,0.8701393,63229558.18071067,487072.7780211320375,7075,298.1696656455714,67018
2019-09-08,70.6676067842883,4468783294.666909569786684166161,0.89193965,63236658.18071067,501740.00816844693,7100,299.2232687043897,77965
2019-09-09,70.1867013740217,4438901475.882232846431732001539,0.88576398,63244195.68071067,529032.26160668856375,7537.5,319.8568456724282,73426
2019-09-10,70.5569052611728,4462843017.791119776695461673776,0.89192831,63251683.18071067,528294.82814303134,7487.5,321.87680140353916,109399
2019-09-11,69.6153263198233,4403744285.673805087335302824611,0.8833393,63258258.18071067,457720.7705528381975,6575,282.649745472891,78042
2019-09-12,69.0837634799381,4370664308.040566849400945609527,0.87696855,63266158.18071067,545761.73149151099,7900,339.6095801119144,68583
2019-09-13,68.7499377112114,4350023105.592820419424978605638,0.873128,63273120.68071067,478671.4413143093725,6962.5,305.9543428308136,74790
2019-09-14,70.6927717327601,4473480705.569564130623688620267,0.89775694,63280595.68071067,528428.4687023817475,7475,329.19443744012676,71669
2019-09-15,70.1373992794203,4438819477.235100901946459624601,0.89091939,63287483.18071067,483071.33753700731625,6887.5,303.3212960359703,83261
2019-09-16,72.5357012677948,4591104283.717896506501447730516,0.92125551,63294408.18071067,502309.73127947899,6925,303.30851419540136,97348
2019-09-17,74.4574719879821,4713305639.461478747958777239007,0.94558239,63301983.18071067,564015.3503089644075,7575,328.37277575697266,142010
2019-09-18,77.9623275489186,4935721530.698109930803337981462,0.98943296,63309058.18071067,551583.467408599095,7075,306.69800507994466,110156
2019-09-19,76.9839603138456,4874353628.396102644593248652552,0.97716734,63316483.18071067,571605.90533030358,7425,321.87034455386436,128829
2019-09-20,75.036947583314,4751629027.07919597794755376038,0.95271213,63323858.18071067,553397.48842694075,7375,323.90646251312063,99040
2019-09-21,73.1805848372367,4634602961.268160058898735005589,0.9293734,63331045.68071067,525985.45351763878125,7187.5,316.1096636426921,73282
2019-09-22,72.4202554196713,4586987319.335235887315331802771,0.92040955,63338458.18071067,536815.14329831351125,7412.5,326.00527050455025,69629
2019-09-23,66.5858467165307,4217919291.840045901559662872569,0.84763723,63345583.18071067,474424.1578552812375,7125,315.3921967753454,101056
2019-09-24,56.3864383374322,3572215247.748519021803658941574,0.72161941,63352383.18071067,383427.78069453896,6800,303.4006969446965,115973
2019-09-25,57.2923149735694,3630006453.874288286022458565498,0.73452865,63359395.68071067,401762.3587521554175,7012.5,312.88196872421827,74697
2019-09-26,55.2107919328212,3498507507.190738470865314042204,0.70923928,63366370.68071067,385095.27373142787,6975,311.20880311606743,69164
2019-09-27,55.8560285315725,3539783404.482982040278332628575,0.7178887,63373345.68071067,389595.7990077181875,6975,302.63572787962727,64652
2019-09-28,55.339815389207,3507431726.35772660452840773869,0.71147242,63379895.68071067,362475.79079930585,6550,282.48040863551347,71457
2019-09-29,54.0011443311329,3422985152.785645676595178218043,0.69459929,63387270.68071067,398258.4394421051375,7375,318.0600020896049,57921
2019-09-30,55.9272084156358,3545452005.095442120648083893986,0.71972448,63394045.68071067,378906.837015932545,6775,289.8758684349432,70513
2019-10-01,55.7659061908359,3535616765.831412849836553349053,0.71802355,63401045.68071067,390361.3433358513,7000,288.96229175739546,91007
2019-10-02,56.4482176241814,3579260577.667986804612828995538,0.72737715,63407858.18071067,384553.4825647357875,6812.5,281.2222303710367,54749
2019-10-03,56.6144791338529,3590172273.370496522240277240443,0.72981784,63414383.18071067,369409.4763483901725,6525,269.35413624528655,59322
2019-10-04,56.5731411377068,3587936254.366965623478958091556,0.72954942,63421195.68071067,385404.524000627575,6812.5,272.2918829648933,56285
2019-10-05,56.7864836766259,3601876975.619337118538079728353,0.73242501,63428420.68071067,410282.3445636221275,7225,278.0873154180913,56505
2019-10-06,54.5218394659111,3458639676.110699745256081348167,0.70346232,63435858.18070497,405506.18102771380625,7437.5,286.2663541068586,62857
2019-10-07,57.7338231361669,3662795145.093794068375295579493,0.74491162,63442795.68070497,400528.39800715786875,6937.5,267.02155719211186,62606
2019-10-08,57.0367275028369,3618992946.960235812834766929393,0.73741873,63450220.68070497,423497.7017085639825,7425,288.757022207747,96770
2019-10-09,59.4366017937255,3771702359.346251717934862665735,0.76976704,63457570.68070497,436859.023183882425,7350,286.00778752572654,62678
2019-10-10,57.5524463796305,3652578710.197689487482988113585,0.74565885,63465220.68070497,440276.214804173325,7650,297.6815747716746,61680
2019-10-11,55.7022428498833,3535525554.793015880833526230001,0.72280161,63471870.68070497,370419.914951723945,6650,262.1726780552337,61718
2019-10-12,55.8226201897946,3543556190.303329369285027499162,0.72456088,63478858.18070497,390060.5585761897675,6987.5,278.74614701526536,53850
2019-10-13,56.5329195985456,3589006289.761208399012394691632,0.73393268,63485245.68070497,361104.02393571002,6387.5,254.810878577461,54489
2019-10-14,56.7952859081816,3606057406.623851632882178782552,0.7381412,63492195.68070497,394727.23706186212,6950,277.2501927379026,54887
2019-10-15,54.5486984110967,3463793019.664148522951126840599,0.70926554,63499095.68070497,376386.01903656723,6900,261.8778447616729,87351
2019-10-16,52.5542835239998,3337502905.478058968411778139006,0.68442407,63505820.68070497,353427.556698898655,6725,251.91713674891443,60324
2019-10-17,54.9010288032269,3486906158.571227916938952867693,0.71508782,63512583.18070497,371268.20728182191125,6762.5,253.32187914714265,50549
2019-10-18,53.2511893615998,3382455410.653189945078111011006,0.69454901,63518870.68070497,334816.8531110587425,6287.5,235.30361479542583,51667
2019-10-19,53.7431331017573,3414078651.608985045122459843781,0.70116382,63525858.18070497,375530.14254852913375,6987.5,240.8008171662142,52652
2019-10-20,54.861684234117,3485503831.26655581142408546149,0.7160314,63532570.68070497,368259.0554215103625,6712.5,231.32386192890388,47146
2019-10-21,54.7689565475335,3479980239.585456658333844691495,0.71589274,63539283.18070497,367636.62082531861875,6712.5,231.32386192890388,52827
2019-10-22,53.3308746456004,3388973529.416537266180180913988,0.69732773,63546183.18070497,367983.03505464276,6900,233.7724410534654,81395
2019-10-23,49.3320346055708,3135207215.314285135660033246876,0.64812082,63553170.68070497,344707.591806425965,6987.5,227.98220844127871,52874
2019-10-24,49.8246310784745,3166835897.519680365086552168265,0.6559944,63559645.68070497,322614.4862331223875,6475,211.2607942264443,51932
2019-10-25,56.9029239631696,3617113780.031907394853643672912,0.74987666,63566395.68070497,384094.7367513948,6750,220.23326039050178,58311
2019-10-26,56.9635966398448,3621325121.793533671193655388656,0.75083003,63572620.68070497,354598.38908303388,6225,194.13057782444508,58662
2019-10-27,59.8327520854905,3804105538.498690716787498237785,0.78839147,63578983.18070497,380685.88514393330625,6362.5,190.92062181767793,48950
2019-10-28,58.3836536887962,3712379832.096885522131406657114,0.76818309,63585945.68070497,406496.1888082435425,6962.5,208.92492407160432,57505
2019-10-29,59.8597792276144,3806620031.776935949207883323568,0.78805472,63592283.18070497,379361.35085500626,6337.5,190.17044255709766,94215
2019-10-30,57.9990980272888,3688684384.922324537448681785336,0.76390301,63598995.68070497,389318.94550817607,6712.5,188.58918802773374,57690
2019-10-31,58.3457601058471,3711159127.651993396149847030087,0.7685551,63606320.68070497,427382.6927753300075,7325,199.3658634187459,55972
2019-11-01,58.3717089475198,3713173731.531280147858697033406,0.76973102,63612558.18070497,364093.5345601547525,6237.5,169.7671772115254,53299
2019-11-02,58.3443673608924,3711841415.223534104868240315228,0.7695256,63619533.18070497,406951.96234222449,6975,189.83984946699675,99050
2019-11-03,58.4732829627924,3720445700.372527940197111758228,0.77140124,63626420.68070497,402734.736406232655,6887.5,179.2797689044482,47533
2019-11-04,61.4521690373748,3910399433.663255751877142112756,0.81048832,63633220.68070497,417874.74945414864,6800,176.9282235742934,88324
2019-11-05,63.1761298880429,4020541268.424683924521845603213,0.83404716,63640195.68070497,440653.5059690992275,6975,181.4815234456907,87130
2019-11-06,63.9818776208418,4072305474.079208700269788843746,0.84486657,63647795.68070497,486262.26991839768,7600,195.91705796586135,73552
2019-11-07,61.5917494477973,3920631013.932148924752627662581,0.8135551,63655133.18070497,451929.46157321268875,7337.5,186.44665397133824,54922
2019-11-08,60.4637875009908,3849280145.404952531304317484276,0.79903369,63662570.68070497,449699.419538619075,7437.5,188.98766458764268,54730
2019-11-09,62.1663742302716,3958117237.132923958167802569852,0.82151337,63669745.68070497,446043.73510219873,7175,182.3175117198435,50492
2019-11-10,63.6569799443001,4053456591.318945434429901241497,0.84110715,63676545.68070497,432867.46362124068,6800,174.3104030718544,53785
2019-11-11,61.6962673926619,3929054797.554335294379406560496,0.81538681,63683833.13285584,449611.54862402359625,7287.5,186.86916415577753,54660
2019-11-12,61.1282274379016,3893310025.763179601316264905344,0.80842431,63690870.63285584,430189.90059423251,7037.5,180.45855818130835,85360
2019-11-13,60.9040091584027,3879476251.497293428468883766768,0.805793,63698208.13285584,446883.16719977981125,7337.5,187.6288877475078,54342
2019-11-14,58.9437550001914,3755027127.607005269685828607776,0.78021703,63705258.13285584,415553.47275134937,7050,179.55654803113816,61808
2019-11-15,57.5577646360364,3667127963.320732878884110192576,0.76234504,63712133.13285584,395709.63187275025,6875,175.0994705977412,72833
2019-11-16,58.2429124138098,3711170417.267084592746528579232,0.77153935,63718833.13285584,390227.51317252566,6700,170.64239316434427,58037
2019-11-17,59.1789314861148,3771231891.021365251563630090432,0.78397823,63725920.63285584,419430.676907838645,7087.5,174.66750777243846,50451
2019-11-18,55.8642874350489,3560443776.864115896396067050576,0.74166682,63733808.13285584,440629.56714394819875,7887.5,192.5437590663426,82687
2019-11-19,55.0010788331077,3505815275.541652719839093293968,0.73045994,63740845.63285584,387070.09228799543875,7037.5,171.79419390546934,89977
2019-11-20,54.8310928797396,3495358561.669133029727623539264,0.72848627,63747745.63285584,378334.54087020324,6900,169.96712635329942,56755
2019-11-21,50.5720480122621,3224223860.919346815891211595664,0.67307239,63755058.13285584,369808.10108966660625,7312.5,183.7092981422717,58684
2019-11-22,47.4758989498612,3027143225.23561225333810682838,0.63330946,63761683.13174115,314527.83054283045,6625,166.43748378701576,62910
2019-11-23,48.2167530183505,3074722461.125093085582465973075,0.64493771,63768758.13174115,341133.5276048297875,7075,177.74267136500146,55408
2019-11-24,44.2959708975941,2825024076.065784188252128967215,0.59313948,63776095.63174115,325021.68646109670875,7337.5,179.30315585780582,53073
2019-11-25,45.7696141085294,2919311082.22710534056408796481,0.61417961,63782733.13174115,303795.8136453638925,6637.5,160.44688331632392,59209
2019-11-26,47.0059228544966,2998490573.90726484741046475509,0.63102665,63789633.13174115,324340.86769602654,6900,166.7922402836362,93921
2019-11-27,47.8634136265575,3053507289.078829407892105591125,0.6427984,63796270.63174115,317693.40794627540625,6637.5,160.15497204178087,57981
2019-11-28,46.8851813383496,2991405057.02307681440951540604,0.62999462,63802783.13174115,305339.74346600177,6512.5,150.512295031507,57811
2019-11-29,48.6278422260542,3102918693.95243114021254027033,0.65423169,63809508.13174115,327022.238970214495,6725,155.42344477341808,56145
2019-11-30,47.3469763199582,3021498576.87103215714466121993,0.63750766,63816083.13174115,311306.369303725165,6575,151.95675083795143,58036
2019-12-01,47.7391861956304,3046878161.18072957125967387096,0.64310678,63823420.63174115,350286.27871043806,7337.5,165.9537612922297,56419
2019-12-02,45.6426048002528,2913416330.82158414000322416272,0.61533891,63831070.63174115,349165.92672193392,7650,164.33670287049384,53260
2019-12-03,44.8087979001932,2860531290.00481938455463739018,0.60455169,63838608.13174115,337746.314172706245,7537.5,161.9199866518101,90274
2019-12-04,44.723517068588,2855412444.0014999938644119962,0.60381155,63845883.13174115,325363.5866739777,7275,156.28098214154807,52714
2019-12-05,44.8349172085376,2862820234.33469300534833324224,0.60559368,63852470.63174115,295350.01711124144,6587.5,146.5262193909314,52748
2019-12-06,45.403857296401,2899482182.93733953068425860115,0.61344785,63859820.63174115,333718.35112854735,7350,163.95851815655726,54640
2019-12-07,45.223408134278,2888287732.1051936440781381397,0.61189611,63867095.63174115,329000.29417687245,7275,162.28547205291898,53318
2019-12-08,45.5710748791024,2910840246.42925889096826114376,0.61673892,63874733.13174115,348049.08438914458,7637.5,169.64745381566416,50278
2019-12-09,44.4094342215886,2836921649.10703614394023699089,0.60127561,63881058.13174115,280889.671451547895,6325,139.6331949173978,54864
2019-12-10,44.1365788871217,2819812455.235804240781232947955,0.59793824,63888333.13174115,321093.6114038103675,7275,160.60576964807348,90300
2019-12-11,43.588255215858,2785061569.2550417392196311567,0.59090559,63894770.63174115,280599.392952085875,6437.5,142.11678929339888,56514
2019-12-12,43.6223223146382,2787514189.90633157354919830193,0.59160264,63901095.63174115,275911.188640086615,6325,134.09966365204804,55383
2019-12-13,44.3212462932268,2832454867.73750736956733584282,0.60126179,63907383.13174115,278669.836068663505,6287.5,130.7141492344922,53747
2019-12-14,43.3030843343554,2767679638.44955981306566490471,0.5876579,63914145.63174115,292837.1078110783925,6762.5,140.58917442516994,51820
2019-12-15,43.4865185189382,2779723303.54793877525931524693,0.59027897,63921495.63174115,319625.91111419577,7350,152.80302137153444,149953
2019-12-16,39.9511366169078,2554008571.85896852772094301597,0.54300342,63928308.13174115,272167.1182026843875,6812.5,132.536625248932,56382
2019-12-17,36.8482891740447,2355903958.848361438236298929405,0.50143726,63935233.13174115,255174.4025302595475,6925,133.9932504697817,92170
2019-12-18,40.8563956883073,2612457349.303546966493545255395,0.55608493,63942433.13174115,294166.04895581256,7200,139.31428207688492,54358
2019-12-19,39.6299609156666,2534323443.08016542917277090059,0.54012046,63949683.13174115,287317.21663858285,7250,138.91408739572216,54966
2019-12-20,40.1816416568903,2569888039.056548341542783545845,0.5478961,63956770.63174115,284787.38524321000125,7087.5,133.2407106410554,56930
2019-12-21,39.7117431117313,2540135662.037696682408209952995,0.54186385,63964345.63174115,300816.4540713645975,7575,142.40541560578404,52086
2019-12-22,41.8682632904171,2678397403.029733329132882733665,0.57131666,63972020.63174115,321338.9207539512425,7675,144.2853550857284,50636
2019-12-23,40.6205329473303,2598891365.395953222532833151845,0.55455612,63979745.63174115,313793.6170181265675,7725,151.4077413953717,57345
2019-12-24,40.2851429787083,2577734331.959845861209606956545,0.55023053,63987220.63174115,301131.4437658445425,7475,146.81303583445091,77174
2019-12-25,40.0982305882721,2566058022.575610612469692966915,0.5478015,63994295.63174115,283694.9814120251075,7075,138.95681987006563,58332
2019-12-26,39.9278822194911,2555451166.834823180542859928765,0.54574279,64001670.63174115,294468.1313687468625,7375,146.69796529957543,102698
2019-12-27,40.8949027237481,2617626825.402634031312007004315,0.5590714,64008633.13174115,284730.76021409614625,6962.5,139.90641184515678,114560
2019-12-28,42.970186809454,2750779291.0891084474493008321,0.58743267,64015995.63174115,316368.000384605075,7362.5,147.94412311812818,112310
2019-12-29,43.1595785700388,2763241656.40443544905266705662,0.59009311,64023833.13174115,338263.197042679095,7837.5,158.10328303310095,74502
2019-12-30,42.2791761596581,2707164531.750132477808241700815,0.5784109,64030683.13174115,289612.356693657985,6850,141.70217931491936,62890
2019-12-31,41.1140178685009,2632827945.678371858387812485319,0.56277517,64037233.09405591,269296.817038680895,6550,135.4962444544118,108004
2020-01-01,41.4157459364492,2652465571.359361710595131674772,0.56701525,64044858.09405591,315795.06276542515,7625,157.73417770456396,41527
2020-01-02,39.3191102263479,2518452238.825021655152657711089,0.53921676,64051608.09405591,265403.994027848325,6750,137.6625039013391,68959
2020-01-03,42.0151987613269,2691447755.290056871752080589268,0.5761457,64058908.07703172,306710.95095768637,7300,147.0280996379123,50872
2020-01-04,42.6608893819522,2733124615.462086423494114923784,0.58502754,64066283.07703172,314624.059191897475,7375,148.53866230542505,45991
2020-01-05,43.1983141078186,2767876707.543216277926832205992,0.59259522,64073720.57703172,321287.4611769008375,7437.5,149.89226125693816,50412
2020-01-06,45.7653998364582,2932715267.201084345128193854104,0.62783654,64081495.57703172,355825.983728462505,7775,157.9988909412064,50499
2020-01-07,46.3877400364447,2972976717.288977583067797925884,0.63644146,64089708.07703172,380959.31504930209875,8212.5,166.88950377551893,88864
2020-01-08,45.3840951435217,2909010241.536604693578973408324,0.62377024,64097570.57703172,356832.44806593936625,7862.5,159.7770135080689,53499
2020-01-09,44.7269810461213,2867203913.168642907791773067636,0.61522149,64104570.57703172,313088.8673228491,7000,155.27508276434045,49189
2020-01-10,48.7817258659319,3127463914.149506940838923659868,0.67064496,64111383.07703172,332325.50746166106875,6812.5,152.80953499592752,53679
2020-01-11,49.5003146062823,3173892509.437848662758948374556,0.68059397,64118633.07703172,358877.280895546675,7250,162.62299137181256,52092
2020-01-12,50.9904608669888,3269847211.826896334247238484736,0.70089614,64126645.57703172,408561.06769674776,8012.5,179.37692711630427,47190
2020-01-13,49.6518766197285,3184352133.47342890285472228802,0.68261159,64133570.57703172,343839.2455916198625,6925,154.53942018567676,50629
2020-01-14,58.8142901462635,3772396831.63697182974747897822,0.80657185,64140820.57703172,426403.603560410375,7250,161.79217275756767,91911
2020-01-15,58.0942923201247,3726636037.695417082434596255484,0.79617558,64148058.07703172,420457.44066690251625,7237.5,161.51322073557185,61711
2020-01-16,57.692130324635,3701240529.2613831673257924222,0.7909172,64155033.07703172,402402.609014329125,6975,156.31979477728913,53041
2020-01-17,61.6477727053842,3955418689.950476860853398186824,0.84428333,64161583.07703172,403792.91122026651,6550,146.8687209444428,60607
2020-01-18,59.6245585730498,3826051016.584429991088671739656,0.81641621,64169045.57703172,444948.2683513841325,7462.5,167.32943970197027,56500
2020-01-19,57.5854432311918,3695639141.008395650372962003896,0.78867606,64176620.57703172,436209.732476277885,7575,168.83574646375942,58983
2020-01-20,57.1658724949152,3669126961.108087466381631306624,0.78308205,64183870.56778412,414452.5755881352,7250,159.75783568471283,51629
2020-01-21,57.5085370504925,3691484239.755496497669252303225,0.78787718,64190195.56199757,363741.4968443650625,6325,139.37493940769727,86261
2020-01-22,58.0569315516852,3727068965.780421142637411804964,0.79531569,64196795.56199757,383175.74824112232,6600,145.43471938194514,56688
2020-01-23,54.1679016546986,3477771341.885245128476592282402,0.74241975,64203545.56199757,365633.33616921555,6750,143.16312258918927,53287
2020-01-24,54.3367572012562,3488992823.962460795414985347434,0.74493762,64210545.56199757,380357.3004087934,7000,145.27457255325197,59911
2020-01-25,53.4273469034311,3431003136.910369629918552862427,0.73259843,64218108.06199757,404044.31095719769375,7562.5,156.94842213342372,49756
2020-01-26,55.9391275537625,3592738466.379927666978319357125,0.7669837,64225858.06199757,433528.238541659375,7750,161.31271642711317,48918
2020-01-27,58.5332743121928,3759761695.066246353096709319016,0.80243561,64232895.54951597,411927.91797205683,7037.5,148.32894243524098,55310
2020-01-28,60.1538323078161,3864294702.429801645687652773117,0.82440866,64240208.04951597,439874.89875090523125,7312.5,154.12510004372302,96373
2020-01-29,59.9809067355295,3853608790.49923612852148334685,0.82214084,64247258.0064643,422865.392485482975,7050,148.59240414471742,58845
2020-01-30,68.1508583522653,4378983687.81418646761019857879,0.93259292,64254270.5064643,477907.89419526041625,7012.5,147.9666336089317,65057
2020-01-31,67.9639584259378,4367457963.04460551643018972054,0.93150377,64261383.0064643,483393.6543044826025,7112.5,150.16015574882152,62399
2020-02-01,70.724743444118,4545411754.8430324084148119874,0.968826,64269045.5064643,541928.346640554175,7662.5,161.77183738844957,59988
2020-02-02,70.3138090465103,4519511168.45859884241300653229,0.96274582,64276295.5064643,509775.115587199675,7250,153.10671464891448,70891
2020-02-03,69.4987817854689,4467655901.06273643464075661027,0.95070079,64283945.5064643,531665.680658837085,7650,161.73049183296115,80518
2020-02-04,67.7834468578676,4357941533.72954264776911352668,0.92732609,64292120.5064643,554129.67806306763,8175,172.82964323326206,96519
2020-02-05,72.6744397823102,4672977052.60332356721888782586,0.9926676,64300145.5064643,583212.379253039355,8025,169.99192103728862,86117
2020-02-06,73.3274765655137,4715520118.63899455851955021091,1.00107453,64307683.0064643,552705.85461255951375,7537.5,176.1086641466954,91750
2020-02-07,74.1523059164589,4769090391.34983698879071526727,1.01196942,64314795.5064643,527408.27583081392625,7112.5,166.1788223871804,98565
2020-02-08,76.7729168191132,4938261104.58959512703939345876,1.04613863,64322958.0064643,626658.933536011495,8162.5,190.71137261657034,92186
2020-02-09,76.9883792500129,4952662091.20329921192780838947,1.0487515,64329995.5064643,541805.71897196578375,7037.5,168.99167901327004,100893
2020-02-10,74.1861762640623,4772901779.03469519436217792589,1.01048801,64336808.0064643,505393.32579892441875,6812.5,165.64875147567284,82574
2020-02-11,76.9885353141712,4953708588.96656840084099688816,1.04827224,64343458.0064643,511973.75983923848,6650,161.69749685331723,98909
2020-02-12,81.4953613126504,5244232246.41883624598656598072,1.10740819,64350070.5064643,538888.07667990077,6612.5,160.7856688635429,76114
2020-02-13,80.313875152164,5168794839.5949324181581337452,1.08988706,64357433.0064643,591310.90580780745,7362.5,169.2578542467577,80525
2020-02-14,83.4033923860783,5368238125.30571207197397595469,1.12952533,64364745.5064643,609887.30682319756875,7312.5,167.66052722237532,71081
2020-02-15,76.5417209210947,4927191153.76532821421158246921,1.03736056,64372620.5064643,602766.0522536207625,7875,180.557490854866,66882
2020-02-16,75.2004658118578,4841420691.14458975334749237654,1.01973577,64380195.5064643,569643.528524822835,7575,179.2777182337407,57905
2020-02-17,73.1804031376759,4711905622.45347063455757832037,0.99298475,64387533.0064643,536961.20802269691625,7337.5,177.1641138830648,67411
2020-02-18,77.4926374731786,4990108982.13035053213916842398,1.05105707,64394620.5064643,549229.0680911533275,7087.5,171.1278578734202,100261
2020-02-19,71.2911416480183,4591297130.90200806884543469669,0.96772748,64402070.5064643,531119.005277736335,7450,180.52182105727675,85220
2020-02-20,69.836249559514,4498090540.6451321215395663502,0.9485304,64409108.0064643,491472.606275079775,7037.5,173.46083881892378,67868
2020-02-21,73.5468183968892,4737580491.34600108598161085556,0.99891263,64415845.5064643,495521.688949040985,6737.5,166.06641584973335,60655
2020-02-22,74.9806854100345,4830482233.75940114390333601835,1.01872147,64423020.5064643,537986.4178169975375,7175,176.84994934646937,54107
2020-02-23,79.8500469095415,5144756129.83327705713809911845,1.08360751,64430220.5064643,574920.3377486988,7200,173.73288389445946,52727
2020-02-24,75.4322197561505,4860714238.32791084082993367715,1.023929,64438170.5064643,599686.147061396475,7950,188.92748074021583,58045
2020-02-25,71.3170316855785,4596075708.43365844027183509755,0.96856054,64445695.5064643,536660.6634339782125,7525,178.82758397108475,91498
2020-02-26,60.9999529770882,3931615970.13737950888789125126,0.82716467,64452770.5064643,431574.667312899015,7075,169.6393958968085,64142
2020-02-27,61.5981230146354,3970610112.87080696708920761622,0.83590548,64459920.5064643,440426.57955464311,7150,176.75185633666004,62465
2020-02-28,60.3457490286181,3890314411.71518545344799598383,0.81975541,64467083.0064643,432226.42741747714125,7162.5,177.06086307850734,59913
2020-02-29,58.545402209987,3774703567.1501425510020189641,0.79577602,64474808.0064643,452263.232072149575,7725,190.96616646163588,62562
2020-03-01,57.878229684686,3732084212.5475127295387157098,0.78698467,64481658.0064643,396465.8733400991,6850,173.2761033188994,53381
2020-03-02,61.2533651775812,3950140427.67852092466203815116,0.83287557,64488545.5064643,421882.552660590515,6887.5,175.41987685145844,69236
2020-03-03,61.2041813705357,3947391709.40340986648415392551,0.83291831,64495458.0064643,423073.90372382802625,6912.5,176.0566096167995,85928
2020-03-04,60.287670082569,3888714965.3424975541167507867,0.82073268,64502658.0064643,434071.2245944968,7200,182.02863008394343,52216
2020-03-05,61.8909811011906,3992583818.17941746024472639558,0.84287403,64509945.5064643,451030.5247749264975,7287.5,176.3454023571047,94961
2020-03-06,63.1900934926028,4076863413.45738552351163228004,0.86133826,64517445.5064643,473925.701194521,7500,181.4875495956481,149119
2020-03-07,60.5475343180699,3906841489.30781690625774925457,0.82560605,64525195.5064643,469243.390965041725,7750,187.53713458216964,203865
2020-03-08,51.8970754717457,3349037410.26397367822635572851,0.70864111,64532295.5064643,368469.23584939447,7100,178.43233116268902,129044
2020-03-09,49.9922915587073,3226469152.66366465455385159939,0.68377152,64539333.0064643,351820.75184440262375,7037.5,178.77167686627044,73222
2020-03-10,50.23698163126,3242641831.875376064438954018,0.68893094,64546908.0064643,380545.1358567945,7575,192.42564152923606,100251
2020-03-11,48.5369258854653,3133251888.79634417329131333879,0.66666254,64553983.0064643,343398.7506396669975,7075,179.54453082495948,58685
2020-03-12,30.6782710098869,1980598242.02569523286816188767,0.43025222,64560295.5064643,193656.58574991105625,6312.5,159.78380281722116,62366
2020-03-13,37.9512926420211,2450358246.27766574189336699673,0.53388282,64565870.5064643,211578.4564792676325,5575,141.11599219105028,66743
2020-03-14,34.2254639527349,2209986397.10258161036886421407,0.4823448,64571408.0064643,189523.50663826950875,5537.5,140.16678148124498,51700
2020-03-15,36.339473872394,2346689952.7740535288553165342,0.51251814,64576883.0064643,198958.61945135715,5475,138.5847636315695,47805
2020-03-16,32.7284076257352,2113717830.56606847063664005336,0.46283281,64583583.0064643,219280.33109242584,6700,138.78292803191906,54115
2020-03-17,34.7086360992647,2241850607.15276863984782680021,0.49115556,64590570.5064643,242526.59474361209125,6987.5,143.166177847358,60023
2020-03-18,34.596934380108,2234861041.9210349878773321444,0.49001456,64597083.0064643,225312.53515045335,6512.5,133.43395108850368,53168
2020-03-19,39.2095150792378,2533086924.91927662870411691054,0.55632184,64603883.0064643,266624.70253881704,6800,137.58712012492418,57441
2020-03-20,37.7806254080167,2441036262.34369636110989235381,0.53693963,64610795.5064643,261158.57313291543875,6912.5,133.55576035059647,58561
2020-03-21,38.3401508561723,2477478073.29787613041670459889,0.54503463,64618370.5064643,290426.6427355051725,7575,146.35586034803163,43347
2020-03-22,35.4358460417725,2290073283.47874615934157997175,0.5040864,64625895.5064643,266654.7414643380625,7525,145.3898150652063,45850
2020-03-23,39.0634611353325,2524792414.37300182857087987975,0.55548208,64633095.5064643,281256.920174394,7200,140.84910374439335,50137
2020-03-24,40.7599112694955,2634722009.80074530777089976065,0.57979866,64640033.0064643,282771.88443212503125,6937.5,136.2317683891486,66848
2020-03-25,39.1813697044086,2532968606.09468793490650851298,0.55801108,64647270.5064643,283575.1632356572425,7237.5,142.12287188705753,49894
2020-03-26,40.2414296355744,2601793355.68990791574844359392,0.57329305,64654595.5064643,294768.47208058248,7325,143.52847832179057,48021
2020-03-27,38.9274574869631,2517121728.57468358687277556733,0.55486697,64661858.0064643,282710.65999906951375,7262.5,141.35241355583707,50568
2020-03-28,38.8941941828508,2515257220.03201944325760242644,0.55458619,64669220.5064643,286358.504671239015,7362.5,143.29874627261285,45693
2020-03-29,37.2808888077392,2411208421.71738190525346851056,0.53184954,64676795.5064643,282402.73271862444,7575,147.43470329576124,45949
2020-03-30,39.1082076542507,2529669261.94227688380622280001,0.55802649,64683845.5064643,275712.863962467435,7050,138.52785510868515,52420
2020-03-31,39.2997202065394,2542341953.25856523124383264342,0.56112133,64691095.5064643,284922.97149741065,7250,142.73435951768923,67794
2020-04-01,39.3324821147803,2544752909.01722712192697429329,0.56183301,64698508.0064643,291552.02367580897375,7412.5,145.9335779206719,52386
2020-04-02,39.8831041694402,2580665988.39560280895161228486,0.5698166,64705745.5064643,288653.9664263234475,7237.5,143.22613545513988,56873
2020-04-03,40.5504556805359,2624132332.38707132436663821837,0.58012704,64712770.5064643,284866.9511557646975,7025,140.33743107339603,47998
2020-04-04,40.77667155192,2639087917.069792211273076456,0.58344336,64720533.0064643,316528.912921779,7762.5,155.07036422878815,48055
2020-04-05,40.3941390986719,2614636703.33371596653949476317,0.57806725,64728120.5064643,306490.53041117304125,7587.5,151.57441398852563,48858
2020-04-06,44.7807026240717,2898886419.76855479969763669031,0.64052188,64735170.5064643,315703.953499705485,7050,145.7352296351231,56526
2020-04-07,44.6878619482697,2893215431.94310945182479982171,0.63968176,64742758.0064643,339069.15253249634875,7587.5,157.06023483537297,74876
2020-04-08,46.6667882716391,3021695914.27932825513215663413,0.66784025,64750458.0064643,359334.26969162107,7700,159.38896978350868,55303
2020-04-09,46.4266770350522,3006484614.81286916256278793646,0.66480062,64757695.5064643,336013.0750411902975,7237.5,152.85241239932836,54418
2020-04-10,42.1445210605658,2729485502.598077288176838960828,0.60411661,64764895.50505366,303440.55163607376,7200,154.37253455841847,58367
2020-04-11,42.4901638307941,2752192883.485008675169180911406,0.60921328,64772470.50505366,321862.9910182653075,7575,162.41277073333615,50942
2020-04-12,42.4064767408576,2747094023.062714212987002418816,0.60813094,64780058.00505366,321759.14227125704,7587.5,163.11695223439017,46575
2020-04-13,41.3739759285498,2680490937.936862259464474982268,0.59357229,64786883.00505366,282377.385712352385,6825,148.69022710817947,53435
2020-04-14,41.2334469981116,2671664316.910887048804276668456,0.59175413,64793620.50505366,277810.349149776905,6737.5,146.78394214525414,75147
2020-04-15,39.2929709937184,2546221672.095600196539314929344,0.56416762,64800945.50505366,287821.01252898728,7325,159.58328403918134,57045
2020-04-16,42.7217743282838,2768729113.322885565147274708708,0.61340054,64808383.00505366,317743.1965666107625,7437.5,159.37692989237914,57403
2020-04-17,42.6125156252764,2761990731.546084736841034331624,0.61199125,64816420.50505366,342498.094338159065,8037.5,170.2379735621914,60136
2020-04-18,44.1747364351964,2863595064.164621252759294638824,0.63447787,64824270.50505366,346771.68101629174,7850,166.26663669837663,57170
2020-04-19,42.5093180913508,2755958074.390113734251935883928,0.61077294,64831858.00505366,322539.451018124195,7587.5,165.83199124317045,81022
2020-04-20,40.42811734682,2621340249.0413177945709303612,0.58144542,64839533.00505366,310285.8006368435,7675,177.3341817223784,62274
2020-04-21,40.7485280325747,2642422160.948926666409701458402,0.58660965,64847058.00505366,306632.6734451246175,7525,173.86836709588238,78684
2020-04-22,41.8445352150765,2713799421.28026600530952350499,0.60260103,64854333.00505366,304418.9936896815375,7275,168.0920093850557,57184
2020-04-23,43.0101211438053,2789683037.565769027959503092398,0.61999078,64861083.00505366,290318.317720685775,6750,162.55629213623345,64942
2020-04-24,44.5107522206752,2887333289.896565740549137431232,0.64157071,64868220.50505366,317695.49397506924,7137.5,171.95339765713817,100818
2020-04-25,44.327326761136,2875744543.93667955444768255776,0.63903275,64875208.00505366,309737.1957434378,6987.5,168.33966600760107,91249
2020-04-26,44.5778331920518,2892314932.256268854633744499588,0.64274226,64882358.00505366,318731.50732317037,7150,170.1608907861924,86427
2020-04-27,44.5079105711762,2888110328.018603939209230314892,0.64210993,64889820.50505366,332140.2826374023925,7462.5,174.12744933135525,92208
2020-04-28,45.8252159334582,2973950910.102903586332380367012,0.66108592,64897695.50505366,360873.575475983325,7875,183.7525847215306,130368
2020-04-29,48.6883334831118,3160120934.703273299567162779188,0.70203158,64905095.50505366,360293.66777502732,7400,173.03129756973894,117777
2020-04-30,46.4636456434803,3016046214.771287674870030652898,0.6702888,64911958.00505366,318856.76822838355875,6862.5,168.41262510325637,101053
2020-05-01,47.1433193743382,3060515795.883720463947417987812,0.68012187,64919395.50505366,350628.4378466403625,7437.5,182.52370115926703,115811
2020-05-02,49.2451953022412,3197329647.170337167690724262792,0.71029754,64926733.00505366,361336.620530194805,7337.5,180.069600975613,100232
2020-05-03,48.061163075846,3120809354.78001958083287989636,0.6934299,64934120.50505366,355051.842222812325,7387.5,181.4212336938417,68018
2020-05-04,46.997696936486,3052096024.57898608731304183876,0.67831335,64941395.50505366,341908.24521293565,7275,178.75550681103167,74245
2020-05-05,46.4560651409582,3017302639.661658730568354817012,0.67062596,64949595.50505366,380939.73415585724,8200,201.48387021999392,88832
2020-05-06,45.8589337477324,2978847088.584570168027765320584,0.66230768,64956745.50505366,327891.37629628666,7150,177.84486588441663,72840
2020-05-07,47.5266021335712,3087528660.861273177387943430592,0.68663366,64964220.50505366,355261.35094844472,7475,194.09018465588085,77316
2020-05-08,47.9595828706828,3115965057.261375967317654839048,0.69287119,64970645.50505366,308140.31994413699,6425,166.82668045672654,93104
2020-05-09,47.0968224485901,3060265359.310726330147591844766,0.68064669,64978170.50505366,354403.5889256405025,7525,195.38844676060248,75552
2020-05-10,42.0156709825375,2730401319.490621624165314077125,0.60804351,64985307.99675739,299886.85163786140625,7137.5,183.77875805225904,69662
2020-05-11,41.5577278993879,2700931612.339258419511865801581,0.60181089,64992282.99675739,289865.1520982306025,6975,178.90941646518843,81157
2020-05-12,42.2062888819882,2743379570.440468129773976242798,0.61141317,64999307.99675739,296499.179395967105,7025,180.1919212427166,93912
2020-05-13,43.2859685339581,2813858838.158002495361902125359,0.62722593,65006257.99675739,300837.481311008795,6950,177.77716520398607,73145
2020-05-14,44.030331606455,2862588881.54109010875709295245,0.63811558,65014020.49675739,341785.4490951069375,7762.5,193.3558421870276,77496
2020-05-15,42.8137103175354,2783810937.439724447785456536606,0.62160466,65021482.99675739,319497.3132446079225,7462.5,185.88315263390572,79408
2020-05-16,43.3037628917107,2816007780.236210932384059967073,0.62878252,65029170.49675739,332897.67723002600625,7687.5,191.48766979874713,69549
2020-05-17,43.6672892211004,2839994204.998346604941967631956,0.63454477,65037107.99675739,346609.108192484425,7937.5,208.06282230620042,69562
2020-05-18,45.3093780236782,2947103546.500228387952240831898,0.65838835,65044007.99675739,312634.70836337958,6900,183.18284385977833,76969
2020-05-19,45.531088874456,2961805094.18637633065280022984,0.6617438,65050170.49675739,280585.3351888351,6162.5,163.60351815737417,93517
2020-05-20,44.1911143852061,2874915167.275342656272186848079,0.64242696,65056407.99675739,275642.07597772304875,6237.5,164.85167579425436,79867
2020-05-21,42.7247266287929,2779839818.798723210484409854531,0.62153489,65063957.99675739,322571.686047386395,7550,186.8407750912494,77213
2020-05-22,44.1852155784232,2875222358.403187866768849147448,0.64286197,65072045.49675739,357347.93099049763,8087.5,200.14235345039492,79339
2020-05-23,43.9335027244629,2859198200.321448670296329355831,0.63932389,65080132.99675739,355312.20328409370375,8087.5,200.14235345039492,74005
2020-05-24,42.4311409360771,2761756849.391141028614817034769,0.61772519,65087970.49675739,332554.06708650427125,7837.5,211.13434860981985,72779
2020-05-25,42.9853563654527,2798160056.834247227972419420453,0.62610973,65095657.99675739,330449.92705941763125,7687.5,209.73602678547965,77031
2020-05-26,42.2706322105741,2751975953.041348808402970317599,0.61607073,65103732.99675739,341335.3551003858575,8075,220.3080866722278,93308
2020-05-27,43.7128756203544,2846218900.269200232839882619016,0.63718583,65111682.99675739,347517.36118181748,7950,230.56621200179643,74117
2020-05-28,44.7259921706933,2912548022.620021973413788198487,0.65220829,65119807.99675739,363398.6863868830625,8125,242.67577827468634,77573
2020-05-29,44.5113417362458,2898916103.224379526074032006462,0.64914549,65127582.99675739,346075.681999311095,7775,232.22205244131464,82162
2020-05-30,47.6669023593521,3104803728.954275966798591287019,0.69474112,65135420.49675739,373589.34724142208375,7837.5,244.6275182595146,79385
2020-05-31,45.5426370610498,2966780385.280643757580369308022,0.66403705,65142920.49675739,341569.7779578735,7500,244.67258534694213,177895
2020-06-01,48.4074594650632,3153779651.379958919319591417048,0.70562033,65150695.49675739,376367.99734086638,7775,253.6439134763296,136651
2020-06-02,45.9133718555302,2991614093.929213156961639218178,0.67080751,65157795.49675739,325984.94017426442,7100,233.48539897699416,122458
2020-06-03,47.0872906005718,3068436605.438310346430079875602,0.6879592,65164857.99675739,332553.9898665383375,7062.5,243.55052127794505,94543
2020-06-04,47.4932475981836,3095214876.955330875404453876804,0.69393957,65171682.99675739,324141.41485760307,6825,235.36032675709345,195842
2020-06-05,46.916939371557,3057939160.92265445904289555623,0.68561548,65177720.49675739,283261.0214557753875,6037.5,208.20336597742784,306753
2020-06-06,46.7662809543544,3048481442.814623848029800879016,0.68348218,65185457.99675739,361854.09888431717,7737.5,259.59648591484523,129095
2020-06-07,46.6199321926369,3039287202.002188216894283661691,0.68152635,65192870.49675739,345570.24737792102125,7412.5,240.13927737161643,127280
2020-06-08,46.3984398665147,3025183290.13981676006975054595,0.67836895,65200107.9959385,335808.70853390014125,7237.5,234.4698846512075,135449
2020-06-09,45.9607472818951,2996983497.829227365121868145247,0.67215622,65207457.99557097,337811.492521928985,7350,238.3629971042824,151530
2020-06-10,46.6744722454156,3043834073.386765982224637871272,0.68264689,65214107.98995662,310385.24043201374,6650,221.7323288353369,134102
2020-06-11,43.2664354711756,2821876206.767742052022152997736,0.6334739,65220907.98646206,294211.76120399408,6800,226.73380993688613,133126
2020-06-12,44.6320629984908,2911242708.788612353826028951488,0.6535304,65227607.98413136,299034.82208988836,6700,223.39948920252,128283
2020-06-13,45.0630243310784,2939670416.662414343071040321344,0.6603822,65234645.48372591,317131.03372996424,7037.5,230.0890552472254,125392
2020-06-14,44.0639820878103,2874818264.763589490505936015162,0.64591141,65241907.98359254,320014.66991272230375,7262.5,227.4242194554104,128796
2020-06-15,43.8275975976059,2859721509.517087817385885099986,0.64285765,65249332.98359254,325419.9121622238075,7425,232.51288529520437,105732
2020-06-16,43.8337188946338,2860438166.605652651967951711852,0.64317453,65256570.48359254,317246.5404999121275,7237.5,226.64134778774974,84709
2020-06-17,43.995309648802,2871278343.56054425371566713708,0.64576354,65263282.98359254,295318.516017583425,6712.5,213.63733258642347,63736
2020-06-18,43.4551455676012,2836368757.223656857503508039,0.63804174,65271182.9675325,343295.64998404948,7900,252.160491301533,66484
2020-06-19,42.8498887298557,2797159660.673635218075588094008,0.6294658,65278107.91547544,296735.4794542507225,6925,221.0394180079895,64735
2020-06-20,43.5964164621861,2846249611.643723921258118163788,0.64058078,65286320.35874908,358035.57019570334625,8212.5,264.58149331047866,63240
2020-06-21,42.9386677611378,2803620534.239122911036599654028,0.63108324,65293607.84631926,312915.5413092917175,7287.5,237.66749308964438,56798
2020-06-22,44.3266627817518,2894582956.663146399400445943878,0.65151981,65301170.33432021,335220.3872869979875,7562.5,246.6360777345362,62550
2020-06-23,44.0885691887945,2879368034.11738197762869051089,0.64819345,65308720.31223002,332868.697375398475,7550,247.48466784143577,93262
2020-06-24,42.6191776730343,2783676716.590555405974251734785,0.62694421,65315120.29505495,272762.73710741952,6400,219.8131065180199,69681
2020-06-25,42.3413794971896,2765806455.558241159454974344968,0.62308578,65321595.29053183,274160.43224430266,6475,222.38904136002813,78773
2020-06-26,43.1034480986939,2815878017.691297859624074726799,0.63450462,65328370.27895741,292025.8608686511725,6775,232.69278072806082,78433
2020-06-27,41.0716311458385,2683434335.46116825280658131306,0.60489335,65335470.26493156,291608.58113545335,7100,237.24718185859763,71256
2020-06-28,41.3149507057045,2699662252.53431969154195323383,0.60871517,65343470.25522574,330519.605645636,8000,251.52951920086585,69003
2020-06-29,41.8899895671414,2737576595.989512840026805308364,0.61734874,65351570.25049426,339308.91549384534,8100,254.6736381908768,69634
2020-06-30,41.2300748602659,2694771212.718118229029435041024,0.61027363,65359357.74676736,321079.20797432069625,7787.5,247.8856390593194,90608
2020-07-01,41.8026585385416,2732486487.618520195737819590904,0.61885434,65366332.74410519,291573.54330632766,6975,241.31339011719513,71103
2020-07-02,41.0255444871924,2681998108.95924246138834536838,0.60716999,65373857.73871995,308717.22226612281,7525,260.3416861120994,72285
2020-07-03,41.1351222203132,2689453173.23827814297606344326,0.60894973,65380945.23784305,291545.178736469805,7087.5,245.20554157069827,72643
2020-07-04,42.0415697688187,2749032357.007456249456614480832,0.62242789,65388432.73750336,314786.25364403001625,7487.5,258.30993814507246,67579
2020-07-05,41.6304199248737,2722461702.281982598027995177876,0.6165246,65395970.23510548,313789.29018373551375,7537.5,259.62990557085215,65525
2020-07-06,44.0331393405287,2879891496.562783142396544492415,0.65198241,65402820.23253545,301627.004482621595,6850,235.94890257516903,75457
2020-07-07,43.3350407971588,2834535061.437376053994972731352,0.6417839,65409770.22971254,301178.53354025366,6950,239.99393850592307,93783
2020-07-08,45.2886717808441,2962636371.323692285785761661554,0.67083868,65416720.22664194,314756.268876866495,6950,243.6740874952169,81243
2020-07-09,44.2804664825915,2896983440.81504959149972630144,0.65607734,65423507.72103936,300553.66625058980625,6787.5,237.97667178040092,78674
2020-07-10,44.3081894875416,2899122841.867242199027746468744,0.65660948,65430857.71271259,325665.19273343076,7350,257.69849540861,78934
2020-07-11,44.6653968715149,2922833009.445770314375831602591,0.66198749,65438420.21271259,337782.06384083143125,7562.5,260.87957074282383,72497
2020-07-12,44.6707493065286,2923559056.740712665816415084636,0.66221375,65446832.70655226,375792.6785411718475,8412.5,286.8341611549454,85037
2020-07-13,43.8606669796862,2870873430.114053443695127601628,0.65103014,65454395.19749394,331696.2940338768875,7562.5,257.8524034156642,78284
2020-07-14,43.9263081615017,2875490595.871855245159102463973,0.65226774,65461695.19413469,320662.04957896241,7300,256.54409349855916,101462
2020-07-15,43.2966428725893,2834576879.801342440767385237989,0.64312948,65468745.18984673,305241.332251754565,7050,261.9283757142788,85518
2020-07-16,42.0453290543967,2752959762.910830389103148127769,0.62491573,65475995.18960007,304828.635644376075,7250,269.3589679331235,82802
2020-07-17,41.9082959117028,2744279168.018905931062009426476,0.62305813,65482957.68935267,291786.510285230745,6962.5,258.6774916185342,83231
2020-07-18,42.4878710806984,2782537907.789987411462867698544,0.63183403,65490170.18303966,306443.77016953721,7212.5,264.5763063811067,77739
2020-07-19,42.7118679171711,2797500075.013408440249066794841,0.63526043,65497020.18273831,292576.295232622035,6850,250.4774259629239,77568
2020-07-20,42.0042607467551,2751477871.644723725089047552288,0.62555811,65504732.68017888,323957.86100934870875,7712.5,282.01564200570226,79376
2020-07-21,43.7088965153489,2863460842.372919673255717611232,0.65013456,65512082.68017888,321260.389387814415,7350,269.92919601236326,97125
2020-07-22,45.0508883463496,2951696820.332716927082323016448,0.67024524,65519170.18017888,319298.17115475279,7087.5,262.4919081311468,83459
2020-07-23,44.9843896972433,2947667145.460216702201336881504,0.66928718,65526445.18017888,327261.4350474450075,7275,269.4361385049864,86368
2020-07-24,44.2156046368686,2897608640.309502944325791055168,0.65799572,65533620.18017888,317246.963269532205,7175,265.7325489722719,82911
2020-07-25,49.1360805764768,3220405508.842812802549996010272,0.73061838,65540545.17699029,340267.35799210184,6925,256.31856273865196,94634
2020-07-26,48.095119728475,3152531461.599917463706731103,0.71512452,65547845.17426708,351094.3740178675,7300,270.1652375345338,88890
2020-07-27,53.6072351240462,3514238792.117965229190721020838,0.7960433,65555307.67416149,400043.9921131947675,7462.5,276.17918973992596,100281
2020-07-28,56.0047413153589,3671818282.754104882906825112795,0.83078423,65562632.67208655,410234.7301350039425,7325,271.8514797624742,125833
2020-07-29,55.3194964678727,3627293584.303625492348336720686,0.82045363,65569895.17086818,401757.84309792548375,7262.5,270.8729091856324,106900
2020-07-30,57.1004172190907,3744507330.725985321699439163926,0.84519603,65577582.67086818,438959.45737175975625,7687.5,286.72433588496364,113476
2020-07-31,58.1382756369397,3812979631.951711380821227308746,0.86018575,65584670.17086818,412055.02857681012375,7087.5,264.3458511329666,113536
2020-08-01,61.6911162275468,4046452651.350151451855387580824,0.91146142,65592145.17086818,461141.09380091233,7475,282.79739497371776,97487
2020-08-02,56.7955350814533,3725769788.409686348237577125994,0.83943075,65599695.17086818,428806.289864972415,7550,285.93992333218506,99167
2020-08-03,58.4100110493516,3832095090.889427272740758495304,0.86248522,65606820.16737894,416171.32872663015,7125,269.8439673830222,120324
2020-08-04,57.6570717410968,3783109384.798882681128376678384,0.8513673,65613970.16113738,412248.06294884212,7150,274.2793682048635,124685
2020-08-05,58.8685967724643,3862998243.058819370999472157569,0.8689735,65620695.15585483,395891.3132948224175,6725,261.25726585948627,113522
2020-08-06,59.14058619512,3881218224.2999014109171341696,0.87287296,65626982.65273808,371846.435701817,6287.5,244.26097532959471,115114
2020-08-07,57.2650886269286,3758495032.036085451353253582,0.84556839,65633270.15037,360054.2447418135725,6287.5,244.26097532959471,109579
2020-08-08,58.0143197629984,3808064744.148208686130069408,0.85657668,65640082.65037,395222.5533854266,6812.5,246.45882141969662,106625
2020-08-09,56.9011491219458,3735449917.800237681268766676148,0.84026215,65648057.64809306,453786.664247517755,7975,277.47788919224456,104275
2020-08-10,58.2935351599292,3827316418.205339845741640750372,0.86089516,65655932.64681991,459061.58938444245,7875,273.9985426193012,110908
2020-08-11,54.1926038273913,3558459520.632294489806746200783,0.80119163,65663195.14681991,393573.78529642931625,7262.5,259.27042664000356,124730
2020-08-12,54.5187438175747,3580238145.328555093571221928316,0.80619414,65669857.64214228,363231.13068459143875,6662.5,250.08581953032058,94387
2020-08-13,57.1313396388447,3752224713.84855129724918780632,0.84469376,65677170.1410856,417772.92110905186875,7312.5,274.48443606986507,114025
2020-08-14,56.7816384227004,3729683899.63594809247273955424,0.83927875,65684682.6410856,426572.058650536755,7512.5,281.99170269741717,110199
2020-08-15,59.9068057282866,3935409572.18170797334575193296,0.88502129,65692195.1410856,450049.8780337530825,7512.5,278.7859522622955,101757
2020-08-16,63.8735709602419,4196446194.97309593345755460664,0.94210754,65699257.6410856,451107.09490670841875,7062.5,261.4486411002572,108235
2020-08-17,67.3540364128378,4425539573.43622340863556871568,0.98913225,65705632.6410856,429381.982131840975,6375,235.99788842678166,109657
2020-08-18,65.7325810600109,4319394397.438115718520176752709,0.96367007,65711620.14001401,393573.82909681526375,5987.5,220.5794479109073,144741
2020-08-19,61.8679551104659,4065855760.291461295554277412948,0.90811422,65718282.63972572,412195.25092347905875,6662.5,229.81269660412485,159530
2020-08-20,62.8223142970817,4129036351.057559093284078678346,0.93067915,65725632.63956938,461744.010083550495,7350,253.5269523512672,114452
2020-08-21,59.188884895619,3890653804.79568731586449777945,0.87746285,65732845.13903155,426899.8323096520375,7212.5,248.78410120183872,103507
2020-08-22,60.3750063851079,3969082058.66372419054161931155,0.89513641,65740482.6319445,461114.11126626158625,7637.5,261.471967791686,97316
2020-08-23,60.7024922177789,3991073991.590533822662589900519,0.8995243,65748107.62747571,462856.5031605641125,7625,259.3342704351486,90705
2020-08-24,62.2885224917816,4095794729.080679927547357766304,0.9226834,65755207.62466444,442248.50969164936,7100,241.4784682084663,96941
2020-08-25,58.5095612222154,3847725957.871024063501377583488,0.86735353,65762345.11924672,417611.9932235624175,7137.5,243.583808589417,120074
2020-08-26,58.2660730846721,3832121469.21292140629752635461,0.86997483,65769345.1151941,407862.5115927047,7000,245.8233384268497,98949
2020-08-27,55.965092388258,3681216308.2074878270172308778,0.83609207,65777007.6151941,428832.520425026925,7662.5,269.0887615279623,102266
2020-08-28,57.2269341663597,3764640679.10436155292705591777,0.85528746,65784420.1151941,424194.64950814127625,7412.5,260.3093565841462,100435
2020-08-29,57.1547426979006,3760285972.93913084860823150646,0.85443722,65791320.1151941,394367.72461551414,6900,243.58909192392676,95211
2020-08-30,62.6398736281195,4121601588.51127526743965500402,0.93555608,65798370.10815836,441611.109078242475,7050,249.56960264123904,97744
2020-08-31,61.1134363698195,4021632022.46904052512164456268,0.91265314,65806020.10550824,467517.788229119175,7650,270.8095688234729,103694
2020-09-01,63.0699094721517,4150851177.945391720250867358423,0.94162879,65813495.09908819,471447.5733043339575,7475,265.2973285859961,132371
2020-09-02,58.1898640758487,3830114758.128708464225928195052,0.86959342,65820995.09866996,436423.98056886525,7500,268.9133267729636,112337
2020-09-03,48.492404014558,3192186222.99739095217467514632,0.72716861,65828582.59695804,367936.115460458825,7587.5,272.05064891864816,120826
2020-09-04,50.5117314239439,3325498310.521988347436259613956,0.75805705,65836157.59695804,382626.3655363750425,7575,271.6024600406932,124450
2020-09-05,47.3894101580998,3120266624.170281732432839477974,0.71192576,65843120.09287513,329948.7682257698575,6962.5,261.27212098794257,109389
2020-09-06,47.8990122619698,3154174270.565661078571395203832,0.71979249,65850507.59115484,353853.9530853018975,7387.5,279.3814651340723,101408
2020-09-07,48.7816990993958,3212655753.147881604382049441908,0.73452924,65857807.58890526,356106.40342558934,7300,276.0723784065961,108457
2020-09-08,47.2938047039029,3115049370.076851602264590070207,0.7125419,65865907.58725283,383079.81810161349,8100,308.19330542304476,128759
2020-09-09,47.861540654889,3152812945.89076399847911858587,0.721469,65873620.08725283,369132.1323008314125,7712.5,295.77051176366126,111951
2020-09-10,48.6005673637297,3201842196.997571563317242742645,0.73285098,65880757.58529285,346886.54955862073375,7137.5,273.71954978452356,114528
2020-09-11,49.0333105635878,3230730428.878554263592304932778,0.739506,65888482.57938551,378782.324103715755,7725,298.5158148263294,112912
2020-09-12,50.7847559363729,3346475208.322144527245780509034,0.76593733,65895270.07897546,344701.53091813105875,6787.5,277.6268354949089,110702
2020-09-13,48.0483251575883,3166498506.099230335008971784677,0.72511642,65902370.07666319,341143.10861887693,7100,290.40891816042,103814
2020-09-14,48.9136823629977,3223883443.937818467410641644663,0.73850095,65909645.07666319,355847.0391908082675,7275,297.56688445310624,112052
2020-09-15,48.2890097068016,3183057360.796273179702329292336,0.7293003,65916807.57429021,345870.03202496646,7162.5,288.21547998556423,131686
2020-09-16,47.8747962034044,3156085860.133879015476689128188,0.7232814,65923745.06879777,332131.398661118025,6937.5,275.5498695577885,120351
2020-09-17,48.9077461380117,3224545539.400297849143520342293,0.73910707,65931182.56361729,363751.36190146201875,7437.5,295.4093196160077,115013
2020-09-18,48.2944471523578,3184438414.116018187189398918638,0.73016528,65937982.56080771,328402.24063603304,6800,270.0885207917783,123166
2020-09-19,48.5216308673189,3199792066.378094025582564492154,0.7337029,65945682.55811186,373616.55767835553,7700,303.2612902434784,126905
2020-09-20,47.0746078701065,3104703730.59590877376377711309,0.71207459,65952832.55811186,336583.446271261475,7150,281.5958827372955,104245
2020-09-21,43.3312086187525,2858113306.947876389774588651625,0.65686411,65959695.05708565,297360.41914618903125,6862.5,270.27297136848773,114118
2020-09-22,44.3801830205714,2927612890.39110835008628174041,0.67355329,65966670.05708565,309551.776568485515,6975,274.7308011308711,139730
2020-09-23,42.9696289236166,2834862509.617613831294997005194,0.65264942,65973632.55467959,299176.0413806805775,6962.5,274.2657235233675,108002
2020-09-24,44.9249170343906,2964201398.345812718638993907854,0.68253603,65981232.55467959,341429.36946136856,7600,299.3780249590805,116200
2020-09-25,45.9705651523007,3033533008.269935865112589832713,0.69865611,65988595.05467959,338458.28593381390375,7362.5,290.0535293767131,113409
2020-09-26,46.0925979170909,3041939539.658093007084384404731,0.70057569,65996270.05467959,353760.6890136726575,7675,303.5246362588559,109532
2020-09-27,45.928199888909,3031434344.32974350695825710846,0.69822602,66003770.05112694,344461.4991668175,7500,296.6038790803154,99560
2020-09-28,45.3229358045639,2991832486.314641344181541427672,0.68929303,66011445.04883048,347853.5323000279325,7675,303.5246362588559,106856
2020-09-29,45.6689764879882,3014994243.643548113755695086732,0.6947523,66018432.54438926,319111.9732098175475,6987.5,288.6611474685997,124951
2020-09-30,46.2761559767649,3055395116.405140856171008368486,0.70466603,66025257.54168614,315834.7645414204425,6825,287.2985720005275,104785
2020-10-01,46.1684856847052,3048589715.300444805948839342412,0.70316837,66031832.53875681,303557.79337693669,6575,276.77481478439097,108484
2020-10-02,44.9069022694422,2965576383.87167838817049688333,0.68401759,66038320.03548515,291333.5284730062725,6487.5,273.0914997587431,112531
2020-10-03,45.6316774532161,3013742769.953435990317192906643,0.69518649,66044970.03300563,303450.655063887065,6650,260.0498675481537,105234
2020-10-04,46.7034191388253,3084845251.815526299685093196557,0.71171791,66051807.52710769,319334.62836171798875,6837.5,265.80958840912825,105629
2020-10-05,46.3096069414673,3059136572.018688473210910143072,0.70597249,66058357.52148064,303327.925466610815,6550,254.63295123653205,110077
2020-10-06,45.9005394490914,3032426369.025159536607230690496,0.6999013,66065157.52148064,312123.66825382152,6800,261.2087567989535,126282
2020-10-07,46.576155177942,3077419664.75084086215232876134,0.71044166,66072857.51676377,358636.3948701534,7700,278.52128732383835,103342
2020-10-08,47.1616400589237,3116469236.897209117500142628202,0.71944339,66080595.01330946,364913.18995592212875,7737.5,279.8777221647012,95712
2020-10-09,47.8476327638227,3162157703.948610856196904409787,0.73002911,66088070.01084281,357661.0549095746825,7475,270.3826782786612,100340
2020-10-10,48.8146812164809,3226423806.781128291062621267329,0.74441709,66095357.51084281,355736.98936510455875,7287.5,273.90664606126165,101815
2020-10-11,50.6329964082373,3346996506.432462778296199478813,0.77203737,66103070.01084281,390506.98479853017625,7712.5,291.8717884694262,103100
2020-10-12,50.6753337325232,3350165063.445815025202635228576,0.7704308,66110370.01016718,369929.93624741936,7300,276.2611417603649,108093
2020-10-13,49.9234847803503,3300807019.030053192993768014706,0.75909367,66117320.00585902,346968.219223434585,6950,264.9110674199837,124937
2020-10-14,49.7812145779415,3291753941.15359561326645080733,0.75693632,66124420.00585902,353446.62350338465,7100,273.29295612789815,108980
2020-10-15,49.5101829076955,3274189221.34958137976359608841,0.75306477,66131632.50585902,357092.19422175379375,7212.5,277.6233022637275,111378
2020-10-16,47.6515792076657,3151595990.065872171054547489614,0.72531463,66138332.50585902,319265.58069136019,6700,257.8961698671717,117476
2020-10-17,46.8872192581016,3101347850.582858481629602436432,0.71388186,66144845.00585902,305353.01541838667,6512.5,246.15028438776875,106051
2020-10-18,47.5153526788585,3143213990.784040195437131111645,0.72354867,66151544.99700437,318352.86294835195,6700,252.11676017918901,102444
2020-10-19,48.0262895235951,3177351837.651697890684130066506,0.73151256,66158594.99390806,338585.341141345455,7050,265.28703869601185,109201
2020-10-20,46.9395874564666,3105805095.031322253862248513592,0.71529232,66166007.48593612,347939.6920210586725,7412.5,277.07251011745916,133020
2020-10-21,53.2200772745302,3521743880.979605933733986136414,0.80998439,66173219.98262157,383849.8073425490675,7212.5,260.36639328827,127644
2020-10-22,54.4172173245814,3601327087.927882314609883704164,0.82764817,66179919.97729526,364595.35607469538,6700,241.86548839256912,124027
2020-10-23,55.4894041553056,3672660266.886272889922551099712,0.84341819,66186694.96985602,375940.71315219544,6775,244.57293788950096,117189
2020-10-24,59.0647855958797,3909712709.393156465200498177444,0.8972153,66193632.46560052,409761.95007141541875,6937.5,244.2168463910463,113717
2020-10-25,58.8357168781221,3894921219.131041505110054753725,0.89306319,66199944.96199225,371400.46279314575625,6312.5,217.07896771702647,146196
2020-10-26,57.0549680108415,3777368800.370300298131360787045,0.86576948,66205782.45968923,333058.37576328725625,5837.5,200.74431272049773,139903
2020-10-27,58.000790469935,3840298745.49589181538562635815,0.87954214,66211144.95821449,311029.2388950264375,5362.5,184.40965772396896,145523
2020-10-28,55.835662184756,3697232072.2072849225588315942,0.84682661,66216319.95647195,288949.5518061123,5175,170.6399607855704,119030
2020-10-29,54.9339698243609,3637852866.164134316540977526755,0.83312774,66222282.45647195,327543.79507775186625,5962.5,166.23733005723142,122327
2020-10-30,54.1014907904846,3583107648.597802734322459170998,0.82080849,66229369.95348013,383444.3159775596025,7087.5,197.60286403029383,120619
2020-10-31,55.8267433823726,3697705001.229447794190666356438,0.84509397,66235369.95348013,334960.4602942356,6000,167.28284785633352,119466
2020-11-01,55.5392803285107,3679031338.462398338933663097855,0.84099233,66241969.94813765,366559.25016817062,6600,178.959755306937,115997
2020-11-02,53.9452972576285,3573856115.28195365616871626001,0.81722136,66249632.44180786,413355.84023657838125,7662.5,189.05878531197465,131942
2020-11-03,53.91955338986308,3572556338.1441227953947130678088,0.81687947,66257157.44180786,405744.639258719677,7525,185.66621330800768,156378
2020-11-04,54.73757038280915,3627187561.422219192185466349919,0.82766558,66265044.94180786,431742.586394407170625,7887.5,194.61026677301146,123967
2020-11-05,59.16425179020286,3920952223.4394253661899024184664,0.89319629,66272319.93642324,430419.9317737258065,7275,189.59559652839246,131358
2020-11-06,63.16746587199158,4186729053.0744880281648799429154,0.95185434,66279832.43080963,474545.58736333674475,7512.5,196.63793757625916,125067
2020-11-07,59.109454613528555,3918202156.63533131420694136365735,0.89133888,66287232.42759477,437409.964140111307,7400,193.69327628143995,91787
2020-11-08,61.11903402473589,4051866950.8179778183177497394296,0.92150644,66294682.42541464,455336.8034842823805,7450,199.21733232606982,86185
2020-11-09,59.161004580342144,3922499280.65611112791378032898176,0.89183956,66302107.41822779,439270.4590090404192,7425,202.39876670783332,93999
2020-11-10,58.046561037318206,3849002590.60601545784339282214474,0.87635117,66308882.41822779,393265.45102783084565,6775,184.6803561542854,116056
2020-11-11,59.42831866868247,3941058478.7625537461172762828744,0.89684925,66316169.91781752,433083.872298023500125,7287.5,198.59610557248988,99719
2020-11-12,60.045202378335716,3982392663.47827874096489258654432,0.90601298,66323244.91781752,424819.8068267251907,7075,190.6532785676889,99969
2020-11-13,65.67979464002094,4356547833.6527843430434218988688,0.98846618,66330107.41781752,450727.59071714370075,6862.5,184.92694334569123,108314
2020-11-14,63.83789283750168,4234809982.8572260634364749334336,0.96036156,66336932.41781752,435693.618615948966,6825,183.91641360063278,93659
2020-11-15,62.40834430292596,4140445400.8090546116348733508192,0.9390806,66344419.91781752,467282.4779681581255,7487.5,199.21153101917136,93484
2020-11-16,73.7746091144416,4895070356.235641002542570590144,1.10327633,66351694.91230034,536710.28130756264,7275,190.27335774636424,109856
2020-11-17,76.42241388856321,5071284005.2828100472593967164414,1.13344793,66358594.91009534,527314.655831086149,6900,180.4654527078917,125021
2020-11-18,73.74416978167406,4894107961.4429781906672709992644,1.09287458,66366032.40544174,548472.26275120082125,7437.5,194.52344992970234,109261
2020-11-19,81.41549879490663,5403850529.4526190523231132934815,1.19943846,66373732.39050505,626899.340720781051,7700,203.7984833675908,108914
2020-11-20,82.69966697070373,5489662394.4744994703151186188365,1.21505539,66380707.39050505,576830.17712065851675,6975,184.71749530044937,110812
2020-11-21,86.46711130331438,5740410568.1904495113162858314612,1.26723404,66388369.88613974,662554.24036164643675,7662.5,202.92441688024266,112817
2020-11-22,83.55139806452664,5547550260.0102401191614289789992,1.2227488,66396857.36588003,709142.491072669857,8487.5,231.53541047424824,107792
2020-11-23,88.38376700771926,5869119175.1863838561784030803778,1.28810162,66404944.86588003,714803.71567492951525,8087.5,224.57261887702478,180489
2020-11-24,89.26856935849035,5928566257.9190674306896050127105,1.29902073,66412694.86588003,691831.4125283002125,7750,215.2009639934395,140420
2020-11-25,81.74369374939633,5429406522.9874269311730017022899,1.1902665,66419882.36588003,587532.798823786121875,7187.5,208.5982734167011,114051
2020-11-26,70.6030574532541,4689926871.196496204167032755046,1.03066994,66426682.36147806,480100.79068212788,6800,208.68020929024402,112735
2020-11-27,69.06570246143049,4588278579.3701397387363648981738,1.00679855,66433532.35902362,473100.0618607988565,6850,210.21462259384873,105477
2020-11-28,72.93393170108533,4845756485.0183808118862420956467,1.06430087,66440357.34804999,497774.08385990737725,6825,209.44741594204638,92296
2020-11-29,79.18870821171204,5261918007.1104911674965734048796,1.15264784,66447832.34804999,591935.593882547499,7475,221.66167928812732,94234
2020-11-30,87.93967441643287,5844018518.4681076572806017528749,1.27063867,66454857.34680027,617776.21277544091175,7025,206.27884304160722,112123
2020-12-01,85.29460974799822,5668919215.1911674252449235694672,1.23045328,66462807.34433176,678092.147496585849,7950,233.44011418943356,209809
2020-12-02,89.0663039705931,5920272392.250596958867260366856,1.28145355,66470394.84433176,675790.58137687514625,7587.5,226.3301535382159,106953
2020-12-03,89.07617619715501,5921595560.9174360145253115861176,1.27847584,66477882.34433176,666957.869276198137375,7487.5,228.129238184938,110137
2020-12-04,80.29887167866515,5338698174.166797609023100550164,1.15077717,66485344.84433176,599230.329902038681875,7462.5,227.3675378904975,104262
2020-12-05,82.68507957626096,5497967200.7690395841967105760896,1.18472967,66492857.34433176,621171.660316660462,7512.5,229.47569200275777,96191
2020-12-06,83.62286621513607,5560932714.644688109309614062784,1.1980528,66500144.8328512,609401.637542804110125,7287.5,231.24945485993308,90704
2020-12-07,83.5511163735715,5556775440.12091936153066011306,1.19698071,66507494.82838284,614100.705345750525,7350,233.23272634243693,106432
2020-12-08,76.81900017706896,5109570267.145128050206586532432,1.10205143,66514407.3128717,531011.338723989186,6912.5,219.34982596491014,119139
2020-12-09,77.62444148466884,5163734634.1657925769271634024208,1.11395421,66522019.80977412,590916.0608020415445,7612.5,244.46750974928676,105150
2020-12-10,74.99995798664384,4989712127.8274735662054336225664,1.07630993,66529532.30608546,563437.184374661848,7512.5,243.32124053417914,103143
2020-12-11,72.1438550927616,4800193828.821645027000017618688,1.03656738,66536419.80525743,496890.80195139552,6887.5,223.0782088757614,104601
2020-12-12,76.7346479637153,5106168627.623629777177194475962,1.1020727,66543194.80344954,519877.2399541711575,6775,219.17582262756304,95080
2020-12-13,82.1279737655051,5465703488.284330404165290462654,1.17824122,66551057.30344954,645731.19373128384875,7862.5,249.57343495818543,92819
2020-12-14,82.3159189933051,5478839100.791882033073895674654,1.18007221,66558682.30344954,627658.8823239513875,7625,242.03465075436105,108088
2020-12-15,81.3846248811249,5417415963.067697780502955587546,1.16577483,66565594.80344954,562571.21949077587125,6912.5,219.41829814288803,115878
2020-12-16,92.5083834891423,6158561289.652981177819925929542,1.31556489,66573007.30344954,685718.39261326729875,7412.5,241.9979198781331,133638
2020-12-17,101.613286602413,6765467981.25771763126888774002,1.43249767,66580544.80344954,765910.1477656879875,7537.5,249.34504371463476,141902
2020-12-18,108.614534107978,7232328995.04378740175123443012,1.50229762,66587119.80344954,714140.56175995535,6575,217.50496350563648,122401
2020-12-19,120.392590580068,8017461174.14743270380596776872,1.64268986,66594307.30344954,865321.74479423875,7187.5,237.25126466833635,117954
2020-12-20,114.852640874304,7649393453.0260512095942878656,1.55984349,66601807.2792739,861394.80655728,7500,244.62878137060488,113378
2020-12-21,105.509188477551,7027812186.4669496170927302189,1.43251666,66608532.2792739,709549.292511530475,6725,219.35047396231002,116607
2020-12-22,113.500041132388,7560877003.7576214264184130732,1.53121813,66615632.2792739,805850.2920399548,7100,231.58191303083981,129771
2020-12-23,103.425946806611,6890563120.8546608168017997529,1.39919287,66623157.2792739,778280.249719747775,7525,243.02922630105866,120746
2020-12-24,111.018543348113,7397280145.4260860157625751507,1.49711403,66631032.2792739,874271.028866389875,7875,252.86693924571827,109159
2020-12-25,127.184445914547,8475469064.1935241422861074233,1.70216474,66639194.7792739,1038143.0397774898875,8162.5,262.09858940865763,110413
2020-12-26,129.620887909683,8638811854.8406117360310191737,1.72644592,66646757.2792739,980257.9648169776875,7562.5,254.55542210188992,121240
2020-12-27,128.627460518287,8573514787.49782298945663388774,1.70266363,66653844.77740602,911647.1264233591125,7087.5,253.85248212936474,148985
2020-12-28,130.253566972128,8682847001.06320897863452666496,1.70689929,66661107.27640332,945966.5301350796,7262.5,260.12044465107743,129635
2020-12-29,128.313966447425,8554473335.13527720648581532425,1.66917182,66668294.74592201,922256.6338408671875,7187.5,257.43417499891484,138645
2020-12-30,128.674721884027,8579416961.6132953068679412376,1.66347582,66675232.2134088,892680.8830704373125,6937.5,246.14298762313038,128333
2020-12-31,124.822577039248,8323488632.3474804340856481608,1.61066024,66682557.19260085,914325.3768124916,7325,259.6998653191698,119271
2021-01-01,126.167019193361,8414044718.18227636817561004961,1.62667544,66689732.16595601,905248.362712365175,7175,254.38177933993765,112007
2021-01-02,137.286798942509,9156616892.71874208405767816106,1.76032889,66696994.63641234,997045.3773199716125,7262.5,257.21130909397823,132254
2021-01-03,160.973967127804,10737693162.06453412139498621344,2.02701348,66704532.12810136,1213341.27722582265,7537.5,266.54869420013034,147229
2021-01-04,154.307963318761,10294238311.39489806166891902066,1.93254936,66712294.62169506,1197815.5652618822625,7762.5,274.50537163894,150487
2021-01-05,159.085910447875,10614163360.82604755808884838125,1.98350651,66719694.60365135,1177235.737314275,7400,262.4651807642901,158057
2021-01-06,168.402759613178,11237045815.28374035707879851342,2.08729608,66727207.09028339,1265125.731593999725,7512.5,277.3675997611569,190069
2021-01-07,168.94635805727,11274554040.4880750337644318928,2.04540419,66734519.58441264,1235420.243293786875,7312.5,269.9834373715088,168691
2021-01-08,173.11836098248,11554305826.2092945015990208648,2.07968421,66742232.08119801,1335175.359077377,7712.5,284.75176215080506,162650
2021-01-09,177.386824372625,11840578434.23081870186219864875,2.12105938,66750044.57691899,1385834.5654111328125,7812.5,298.9468667002529,153409
2021-01-10,170.884365937618,11407839898.86803476346330263802,2.04235353,66757657.06403189,1300857.235700117025,7612.5,295.2108783519231,141190
2021-01-11,138.616116668635,9254763187.40371795663790368215,1.68505054,66765419.56176309,1076007.6056402791875,7762.5,301.027841472158,175244
2021-01-12,132.074768947139,8818963441.70682093519726680661,1.60928015,66772507.05800199,936079.9249128476625,7087.5,281.9972402145443,163911
2021-01-13,146.951758671925,9813388044.82886404435511018075,1.78251828,66779657.03518799,1050705.07450426375,7150,294.8175560221748,136980
2021-01-14,151.41468475924,10112526042.6773673227428889556,1.83200309,66786957.01646769,1105327.198742452,7300,301.0025397149475,145831
2021-01-15,144.085506499548,9624035723.67077939192204024796,1.74362724,66793919.50987777,1003195.33900310295,6962.5,287.0863264062089,146953
2021-01-16,144.191069187842,9632168100.38986858406433894076,1.74461295,66801419.49597278,1081433.018908815,7500,304.99893064862334,144129
2021-01-17,143.355445020588,9577399089.87274848793615792104,1.73453343,66808756.99208558,1051870.57783856445,7337.5,297.8414288605132,129473
2021-01-18,151.422041281709,10117414275.86612909212606631392,1.81491724,66815994.48949088,1095917.0237763688875,7237.5,293.7822611758726,146008
2021-01-19,155.182440910531,10369735995.25146503464145984352,1.85482702,66822869.48450592,1066879.281259900625,6875,279.9640680460448,165344
2021-01-20,149.559338386746,9995070323.12703510732189032772,1.78648061,66830131.97932682,1086174.695033742825,7262.5,297.06115888565927,157824
2021-01-21,131.225301011894,8770707999.2656201182458826756,1.57392663,66837019.4743974,903814.260719419925,6887.5,281.722372712562,155743
2021-01-22,137.887821504431,9216958989.15191319032966857627,1.65024341,66843894.46863317,947978.772842963125,6875,281.2110798401254,140692
2021-01-23,137.664312086863,9203056393.52784162549444571161,1.64430685,66851431.96532247,1037644.7523547298625,7537.5,303.33898106271164,140937
2021-01-24,140.764864923681,9411358614.22861086040491385305,1.67936331,66858719.46334905,1025823.9531313252875,7287.5,292.2763858075861,138869
2021-01-25,137.392844422433,9186977870.30852973883799450903,1.64036215,66866494.45921591,1068229.365384416575,7775,311.8283224225018,158930
2021-01-26,135.26318620742,9045547294.0158859968142476164,1.61458945,66873681.95027542,972204.15086583125,7187.5,293.59711987587485,162545
2021-01-27,122.783667050949,8211843106.08323229293167211727,1.46949475,66880581.94805123,847207.3026515481,6900,287.9249356654591,163231
2021-01-28,134.352303623205,8986475527.32997961150505070635,1.60842453,66887394.44716047,915275.0684330840625,6812.5,284.27371365520884,166268
2021-01-29,134.904035812356,9024286684.16260018954856400876,1.61570961,66894119.43698171,907229.6408380941,6725,280.62249164495853,196500
2021-01-30,133.474925008821,8929635246.92373697390995753234,1.59855432,66901219.43378954,947671.9675626291,7100,282.6780749280974,176044
2021-01-31,129.779675792711,8683419493.32118388116963934023,1.55459314,66908931.92852993,1000925.7495512835875,7712.5,303.19229712259073,169771
2021-02-01,132.619334970747,8874465748.65388366484743806723,1.58811326,66916831.92810009,1047692.7462689013,7900,310.56326058586257,179811
2021-02-02,143.072456529602,9574953455.63260422504645422324,1.69605093,66923806.91493562,997930.38429397395,6975,281.4398093272473,198821
2021-02-03,155.80169696784,10427923558.5600195540682356864,1.83659949,66930744.41103496,1080874.27271439,6937.5,289.3986046303,195234
2021-02-04,146.620094152422,9814416554.01987613218985515564,1.72794674,66937731.90335762,1024507.907890048725,6987.5,291.484360005622951573455817295879588060208,200972
2021-02-05,154.447522123038,10339490433.51645983437403350074,1.813288,66945006.89547923,1123605.72344510145,7275,303.477456667527909291172119201408310819376,219900
2021-02-06,155.792848767112,10430636093.63125581502727730568,1.81188076,66951956.88489889,1082760.2989314284,6950,283.277733261634093364667870783687175034232,175399
2021-02-07,151.527331344952,10146180233.12903615448634769032,1.7616677,66959406.88106791,1128878.6185198924,7450,302.4781926083656738394574520412187788028,179413
2021-02-08,167.325227179183,11205229898.60257244827336447738,1.93390472,66966769.37186086,1231931.9851067348375,7362.5,298.9255957292080056164606735106316201056,203157
2021-02-09,179.73615559152,12037663999.013319719609016504,2.06035708,66974081.86681645,1314320.63776299,7312.5,298.30348063381057966492752665069140625,233030
2021-02-10,182.367414369417,12215200903.38230883789838730529,2.05553457,66981269.35461337,1310765.7907801846875,7187.5,295.325013951595130528694023848061680311252,221775
2021-02-11,185.497342467525,12426092610.68672707314554517375,2.08146819,66987981.85134195,1245150.9113132615625,6712.5,275.807883273936637540264162427361015933756,213418
2021-02-12,198.126957638458,13273578796.95926583723060291518,2.20641817,66995319.34054571,1453756.551672185575,7337.5,301.488317597596174782330561845899645627496,212887
2021-02-13,226.905993016187,15203344092.96204286160563853017,2.49561358,67002831.83740091,1704631.2725341048375,7512.5,305.57391218815289019155158419745073719746,226315
2021-02-14,215.759584295992,14458086278.98909976154607032384,2.35600561,67010169.33344952,1583135.9497718413,7337.5,297.9493016852321373759890661517030242832,207903
2021-02-15,209.532994790494,14042305572.93028750934904138944,2.28293326,67017156.82998176,1464111.801098576825,6987.5,283.7370695307336639079529980585158871416,208896
2021-02-16,209.597179809236,14048089970.44460578662215953536,2.27887557,67024231.82998176,1482900.0471503447,7075,287.747604285975730263042346964355324744498,209246
2021-02-17,235.870927068011,15810748278.11444873365540947936,2.52394226,67031356.82998176,1680580.355359578375,7125,290.556281522117330451977315364139847906712,232206
2021-02-18,226.584444928088,15189925342.48382349759841439136,2.30597215,67038694.32566172,1662563.3646598457,7337.5,299.221995536977305364906890247088344437808,265855
2021-02-19,237.31104007136,15910840669.3247242288808620224,2.36836318,67046356.81736634,1818395.844546796,7662.5,312.475440328166226005238871507036628468904,277266
2021-02-20,226.407581108246,15181337379.92715280716757710306,2.25330138,67053131.81482611,1533911.36200836665,6775,280.576417180422758607125116549482626571992,247241
2021-02-21,227.274573209166,15240934995.61758859480594812426,2.24108158,67059569.31482611,1463080.065034006125,6437.5,266.880965687583806647354588144820893886208,214535
2021-02-22,206.408684223815,13843197149.9820057925754352597,2.04085151,67066931.81073438,1519683.9375978379375,7362.5,305.228909703814746361087733480124387772416,242674
2021-02-23,175.430642153697,11766840472.19897269258596220179,1.72438856,67074031.80961907,1245557.5592912487,7100,290.494754748533029371665848174007053657987,245943
2021-02-24,180.622048601708,12116284034.68282937968973704324,1.7737102,67080869.29852403,1235003.25731417845,6837.5,270.5384495948433983444270170070930624450908,230539
2021-02-25,182.627454278357,12252089063.67927960765730511188,1.79646924,67087881.78695684,1280675.0231269784625,7012.5,277.4626496309344272788449082317328205511138,231893
2021-02-26,170.081058680456,11411630180.56644118059616049496,1.66990316,67095244.28588091,1252221.7945348573,7362.5,291.3110525519308654398480904797789660473184,246935
2021-02-27,170.857928457133,11465003846.34046583376529088223,1.68025839,67102556.78428731,1249398.6018427850625,7312.5,288.74108465967013573391547693725386875,219280
2021-02-28,165.953098528752,11137142609.69670403108870414704,1.63212161,67110181.78287977,1265392.376281734,7625,300.8561173399027748397553091527233386413836,209176
2021-03-01,175.664684991833,11790195448.46038275516615254451,1.72433119,67117619.28135147,1306506.0946267579375,7437.5,293.4580151624065188921906374859392994293082,249888
2021-03-02,177.46770266771,11912522963.3871834595731300337,1.73890386,67125019.28135147,1313260.999741054,7400,296.125142980607470537346385560480474834844,246596
2021-03-03,189.700224413589,12734935410.14379099890898290424,1.85290385,67131894.27957016,1304189.042843424375,6875,282.124239599161645344650043717507127190682,239454
2021-03-04,180.837028787726,12141112256.58450177011497730408,1.76119258,67138419.26056108,1179961.61283991215,6525,267.76155134932685769723002135775624375,242203
2021-03-05,180.233422990088,12101866773.45117802647108694136,1.7553907,67145519.25320047,1279657.3032296248,7100,291.357396542241881816968320316050445940682,232928
2021-03-06,183.216630829627,12303616352.9885590949405916335,1.78323248,67153381.7496605,1440540.7598979422875,7862.5,310.7404932173959739479806971974976569349016,222546
2021-03-07,190.442175763021,12790297772.24540377129882532744,1.85071634,67161056.74071464,1461643.698981186175,7675,299.1629030573778758099368118120965414788804,225131
2021-03-08,191.094505217062,12835556447.97621519809103946634,1.85463628,67168631.73745607,1447540.87701924465,7575,295.2650147497026673457257338853106919058206,251519
2021-03-09,203.474149552087,13668555405.53957153356812178223,1.96568136,67175881.73057129,1475187.58425263075,7250,291.1199991445554192925547615218639964310256,259641
2021-03-10,200.997013652632,13503543520.5534734496509821608,1.9361456,67182806.7251319,1391904.3195444766,6925,289.04538020925156449454892284969186285708,239110
2021-03-11,201.481612121755,13537467760.40095433234144286905,1.93598389,67189594.21577531,1367556.4422764120625,6787.5,283.30620969926457164018006837362414191969,245957
2021-03-12,220.869897133988,14841536437.63939089324694875196,2.09076731,67195831.71008567,1377675.98337325015,6237.5,260.34953667502805678524202531720471526792,307815
2021-03-13,226.998706216844,15254964362.9288983451372189682,2.13974654,67202869.20206655,1597503.39500103965,7037.5,277.74804958626621895628427399907793198144,291091
2021-03-14,217.78133797207,14637210407.90452209095028231,2.04723617,67210581.697233,1679638.569109589875,7712.5,296.613393785697917973588637767291048989264,277172
2021-03-15,202.337036078963,13600752946.68988395828048697249,1.90268101,67218306.69389723,1563053.603709989175,7725,297.094128311990374226130344620068671898198,313478
2021-03-16,200.270589852044,13463304393.9177558035174344216,1.88204263,67225569.1854914,1454465.15880046955,7262.5,284.678707658434051963041752111944376430544,331906
2021-03-17,205.654084980976,13826624217.14143309037021798352,1.92220846,67232431.67487027,1411301.1581819478,6862.5,279.445005748589812604722035236320053125,292890
2021-03-18,200.1936629787,13460868082.965064124294606088,1.87077573,67239231.66537624,1361316.90825516,6800,276.899967963303539782475167396119669754136,330316
2021-03-19,200.068416159829,13453862066.52306936899574953804,1.86712094,67246306.66229276,1415484.044330790175,7075,288.098130113928301663697908944953101311466,323873
2021-03-20,200.33803497928,13473427855.524437838839746164,1.8683341,67253469.15236505,1434921.175539093,7162.5,284.2751412064379087533258223881906749737152,291449
2021-03-21,195.69319083122,13162547916.5100892622966826448,1.8256324,67261144.14406184,1501945.2396296135,7675,301.3604573839726057409801551182456933921184,301088
2021-03-22,186.86267638056,12570019901.4293753646693269304,1.74632048,67268756.63404059,1422492.123947013,7612.5,298.9063835636018990796331405726774349118224,317749
2021-03-23,186.542879213088,12549797019.85104680768983694304,1.74388997,67275669.12653583,1289477.6525604708,6912.5,274.8009996290995014947616541757066175750144,336016
2021-03-24,177.247972230575,11925632475.03722000131465177825,1.65795643,67282194.12024431,1156543.018804501875,6525,266.83497146867303015416952835869188125,316562
2021-03-25,172.043507976061,11576677605.32717602579377687462,1.61168428,67289244.10758942,1212906.73123123005,7050,288.304452913131674763992015115532021980246,321414
2021-03-26,183.134436779422,12324161325.04688635613932946602,1.71348817,67295706.59553691,1183506.297687014675,6462.5,264.279079628747949482572201085765727984672,254162
2021-03-27,184.363824411064,12408159030.42678083646800263008,1.72421543,67302569.09165172,1265196.7450209267,6862.5,268.68937766291152277909606211199811125,316067
2021-03-28,183.849209985194,12374983460.21970340222978862266,1.71891417,67310506.58970089,1459303.104257477375,7937.5,299.4769043176471100815923203273280076971072,317537
2021-03-29,193.710867042792,13040212473.23141760055111357416,1.80810975,67317919.08375873,1435881.8019546957,7412.5,279.6689822615391503183278292778037017680268,346245
2021-03-30,195.683137477054,13174454129.14527320412998052874,1.82020163,67325444.07762331,1472515.60951483135,7525,286.0002398826478710351563580782170094727618,335398
2021-03-31,196.931402373199,13259867711.95408214000692996178,1.82905022,67332419.06654222,1373596.531553063025,6975,273.200142400290503683041637461152143125,220213
2021-04-01,202.666612759354,13647398767.23754665110356153552,1.87824755,67339156.56567688,1365466.303466147575,6737.5,263.8976289043094491421959945317341453754702,226364
2021-04-02,211.996774344775,14277194454.143739542807505262,1.95907107,67346281.55673928,1510477.017206521875,7125,279.0754133398231428150106922606035441860894,218112
2021-04-03,197.181185663074,13280883706.93447073067349636986,1.82349995,67353706.50234189,1464070.30354832445,7425,285.01787092955565795545652426160174125,207809
2021-04-04,202.713193969827,13655091466.77197753169447260676,1.85243427,67361631.47231788,1606502.062210878975,7925,300.2098439949321533762811677184279100282184,184557
2021-04-05,219.488367712929,14786839460.52049017498246458373,1.99513564,67369581.42520037,1744932.52331778555,7950,301.1568803282986808486264670723402973225862,246987
2021-04-06,238.027175088781,16037588257.92524642730155210154,2.10921301,67377131.42183634,1797105.17192029655,7550,298.283976195150979580717883036035270173683,295953
2021-04-07,221.133637988865,14900931289.38800378230794047835,1.94170239,67384281.40063579,1581105.51162038475,7150,302.924647383166003691072253114500677172208,222750
2021-04-08,226.099346872601,15237155794.22680937064745441076,1.97803975,67391418.88283476,1613784.0883031896375,7137.5,302.395056129666690760053424359262504077792,216349
2021-04-09,220.676399630811,14873229375.94022575868210453652,1.92905248,67398368.83700732,1533700.97743413645,6950,294.451230033197024156825656669162901086104,233232
2021-04-10,250.677403414199,16897090556.24883221226356429496,2.17725478,67405718.76887304,1842478.91509436265,7350,304.47223126065829985787403658865155902592,240440
2021-04-11,251.137091633351,16929984803.80806092021813647208,2.17224215,67413318.73240408,1908641.8964134676,7600,313.396151368678344595170191196798460605568,239516
2021-04-12,245.181175299088,16530407515.1024934381675673304,2.10863067,67421193.71496455,1930801.755480318,7875,324.7361423206296591351073899146515,264551
2021-04-13,266.465122946952,17967328526.33546934711169682688,2.25183181,67428443.64630944,1931872.141365402,7250,308.042080415115085450211697899973645718728,290980
2021-04-14,278.525988243316,18782405195.18194245823937358116,2.33794053,67435018.59070301,1831308.3726998027,6575,287.482909726353580592832071791721646044416,312419
2021-04-15,287.025729841427,19357486959.60956744419517726747,2.39566435,67441643.54291161,1901545.460199453875,6625,289.669093308953115608340809099576938488896,281310
2021-04-16,312.240975722629,21060081950.95217228185777464255,2.54499465,67448168.52500595,2037372.366590154225,6525,285.2967292918558860391813873300058,326655
2021-04-17,304.529103502948,20542096238.27118175331826502376,2.46088751,67455280.96322762,2165963.24866471765,7112.5,291.157137563152180927410267742033727096176,292224
2021-04-18,274.803481327746,18539151323.49232430368304265306,2.20642788,67463305.90106861,2205297.93765516165,8025,320.789795324369265136250639119594133089376,281494
2021-04-19,262.467778189086,17709010923.27322013463318550536,2.11268131,67471180.82630076,2066933.75323905225,7875,314.7937253251660275080322047675485,338061
2021-04-20,262.82667392965,17735092108.50290088357066763,2.1106775,67478280.8127382,1866069.384900515,7100,292.933115850629041415247988755999472255156,368233
2021-04-21,258.653133972881,17455295545.0755425262206527542,2.07646843,67485343.3127382,1826737.7586834720625,7062.5,303.17446705094979901041630224300239610506,367658
2021-04-22,254.776325918696,17195393932.1893784085543333872,2.01649272,67492118.3127382,1726109.6080991654,6775,290.83285023236358396637965593877605701994,342076
2021-04-23,240.308762689062,16220677666.0892609473204095684,1.90679479,67499318.3127382,1730223.0913612464,7200,309.076978098634605776544238403527,325826
2021-04-24,226.941172867656,15319991421.5167402161275756592,1.79682464,67506443.3127382,1616955.856682049,7125,297.511349925914695607450991359429427430032,291926
2021-04-25,222.853588497587,15045746824.94110175394803686374,1.76503201,67514043.30697602,1693687.2725816612,7600,315.763596639850020294669362409161234913632,311413
2021-04-26,245.734835257415,16592407605.60959959771687053755,1.94020623,67521593.29884397,1855298.00619348325,7550,313.686202903526366735935498458141641271592,273284
2021-04-27,259.529888931462,17525736978.8813887347699939063,2.02922086,67528780.79298865,1865371.076694883125,7187.5,304.580691160200528055824102524483949175824,334714
2021-04-28,258.710181209357,17472255529.65802029397677875058,2.01749632,67536018.28881594,1872414.9365027212875,7237.5,314.225171894470549032339104077856154784598,300749
2021-04-29,255.335223189533,17246178674.69535859634864483926,1.9884529,67543280.78697422,1854372.0584139834125,7262.5,315.310580795337036553852737781381327995536,320592
2021-04-30,271.678779260227,18352011782.51528783890391175346,2.10817359,67550405.78615398,1935711.302229117375,7125,309.340842781468568309964570530948020409598,324620
2021-05-01,277.16695992993,18724881727.53581097782980458,2.14741862,67558130.782506,2141114.76545870925,7725,332.603140636504262798452607433339887630574,310024
2021-05-02,268.962596311921,18172751871.02603267894554230415,2.08214912,67566093.27919615,2141614.6731336709625,7962.5,342.677069087322563592599485026171691386156,300869
2021-05-03,295.263731832104,19952108831.20455293251456883616,2.27373113,67573855.77768804,2291984.7183467073,7762.5,334.069795095161655053685026267717090625,339861
2021-05-04,310.220897214318,20965168212.84361180001873011218,2.36757464,67581418.27679551,2346045.535183279875,7562.5,345.533895893804384246943060826868254380948,360561
2021-05-05,354.487575203619,23959591268.74818928291727360073,2.6402229,67589368.27330467,2818176.22286877105,7950,371.5524660770889514309098812377243409594,380890
2021-05-06,354.690866389383,23976005071.6079001887473565496,2.62244493,67596905.7666312,2673482.4054099743625,7537.5,352.2737993209417343028781895044365625,360708
2021-05-07,345.99588623435,23390876549.720703266118552666,2.49045188,67604493.23341836,2625243.786803130625,7587.5,365.316959939957518252685030789600182305648,370830
2021-05-08,345.5170220342,23361016812.352419436013769198,2.48064326,67611768.22726869,2513636.335298805,7275,363.608203248330452705126081411920485713956,325230
2021-05-09,385.473617544608,26065174107.009754111294214392,2.74511616,67618568.22534275,2621220.5993033344,6800,339.867458734895610283269858452034102381392,239048
2021-05-10,361.784409293739,24465935042.94335938099569693216,2.47998847,67625730.72373344,2591280.8315664055875,7162.5,357.985396000153160337693549818730066963956,440452
2021-05-11,375.415735080899,25390363163.09321273416937346668,2.51333836,67632655.72132132,2599753.965435225575,6925,341.14337160076442503887985774324519849116,391273
2021-05-12,322.568527158381,21818359605.85446530757800390115,2.16732027,67639455.70902415,2193465.9846769908,6800,334.469096021908883417854714819768521012712,358330
2021-05-13,312.043063537105,21108451249.53916303146109283505,2.05436359,67645955.69043681,2028279.9129911825,6500,319.713108783048935238847604214307964493644,349050
2021-05-14,326.938124350765,22118387650.55825065006930208795,2.14566342,67653130.67872103,2345781.042216738875,7175,348.756139649768243910429186064890293383952,387134
2021-05-15,301.121245228009,20374098523.30934700767072972658,1.97616768,67660780.65292962,2303577.52599426885,7650,355.589419487699161269486258417315,353579
2021-05-16,294.267168797231,19912494510.72685616082886544222,1.9338935,67668080.64968962,2148150.3322197863,7300,339.3206228895319259044239185101032114168,347743
2021-05-17,281.707483939102,19064675292.81924985541128152124,1.85641041,67675430.64968962,2070550.0069523997,7350,341.6447352549598389053521737123653657496,361641
2021-05-18,292.644321343521,19806824109.97220085753894240798,1.92722432,67682243.13747038,1993639.4391527368125,6812.5,324.36656379970525643806684523575194733416,363354
2021-05-19,194.849709788841,13189146568.86012064898001352131,1.3110463,67688818.13143691,1281136.841861629575,6575,314.917718300429693717026972441120352729424,361671
2021-05-20,211.305347711832,14304535931.52090154531141929,1.42783175,67696043.12631375,1526681.1372179862,7225,346.050269316430366908656504561470895114712,369554
2021-05-21,178.762577129019,12102734715.25198098827296336095,1.21737796,67702843.12089005,1215585.5244773292,6800,323.949030248859781863507859489326688905368,361114
2021-05-22,171.300045598743,11598634975.5453394170437575998,1.16792773,67709468.1148786,1134862.802091672375,6625,303.70914592341413978556159107445008916483,339342
2021-05-23,143.299481962513,9703765249.7908022170746952914,0.98632315,67716680.5971378,1033547.5136546250125,7212.5,330.64184300344401083599966349463867646017,337614
2021-05-24,182.954550271685,12390396687.1123105587691207117,1.25400545,67723905.57497882,1321846.625712924125,7225,331.21487876039272378760973111593035292034,364314
2021-05-25,182.359387337718,12351555639.16751493185674542114,1.25080912,67731943.05754723,1465713.575726908425,8037.5,362.377140998646577163134976214240183601488,354757
2021-05-26,198.358539341967,13436711855.04055173510369005559,1.35720005,67739518.04452377,1502565.935515400025,7575,337.555780503481864329011574594385849323932,294188
2021-05-27,193.744541019434,13125716628.72962280011665219466,1.32702396,67747543.02580849,1554799.94168095785,8025,357.608599210786747223186148591437124323932,322935
2021-05-28,176.128975326915,11933740778.3349790173397317774,1.20736339,67755692.98682756,1435451.14891435725,8150,379.224133596739341087525578705003068155616,298184
2021-05-29,164.28516647528,11132446368.7468100960720807664,1.1287674,67762942.98257238,1191067.45694578,7250,358.32424281004407273164633764172714040892,287581
2021-05-30,171.013935853619,11589655947.59485092017140571068,1.17711247,67770242.75679572,1248401.7317314187,7300,360.79544647246482214348209037644216802277,308183
2021-05-31,187.327497108187,12696550583.02638100567312717249,1.28836354,67777292.59732627,1320658.85461271835,7050,348.43943883595235626891583814330969156831,286416
2021-06-01,183.130563219048,12413419174.26187036854913479096,1.26030315,67784530.09732627,1325407.4512978599,7237.5,365.499242704634470937929639269635767738692,315596
2021-06-02,187.848326801519,12734457405.07909075676537460413,1.29414739,67791167.59732627,1246843.2691450823625,6637.5,335.507837747511579046554602632882021875,323539
2021-06-03,192.991005496351,13084390700.05431506193934144077,1.33054658,67797930.09732627,1305101.6746690736375,6762.5,341.826252366626644267003068615055043595726,325624
2021-06-04,179.215842131601,12151659402.91797326218257445827,1.23777861,67804605.09732627,1196265.746228436675,6675,332.915125352485896305127506869659610526834,337923
2021-06-05,172.222187192451,11678606974.68145173796302798777,1.19056389,67811280.09732627,1149583.099509610425,6675,320.874272366300271856095603655665810215846,291462
2021-06-06,175.729294702077,11917766163.60405637280641566279,1.21544741,67818892.59732627,1337739.2559195611625,7612.5,365.940886123149756292333851444353992909154,317398
2021-06-07,162.36749083414,11012886421.2918422155960348578,1.1259377,67826917.59732627,1302999.1139439735,8025,385.770192853492400500041693901336972715846,302213
2021-06-08,161.289871031461,10940923820.83150691474065178047,1.12201176,67833917.59732627,1129029.097220227,7000,342.312711429654024496922110147381649409616,421304
2021-06-09,171.856449870998,11658935773.76300578912621651746,1.19409737,67841130.09732627,1239514.644694573075,7212.5,353.791482804030672927406600225257300808496,312824
2021-06-10,168.760062307006,11450183342.02849226795939919272,1.17293881,67848892.59639212,1309999.983658134075,7762.5,380.770383128242795649904485192068725,316692
2021-06-11,162.064927468989,10997179834.86180498345208396668,1.12786436,67856630.09639212,1253977.3762913023875,7737.5,383.384478958376703990046425157723057718228,316226
2021-06-12,162.624283296185,11036225419.0181898264498600622,1.13234668,67863330.09639212,1089582.6980844395,6700,336.137360947076031121464223201285368457304,305979
2021-06-13,170.565541345744,11576318273.49314954773171434336,1.1875626,67870205.09627694,1172638.09675199,6875,344.917066087269061431469898467177070385674,271393
2021-06-14,178.749147972778,12132972468.45386078239126913932,1.24329875,67877092.59627694,1231134.756662508475,6887.5,345.544187624981251521860938903861993896348,308252
2021-06-15,175.393454177325,11906383828.2090196520980683855,1.22168641,67883855.09627694,1186098.2338741603125,6762.5,330.86361448251642695379149908817787737407,301946
2021-06-16,165.817467456625,11257415036.93049492628556523,1.156633294264,67890405.09182328,1086104.41184089375,6550,318.528367648382348401669984883815583468208,307747
2021-06-17,166.538087584362,11307462360.31609280730884292822,1.162228868848,67897155.08524831,1124132.0911944435,6750,328.25442547765674188607332338059975,307769
2021-06-18,155.920730315332,10587521225.66194007570782008892,1.089485365997,67903230.08524831,947218.4366656419,6075,295.428982929891067697465991042539775,315633
2021-06-19,153.212961679089,10404727479.60081068242888262439,1.071250145464,67910230.08480151,1072490.731753623,7000,306.544035116264644949971056237906921145656,290373
2021-06-20,154.74262764444,10509588122.2412985407524466676,1.082570618886,67916567.54329979,980681.4026966385,6337.5,275.857226088495849797880857255641310637734,288039
2021-06-21,126.126965230082,8566887810.50351867165985228278,0.887079429525,67922730.04329979,777257.423230380325,6162.5,268.239868500485701902490134163904775199844,256853
2021-06-22,118.91101974905,8077473073.3189605271947176995,0.839958976402,67928717.54329979,711979.730747436875,5987.5,260.622507778476287168806142501523637300156,328790
2021-06-23,128.232185452848,8711446150.94099204258937330192,0.908458316972,67934942.54329979,798245.3544439788,6225,242.024765740164476803181648021405473416098,327531
2021-06-24,134.23673493804,9120141770.3193648023027950116,0.951204796836,67940730.04329979,776895.1034539065,5787.5,224.686919977161215244065300952639926981128,308360
2021-06-25,126.527347863877,8597043631.99281653777282268583,0.897467394085,67946130.04329979,683247.6784649358,5400,209.643088481252595026874413132481525,333925
2021-06-26,125.087792085456,8499888098.77608825814390685424,0.888289440851,67951380.04329979,656710.908448644,5250,203.819670288520416192806101776021096561029,292655
2021-06-27,131.563207926004,8940628428.21936013254230873916,0.933615042224,67956905.04329979,726886.7237911721,5525,188.0576411966910599733388591239378858995006,307443
2021-06-28,137.097390119288,9317629447.09823611314874749608,0.974942769447,67963580.04328891,915125.0790462474,6675,198.5496601325617207102188371333009316506608,316778
2021-06-29,144.342916884886,9811012244.35272717657231041426,1.027023616474,67970167.54328891,950858.964979186525,6587.5,195.9469508883245364404989553430108769657856,349090
2021-06-30,144.103735328788,9795697112.08119351285172414108,1.025023389402,67976705.04328891,942078.16971195155,6537.5,194.4596863213868823664190350368930313835536,306790
2021-07-01,137.563302593712,9352097379.13726531624196533392,0.979836786956,67983955.04328891,997333.943804412,7250,203.6204468576608229436222586297028976421808,355257
2021-07-02,136.647477963935,9290990669.86776428898276546085,0.973910873666,67992405.04328891,1154671.18879525075,8450,229.9980786462120877997278151352138556178968,321212
2021-07-03,139.595981797262,9492619943.16621037532299820196,0.994698345809,68000667.50454558,1153411.799599877275,8262.5,224.8945703258633634761386000914228637215872,313910
2021-07-04,145.227147192947,9876704765.9294256993706560096,1.034199414549,68008667.5035168,1161817.177543576,8000,235.1036891189804331097763522835756141414528,292879
2021-07-05,138.805518238214,9441002026.74080322960708135062,0.989428500064,68016042.49291033,1023690.69700682825,7375,230.676206216137509255791849277509533700988,302563
2021-07-06,138.514312936476,9422234250.17814350874367031952,0.987439814166,68023542.48040252,1038857.34702357,7500,234.585972156001241981518555703285708869491,364902
2021-07-07,137.481150098561,9352960181.30347045034977107207,0.988630672954,68030854.95428487,1005330.9100957273125,7312.5,230.1636289190556474442243146399204109375,334250
2021-07-08,131.908161981107,8974707159.95096461228100336371,0.946291209103,68037542.37161153,882135.8332486530625,6687.5,216.812432086663066868200938120855353061432,319964
2021-07-09,134.964432998221,9183636942.5977476179316834364,0.96815439664,68044867.3667884,988614.471711968825,7325,237.480533966307976828130481538666671468483,366974
2021-07-10,134.253682639687,9136238975.78252153207951335793,0.963243030558,68052054.85724039,964948.3439727503125,7187.5,233.022708757251129725687466005421198844017,279879
2021-07-11,134.12545821675,9128537419.59573637110548661,0.966005397778,68059692.32808732,1024383.187130428125,7637.5,246.8826676817516393392643125117533634196054,418840
2021-07-12,133.357751953156,9077306086.38739594302066305784,0.961235035013,68067329.82103614,1018519.83054222895,7637.5,246.4752333151606356289215896223996399719088,364567
2021-07-13,131.111212564147,8925370199.26094863347631965785,0.944559234979,68074804.77609155,980056.313916998825,7475,241.2310781294624759679671010878179551123648,406953
2021-07-14,130.836750366474,8907621721.5010623990758746947,0.943268624645,68081954.77609155,935482.7651202891,7150,233.491090351986191796825652364934956969712,319157
2021-07-15,125.526617292041,8546994996.97574269518467764244,0.905799950311,68089104.77600884,897515.31363809315,7150,240.7557524406425611180169384269058311177824,324506
2021-07-16,121.568843313216,8278425476.17661499809450482944,0.878672079042,68096604.77600884,911766.32484912,7500,252.5409987414888541584482757991406195883368,362387
2021-07-17,120.034291633317,8174814465.53547217883908725813,0.870186447669,68103992.23671889,886753.3294411293375,7387.5,248.7528837724884892468727193791952908383368,405402
2021-07-18,119.045122229076,8108346869.89620920519325224688,0.863289413832,68111542.22928588,898790.6728295238,7550,258.131258260241627939419433677978018443828,365848
2021-07-19,113.700670434702,7745139548.30829460571878972158,0.825833348375,68118679.67617929,811538.535227685525,7137.5,244.7259891618290222456148388028975797536512,409484
2021-07-20,107.250543635481,7306575161.22381158776696780368,0.780809123403,68126229.60734928,809741.60444788155,7550,258.8695235723749154431883921791925136884128,388759
2021-07-21,117.417946269249,8000118192.83005071862243814088,0.854793290479,68133692.05491912,876231.4240342706625,7462.5,258.7005417974403470412991116645035418874596,425729
2021-07-22,120.585712983418,8216875321.61949040077181694686,0.877701402158,68141366.98556827,925495.34714773315,7675,269.7400396534451565101896488716151766211212,302576
2021-07-23,123.88002801427,8442247934.498616709766585345,0.910534124092,68148579.4750235,893484.702052922375,7212.5,253.4853469574356254620392961299851476855606,413524
2021-07-24,125.507561228879,8554142533.64632082222583381403,0.921458316992,68156391.93280757,980527.8221006171875,7812.5,275.7686948532419874476849497539381552028928,233429
2021-07-25,126.742975998881,8639291341.5190662156196551033,0.930442100172,68163866.8607193,947403.745591635475,7475,273.8877846043564081956883655110015152673296,278957
2021-07-26,131.64127240931,8974149009.4336112491622042284,0.968346396867,68171241.77841764,970854.38401866125,7375,270.2237363035046393972916680426752172326704,420686
2021-07-27,133.870327300787,9127075329.46306951198168751312,0.988826847077,68178479.23054576,968886.4938394459125,7237.5,265.1856646136005272838739293342232017629972,351958
2021-07-28,139.857943804756,9536322870.41091825194727679076,1.03283501684,68185779.16263221,1020962.9897747188,7300,272.4738840443385032853569828580033886612626,323997
2021-07-29,141.983246714349,9682216209.4561196923110792423,1.052102922423,68192666.6245027,977909.6117450787375,6887.5,259.2637453147232313755426299333408888540464,283349
2021-07-30,144.930708168911,9884173440.62132965822692730404,1.07750888976,68199304.10539164,961977.5754711467625,6637.5,249.85308363326675664427329400957137625,186886
2021-07-31,145.323591649627,9912015963.69312082159754159538,1.079409694987,68206516.58259894,1048146.4047729347375,7212.5,270.8427478155407405461887587592474658263212,194325
2021-08-01,140.950515690519,9614790241.06643292487978737729,1.047431659588,68213941.56639591,1046557.579002103575,7425,270.235095795451923819948138007980883125,203359
2021-08-02,141.742756262491,9669790627.62199117404388076751,1.05334116931,68220704.05992861,958535.3892250953875,6762.5,246.1232098525067836321594468308936859352142,248383
2021-08-03,138.759524901495,9467238596.2115030346577360383,1.031703023481,68227666.55429434,966113.1921266589375,6962.5,253.4022702542376816107749900929497646897858,277139
2021-08-04,142.87031808355,9748704938.4463359099416389845,1.06180060852,68234641.52116839,996520.46863276125,6975,250.65405350064644762296155383263457125,296478
2021-08-05,143.757270561775,9810361502.1644943752796802775,1.07046705817,68242541.4994841,1135682.4374380225,7900,280.1880953892111217247003116773707631091596,336729
2021-08-06,147.86699552757,10092004361.2008617559203011734,1.101751711389,68250553.98734462,1184784.301664654625,8012.5,284.1781157430246124658452024269938596716596,384931
2021-08-07,155.725876033647,10629632848.49657401994932933464,1.158922657957,68258616.48195112,1255539.8755212789375,8062.5,293.4806093863190972709312318770867877655386,270775
2021-08-08,150.278503974349,10258907313.17898559522818039458,1.11806407124,68265966.46803242,1104547.00421146515,7350,285.5529024217969687232662554789622349082642,268736
2021-08-09,166.57570406216,11372629942.9442048951986950952,1.235992015007,68273041.41965597,1178523.106239782,7075,274.8689514987063413687668979796181506555786,287387
2021-08-10,165.184116567655,11278792771.24447369521111167415,1.223319739301,68280128.89862193,1170742.4261732548125,7087.5,275.3545853772783761742626685563876034375,346845
2021-08-11,170.913314907505,11671198782.30941510040188060555,1.263841799182,68287241.33415611,1215620.9522796293125,7112.5,279.6561514325413205806160791920932103914476,319092
2021-08-12,164.912979187278,11262590306.12448050480212214682,1.218557243212,68294141.32003819,1137899.5563922182,6900,272.1371615561894900619127390480439258771746,289582
2021-08-13,183.534781092324,12535623535.18706298452188274604,1.352650355451,68301078.74147971,1273272.54382799775,6937.5,273.6161697672673245025337937235538438103254,283094
2021-08-14,182.720812680052,12481255104.45848391489542812508,1.344900506695,68307791.11251779,1226513.45511484905,6712.5,262.8083524477480940020108331509495498328436,262055
2021-08-15,184.841087760915,12627511980.6552009939292517463,1.359071167653,68315503.51504322,1425586.8893560569375,7712.5,289.2680269315264556466580679073960861325504,269698
2021-08-16,178.400714937882,12188832520.67104099822382553018,1.309624778687,68322778.44242449,1297865.20117309155,7275,272.8589814117082925136346216025662580369128,287613
2021-08-17,169.273655629862,11566488506.16853371921212840414,1.244518728374,68330115.88914997,1242045.448184112425,7337.5,275.2031292285623082125039118475026925587248,344365
2021-08-18,168.363161988115,11505581284.5543611419630684873,1.237979872333,68337878.36181502,1306919.0449327426875,7762.5,297.55603887430231276255045538003380125,321408
2021-08-19,174.923107221207,11955314951.05035390903059001594,1.285329649929,68346115.85038742,1440929.0957346926625,8237.5,317.9312045181580855638989840996114042994768,254305
2021-08-20,183.343660584644,12532286936.71208516132262392364,1.344225626079,68354078.32891131,1459873.89740522785,7962.5,307.3174174178830600642432765940433357005232,326013
2021-08-21,180.543527539013,12342195357.08201204907024941967,1.323366179561,68361328.29195459,1308940.57465784425,7250,296.7350968929325170918538965999502379115728,278823
2021-08-22,185.916554711869,12710706434.83014034438945133474,1.361660334437,68367803.25737546,1203809.691759351775,6475,276.380876407020739162433830851095779516872,222686
2021-08-23,187.246991613656,12802913007.02251936101072706624,1.363109231609,68374465.70804504,1247533.0816259831,6662.5,284.384181550484608886776229663265635241564,365592
2021-08-24,174.266004234391,11916569147.4528511176805498289,1.269797530509,68381490.6975479,1224218.679746596775,7025,299.857241439336049657556821542740845483128,380085
2021-08-25,178.004946911949,12173560851.3637723700916850389,1.294710272304,68388890.6603561,1317236.6071484226,7400,302.242181009089548644045403146882556993996,468891
2021-08-26,169.47011679873,11591048978.6909934326940943323,1.233475404191,68395828.11202651,1175698.935291189375,6937.5,281.583846622279594602222294570751517294512,341153
2021-08-27,175.688568413869,12017592747.33343105197312342301,1.292218741069,68402815.59482929,1227623.8717919096375,6987.5,283.613278445230877350522590282206227568496,365224
2021-08-28,175.248295572611,11988841589.79230134329313918781,1.288765140652,68410603.08529471,1364746.1017717081625,7787.5,315.377784488981012583757066690018327324772,340148
2021-08-29,175.238648704489,11989546311.30370713140934255753,1.288536159149,68418390.57730977,1364670.9767862080875,7787.5,314.258059146160724746731372512572632424436,330870
2021-08-30,167.804896361132,11482216249.63610381716915197464,1.236404830708,68425990.53203602,1275317.2123446032,7600,306.691655149168010675953745593093528901128,345026
2021-08-31,171.597822864396,11743001519.12297553549745119672,1.263927272011,68433278.01660282,1250519.13412428585,7287.5,295.223423527081006915541270602879166027256,378272
2021-09-01,181.278064088618,12406773217.12855629024812188428,1.333744112302,68440565.48984046,1321063.892045803675,7287.5,311.159074697524838335178527657142779186992,335748
2021-09-02,184.014631024606,12595371897.94351145631748973406,1.351670739077,68447665.42644801,1306503.8802747026,7100,303.153265593509640494465124085467379156504,403660
2021-09-03,211.734863988159,14494292192.36641633172689700868,1.550891860922,68454915.35667452,1535077.76391415275,7250,309.557911032183617302821491861876966626016,406494
2021-09-04,212.83507984301,14571248864.6000409954911926933,1.5544508795,68462627.84945033,1641490.553289214625,7712.5,329.597975614567421401594451404864571811216,347791
2021-09-05,228.514271227632,15646364232.36831454028336311104,1.661030114762,68469965.34751372,1676723.4651327498,7337.5,313.756596796888131678585267691642815352592,442734
2021-09-06,219.12169566515,15004912016.693589843986212318,1.590442273358,68477527.84655012,1657107.823467696875,7562.5,323.377753108062009785087991362465740352592,449114
2021-09-07,178.155056838155,12200862715.11019990735553740775,1.299353836634,68484515.29610005,1244858.4596566080625,6987.5,300.985509548810703683434497984439250961834,451411
2021-09-08,179.829194986054,12316803275.89964516194060121428,1.312209208211,68491677.76597582,1288026.609087611775,7162.5,318.139742421119247130217495461155933579602,413244
2021-09-09,180.850879411559,12388050631.59457817760897626606,1.327129604013,68498702.75390434,1270477.427866201975,7025,312.032345248043932657718340476428678143864,395490
2021-09-10,173.657405607617,11896520437.58563895752857815677,1.276514642618,68505690.24661181,1213431.1216832237875,6987.5,310.366693217961907535407328676204011723466,386555
2021-09-11,177.998036444034,12195191080.14995056772115001428,1.30830217232,68513065.22128042,1312735.51877475075,7375,321.540743442370981135381360154199894839624,328316
2021-09-12,183.667543097693,12585045187.33406349212513581476,1.349258181132,68520790.20102132,1418831.770429678425,7725,333.147804300023895740476872495941126479332,328570
2021-09-13,179.791116302627,12320820487.89522178176431235307,1.321834831719,68528527.66738841,1391133.7623915764125,7737.5,333.686878070331998498945523470586648902888,371497
2021-09-14,182.835753505421,12530708275.10119057635269432141,1.326491196749,68535327.66352321,1243283.1238368628,6800,296.609640962898398352605373271935889354224,405976
2021-09-15,188.635114151007,12929414347.26179906587913714247,1.368043773467,68541927.65463321,1244991.7533966462,6600,297.368938824677847178373841390431755069244,438700
2021-09-16,185.731791208025,12731729048.144124374404671243,1.345881635036,68549002.65234732,1314052.422796776875,7075,318.770490441372046786589179149417439189748,444743
2021-09-17,179.58371487878,12311566323.5245061877054866912,1.301608620828,68556140.13684304,1281778.76494729225,7137.5,321.586482367766138639328008465510836991008,447577
2021-09-18,181.127938977359,12418811196.7546784715827076357,1.314208637112,68563752.5986923,1378836.4354651453875,7612.5,335.876631817218059572111460825365349321658,385301
2021-09-19,175.21638075344,12014822029.9473355663003445648,1.273710737588,68571340.06696717,1329454.288966726,7587.5,330.988531287391756282907306013899953901408,395113
2021-09-20,156.567568883819,10737249656.6060483339746730087,1.142179611997,68579015.0102773,1201656.091183310825,7675,334.805533185989099284968257034484280075704,400990
2021-09-21,147.484006509403,10115395587.07785951394033670447,1.078845232269,68586389.98549949,1087694.548006847125,7375,327.499603400014602123261128740890566076144,404773
2021-09-22,160.851541533419,11033420876.34566299457502255581,1.176353624394,68593814.96230999,1194322.695885636075,7425,341.7845663578919010753399743933311125,347689
2021-09-23,163.714578519346,11230918713.51071923040466168916,1.200256752745,68600602.43311546,1111212.701700060975,6787.5,312.439425717355109220129892307956301771556,398396
2021-09-24,152.030286761109,10430448671.70938589247546027503,1.117294092988,68607702.41194867,1079415.0360038739,7100,326.824298775320668925492068631640552673852,361967
2021-09-25,151.395016336391,10387850184.89207921897864103238,1.113104916898,68614214.89470218,985960.0438907463875,6512.5,295.502511238533410921147201516755819191894,359506
2021-09-26,149.926653998585,10288081674.3141771900818984891,1.114016226657,68620764.88688446,982019.58369073175,6550,295.930327037570179100559322414571051598888,333082
2021-09-27,146.308120818697,10040793826.96260929748894926877,1.088302256499,68627727.36589941,1018670.2912001778625,6962.5,314.567161740396881852603942711082230450556,418247
2021-09-28,141.350766190989,9701534194.94375927351238854604,1.053413405253,68634464.85911036,952350.7872117883875,6737.5,304.18001493877202580030021674784444648279,430212
2021-09-29,144.439711013809,9914560568.70745648604361575659,1.079532288225,68641514.85154651,1018299.96264735345,7050,297.689918150262837762734185802364854087334,371189
2021-09-30,152.941524774188,10499206621.94723567512278585832,1.141713211412,68648502.34394414,1068678.90435963865,6987.5,295.050821788967732018408064219908849679222,388150
2021-10-01,165.798480204083,11383017323.41284497147885192362,1.235053209995,68655739.84394414,1199966.5004770507125,7237.5,305.607201153673251774939364658219917787666,421347
2021-10-02,169.617377612792,11646538045.89996418748432267144,1.262015708542,68663589.83857807,1331496.4142604172,7850,330.859259028764964810866685913608196561984,417085
2021-10-03,170.718751038274,11723429883.6748715383754890134,1.26886636063,68671014.8262891,1267586.72645918445,7425,312.39017939293740781539909007945813125,409216
2021-10-04,167.810615333922,11524985927.23192031475615602838,1.247534840168,68678527.30471579,1260677.247696089025,7512.5,316.071545816523252053896860507517124887132,449677
2021-10-05,173.97306356935,11949533815.1439248465240974885,1.291457591007,68686114.79259571,1320020.619832443125,7587.5,322.42709338266358152672615928643316131256,569510
2021-10-06,179.135814015018,12305363444.18182181373160143186,1.327420817234,68692927.27332677,1220362.732977310125,6812.5,303.073930154967963068600119550395482978288,466612
2021-10-07,178.420866897067,12257484966.08799470917591685784,1.321486552166,68699839.76234952,1233334.2424259756375,6912.5,307.522718922146535668849081364217885771712,448235
2021-10-08,175.669250258652,12069626326.85709155630136909276,1.301506573865,68706539.75630913,1176983.9767329684,6700,298.069039588762106521571847411751111103288,505026
2021-10-09,179.958002346916,12365618831.60389691688989190128,1.331960943998,68713914.74865308,1327190.2673085055,7375,319.890206483533655608322927628779078098016,459086
2021-10-10,175.436418174731,12056230081.50315055049399502075,1.298856492442,68721364.73679825,1307001.31540174595,7450,315.855123721460117937069883656398639371332,473319
2021-10-11,178.319773893369,12255773572.86051104355621142884,1.312952431336,68729189.73186436,1395352.230715612425,7825,331.753873628973336913807920029326490007336,594803
2021-10-12,172.291733517106,11842744044.95053378535393218938,1.268946648308,68736577.21816773,1272805.181357620575,7387.5,316.136482673294380139266222443131542079478,543291
2021-10-13,177.457126022622,12199108625.95169326132341318312,1.305718383778,68743977.20380396,1313182.7325674028,7400,329.368084374419972159524539731458610775008,681679
2021-10-14,180.307191420146,12396255029.29062209964465476364,1.325480938201,68750752.15610934,1221581.22187148915,6775,301.549832640811978261765885127025039224992,698762
2021-10-15,189.276734426949,13014304303.90877651143994086944,1.385236620641,68758077.12612256,1386452.079677401425,7325,326.029893269081530914574727246424644612496,689371
2021-10-16,186.519314163205,12826033670.5771931819231088006,1.364657777786,68765177.09771532,1324287.1305587555,7100,315.21576850762093526169300345834426211607,562835
2021-10-17,183.558971174808,12623747773.02229608011779815096,1.343245947407,68772164.56503437,1282618.3110839709,6987.5,309.841064082725567154847198677554093545608,395664
2021-10-18,185.511248643668,12759334201.67679117622076317512,1.357208696877,68779302.03674634,1324086.53719418035,7137.5,316.492391772089991999602671571055936682432,497382
2021-10-19,188.500465405627,12966254654.97305240071156543985,1.377702706349,68786327.01023555,1324215.769474529675,7025,310.90549458251712770824990856613945441684,434935
2021-10-20,206.965248605367,14237897874.22257642637720428525,1.503908322411,68793664.49278075,1518607.5116418803625,7337.5,319.407251712022273549539109707166887405688,434740
2021-10-21,197.228227455082,13569393655.01305156094992864618,1.429669227256,68800464.46750849,1341151.9466945576,6800,296.009445472827329869491035139398962311376,573332
2021-10-22,191.01775928109,13143516921.2054233884222337788,1.384624762531,68807826.93018732,1406368.252707025125,7362.5,320.495521040771416814461548301894306061376,438200
2021-10-23,195.978099366032,13486299418.6905708582801040984,1.419454246725,68815339.37882495,1472285.4714873154,7512.5,326.521631165516643217756271863073189560444,437891
2021-10-24,190.164676341443,13087730020.93110307112460848311,1.377983532319,68823139.35860477,1483284.4754632554,7800,338.677083207500678916902233899380755292934,423231
2021-10-25,195.31938627276,13444075422.4782412604982086328,1.413464301278,68831239.33076378,1582087.028809356,8100,351.703125951491092572140296963634775,432855
2021-10-26,197.51619563598,13596714054.7187220651551291874,1.426850742636,68838476.81927463,1429523.46591540525,7237.5,322.671097923845434614175380153598268539316,437547
2021-10-27,180.740687292057,12443244311.7023731519989972741,1.312041194125,68845839.2968013,1330703.3101877696625,7362.5,344.59589499642831643667726175887685286512,428070
2021-10-28,189.960634761281,13079431158.56789829207708852316,1.377193132664,68853376.77990236,1431828.2845131555375,7537.5,352.786630876027249327582592732112359375,408688
2021-10-29,196.341457663253,13520176196.05463024245088267637,1.420545442065,68860526.74236129,1403841.42229225895,7150,334.65000624248982032836981977011560025988,457217
2021-10-30,189.767493622037,13068768120.92865376445785937654,1.373257596806,68867264.20573342,1278558.4882784742875,6737.5,321.037000213938367266605019865602191820422,384996
2021-10-31,192.08986563231,13230024141.2842360586185841547,1.390524293667,68874139.18342037,1320617.82622213125,6875,328.222367560569337042887891465969022203008,358915
2021-11-01,197.802055180334,13624818531.01473369748827900358,1.430414901315,68881076.68342037,1372251.757813567125,6937.5,331.206208796863457100160944418291933390976,469298
2021-11-02,200.103248286396,13784680388.03328537713662028652,1.44528228872,68887839.18342037,1353198.21653675295,6762.5,319.568977926988611135130949208586227627396,513308
2021-11-03,206.885382615248,14253358439.17373622895148978736,1.490561809429,68894951.68289007,1471472.2838509514,7112.5,323.459836778094938458096077278312757010764,477457
2021-11-04,202.664256784211,13963929895.85280496324132468477,1.459822452397,68901789.18289007,1385716.8557620427125,6837.5,310.953482477446362009967344236130505489236,349677
2021-11-05,199.233978831464,13729022050.6060521260588438252,1.433290173948,68909039.16655555,1444446.346528114,7250,329.713013928419226682160443799403882771528,367036
2021-11-06,197.679672210898,13623337097.26121088057480596722,1.422117371825,68916226.66556689,1420822.644015829375,7187.5,319.822905437418163113483717529864499456196,437863
2021-11-07,201.244905178914,13870395388.14919625991368455746,1.446701779704,68922964.16556689,1355887.548642933075,6737.5,296.166522644765056342403588333446855282466,452224
2021-11-08,228.457781728342,15747686654.56701040377031321484,1.631980042085,68930401.64984402,1699154.751604543625,7437.5,326.937069712150110232475748516656963467534,494505
2021-11-09,264.536825286615,18236557427.56050947095679944995,1.846044200371,68937689.13950613,1927812.1142762068125,7287.5,320.54887668737904586586323616146019827338,516307
2021-11-10,258.776728939862,17841362001.02481898825215035406,1.773258045265,68945001.63950613,1892304.830372740875,7312.5,323.11197405382468327489975087755740625,489483
2021-11-11,263.254072229705,18152069625.81213650762661559165,1.792243173839,68952664.13950613,2017184.3284601145625,7662.5,338.577162202056183680454273490609999093356,477335
2021-11-12,251.411283834836,17337353971.85111091288352954468,1.708359760752,68960126.63950613,1876156.70561746365,7462.5,329.739910922663838857729503224092734780068,454926
2021-11-13,257.796557428547,17779687615.73532283829984349311,1.749723292658,68967901.63950613,2004368.234006952925,7775,352.512899386681780676239728424894861782068,463747
2021-11-14,276.56983404001,19076501553.5119617948761739103,1.86942684547,68975351.63127103,2060445.2635980745,7450,340.483589672795304283077327151626888927332,441148
2021-11-15,263.903394695793,18204650371.3303913865041418978,1.783524231334,68982251.6012546,1820933.4234009717,6900,315.347216861239854655836768999430602140998,442069
2021-11-16,231.746643848399,15988041997.17908907601044019733,1.578421646806,68989314.07023067,1636710.6721793179375,7062.5,324.385779361115943098009230720819590578936,348037
2021-11-17,227.621129005062,15705047349.27438957181772595306,1.548773323922,68996439.02972263,1621800.54416106675,7125,331.034901524417655175574713250772233558688,600786
2021-11-18,203.588123124967,14048298450.24263955978534609644,1.391506343122,69003526.50542132,1442930.8226482036125,7087.5,329.29261367822215569603052868344995,268624
2021-11-19,218.217233720246,15059329834.39728304108110031762,1.491729570204,69010726.50248747,1571164.0827857712,7200,334.5194805620034597546976799323936,304623
2021-11-20,225.24010059721,15545703247.2296828442707100596,1.537794516882,69018363.98585876,1720271.268311191375,7637.5,354.157654010007624362054395482718012982282,299663
2021-11-21,224.050967719322,15465213596.72802856804968500928,1.529444317898,69025426.46502624,1582359.959517711625,7062.5,327.317238485088172827626646297781657159512,285939
2021-11-22,209.877796099011,14488494202.09883690268776888178,1.43702335451,69033001.44844198,1589824.305450008325,7575,351.069460963089247450297732904480398635732,312446
2021-11-23,216.888088886305,14973940408.49762523036546793,1.483869026606,69039938.916826,1504661.1166487409375,6937.5,321.764660857630262247700791568364251686206,343625
2021-11-24,212.202944567006,14651942526.8082506720985376935,1.453100135159,69046838.89615725,1464200.3175123414,6900,320.49262541578127201067376478345909718629,361795
2021-11-25,223.7370055167,15449949472.741585507308177393,1.529510540961,69054063.88657679,1616499.8648581575,7225,335.58829297902271233640039050193059604086,353855
2021-11-26,195.930242526899,13530959959.98665309117751619518,1.346852493873,69060088.86366282,1180479.711224566475,6025,279.85044711626911709561868803721015166828,322703
2021-11-27,194.106227563118,13406199209.43802238168321987276,1.335812434029,69066301.36366282,1205884.938735870575,6212.5,276.994639370677532712843243682412155689876,301587
2021-11-28,199.091797974761,13751999931.32090749729537408602,1.367271890463,69073663.86366282,1465813.3625891778625,7362.5,317.73401934939491132944868434995860889168,299285
2021-11-29,206.966043449491,14297356852.87760825963792462462,1.419860899343,69080688.86366282,1453936.455232674275,7025,303.16896237194124669757008344154078076668,318192
2021-11-30,208.418012331304,14399066685.02508882800078691728,1.449859084012,69087438.86366282,1406821.583236302,6750,291.3011395490732926375720181683565625,356958
2021-12-01,208.631799345419,14415362302.32531728729822762158,1.450714517078,69094751.36366282,1525620.0327133764375,7312.5,304.460186705546916784636756237018875,400658
2021-12-02,203.697322341151,14076019957.01914463155797470582,1.424942263235,69102626.36366282,1604116.413436564125,7875,326.90657879416290099545937780039353125,379590
2021-12-03,188.903937444892,13055160819.61463440980501931544,1.324793079491,69110051.36366282,1402611.7355283231,7425,308.22620286306787808143312764037104375,404892
2021-12-04,163.309188605727,11287529190.24957730326004897014,1.156163579269,69117538.86366282,1222777.5496853809125,7487.5,321.751426412147391662554153426558345604928,394975
2021-12-05,156.117616654203,10791624609.70294722073692783246,1.108353805684,69124963.86366282,1159173.303657457275,7425,326.88382055568205147403307799845264375,378370
2021-12-06,162.607742298469,11241471834.43543513720383296548,1.156725392841,69132451.35524692,1217525.4704597866375,7487.5,329.635369275549039487360042920198338859072,382089
2021-12-07,161.604918533445,11173346101.3225868179173621174,1.151128907111,69139888.82714732,1201936.5815924971875,7437.5,329.063818275315205899320847219853745677116,368342
2021-12-08,164.660710056481,11385862255.77396474241486446145,1.173578494009,69147413.80544545,1239071.843175019525,7525,339.46190114799355899831010307538803268897,351530
2021-12-09,153.394760685802,10607884484.69904173312326901928,1.097843957191,69154151.27135364,1033497.200120590975,6737.5,303.93681850748269300667126211342692331397,382656
2021-12-10,150.16366208984,10385555565.706117951139476008,1.075646187947,69161576.2506687,1114965.191017062,7425,334.95077918195959363545192906991903125,349143
2021-12-11,158.218740910477,10943836239.6230410386624057719,1.133142690109,69169026.2268947,1178729.61978305365,7450,340.22702537403709908708734344923220441254,358656
2021-12-12,159.454973808653,11030525229.67700735161838027663,1.141909364147,69176426.21116171,1179966.8061840322,7400,339.468728665732098457917738641246277210132,259691
2021-12-13,145.037762105046,10034307212.89946125511896917594,1.064325833612,69184101.21104839,1113164.82415622805,7675,352.084119114141660971153850433299966539868,316658
2021-12-14,150.315295440722,10400510876.30882602835102625352,1.111921506189,69191301.16342916,1082270.1271731984,7200,334.705825979288519279592736920884,332161
2021-12-15,153.322829841326,10609688930.1117094129511765116,1.134442664423,69198363.6167666,1082842.485754364875,7062.5,336.387891906140827114543953764608530158244,324933
2021-12-16,149.207472228279,10325936853.8692210127445626814,1.105718123356,69205226.1167666,1023936.2781665646375,6862.5,326.861862368297575671617227888672621875,324758
2021-12-17,144.5353922438,10003614443.16103598327489708,1.073216008432,69212213.6167666,1009941.0533035525,6987.5,332.815629972107018004960987176562786483378,345022
2021-12-18,148.977169344487,10312114166.5257439464419757342,1.105875200708,69219426.1167666,1074497.8338971124875,7212.5,335.6385939140389703634184810106748467872,342769
2021-12-19,153.946309228565,10657148953.102428455733157929,1.141857435853,69226401.1167666,1073775.506869240875,6975,322.094389901165198602300217534459275,336509
2021-12-20,152.848452397898,10582248784.6311574724623966068,1.134177640582,69233601.1167666,1100508.8572648656,7200,332.4845315108802050088260310033128,396665
2021-12-21,155.216274552998,10747283674.7821198158180962668,1.151614164092,69240701.1167666,1102035.5493262858,7100,326.971747879711450289415993122097835320048,392488
2021-12-22,155.475196292657,10766465116.3405914350456628562,1.154145143075,69248763.6167666,1253518.7701095470625,8062.5,367.542847262956589218423040971969931175798,404767
2021-12-23,163.208820991106,11303216810.2596082989710778596,1.211951436642,69256163.6167666,1207745.2753341844,7400,337.341651786711897493649660879349368700532,298582
2021-12-24,161.244982101757,11168406106.8139903020775189162,1.197701035304,69263588.6167666,1197243.992105545725,7425,338.48131879738307272057021195946563125,297571
2021-12-25,158.603032947527,10986590872.4307126714977061982,1.17848663302,69271001.1167666,1175644.9817235438875,7412.5,354.44407489850583490618513195197410761908,245145
2021-12-26,156.156787604998,10818286712.90771597848997449128,1.163159911995,69278363.61665436,1149704.348741797775,7362.5,354.039889435288230108692947018937265114528,249106
2021-12-27,156.236643088304,10824990744.94013499851852660544,1.1649405371,69285863.61665436,1171774.82316228,7500,360.651842553817050456266246499311389445354,282223
2021-12-28,146.404857378559,10144817305.33037324804607786724,1.094601424516,69292901.11665436,1030324.1838016089625,7037.5,341.286486122015704834640753398191123914752,289509
2021-12-29,145.626437737482,10091925039.65229671164343353542,1.091919014161,69300088.61333831,1046690.021238151875,7187.5,351.862542233538307174695409553175115168008,260747
2021-12-30,147.77767236447,10242064246.7470659791901304455,1.109766858411,69307251.10818265,1058457.578310516375,7162.5,350.638673306060487275852708857110945504024,301453
2021-12-31,146.489834772915,10153871644.47644299828009317285,1.101000852394,69314513.59895879,1063882.4250382951875,7262.5,355.534152540716533843995682882535223172032,297675
2022-01-01,150.236871457458,10414805075.54782477575542574054,1.128534771701,69322563.59249963,1209406.8152325369,8050,395.841316602275819637906634668953884533592,256460
2022-01-02,151.406203784606,10497001735.86556712009750368346,1.137094429545,69330063.58708291,1135546.528384545,7500,368.854099132532159265434442561073862015046,276528
2022-01-03,148.527140359694,10298400499.1365451086434692441,1.11640818393,69336826.07903515,1004414.786682430675,6762.5,332.583444593455101830576093301594694953318,299706
2022-01-04,146.568501537152,10163628007.08081312847455001088,1.10228620905,69343876.07493244,1033307.9358369216,7050,351.176742905922321120838083621178339724886,304571
2022-01-05,135.518813810126,9398338297.94240565057912807254,1.022557788841,69350801.07113629,938467.78563512255,6925,348.509223836430200943594580113503927341288,304507
2022-01-06,136.422526180451,9462078980.37399239004586415333,1.031569667534,69358626.06632983,1067506.267362029075,7825,393.802841165439793192104063167633902341288,317546
2022-01-07,131.026541406052,9088757728.92732253761949640596,0.993837318501,69365776.05876973,936839.7710532718,7150,360.086962874713407752784783566946289129512,312309
2022-01-08,129.99058260268,9017781577.836939725900191092,0.986694719349,69372576.0534519,883935.961698224,6800,345.16222934182647008655833557030741586708,312869
2022-01-09,131.031173716065,9090792283.74663524807822162445,0.994627649244,69378851.04689453,822220.615068307875,6275,318.51367718161682927560523733940882331646,309492
2022-01-10,126.693325986879,8790700489.80668601974140476168,0.963533564587,69385663.54092792,863098.2832856131875,6812.5,345.79672198557048087373251350029800600792,344380
2022-01-11,131.595879423176,9131813258.41236374013739347392,1.001341802855,69392851.04092792,945845.3833540775,7187.5,356.252480350127440317748230351064548415704,353432
2022-01-12,141.653640911692,9830796469.46237112148445724064,1.074873982447,69400238.54092792,1046466.27223512465,7387.5,349.24646688589583671532603864338691137791,363882
2022-01-13,137.008679797725,9509483176.540179639729404982,1.040988818931,69407888.54092792,1048116.40045259625,7650,361.6562386460038474948428907946775625,368565
2022-01-14,144.619673468022,10038801900.51017827827232697424,1.096798114038,69415188.54092792,1055723.6163165606,7300,345.10987516458535893861227225619468400097,353139
2022-01-15,147.9577217338,10271583994.248923997303227696,1.120659062607,69422426.04092792,1070844.0110483775,7237.5,352.939149516191180512442106983300229643266,365164
2022-01-16,146.645957477868,10181625314.18730978714558327456,1.111168893782,69429976.04092792,1107176.9789579034,7550,368.836431819439487842309367160126187906918,327728
2022-01-17,151.644863380679,10529849836.65123157247185965768,1.14611135541,69437563.54092792,1150605.4009009019125,7587.5,370.668399681136224268946822056308911002672,395865
2022-01-18,141.76692941876,9844976207.6690594126566557792,1.073625143165,69444801.04092792,1026038.1516682755,7237.5,363.24293486948898539197424234786761213619,369489
2022-01-19,137.181921258477,9527531501.65598486579024597784,1.041458141318,69451801.04092792,960273.448809339,7000,358.842415118906821427208668344824775510608,379560
2022-01-20,131.058945956518,9103195613.59068401383569218256,0.999242189996,69458788.54092792,915774.384871169525,6987.5,358.201625500549728825737379979084550255304,373116
2022-01-21,114.50413560098,7954124364.6244982110260613616,0.87941123654,69465826.04092792,805822.85429189675,7037.5,360.764787664928663176836842853824461478784,370495
2022-01-22,108.230788168883,7519120364.88696208967098991336,0.840188731658,69473026.04092792,779261.6748159576,7200,354.6720987261810171889467394181144,353230
2022-01-23,111.918226594679,7776114873.72074700996289453768,0.868502340127,69480326.04092792,817003.0541411567,7300,359.260440464759473778699444641831284482082,368314
2022-01-24,109.595783290373,7615563134.46963604230622291416,0.852786461452,69487738.54092792,812378.7436398898625,7412.5,364.796988342566741967418012040798062607082,355586
2022-01-25,108.136518597886,7514923141.80572442578879037712,0.843628603554,69494776.04092792,761010.749632622725,7037.5,349.668269256827228521683442636160195524736,420207
2022-01-26,106.991813174002,7436183895.12252812396749993584,0.836423251858,69502363.54092792,811800.382457740175,7587.5,380.444755344484289844440656696272376663168,416730
2022-01-27,106.623482799329,7411418392.27174383764881336568,0.835798794787,69510188.54092792,834328.752904749425,7825,392.353243532141750521882231350334598336832,428937
2022-01-28,109.303159361029,7598494791.26247194636694602968,0.85815881321,69517613.54092792,811575.958255640325,7425,374.85829645754687381619213967962819375,449254
2022-01-29,110.584462017001,7688362719.95004515647585556792,0.867916529448,69524801.04092792,794825.8207471946875,7187.5,375.41727909252967457309597786377083721977,429340
2022-01-30,108.805532038756,7565466366.97749834159564246752,0.85657621573,69532001.04092792,783399.8306790432,7200,376.070178289760310345489886310293,351304
2022-01-31,109.502425808186,7614771429.07893472496937195312,0.863244192838,69539751.04092792,848643.8000134415,7750,404.79776177141719881883737523176247784477,447125
2022-02-01,115.669001034634,8044442256.39637398393441758128,0.910862056249,69547088.54092792,848721.295091626975,7337.5,390.121422368371775415778558969847341298788,475366
2022-02-02,108.379623176963,7538249970.71875734635488750696,0.855751338636,69554126.04092792,762721.5981078771125,7037.5,376.37212950267986350080037047428038024,512856
2022-02-03,110.094401948132,7658301579.75478520521299064544,0.869778155199,69561226.04092792,781670.2538317372,7100,379.714686224821319451504298389037326815,469472
2022-02-04,120.209518101402,8362794482.54785241096973294384,0.948168169596,69568488.54092792,873021.625211432025,7262.5,389.015466540992288766282147276115629369744,430194
2022-02-05,122.047113810164,8491467735.69639692371728737888,0.961090599018,69575326.04092792,834497.14067699635,6837.5,368.129899477627191180001317923370647357564,306533
2022-02-06,127.070330698522,8841855534.30962477747465253424,0.999334567392,69582376.04092792,895845.8314245801,7050,379.570865678867339586133008599878106973846,287795
2022-02-07,137.041396884075,9536695534.655846003997170874,1.074155291205,69589888.54092792,1029523.4940916134375,7512.5,404.471790748695285323973732299197566107564,292228
2022-02-08,134.381984384472,9352646938.53063989900091925824,1.053783671344,69597476.04092792,1019623.3065171813,7587.5,403.337860668968548859651735506724502293888,321198
2022-02-09,140.56137369698,9783809702.8359754997401016816,1.100536274155,69605251.04092792,1092864.6804940195,7775,411.276885218560463626772464059613130761882,457883
2022-02-10,135.482672515363,9431267359.10252603050797563496,1.061975115099,69612351.04092792,961926.9748590773,7100,375.571174889534869339920223862178174511882,381504
2022-02-11,126.104902424391,8779316248.88515447007428089672,0.991089333946,69619151.04092792,857513.3364858588,6800,361.928947134932184556309187471581912612456,313061
2022-02-12,126.528327708716,8809734230.54236171061211175072,0.99447019411,69626576.04092792,939472.8332372163,7425,401.1884505680613017752194507739626375,388140
2022-02-13,125.957592499836,8770864989.05947378888947005364,0.990066757488,69633475.95795699,869107.3882488684,6900,372.821589130114500823642150536710488912444,325821
2022-02-14,124.882902015997,8696959365.3643002463836177175,0.982210225676,69640913.4074275,928816.5837439776875,7437.5,401.863851567737148472552761067958452554148,475987
2022-02-15,131.644312455067,9168735218.9117790545828101425,1.034162867898,69647788.4074275,905054.648128585625,6875,371.071122178256591176326954395385935599136,448815
2022-02-16,128.537781977504,8953235051.39077052339151096,1.01046111327,69654500.9074275,862809.8615239956,6712.5,362.193764502736462489178426298078502808088,489858
2022-02-17,116.327337260426,8103528184.4299219306951279309,0.918750150521,69661425.89757965,805566.81052845005,6925,373.659861721238552776968660725609745410784,332753
2022-02-18,115.10628551878,8019345646.2495058693157693784,0.91064396682,69669050.73955428,877685.4270806975,7625,409.4038680817541712166738080046522232907,460554
2022-02-19,115.623976481981,8056331880.39699236844594454113,0.916088781625,69677000.61459573,919210.61303174895,7950,417.9501757676858867782686657723454429826,323325
2022-02-20,111.015659251428,7736062442.50179785577702188148,0.881038119799,69684425.55460741,824291.2699418529,7425,390.349691283858505473715812828991875,308433
2022-02-21,103.84971935578,7237481707.5041407891512857868,0.826958030081,69691875.45619806,773680.409200561,7450,391.6639991675623980117773357571092880116,294886
2022-02-22,107.246865424299,7474940336.35804458419628065994,0.854707815363,69698450.45619806,705148.140164765925,6575,361.30119635493344177338115764284453870984,305842
2022-02-23,105.77133501839,7372801532.8430546279995823234,0.844094741952,69705100.45619806,703379.3778722935,6650,367.971281184140259717542604325253805697008,280254
2022-02-24,104.133375978038,7259395417.04001872648153820628,0.833090975856,69712475.45619806,767983.64783803025,7375,408.088453198920757729433245067003927211968,313056
2022-02-25,109.642455799713,7644191207.06351370112731915678,0.87713346716,69719262.95619806,744198.1687405519875,6787.5,372.504779734210108286511169156573368058716,308553
2022-02-26,108.042265967298,7533375329.7668965905428966655,0.864454322746,69726187.82400475,748192.69182353865,6925,366.487054073184359477226476025276369286608,286449
2022-02-27,102.796840541539,7168425916.90679786178870831025,0.824731561476,69733912.82400475,794105.593183388775,7725,408.824908076338110653455539904421386339956,291586
2022-02-28,113.268299442556,7899471409.343882646860496141,0.906639565134,69741237.82400475,829690.2934167227,7325,387.655979169557785871387713095008054553348,316540
2022-03-01,112.458513450944,7843843587.961459129644747984,0.900667231302,69748775.32400475,847656.0451364904,7537.5,402.396557155756320643614291332411503125,379016
2022-03-02,110.332793999002,7696382688.9022827735981432595,0.884581323396,69756075.32400475,805429.3961927146,7300,390.898554349619043857415150184479722199252,304561
2022-03-03,111.307837273891,7765228515.76526053838023498225,0.892626387619,69763537.82400475,830634.7356564115875,7462.5,399.600061541872098364400920377877939652244,300940
2022-03-04,101.085480969725,7052845234.03895593772550619375,0.813633343805,69771100.32400475,764458.9498335453125,7562.5,410.015065520624305424010885072121784606064,316237
2022-03-05,104.901932701047,7319868074.38892225471955797325,0.844197622515,69778200.32400475,744803.7221774337,7100,393.43421136741911935272355129949679386297,294597
2022-03-06,101.385436967122,7075266394.5854698038231218295,0.816889065204,69785825.32400475,773063.95687430525,7625,422.52617906362360555664955390921638102406,284803
2022-03-07,98.7707846294823,6893464956.794578278044255240925,0.797105718961,69792550.32400475,664233.5266332684675,6725,372.65423672141899342213010415630050602406,291346
2022-03-08,100.412805285633,7008813841.47140927337019875675,0.810573592472,69800000.32400475,748075.39937796585,7450,410.987611707264526818345019647715253639732,303314
2022-03-09,106.832020428853,7457600182.88668231078290905175,0.861088393777,69806787.82400475,725122.3386608397375,6787.5,374.168645319673355423139369714603841496154,306745
2022-03-10,102.62948986686,7164975238.817406246939507585,0.828348858405,69814000.32400475,740215.19566472775,7212.5,397.597253910442579341823611769463267998718,285984
2022-03-11,105.1865993892,7344317739.3138023984478987,0.847272049529,69821800.32400475,820455.47523576,7800,431.628885841448994212436473387838727558386,293512
2022-03-12,105.976459439253,7400260688.75256276873780845175,0.853735276938,69829287.82400475,793498.7400514068375,7487.5,416.845623135704850951359519502255932411328,296138
2022-03-13,101.741869949649,7105345732.86511197995603683275,0.820734219109,69836987.82400475,783412.3986122973,7700,428.675962749681015558346654004243489463672,276378
2022-03-14,105.635557309701,7378118175.41142142476534507975,0.851581107703,69845025.32400475,849045.7918767217875,8037.5,452.433934370991342711240422810261310470448,305647
2022-03-15,106.990323630007,7473518880.58666565117201053325,0.862674907152,69852287.82400475,777017.2253629258375,7262.5,439.099599033161309924101930227723350125568,380245
2022-03-16,111.194463103139,7767942373.53445435554177591025,0.895980682844,69859075.32400475,754732.4183125559625,6787.5,410.380517007506433056628510214129237405824,299089
2022-03-17,110.307483766212,7706777167.638993234050577507,0.889491923086,69866312.82400475,798350.41375795935,7237.5,437.588065192605372477307313262770037405824,299640
2022-03-18,112.15092985187,7836366818.2490872469226763825,0.903919768388,69873400.32400475,794869.715325128625,7087.5,421.901836066906824540838794979269375,327248
2022-03-19,114.935479322385,8031735869.78614246816702132875,0.925886143223,69880387.82400475,803111.6617651651875,6987.5,411.496708962792208787093591289360513633852,324493
2022-03-20,114.939823082393,8032888531.36313708842997336675,0.925910008473,69887775.32400475,849117.9430211782875,7387.5,435.052873104682854004884400512267934098444,316250
2022-03-21,116.035913731729,8110340381.01783720095792171275,0.939362121489,69895087.82400475,848512.6191632683125,7312.5,431.28749281078107352788079823355034375,322152
2022-03-22,122.876147357126,8589331499.0218520515087703485,0.992524045418,69902350.32400475,892388.020181127575,7262.5,434.449863905971605224745462737831743672112,336833
2022-03-23,122.279570140771,8548544917.73031428828047266225,0.987516595006,69909837.82400475,915568.2814290228625,7487.5,447.909584243063868273091805122537999922112,306381
2022-03-24,126.876480609086,8870826107.7660634697767571585,1.023172667627,69917025.32400475,911924.704377805625,7187.5,429.963289024570681585455290119319803886778,308934
2022-03-25,123.980446936419,8669275451.24264419573520399025,1.000347831529,69924537.82400475,931403.1076098477375,7512.5,454.276512054285885385823793288038637939492,302767
2022-03-26,124.906075342262,8734905158.7642176680757637445,1.007567947517,69931787.82400475,905569.0462313995,7250,440.836982855816836014328461044815673602576,287642
2022-03-27,129.209944523172,9036806276.249229582494213067,1.041293431044,69938937.82400475,923851.1033406798,7150,434.756476612149114548601229584025126397424,286134
2022-03-28,128.458316020078,8985204825.9326396415813673705,1.034903556403,69946462.82400475,966648.82805108695,7525,458.88266171577400331043240215830013513346,316519
2022-03-29,130.033182667445,9096331549.96111631349485036375,1.04770707204,69953925.32400475,970372.6256558083125,7462.5,459.65800252529471862448746603656128713429,336617
2022-03-30,131.312411895574,9186724711.5000160766724799765,1.059262969701,69960825.32400475,906055.6420794606,6900,425.01041428381794850432442650162277150929,318561
2022-03-31,123.640702669617,8650940635.22022169088108868075,0.99959759352,69968387.82400475,935032.8139389785625,7562.5,465.81757426098962163574162588509136329786,317799
2022-04-01,124.848558363221,8736343457.41105610636082929975,1.010441697837,69975525.32400475,891106.5853174898875,7137.5,445.052610781901684380495299524226006121808,302620
2022-04-02,125.177468930724,8760329272.540908167631996939,1.01295158817,69983275.32400475,970125.384213111,7750,484.942829376494300044594968785789012074644,276060
2022-04-03,128.891474158069,9021289932.71823954072910682775,1.041985332808,69991362.82400475,1042409.7972533830375,8087.5,506.061307408187074497692853474875555824644,264434
2022-04-04,124.900014088338,8742826166.6321341664884316055,1.009961284125,69998600.32400475,903963.851964346275,7237.5,469.082520293456319038719432079163146554294,290584
2022-04-05,123.689300000714,8658977714.7634049191563393915,1.002351560143,70005875.32400475,899839.65750519435,7275,489.77489765623208960911147627264177192582,323604
2022-04-06,113.230672326377,7927572390.62157394992719829075,0.922139979687,70012587.82400475,760060.8879908056125,6712.5,451.90570466341148224451620085641161567582,308747
2022-04-07,114.278635295617,8001735798.07415758122256218075,0.92439870513,70019525.32400475,792808.0323633429375,6937.5,467.05338186053972519035431102290367817582,297103
2022-04-08,110.519207842001,7739298210.57839578377057350475,0.895957133095,70026725.32400475,795738.2964624072,7200,469.2892882353802804262525973623392,310676
2022-04-09,112.544853994443,7881993070.51471202446850560425,0.912234405163,70034237.82400475,845493.2156332530375,7512.5,487.465757606532447252735350364500569920416,293985
2022-04-10,111.058820041111,7778734709.30456441254015927725,0.900853740591,70041575.32400475,814894.0920516519625,7337.5,476.110480002757008980807232421010530079584,297579
2022-04-11,102.606354367284,7187458441.945097609633260599,0.837152385551,70048862.82400475,747743.80745158215,7287.5,476.898944428503306250595563272511967352576,356273
2022-04-12,104.795021310254,7341492538.1721449631985197065,0.855376703338,70055737.82400475,720465.77150799625,6875,454.56596721310521742775731206763994403897,346612
2022-04-13,110.449406383643,7738438885.12458854058065430425,0.900522975336,70063200.32400475,824228.6951379358875,7462.5,493.41069430770909474935076087758453524191,326969
2022-04-14,107.392102775993,7525027769.16976181779741796675,0.87705679558,70070587.82400475,793359.1592576482875,7387.5,488.45179601512907272481671897663990225809,303029
2022-04-15,110.951593948472,7775214521.557663107076183242,0.905929529058,70077537.82400475,771113.5779418804,6950,463.2952596966371295628536438608810142813,308782
2022-04-16,114.027368603225,7991608165.50243318244576531875,0.930251978391,70085000.32400475,850929.2382015665625,7462.5,497.579069266100840729637461556602948015376,283185
2022-04-17,108.804340979308,7626326143.663139806065443713,0.889196512478,70092112.82400475,773870.87521532815,7112.5,474.242027949840642174620891904595040343584,283893
2022-04-18,111.235328120765,7797493644.62788947131143363375,0.908834192837,70099075.32400475,774475.9720408263125,6962.5,462.435607623565076166158699182199757383078,290037
2022-04-19,113.859411077359,7982273453.64475101886693345525,0.929922319348,70106400.32400475,834020.186141654675,7325,484.129036307088132785939800292744224845534,326584
2022-04-20,111.924738058924,7847447749.691546276547155889,0.914908567685,70113612.82400475,807257.17324998935,7212.5,476.693607413705082125805652468306421720534,319773
2022-04-21,106.797906922904,7488752036.414922863678779794,0.874839266911,70120775.32400475,764940.0083352999,7162.5,473.388974464945722616924885651158334838398,314704
2022-04-22,105.488811585453,7397733917.75511700932930290175,0.865342849756,70128137.82400475,776661.3752978977125,7362.5,486.433995458587872628383011852085340907616,306018
2022-04-23,105.551722416321,7402889876.81588582875698152475,0.866175977122,70135187.82400475,744139.64303506305,7050,465.777533383365096373672195164483207632646,272025
2022-04-24,104.737830971078,7346606073.3965718162013846205,0.859876343982,70142812.82400475,798625.96115446975,7625,503.766480483716859911189701026863369671764,280441
2022-04-25,104.69926737979,7344644479.4294327209470140025,0.860017616981,70149912.82400475,743364.798396509,7100,472.017059622468411359229485135941849780312,292149
2022-04-26,98.157446671746,6886459011.2509978216673947935,0.808532214464,70157275.32400475,722684.201120729925,7362.5,492.556276300702880906009530467967541636352,317252
2022-04-27,100.454187888058,7048256370.4291981385982602755,0.8277837581,70163887.82400475,664253.317409783525,6612.5,442.380767276805809665197965908580341681824,278770
2022-04-28,103.259242701952,7245880506.786651598435282272,0.851331381151,70171737.82400475,810585.0552103232,7850,525.245386352931980112229728626614089520052,303737
2022-04-29,100.378943528076,7044497674.590482409928382361,0.829004019531,70179037.82400475,732766.2877549548,7300,492.026148844241772196843612770561344104792,303269
2022-04-30,95.8553190382277,6727761362.649026925663706381575,0.794907605388,70186625.32400475,727302.23320255267375,7587.5,511.403888290358435233554345168384086080832,305082
2022-05-01,99.3340346341725,6972642084.216907178730152319375,0.823314100118,70193887.82400475,721413.42653067778125,7262.5,489.498618878103244187738012951136063919168,293630
2022-05-02,100.830199165965,7078394708.47175775840619833375,0.83580237075,70201137.82400475,731018.94395324625,7250,496.741546700734102582311976161667122736536,300166
2022-05-03,99.22111784127,6966158442.5230801806312260325,0.823285219667,70208425.32400475,723073.896268255125,7287.5,504.729078810661955462666133083161625772732,295972
2022-05-04,106.068802289157,7447675347.36112771646024149575,0.878619837861,70215512.82400475,751762.6362244002375,7087.5,490.877164763846582932432369304698471875,285904
2022-05-05,96.7897507735945,6796820724.802848118073292573875,0.804521154054,70222525.32400475,678738.12729983143125,7012.5,485.285993392557801928680004865471358521216,295213
2022-05-06,96.8726262901575,6803365786.652780914954658248125,0.807085150793,70230012.82400475,725333.78934755428125,7487.5,513.054836724726880265506923466622078936832,280813
2022-05-07,94.4982654529001,6637306594.397821550984283675475,0.78901363586,70237337.82400475,692199.7944424932325,7325,501.920087992352973407910253517973052140792,279522
2022-05-08,93.9499984628476,6599497708.0883020713403209261,0.78483599451,70244787.82400475,699927.48854821462,7450,510.485276668421905441455161462658904281584,258981
2022-05-09,78.0780893961509,5485130249.842655439442523316775,0.657264107446,70251850.32400475,551426.50636031573125,7062.5,493.929253708420762305387525329193969202452,282077
2022-05-10,80.1020983424969,5627859310.007154483853622460275,0.674814385778,70258575.32400475,538686.6113532916525,6725,475.225093040548908342004067799320385488756,284110
2022-05-11,66.1434393318948,4647569612.8793682955557417003,0.561460016372,70265012.82400475,425798.390699072775,6437.5,454.908776441099135426807804633031230136244,301259
2022-05-12,64.060998262111,4501680877.66900122007820902725,0.546239802342,70271787.82400475,434013.263225802025,6775,478.758362838064469882418365464629989511244,304746
2022-05-13,67.8585673559105,4769045848.906003363109942574875,0.58060517034,70279200.32400475,503001.63052568658125,7412.5,488.348440113918307561110987091881470616542,358847
2022-05-14,68.7201896623282,4830061259.85547228297773285895,0.588233805671,70285912.82400475,461284.2731083780425,6712.5,439.403133518163293106742082722977245118576,290350
2022-05-15,71.1254491819418,4999616777.05064445687025742355,0.608655448261,70292937.82400475,499656.280503141145,7025,459.859514021239258843038441635790823175232,276962
2022-05-16,67.1995661221041,4724132880.135202956705808394475,0.576271387117,70300050.32400475,477956.91404346541125,7112.5,462.686622253192070152611238226717860305624,325953
2022-05-17,72.8417228970003,5121252988.109769296288107951425,0.624115255523,70306587.82400475,476202.76343913946125,6537.5,420.246765214219796664355005638762610147282,331168
2022-05-18,66.4893813930317,4675152669.392389433421387700575,0.571042070305,70314275.32400475,511137.11945893119375,7687.5,494.171625461073089928036513243251936691846,336377
2022-05-19,71.9144585747125,5057120935.862752849853829884375,0.617572347008,70321337.82400475,507895.86368390703125,7062.5,453.995072991408969988649443038261807830436,317529
2022-05-20,68.7023773691238,4831729157.60629997385611453805,0.590855893498,70328412.82400475,486069.319886550885,7075,450.631657308344929013475106219861886484154,359856
2022-05-21,69.6171066425745,4896612331.141885134344440228875,0.598681086504,70336337.82400475,551715.5701424029125,7925,503.567951592853559965645488226657559474608,316826
2022-05-22,71.7483366398437,5047036316.505311171228398057575,0.616750016668,70343600.32400475,521072.29484686487125,7262.5,461.471580987301453856840479566643721775392,293247
2022-05-23,68.9459924750348,4850428157.1990616495255316153,0.595008328704,70351125.32400475,518818.59337463687,7525,485.757736547567196298992302195264483200272,398955
2022-05-24,70.2610611126808,4943489238.9593868626488644338,0.606678583497,70358875.32400475,544523.2236232762,7750,511.237025996781417475044093222457512909556,347552
2022-05-25,68.2690522983042,4803838076.76819886470147774495,0.59837919745,70366262.82400475,504337.6238537222775,7387.5,487.324327473847319448885639031081032478668,373762
2022-05-26,63.9223019934511,4498434541.989710626385125292725,0.561889223807,70373475.32400475,461039.60312776605875,7212.5,476.50723928307244888533418703737150727945,389341
2022-05-27,61.4092836914486,4322013807.89475937310438078085,0.542486556921,70380462.82400475,429097.3697939970925,6987.5,478.606570594943278886774353525128372672408,381746
2022-05-28,63.0150949025001,4435504157.348308265157069275475,0.556734968943,70387962.82400475,472613.21176875075,7500,513.710095893855177542796102334657044482776,354418
2022-05-29,63.7406865801178,4487045571.42423403803192275955,0.563814669184,70395312.82400475,468494.04636386583,7350,503.435890721110916824048678314060605517224,341785
2022-05-30,69.0932971329902,4864313236.47304582367020650345,0.611483455541,70402100.32400475,468970.7542901709825,6787.5,467.028394835739562018791002485730784293388,339183
2022-05-31,68.6565143298027,4833979039.861363855837891362825,0.607970892117,70408162.82400475,416230.11812442886875,6062.5,418.712189288687656521376281419501234073712,367251
2022-06-01,62.8947366856452,4428701455.81111811067516188814,0.558337832659,70414500.30940195,398595.393745276455,6337.5,437.705317289290382179199236214344647778864,339085
2022-06-02,64.3749974251379,4533358151.093128304272645278905,0.571649165085,70421100.30940195,424874.98300591014,6600,455.835126714680422639528879631423977221136,335425
2022-06-03,62.6061370088755,4409281382.154852574463247007225,0.556511017978,70428900.30940195,488327.8686692289,7800,501.527662717785079906806206253504208320798,344015
2022-06-04,63.6410706860097,4482660659.172862205359238898915,0.565716376323,70436600.30940195,490036.24428227469,7700,477.908985427187803819720715775250201190904,322698
2022-06-05,63.2293157755944,4454147279.95331977484466976908,0.562219540813,70444337.80940195,489236.83081366167,7737.5,480.236467241165759819142625147934271279548,287343
2022-06-06,64.2687706159377,4527866660.757456589958825458515,0.57154092438,70452050.30940195,495672.89337541951125,7712.5,494.684958305905748484762701308142962155088,339541
2022-06-07,63.8349097639238,4497752704.10704512275456337141,0.567908908407,70459137.80940195,452429.9229518099325,7087.5,474.652430171100918598702325138916215625,285154
2022-06-08,61.5079499537661,4334203074.635898795196391183895,0.548276579814,70465737.80940195,405952.46969485626,6600,442.004381025879984036381995384226148354002,244415
2022-06-09,60.0521395817677,4232034934.380800135868610827015,0.539900120295,70472675.30940195,416611.71834851341875,6937.5,464.606877700694313493463058486079301479002,261454
2022-06-10,56.5454943154444,3985344127.31478109328741247658,0.510532802663,70480312.80940195,431866.212834206605,7637.5,497.435543047537072501901356895608827583586,339944
2022-06-11,52.1126530211774,3673268498.07646444653067885593,0.47213401731,70487075.30940195,352411.8160557121675,6762.5,437.864598081894106625630483752580039711608,268304
2022-06-12,48.3408797858743,3407717824.142292437515090874885,0.439271837766,70493500.30940195,310590.1526242423775,6425,416.011836229404442181110320525569752211608,219839
2022-06-13,42.859172733497,3021564190.61702175715580211915,0.404051049532,70499825.30940195,271084.267539368525,6325,406.777432896659765737306603791869169043272,238492
2022-06-14,45.8826142933089,3235020838.269318292213895612355,0.434521016123,70506462.80940195,304545.85237183782375,6637.5,401.039609892120772861893621812073675,254263
2022-06-15,50.344846686451,3549944793.41867135856397797945,0.476529869974,70512575.30940195,307732.8753709317375,6112.5,369.318961331922800257239354371503339351824,234054
2022-06-16,44.4454211832033,3134247781.305343075436908266435,0.423132249384,70519025.30940195,286672.966631661285,6450,389.710805902708602267166148700930814351824,252368
2022-06-17,47.7524328746896,3367780932.83012337483306788472,0.454620790349,70525850.30940195,325910.35436975652,6825,404.73667203573737900178740386929219917057,228335
2022-06-18,46.9518526228967,3311646232.105400905605603628565,0.447421461263,70532812.80940195,326902.27388691827375,6962.5,384.3438920586531522161149119461219365904,215184
2022-06-19,54.1700782156322,3821133634.68180388048162316279,0.515180756686,70539562.80940195,365648.02795551735,6750,372.61346763590679157939264962315,212155
2022-06-20,52.7937109370282,3724406925.50383003298535228499,0.503482419391,70546412.80940195,361636.91991864317,6850,378.1336675980547056897917011190694365904,240315
2022-06-21,53.6227988427268,3783305647.28068730993741523726,0.511680593672,70554050.30940195,409544.126161325935,7637.5,408.10395501711865169029080308404418184376,253971
2022-06-22,52.1456422668747,3679460412.896419154880952585665,0.498271743236,70561225.30940195,374144.9832648259725,7175,374.366369945528551548019440195329121417584,265576
2022-06-23,55.7585875868745,3934857057.928445428237264705275,0.532669183979,70569525.30940195,462796.27697105835,8300,433.064929562189550380764511818440496417584,242471
2022-06-24,56.1082174950391,3959970724.088927104351712866245,0.535986878145,70577375.30940195,440449.507336056935,7850,422.52617705397982249196697929019233361882,239411
2022-06-25,58.9373326153659,4160065119.091250775837809423505,0.562338795877,70584550.30940195,422875.3615152503325,7175,410.250163905418787249052083953365405832132,224101
2022-06-26,57.0757667669342,4029063293.94030452805713700169,0.544956816482,70591487.80940195,395963.1319456060125,6937.5,396.670455134929545381390522690100927498198,208834
2022-06-27,55.9734523670368,3951625002.21683272435330164176,0.534808162008,70598200.30940195,375721.79901373452,6712.5,383.805467445329625646555957793633446248198,259630
2022-06-28,52.7228541350791,3722522834.911204585520286944245,0.505454271542,70605487.80940195,384217.79950938894125,7287.5,408.25811761459199068173804910212065511318,251417
2022-06-29,53.3190783151354,3765006097.30562508006310727403,0.512436488556,70612737.80940195,386563.31778473165,7250,403.43341483082568924144290601366537888332,225120
2022-06-30,52.5800392709399,3713156382.047780347092883392805,0.505751378844,70619125.30940195,335855.00084312861125,6387.5,355.43875242218949032179190073416757618334,238489
2022-07-01,51.3324253150406,3625380786.59101813803292596917,0.494626736403,70625550.30940195,329810.832649135855,6425,356.42779342835617286858031950550162182509,229686
2022-07-02,50.3751498959135,3558163720.418570327806683931325,0.485844946201,70633312.80940195,391037.10106702854375,7762.5,408.4464455850060438911498696307803625,207426
2022-07-03,50.9353413081475,3598143835.244864731156387387625,0.491301867031,70641400.30940195,411939.57282964290625,8087.5,425.547263373437416379996511660951386636392,193986
2022-07-04,52.144722706311,3683958190.81310049101690070645,0.502905932122,70648725.30940195,381960.093823728075,7325,385.426114092444149027069171519003825863608,204218
2022-07-05,49.8067140014342,3519132615.96890396556854427669,0.480986925509,70655787.80940195,351759.9176351290375,7062.5,392.874368494474231485736287914160733887644,226183
2022-07-06,50.3675176031547,3559124319.133319005211640331665,0.487238385707,70663087.80940195,367682.87850302931,7300,412.851648523844244909504931834987890751096,228963
2022-07-07,52.1848578492859,3687909138.840916260631863567505,0.504627648321,70670100.30940195,365946.31566811737375,7012.5,396.592078382504325451452993568919215246712,277721
2022-07-08,51.7992753694406,3661029056.14970821822689204917,0.501626958394,70677225.30940195,369069.837007264275,7125,401.328191231081443845793944354643459852716,254712
2022-07-09,54.2472269419708,3834402190.77608375488330236306,0.524951840672,70683837.80940195,358709.788153781915,6612.5,367.402691212735950096465294679057079570088,229060
2022-07-10,52.0728848917947,3681077161.975638643575569179665,0.505646381984,70690862.80940195,365812.0163648577675,7025,390.321949000745973022031413789184715859824,189488
2022-07-11,48.6668382782615,3440668222.724935973497500709925,0.473333580567,70698412.80940195,367434.629000874325,7550,419.491918186021051425344204347773357089956,222181
2022-07-12,47.5853847471474,3364554384.13553471639266249743,0.463285422567,70705625.30940195,343209.5874888006225,7212.5,393.808915318624900376485142244446391532752,233304
2022-07-13,49.4204350418003,3494642528.184082685531344330585,0.481066041997,70712500.30940195,339765.4909123770625,6875,372.137584988299612854653575483560091333718,219426
2022-07-14,51.1805178970235,3619472166.870432277886470095825,0.498269583343,70719725.30940195,369779.2418059947875,7225,391.082770722170983103919438840090176417436,225453
2022-07-15,51.7789253219813,3662186189.892134562080392083535,0.504639618275,70727350.30940195,394814.3055801074125,7625,413.369808453574900320812299262633401417548,232964
2022-07-16,55.0512427747468,3894031094.91024028538507067626,0.535970551903,70734662.80940195,402562.212790335975,7312.5,399.229213805519544109757745089921421875,215963
2022-07-17,56.0451662136973,3964748566.759013453624561329735,0.545447119136,70742025.30940195,412632.53624834637125,7362.5,401.958984460554229296610733225613487272096,206596
2022-07-18,58.3663948449112,4129424642.07595046365547285684,0.578883564363,70750037.80940195,467660.73869485099,8012.5,437.446026561238690774854184858375585823548,247280
2022-07-19,58.1241108809588,4112682645.72801297628987058966,0.594722081898,70756912.80940195,399603.26230659175,6875,391.256899957890815747732826204769247551042,272069
2022-07-20,57.30688403278,4055271522.787009685665995921,0.589845026941,70764125.30940195,413325.90108642575,7212.5,413.81751480361225518448257993699874865297,233756
2022-07-21,58.1181871707902,4113066259.74440171800247092089,0.597976150605,70770725.30940195,383580.03532721532,6600,378.67530130535371229769273488988776966609,221482
2022-07-22,56.1187143029128,3971971079.77873058162411099996,0.57794494815,70778012.80940195,408965.13048247703,7287.5,415.49196100241867089663869139722476933622,233889
2022-07-23,56.4886667658707,3998573596.074902071424338027865,0.581728027662,70785412.80940195,418016.13406744318,7400,412.604716561773398566837416260953845143808,218418
2022-07-24,58.5351952892432,4143850635.55482945550266010424,0.602347605947,70792462.80940195,412673.12678916456,7050,393.089629104538052933264392339404367715712,214785
2022-07-25,54.7935086695949,3879366732.356320587499735551721,0.564840679271,70799750.30890829,399307.69442967283375,7287.5,406.332009735714452874698757037286445143808,248194
2022-07-26,53.6913018702513,3801730095.231672719831880953277,0.553905168493,70807187.80890829,399329.05765999404375,7437.5,414.03605888271434728356520398289451833682,256649
2022-07-27,58.8982343049073,4170829153.224932932784502651517,0.606483770928,70814162.80890829,410815.1842767284175,6975,388.08631940258596752798793402346735625,243345
2022-07-28,63.4546615050472,4493943224.815607869592956921288,0.652169758677,70821325.30890829,454494.01302990057,7162.5,398.518748678866474276885562453734101176178,271536
2022-07-29,61.4684117007761,4353709270.295351868742736723869,0.632723265892,70828400.30890829,434889.0127829909075,7075,393.373712032652049673199422071119277190696,259831
2022-07-30,60.303839005008,4271682004.58911491287232271632,0.620990833722,70835987.80890829,457555.3784504982,7587.5,420.864205369349156791285511976015099982096,247014
2022-07-31,59.9393838135231,4246310511.013012609067849696499,0.618095875188,70843412.80890829,445049.9248154090175,7425,411.85064092871670496134820233081444375,270707
2022-08-01,59.4893170969893,4214882085.714314386196228811297,0.613737224773,70851075.30890829,455836.89225568051125,7662.5,425.024314184712003277656156319068021089274,280616
2022-08-02,58.3783385177113,4136589112.493863861946082396677,0.602646684857,70858287.80890829,421053.76655899275125,7212.5,417.078441905648908307551060598463025187448,281571
2022-08-03,57.6107203496804,4082602438.860644301017974410516,0.595006766257,70865325.30890829,405435.444460875815,7037.5,409.3633354691442237036708119579175931808,238918
2022-08-04,59.7781534515349,4236602540.471575604174993834321,0.617209227586,70872087.80890829,404249.76271600476125,6762.5,393.3668973708618704334408841727805235798,259457
2022-08-05,62.3288396656845,4417798833.923484564804520574505,0.643372792627,70878887.80890829,423836.1097266546,6800,391.537059002906053050875288869427467043792,295555
2022-08-06,61.0223329097589,4325596309.987534900955596111281,0.630202714255,70885462.80890829,401221.8388816647675,6575,366.946448764656252961207569456421427763864,260445
2022-08-07,61.0484047052891,4327896179.474771493787559836639,0.630435425108,70892862.80890829,451758.19481913934,7400,412.989161968859716372767602324776114243068,291138
2022-08-08,62.58386093539,4437192630.4587776936491253831,0.645943957253,70899950.30890829,443563.114379576625,7087.5,395.548740422366674734341025098296528125,261618
2022-08-09,59.2476875883355,4201118756.701708701104443251295,0.612508180641,70907725.30890829,460650.7709993085125,7775,432.743662601714674384815549620286063762504,324049
2022-08-10,61.6105884889409,4369145707.019509929962417330061,0.636320298009,70915500.30890829,479022.3255015154975,7775,432.207525486176678267937649069111947746866,291850
2022-08-11,61.8559142303667,4387024807.643443385815493369943,0.638891379068,70923287.80890829,481702.93206898067625,7787.5,432.902392446495127177453197075026686118732,263824
2022-08-12,62.9091277003939,4462179833.606421861889061975431,0.649340764378,70930562.80890829,457663.9040203656225,7275,415.473801442593355621251463191736626801752,291642
2022-08-13,63.8077011608112,4526383546.289972168757202804848,0.658387038378,70937887.80890829,467391.41100294204,7325,434.42645274351015135135904716129595863477,310420
2022-08-14,63.2859109980758,4489838752.155217077195288668382,0.653154463293,70945312.80890829,469897.889160712815,7425,440.35718978067172587429552657569784375,284392
2022-08-15,60.6800903330889,4305402611.100814791867522516981,0.626893924744,70952475.30890829,434621.14701074924625,7162.5,424.78900772695404596777954613892638972069,281612
2022-08-16,61.3360842079609,4352367919.188342577880956005861,0.633642062281,70959337.80890829,420918.87787713167625,6862.5,407.360699080885169695429354037387225,295227
2022-08-17,60.3316317125271,4281529285.436374066909018039659,0.623701482246,70966575.30890829,436650.18451941488625,7237.5,429.639155635771534061753585886148073507046,263013
2022-08-18,60.0348082077663,4260921002.335601214573229581708,0.620792764507,70974175.30825716,456264.54237902388,7600,451.158218640153904881203462502207006157272,340009
2022-08-19,53.9682523817193,3830754943.703811188705777335188,0.56491484165,70981637.80825716,402738.08339858027625,7462.5,445.965879435415710817709781493373656914,287767
2022-08-20,54.1015211141236,3840628453.235021801254776824976,0.567035069427,70989287.80825716,413876.63652304554,7650,460.3512959134732200490892478906357625,269962
2022-08-21,55.5317108581757,3942571009.988233108057404063012,0.582149928212,70996750.30825716,414405.39227913616125,7462.5,449.068174471354614731107350484408814154378,254051
2022-08-22,56.9277242651086,4042033530.771458022165464127576,0.596589999482,71002900.30825716,350105.50423041789,6150,370.086337374678615062124987673928351470622,233069
2022-08-23,57.1098205960165,4055388366.508933437172375967495,0.598606906771,71010350.30727803,425468.163440322925,7450,445.63376458595873393968125997286765116566,333695
2022-08-24,56.4680156704924,4010229319.683904609873033801972,0.592262910433,71017712.80727803,415745.765374000295,7362.5,440.29341192709309725358100783348247921168,278152
2022-08-25,56.8336837531119,4036645085.396673118141731001557,0.596124794933,71025575.30727803,446854.83850884231375,7862.5,470.19449505539431094677669302767514191583,250818
2022-08-26,52.6213852193468,3737833823.901169091752002590804,0.553201911349,71032600.30727803,369665.23116591127,7025,430.877507439818743440554843611406713176768,266872
2022-08-27,53.0830530389201,3770993562.669620408134881655403,0.558237277686,71039500.30727803,366273.06596854869,6900,430.271599406229229434716840069605320683024,232441
2022-08-28,53.9533341543124,3833180734.406137721558830276572,0.567349968595,71046225.30727803,362836.17218775089,6725,419.358916370413210338848618631294502877984,262453
2022-08-29,55.6570427995665,3954586660.592120094532728973995,0.585041936037,71052762.80727803,363857.91730216599375,6537.5,407.666751805804758770861118402605348561008,282004
2022-08-30,53.1767591876438,3778764453.755652672673587205714,0.560341279503,71060450.30727803,408796.3362550117125,7687.5,453.18395615448250642136268866219870039496,272072
2022-08-31,53.7703084901273,3821293185.732599041256091193219,0.567060366323,71066975.30727803,350851.2628980806325,6525,381.9808118698833860009102188907365125,320085
2022-09-01,57.4196785303743,4081080701.318746924826710066629,0.606781986244,71074600.30727803,437825.0487941040375,7625,446.376045458935449528747064376464277404488,276359
2022-09-02,60.9017155324133,4328987595.145327621869109969799,0.642763582643,71081537.80727803,422505.65150611726875,6937.5,407.05684824653467986837877360197527844106,270710
2022-09-03,60.0031056648405,4265560797.045482407074029104215,0.633651218722,71089000.30727803,447773.17602387223125,7462.5,439.380884495147224021981344863535037606668,320998
2022-09-04,60.7669112828986,4320310928.764981921931354497758,0.641602779576,71096437.80727803,451953.9026665583375,7437.5,437.908922670341647811123351117407237535556,258297
2022-09-05,60.3682459335319,4292392084.078572798363693174157,0.637616949107,71103475.30727803,424841.53075723074625,7037.5,414.357520755694122751901350650072131107776,270475
2022-09-06,54.2629041183191,3858676503.991859698869729959373,0.574537417228,71110762.80727803,395440.91376225044125,7287.5,433.50896851139737413879476009607418326174,330886
2022-09-07,57.6561934303165,4100441469.155728271635346396495,0.609947369165,71118837.80727803,465573.7619498057375,8075,480.726181989346387069185023089333885337392,277442
2022-09-08,58.0112636805245,4126162093.644680887168367726735,0.613810223902,71126912.80727803,468440.9542202353375,8075,480.726181989346387069185023089333885337392,407698
2022-09-09,61.1396114648041,4349134946.284823307269168183923,0.646219104016,71134487.80727803,463132.5568458910575,7575,477.501830948103788135609661644170405168274,332051
2022-09-10,63.4292958420966,4512517906.070588409939134317698,0.670061463817,71142487.80727803,507434.3667367728,8000,516.324595128495067323027901719937324201104,272889
2022-09-11,62.158613223716,4422555824.62608835381540175948,0.656859378346,71149525.30727803,437441.24056190135,7037.5,454.204294796600679846307056432676028195584,218445
2022-09-12,61.325383124815,4363713441.37604454646339731445,0.648316723865,71156725.30727803,441542.758498668,7200,469.3782820447604700593522181037526,336564
2022-09-13,58.9218712472428,4193094704.365856014451410515684,0.625905000005,71163637.80727803,407297.434996565855,6912.5,459.994679855466759070444356011464951092288,292500
2022-09-14,60.0428085500224,4273277474.894312021398039527872,0.637799600414,71170512.80727803,412794.308781404,6875,457.499231098206426749826622930881536991822,292482
2022-09-15,56.2217991253488,4001725718.975259756572902326864,0.598256635394,71177475.30727803,391444.27641024102,6962.5,463.321949656411882513834812547716972383178,236791
2022-09-16,55.6988087939747,3964900226.531031367914221685841,0.591810757444,71184650.30727803,399638.9530967684725,7175,468.295671449761934357317173602979197876712,223635
2022-09-17,57.7099772251696,4108482945.349559759334981103888,0.61285259972,71191900.30727803,418397.3348824796,7250,469.325448769883476382654537235504839110992,221033
2022-09-18,52.9045240937478,3766749227.207147553814359300834,0.562933788413,71199000.30727803,375622.12106560938,7100,459.615268581966577486994466606161516027748,204706
2022-09-19,52.7473095615289,3755960545.280270255274264180067,0.561665156282,71206675.30727803,404835.6008847343075,7675,497.521609230541328105622918041992450827608,305636
2022-09-20,52.2863260284039,3723515169.957817817301924436317,0.557096997309,71213937.80727803,379729.44278128332375,7262.5,472.766363984564245318552051271131061352272,226476
2022-09-21,51.0817525343935,3638117138.258886908209691924805,0.545128444192,71221462.80727803,384390.1878213110875,7525,489.854303213857370747701519371735494244318,211364
2022-09-22,53.4685466624409,3808551228.058709382172914743427,0.570665835386,71229750.30727803,443120.58046497895875,8287.5,539.490703697730313305290462896447929607954,214571
2022-09-23,55.1175811743683,3926391855.901485319819977718449,0.588192889786,71236650.30727803,380311.31010314127,6900,481.151207080527843047201559372778196071874,239482
2022-09-24,53.4248964534631,3806161935.052070597671628045693,0.570513253969,71243225.30727803,351268.6941815198825,6575,459.574675832286710924408168138204610258816,211043
2022-09-25,52.5754839046913,3746013102.267778375149000422139,0.561654490015,71250187.80727803,366056.80668641317625,6962.5,486.659878286237222301000254249357122435296,216479
2022-09-26,53.4170712988398,3806342269.095493772169535029594,0.570644856012,71257037.80727803,365906.93839705263,6850,471.264625405694034284200093648137065095092,334375
2022-09-27,52.723624580472,3757302988.75664066254701263016,0.563694161798,71264125.30727803,373678.6892140953,7087.5,466.54207250088332001928542480090241875,344065
2022-09-28,53.3175828843487,3800021459.046035987679386369061,0.57010559352,71271450.30727803,390551.2946278542275,7325,482.175756943440386473961083105795671102156,278083
2022-09-29,53.8556185949017,3838716757.154266170856397992221,0.576846405377,71277925.26215013,348715.1304019885075,6475,426.223623897363783725310668952800953091376,324153
2022-09-30,53.4338246472275,3809044898.287074402730393264575,0.57364429072,71285275.26215013,392738.611157122125,7350,473.87546262760228274592013718433581616944,241402
2022-10-01,52.896531842067,3771141217.97029889070950351871,0.568051844616,71292787.76215013,397385.1954635283375,7512.5,479.230385476100095248589733039236104780644,213266
2022-10-02,51.8484968734367,3696824413.022774541984774451771,0.557108166825,71300512.76215013,400529.6383472985075,7725,492.785987543404550619272567558854099358466,201476
2022-10-03,54.1926891795756,3864380423.127174334615336884828,0.581966644412,71308150.26215013,413896.663609008645,7637.5,497.307806089019774165465327810679235915354,237165
2022-10-04,55.3188451321846,3945067604.008290366142015022874,0.59402891085,71315075.26199319,383083.002540378355,6925,469.057330213163591601474584671574545157008,219949
2022-10-05,54.5454172688099,3890296446.549177879421593204581,0.586077511111,71322150.26199319,385908.8271768300425,7075,479.217415115614984633366340952413526914252,218390
2022-10-06,53.4930349668333,3815636132.322106344005950465227,0.575162692314,71329587.76199319,397854.44756582266875,7437.5,503.770956474696745652037924883440491835748,215476
2022-10-07,52.8725113509991,3771718109.931852922180713896129,0.569211781384,71336087.76199319,343671.32378149415,6500,435.150450236722742921469269101325391257512,211387
2022-10-08,52.8064765214012,3767400851.782393301247003657828,0.568641562922,71343537.76199319,393408.25008443894,7450,497.420695009243469221350475441167536513628,203660
2022-10-09,53.7922217811148,3838104623.897716374761748208212,0.579178987234,71350550.26199319,377217.955240067535,7012.5,468.209747557795853505719544135609214145442,210351
2022-10-10,52.8366102887668,3770277204.743822646395835098092,0.569162613151,71357287.76199319,355986.661820566315,6737.5,446.8949206201684219405813798202915889326,221469
2022-10-11,51.9539768326895,3707687777.179949387657418384505,0.560144811679,71364850.26199319,392901.94979721434375,7562.5,487.749718180763607676795019576683472353164,244542
2022-10-12,52.2002571602798,3725653732.803178868777046094562,0.563381798291,71372325.26199319,390196.922273091505,7475,482.106331967856964903843803522614107206328,261216
2022-10-13,51.2557924917508,3658616057.080625543916840777052,0.553512666538,71379562.76199319,370963.798159046415,7237.5,466.788572706895938847314035239694641342246,432307
2022-10-14,51.2913248470839,3661496634.086242049486273158641,0.554786047749,71386275.26199319,344293.01803605067875,6712.5,439.589874232198876810019753496904749027084,528156
2022-10-15,50.4819956965517,3604076276.588563573715851882923,0.546271440872,71393300.26199319,354636.0197682756925,7025,462.281794217299676609807607354891243023064,487088
2022-10-16,51.4700395862177,3675006519.600876408828205257463,0.556931524106,71400887.76199319,390528.92536042679875,7587.5,499.297240542100438244916668061028789898064,472440
2022-10-17,51.8847636233547,3704998239.922237114552406354493,0.561700779369,71408212.76199319,380055.8935410731775,7325,481.972781261774607969844806183626686597866,242037
2022-10-18,51.9176836569318,3707735787.427286773007927894442,0.562246470103,71415662.76199319,386786.74324414191,7450,490.042520004292313232041979665553032354356,226952
2022-10-19,50.982679007265,3641346092.62880425585939052535,0.552936728365,71423200.26199319,384281.9430172599375,7537.5,495.798054022164050381361238635018228125,340506
2022-10-20,51.1646067115496,3654722406.920296751434289547224,0.555060765049,71430675.26199319,382455.43516883326,7475,491.686956941975263401847515302580645958712,217381
2022-10-21,51.6392094065535,3689002500.604607716419708370665,0.560234963454,71438012.76199319,378902.69902058630625,7337.5,499.693942097260859280530150975400613363156,219789
2022-10-22,52.1886827178478,3728599574.976628399026815056482,0.566156594692,71444600.26199319,343792.9474038223825,6587.5,450.792066587610025289795109466832277459328,215398
2022-10-23,53.8944696492772,3850845427.99165347773522198846,0.584387418396,71451587.76125555,376587.606674324435,6987.5,478.164637020617857207103103522403089228918,198052
2022-10-24,52.5705564940671,3756645324.431496132112321947405,0.570380722081,71459112.76125555,395593.4376178549275,7525,511.014794179937730506226724437443030001816,219293
2022-10-25,56.0387318081809,4004902548.672004023617545528995,0.607651962579,71466687.76125555,424493.3934469703175,7575,505.558243067429515430678879573516390613068,255342
2022-10-26,56.4003425716466,4031180659.83780026578394688863,0.611352619766,71474400.26125555,434987.6420838244025,7712.5,514.735046625617826393621542698268822932576,229784
2022-10-27,54.7920117995472,3916633013.16788520793719348696,0.594845907761,71481825.26125555,406830.68761163796,7425,495.5471903193130983150237677087695875,221186
2022-10-28,55.0027033939246,3932108215.77801755373413803153,0.59742190405,71489362.76125555,414582.8768317066725,7537.5,531.4812582454874135813986526067991,232609
2022-10-29,56.4570548194191,4036473366.088093678512487651005,0.613117365422,71496350.26125555,394493.67055069096125,6987.5,493.280500614637056500612210108792716567422,218379
2022-10-30,55.3386200822897,3956887742.192747474258390832835,0.601244370993,71503187.76125555,378377.81481265582375,6837.5,482.691296559083972254712081383379207490156,210990
2022-10-31,55.1038305952445,3940468741.081173799261179231975,0.600050305534,71509887.76125555,369195.66498813815,6700,466.854977972177777470924270661385743060448,243832
2022-11-01,55.1400244238588,3943468440.13529555804866391634,0.600550164191,71517350.26125555,411482.432263046295,7462.5,509.871595494454290894414811689230921712846,235270
2022-11-02,60.3530949069715,4316768708.435071610210538066825,0.656061057616,71525225.26125555,475280.6223924005625,7875,538.05545426226578801847846626414428125,247124
2022-11-03,61.868424395258,4425611591.1256164759915461819,0.672075621854,71532637.76125555,458599.695829849925,7412.5,507.264100398213694716534384782009090635,229235
2022-11-04,67.5625195055518,4833435331.05066625577116356249,0.731260340958,71540187.76125555,510097.02226691609,7550,540.2735707504888361703161411688729566838,234536
2022-11-05,69.8221582647551,4995616596.674601446793139265805,0.754922406566,71547725.26125555,526284.51792059156625,7537.5,539.3790786552108916391317943276071875,229316
2022-11-06,68.1108200121568,4873678257.61671108682703147024,0.736259360421,71555125.26125555,504020.06808996032,7400,529.5396604548757355373730738640665866324,226181
2022-11-07,67.6284288424907,4839659456.709043091630771198385,0.731089344374,71562500.26125555,498759.6627133689125,7375,540.8246602288016971731064910370324242056,254726
2022-11-08,57.3817629976465,4106814227.276938998082285063075,0.623393935163,71570025.26125555,431797.7665572899125,7525,558.5114016256717149762375038955403346586,327447
2022-11-09,50.2372359810903,3595829397.012357592562035926165,0.547933502623,71576975.26125555,349148.790068577585,6950,515.8344513100232869920813017617481693172,216503
2022-11-10,60.285962394373,4315522404.98131796922123502015,0.655371403811,71584200.26125555,435566.078299344925,7225,536.4931070639972881336933031054877518544,240960
2022-11-11,60.9153531476692,4361019997.90200493010854806406,0.662367170328,71591475.26125555,443159.19414929343,7275,541.2332202367915601573626434694227656258,293617
2022-11-12,59.6849539781548,4273359907.55526446850252025914,0.649704100733,71598612.76125555,426001.359019079885,7137.5,531.0037222510718046763055162193907916656,298451
2022-11-13,57.1965306461797,4095606923.870290820550782922335,0.624224774927,71605862.76125555,414674.847184802825,7250,539.3733081034111847534956434410742291656,278997
2022-11-14,56.5043188136159,4046443091.657557165527819443245,0.61525000757,71612987.76125555,402593.2715470132875,7125,531.7713568897440079069650395037919858416,304075
2022-11-15,57.9460914621819,4150137474.945799368811386484545,0.631249646413,71620662.76125555,444736.2519722460825,7675,573.5975423608591088295203430392967050972,268315
2022-11-16,57.4567713663515,4115524407.584556837446662625825,0.626091580521,71628187.76125555,432362.2045317950375,7525,562.3871687104156133153958651535119599514,229538
2022-11-17,62.1374209221517,4451222707.887459903956999566935,0.675691829867,71635137.76125555,431855.075408954315,6950,523.0391822279883890805888193003371951588,249084
2022-11-18,62.4523413258756,4474213776.20146681085935910958,0.678490348156,71642050.26125555,431701.809415115085,6912.5,529.462047249118117604775745720642560352,241957
2022-11-19,63.8165051239289,4572408734.954649129111112930395,0.692898661215,71649312.76125555,463467.36846253363625,7262.5,556.270257199298961512337126226948064648,226278
2022-11-20,61.8772836744095,4433890257.129959862645124847725,0.672294948772,71656187.76125555,425406.3252615653125,6875,526.589741403669064080621824458750093213,226738
2022-11-21,61.4711783701455,4405242112.357797433946716182525,0.668411086251,71663537.76125555,451813.161020569425,7350,557.3124937359209031098949423462827446662,236703
2022-11-22,70.2234154082249,5032986813.032606837310520773195,0.76117131123,71671062.76125555,528431.2009468923725,7525,568.1064919207066956575665832456290904508,270649
2022-11-23,79.1959252516594,5676687716.65126607920866495967,0.854907255476,71679037.76125555,631587.503881983715,7975,602.0796375808439511744844461459865904508,249577
2022-11-24,78.691307566939,5641087718.55305548758231026145,0.848188946918,71686287.76125555,570511.97986030775,7250,558.2223615018566752777394825027186546056,242737
2022-11-25,73.9327645758492,5300470027.438084746731586136608,0.798289195706,71693112.76058424,504591.11823017079,6825,542.7546218972916903750414752806636288676,272426
2022-11-26,76.3404630699446,5473610267.752360996022080433104,0.82367765804,71699987.76058424,524840.683605869125,6875,546.7308436747696920081471078913846237108,233647
2022-11-27,74.897156605604,5370651364.39830605665225395368,0.808445995023,71707012.75990042,526152.5251543681,7025,558.6595147329667209641217536566172448432,229500
2022-11-28,73.9030137085858,5299909381.722758440324707026036,0.798288326843,71714387.75990042,545034.726100820275,7375,569.6668877212671049276260446783308955632,270078
2022-11-29,76.1015444438413,5458121695.954314901634270283346,0.820969978479,71721562.75990042,546028.5813845613275,7175,549.029619792362560783660090853743508848,272650
2022-11-30,79.3623445855213,5692594531.782159164872961788946,0.853615600167,71729162.75990042,603153.81884996188,7600,581.550539189699605334665498287237017696,268827
2022-12-01,77.55617432306,5563602702.7700017406565096852,0.83453862415,71736425.25990042,563251.71602122325,7262.5,561.7706984921811803614909477083497438416,270496
2022-12-02,77.8631577354764,5586232901.270664905092820773924,0.837400194069,71744237.75938691,608305.919808409375,7812.5,617.1878980931468602792316047699530723712,267386
2022-12-03,76.6043044980441,5496487179.814852235314260142731,0.824130994864,71751675.25938691,569744.51470420299375,7437.5,587.5628807593329629286739189709105337178,239867
2022-12-04,77.0963140595725,5532366948.698898293819963438925,0.829541749864,71759162.75872833,577258.65152104909375,7487.5,591.5128864833103645167843627760044276288,223065
2022-12-05,80.2049271310078,5755964764.880230799983068000896,0.861478213292,71765725.25872832,526344.8342972386875,6562.5,538.554223400627770531373876612140312982,253645
2022-12-06,79.6990465035605,5720298463.36724454983683218336,0.855918692229,71773737.75872832,638588.61010977850625,8012.5,657.6429865271912413349605978339240510924,257185
2022-12-07,77.050274674951,5530726523.80907711543861831232,0.828083587663,71780750.25872832,540315.0511580938875,7012.5,575.5658579029704373986082244803831078886,234318
2022-12-08,78.4419325252829,5631146329.357269339424802241728,0.843370457694,71787450.25872832,525560.94791939543,6700,545.4718677655045465074409634658205838944,231413
2022-12-09,76.3073407415446,5478467425.288638513884888563072,0.820464776776,71794762.75872832,557997.4291725448875,7312.5,589.57568418037801898523406362786875,254488
2022-12-10,76.365679794796,5483169422.97301159801551382272,0.820815282987,71801487.75872832,513559.1966200031,6725,542.2080663994876067776748556117828870832,249567
2022-12-11,76.5845562101886,5499437441.345163687027663361152,0.82348330631,71808700.25872832,552366.1116659852775,7212.5,581.5131100764951779128856795944110564584,226575
2022-12-12,76.2107431436833,5473135507.17600715144183594739,0.820459117651,71815800.2587283,541096.27632015143,7100,563.962331931581464714222269137607847592,261305
2022-12-13,77.387034903932,5558157419.8720884289349896756,0.830946357384,71822850.2587283,545578.5960727206,7050,558.7878170318286888649868391478109316588,312922
2022-12-14,75.4602620702185,5420337055.11922475445711313355,0.810836230548,71830350.2587283,565951.96552663875,7500,594.4551243805247929246375597414134316588,311889
2022-12-15,72.332622937535,5196217422.9343351093569367405,0.775739174685,71837812.7587283,539782.1986713549375,7462.5,593.7821039258595450730452722362490628882,328479
2022-12-16,65.9897693473294,4740994577.09857634436914520202,0.710027102152,71844387.7587283,433882.733458690805,6575,526.136551029693928112179260336080306312,328242
2022-12-17,64.9181021752033,4664468715.57171045525540196339,0.700408239219,71851587.7587283,467410.33566146376,7200,576.1495339696701702565986498298,322717
2022-12-18,64.7068525375176,4649760836.04274726511261486808,0.700638603248,71858862.7587283,470742.35221044054,7275,582.151093535686014429005453287522582766,250246
2022-12-19,63.2197901588257,4543362938.829318500170983165836,0.685528438596,71866150.25793548,460714.22078244228875,7287.5,577.1340089804038216469353067600160396444,269589
2022-12-20,65.7747832709946,4727484436.941106255119547448166,0.715112513913,71873812.45277071,503999.2768139961225,7662.5,605.677127517158568714212496724429502328,276440
2022-12-21,65.3427772598853,4696934390.166204969638721799563,0.711828297909,71881462.45277071,499872.246038122545,7650,604.68907410685489638088936652385,243018
2022-12-22,66.1003766935346,4751863536.848957585591813251566,0.71988165693,71888599.95277071,471791.4386501032075,7137.5,577.8586945468002023370756274899022001184,244472
2022-12-23,65.7364252126173,4726174489.290588704173148564118,0.71757610939,71895824.48397966,474945.6721611599925,7225,600.05841047289022907948532389430604641,275632
2022-12-24,65.7419964506925,4727023727.17117772435986291455,0.71777622075,71902649.48397966,448689.1257759763125,6825,566.837186844051578452827417125470617885,244284
2022-12-25,69.0719330085029,4966965257.196407620915200480956,0.753239141227,71910036.98397964,510268.90510031517375,7387.5,613.554537243840970875504340786837805385,216528
2022-12-26,70.4272041685763,5064982752.713746987334006986532,0.767557398942,71917986.98397964,559896.273140181585,7950,647.8946606489487722614319501629041905864,241997
2022-12-27,68.6939586564807,4940816375.617825895792712852948,0.749124915056,71925049.48397964,485151.08301139494375,7062.5,575.060425789117966300697956813986450988,261857
2022-12-28,66.2053200295934,4762279345.607275622382343772746,0.723797763252,71931973.79725019,458471.841204934295,6925,563.864560420494523915921541933372901976,251653
2022-12-29,66.7224771906927,4799985737.764215146108771306613,0.730388150645,71939561.29725019,506256.79568438086125,7587.5,622.721614588534664041937838844013932464,254765
2022-12-30,67.9394470629325,4888045260.824265537646627582175,0.743417602247,71947086.29725019,511244.3391485670625,7525,622.0206002716896561987374911263180207126,266576
2022-12-31,70.0035650054964,5037067933.812965929296555944316,0.765129441967,71954448.79725019,515401.247352967245,7362.5,608.5882584354750588153269514332626046496,242983
2023-01-01,70.7463513434069,5090986947.226661220286606272311,0.77308312567,71961123.79725019,472231.8952172410575,6675,552.1240613635169607140343669868424521834,219339
2023-01-02,74.9145782631921,5391467261.257566918935571731499,0.816924628113,71968198.79725019,530020.6412120841075,7075,592.4733024739228227949164980914596798996,261543
2023-01-03,75.5744459556186,5439496163.134008242301960417534,0.823933731498,71975336.29725019,539412.6080082277575,7137.5,597.7071622143916849212795330487956554016,250997
2023-01-04,75.361388077777,5424691606.49417798849244802763,0.821113867759,71982373.79725019,530355.7685973556375,7037.5,589.3329866296415055190986771170580945984,280863
2023-01-05,74.2228719351134,5343268277.687200180605525821546,0.80909629686,71989511.29725019,529765.7484368718925,7137.5,593.3349277681944200353400685930859314112,254140
2023-01-06,76.0552707042047,5475722712.688649320156730873893,0.828207043322,71996623.79725019,540943.11288365592875,7112.5,586.7916275187589368906458690693581916432,251551
2023-01-07,76.312015543359,5494760701.20149299666689601062,0.836173900673,72003873.33603418,553262.11268935275,7250,598.1355768441250532671912017612988832864,231163
2023-01-08,77.3467050626809,5569844381.832290590723228555866,0.847040597642,72011398.25308074,582033.9555966737725,7525,620.9497539792524288164664767290019769334,234543
2023-01-09,81.6858627423033,5882895205.354531874386448468442,0.891331607267,72018523.25308074,582011.7720389110125,7125,592.0567392125516693141477631822837592962,242680
2023-01-10,80.8246067781626,5821480058.762970254128706648324,0.881883564555,72026085.75308074,611236.0887598546625,7562.5,628.4111011794920140484525034670199020308,255682
2023-01-11,84.0434805376973,6053912291.065317425223040144093,0.91524082234,72033098.25263441,589354.90727060231625,7012.5,582.7084748777066999339202700617971967962,240938
2023-01-12,85.910352523141,6188987015.04731651260623788181,0.932910472401,72040060.75263441,598150.8294423692125,6962.5,577.5760531340346780519270174104618065938,253714
2023-01-13,86.2686356738356,6215431829.462203457678209242996,0.935352542143,72047410.75263441,634074.47220269166,7350,608.7979873830448232505236687730015782102,265007
2023-01-14,87.7620159413078,6323690808.273407497779790681398,0.950420547261,72054985.75263441,664797.270755406585,7575,627.4346605270536995345482750710309532102,245601
2023-01-15,87.3715131771817,6296187672.78238541507099247048,0.946064342825,72062248.2526344,634535.61444928209625,7262.5,602.619700130960389330219456463378538168,232114
2023-01-16,85.8122353935516,6184508035.27382159471047233504,0.930672810387,72070235.7526344,685425.230205993405,7987.5,674.494061805089017148532678254153125,260373
2023-01-17,87.2804481726329,6290974842.743059867320701403423,0.945709958388,72077710.12243287,652421.3500904309275,7475,631.216662336053887376830450228074980312,272710
2023-01-18,82.95341560757,5979741354.3052582490875888259,0.899855426661,72085535.12243287,649110.47712923525,7825,660.771963093412398992189891216500019688,228153
2023-01-19,84.156116047003,6067056154.57526610180513218861,0.91261641689,72092872.62243287,617495.5014948845125,7337.5,656.4945856605543270203829785632094973052,216832
2023-01-20,90.3516508976653,6514343650.343826827129738978411,0.976515625875,72099885.12243287,633590.95191987791625,7012.5,634.6556816605246756952130179751240216098,239051
2023-01-21,88.4949175682531,6381103916.877887817576472236866,0.956980603517,72107010.12243286,630526.2876738033375,7125,644.8373236471440601792881255886718341098,237999
2023-01-22,87.6271064692529,6319125612.840742596765384610294,0.947854145996,72113822.62243286,596959.66282178538125,6812.5,614.3741156245585738646420392487822332368,249427
2023-01-23,90.0721968198477,6496123714.350586539527608675422,0.972917596972,72121297.62243286,673289.6712283615575,7475,667.6416867686829316857360047983428496744,239744
2023-01-24,87.0434928731625,6278344625.57623712047092661725,0.941139900352,72128822.25124946,655002.2838705478125,7525,672.1075210411924051374961677583003813314,255937
2023-01-25,89.3154756877366,6442914497.990017992537149372236,0.964297665696,72136597.25124946,694427.823472152065,7775,694.4366731113511490662703349755021186686,241035
2023-01-26,87.4998689825693,6312605619.840239413060886037578,0.945135547042,72144172.25124946,662811.5075429624475,7575,705.632276301807688189784249113640208812,234229
2023-01-27,88.8670184830709,6411897326.509873304908882766714,0.95912587959,72151597.25124946,659837.6122368014325,7425,694.05421839300931070344616008722375,247906
2023-01-28,89.3286023846924,6445845624.822027719406477766104,0.963811318596,72158809.75124946,644282.544699593935,7212.5,674.1907130784034890645832921214184533572,241138
2023-01-29,95.1103652760319,6863759325.546334190580163057455,1.023133831093,72166259.75124945,708572.221306437655,7450,704.7813977269416130288295178274397669336,244486
2023-01-30,90.9911808848237,6567111934.837127699272617971965,0.98049493065,72173059.75124945,618740.03001680116,6800,650.355762718483266053995510082076176188,229788
2023-01-31,94.2089324506811,6799998130.109995642249978500395,1.010745841681,72179972.25124945,651219.24556533310375,6912.5,661.115325019973760330285261806415238688,232511
2023-02-01,100.585004054338,7260936955.0627160652361926141,1.074611769936,72187072.25124945,714153.5287857998,7100,679.047931151164541775406960288794044047,268584
2023-02-02,98.8412911747516,7135739254.76698574032639338662,1.055829657463,72193909.75124945,675827.328407364065,6837.5,635.4704664137474488381828539666382614332,295634
2023-02-03,100.026212124033,7222076038.57285492028512303185,1.067053850975,72201834.75124945,792707.731082961525,7925,734.8068504380815189778837398638681652848,250695
2023-02-04,98.6653689559428,7124526122.41607451231430273146,1.052994398397,72208984.75124945,705457.38803499102,7150,662.9487729161467265649429144980580847152,231494
2023-02-05,96.3805861341843,6960250262.273230231926420231792,1.029153409246,72216309.75124944,705987.7934328999975,7325,689.8163038920607067647775711105688670038,223167
2023-02-06,95.9416307207332,6929220900.30764700690273622062,1.024320729304,72223297.10527035,670392.144661123235,6987.5,668.9761040281446309756119502588714958392,226906
2023-02-07,100.964303356363,7292715700.41058026997559938789,1.074651231391,72230634.57061903,740825.5758773135125,7337.5,702.4847453628295568137209365187042416784,325832
2023-02-08,99.1866802410539,7165012401.359593683716692595717,1.056021045981,72237647.07061903,695546.59519039047375,7012.5,671.3695769320779024683550450837194875176,346825
2023-02-09,91.9157938427272,6640442469.542372829591767418616,0.981994259364,72244847.07061903,661793.71566763584,7200,679.55620659264238266000803533864,355864
2023-02-10,93.4626697312404,6752872717.617416748244357744812,0.992048920832,72252084.57061903,676436.072179852395,7237.5,682.6128405233824771445643905229179558048,352732
2023-02-11,94.3876949761758,6820428605.864827394281008105474,1.001393483235,72259722.07061903,720886.0203805426725,7637.5,720.3392873570126825488047987491006813984,292314
2023-02-12,92.3172304071231,6671491327.329986364873434341362,0.980291871038,72267022.07061902,673915.78197199863,7300,694.8387164772436076804980604782525163378,250054
2023-02-13,91.0766457182602,6582489164.256344701065131429004,0.967869535216,72274172.07061902,651198.01688556043,7150,686.1562722643294420567419171094919205264,246078
2023-02-14,95.6447043176252,6913361543.895511753064860351304,1.014137305732,72281697.07061902,719726.39999012963,7525,722.1434868768863845498257562389423551316,271298
2023-02-15,102.73362630806,7426494117.0231433669914153012,1.085411831485,72288834.57061902,733261.25777377825,7137.5,685.5797281765214082656195428064283511952,276313
2023-02-16,99.2480670453173,7175225558.364478951820203315046,1.049592254684,72295872.07061902,698458.27183142049875,7037.5,685.1036972922207338643989293943770278368,235755
2023-02-17,100.397916351607,7258997463.37713941389646176514,1.060690813381,72302272.07061902,642546.6646502848,6400,623.0427919308949105905906756860110538342,248135
2023-02-18,99.7474099051497,7212663848.013652007429614767294,1.053764209481,72309284.57061902,699478.71195986227125,7012.5,682.6699309376584541677768165205877759974,235720
2023-02-19,97.7294990723679,7067431822.623926808156589453779,1.033153657896,72316259.57061901,681663.2560297661025,6975,663.866336245415518868644296517699375,215417
2023-02-20,95.7947891876096,6928232116.713621195158894218496,1.013518803327,72323684.57061901,711276.30971800128,7425,680.7669149458965814144537014887775,224395
2023-02-21,93.5838692195199,6769028584.911054673695707388789,0.991110896181,72331146.82438411,698369.62405066725375,7462.5,684.2051294875888592732448206616987552888,248253
2023-02-22,95.1071524890893,6879881105.001861017871217291023,1.006546627226,72338209.32438411,671694.26445419318125,7062.5,647.5308212387427939897541507603704131408,289359
2023-02-23,94.6368932831768,6846534110.54494085490589802408,1.001596375289,72345296.5648231,670738.98114451557,7087.5,661.386231593904105863800999418401875,229054
2023-02-24,91.5160781370932,6621515108.82411553305240621292,0.970096224909,72353571.5648231,757295.54658444623,8275,773.392504406956736064184561030232208764,255911
2023-02-25,93.2260705448135,6745940693.05226014153624999185,0.987481538421,72361096.5648231,701526.1808497215875,7525,703.296505056676895749242543358333833441,247093
2023-02-26,95.1855695090086,6888427022.961972748848197277132,1.007142979986,72368396.37031362,694854.65741576278,7300,710.7157789170110101718969281993043059184,270564
2023-02-27,94.0152516958889,6804368777.722481126606407676818,0.995451137185,72375158.87031362,635778.13959344868625,6762.5,675.631127806930613549426273267928691167,256641
2023-02-28,93.8081433417619,6790073457.949899366187896367078,0.991848125181,72382558.87031362,694180.26072903806,7400,739.322789278516362204033291919520742666,279171
2023-03-01,97.6581433364831,7069437240.582619369355784829822,1.030213843523,72389633.87031362,690931.3641056179325,7075,706.0881037662502337460263037042812832212,341407
2023-03-02,95.161523387822,6889381104.36368999434602873564,1.00531442963,72396708.87031362,673267.77796884065,7075,694.834037450550261284340858355169064209,369064
2023-03-03,90.4992800135586,6552519722.786694334722634248132,0.958857431649,72404108.87031362,669694.67210033364,7400,726.752209531787824234434478940244378418,313164
2023-03-04,89.0742015225566,6449955023.420986982673546200892,0.944586987256,72411033.87031362,616838.845543704455,6925,680.102576132710833745580513815379381836,293320
2023-03-05,89.8612048077719,6507604348.083156483187768345559,0.952599824248,72418396.37031361,661603.12039722061375,7362.5,722.1421648022220949369902687095348575488,274800
2023-03-06,87.4005660929151,6329992237.005765217963132294839,0.928074342593,72425071.36940489,583398.7786702082925,6675,654.0077294052099966767740628556434050332,277721
2023-03-07,86.1849241209092,6242547167.332212957104314886996,0.91620327994,72432008.62571413,597907.911088807575,6937.5,679.7271392896301424151735429614634699668,341916
2023-03-08,82.8237808768438,5999675683.243727919257855462894,0.882324461669,72439046.12571413,582872.3579207882425,7037.5,689.5250087140094234780140111574077516224,304443
2023-03-09,76.5277706454745,5544180318.742504711062365204685,0.818317232924,72446646.12571413,581611.0569056062,7600,717.7238444886020410979406258114392856336,323126
2023-03-10,72.0321282094612,5219022741.428066222976072526756,0.77288986715,72454096.12571413,536639.35516048594,7450,701.5503300403881492468536293796980142264,289229
2023-03-11,69.4768738281617,5034432962.162982541180317614821,0.747972896155,72461996.12571413,548867.30324247743,7900,743.9258534224261413641277242920805142264,253805
2023-03-12,76.1004241946184,5514936566.189614102312873267272,0.816530400205,72469196.12544833,547923.05420125248,7200,704.83488178600990070488088040642,229855
2023-03-13,81.696163249766,5921033277.59892854967651759078,0.874167146057,72476271.12544833,578000.35499209445,7075,709.2510034017334508254899184053839089158,271789
2023-03-14,84.4807958231418,6123479276.870706959904414163194,0.902734311304,72483683.62544833,626213.8990390385925,7412.5,743.0845317943011981771592991330817214158,340405
2023-03-15,76.3497074135731,5534624351.957363763623964727923,0.819362556989,72490446.12544833,516314.89638428808875,6762.5,677.0783365332065686931200821536666106146,315808
2023-03-16,79.0608240971954,5731738450.201897394335775028816,0.84750446916,72497833.35366504,584061.8380180310175,7387.5,727.0760060836088389830688834789480033074,272446
2023-03-17,85.4037698083478,6192213853.954214623372517020912,0.914925656852,72505158.35366504,625582.613846147635,7325,720.9247677081058912876571869664934780642,305297
2023-03-18,82.9797338214551,6017039599.006326882260070799704,0.889987743333,72512158.35366504,580858.1367501857,7000,688.9383437451811202246218443631282061284,248159
2023-03-19,84.9794399102942,6162668264.707354563188495551826,0.910553931996,72519520.85366503,625661.1263395410475,7362.5,727.9662907220612219490428369375779091232,231176
2023-03-20,78.6730735804998,5705900046.272758172945569181994,0.845053359785,72526720.85366503,566446.12977959856,7200,714.18440677776637458322088823756,242222
2023-03-21,82.7344320232508,6001071359.494608293727354879524,0.887022580786,72534145.85366503,614303.15777263719,7425,736.50266948957157378894654099498375,243945
2023-03-22,87.3714545476326,6337993755.634407694057919907978,0.934262765113,72540783.35366503,579928.0295599113825,6637.5,657.806948493103224736974478236290625,242267
2023-03-23,93.7087113447433,6798385058.885189132511379536799,0.997410975457,72548058.35366503,681730.8750330075075,7275,711.042315152490232119613667530754427107,240443
2023-03-24,93.2500319962881,6765809303.613212341329240775143,0.992119452229,72555570.85366503,700540.86537211435125,7512.5,734.255035922699525648612065384456597238,253008
2023-03-25,91.4390109669634,6635103432.498278531218639869902,0.972041684999,72563158.35366503,693793.4957118347975,7587.5,741.585364353005746646837574575650868024,230229
2023-03-26,93.714304451551,6800890028.34396717564491796153,0.995071608574,72570458.35366503,684114.4224963223,7300,733.2523156722710290341388887805988854798,209549
2023-03-27,89.1110487029136,6467483501.048040735995061097536,0.948111474638,72577795.85346276,653852.31985762854,7337.5,746.9021256073982876601826283100098044484,224223
2023-03-28,89.1605299648505,6471658743.44673855228651071738,0.948681730035,72584345.85346276,584001.471269770775,6550,666.7405685105109193354682551598138669484,235222
2023-03-29,91.441037830273,6637828002.33691931107420613348,0.971754568482,72591345.85346276,640087.264811911,7000,710.7962148714171644443266831266358182016,226500
2023-03-30,88.9558428765735,6458032591.51530710723050865286,0.946712080362,72598183.35346276,608235.57566857130625,6837.5,674.7220385077080762324036723158142229604,234114
2023-03-31,89.7369729344437,6515386199.172435177344619266612,0.953727210252,72605370.85346276,644984.49296631409375,7187.5,709.2599116378456336053434540319778927302,246490
2023-04-01,92.764227388218,6735858310.31644905807612576168,0.984325889628,72612670.85346276,677178.8599339914,7300,720.3613711119946364557655918789650802302,222188
2023-04-02,93.0200717019822,6755098617.268499442801972432252,0.986813139869,72619795.85342066,662768.010876623175,7125,697.7688547979820528688309036531617596382,206415
2023-04-03,93.2178381620607,6770133876.106774668153029554062,0.988621986939,72627020.85342066,673498.8807208885575,7225,702.8717824982479445406358524106109298096,219789
2023-04-04,92.4585675817059,6715617878.361418630448303103894,0.980259788381,72633808.35342066,627562.52746082879625,6787.5,660.3103415090519872327262249114713947144,233893
2023-04-05,92.6135220421102,6727561624.012120461301234676732,0.981730675012,72641245.85342066,688813.0701881946125,7437.5,723.5092453738235545388365092953934056536,223570
2023-04-06,90.9152812219578,6604878886.804249368544832168148,0.964830079213,72648720.85342066,679591.727134134555,7475,722.9782068607521028601030351114367347528,235880
2023-04-07,90.615637688032,6583777324.98501957668114354112,0.961793969798,72656083.35342066,667157.6324781356,7362.5,712.0972639015514625569348637199426722528,217445
2023-04-08,90.0485805760494,6543250289.330467767015759140604,0.956018245676,72663558.35342066,673113.139805969265,7475,722.9782068607521028601030351114367347528,213382
2023-04-09,90.7297783029595,6593470975.96975464440537644327,0.962924594898,72671520.85342066,722435.85973731501875,7962.5,790.2692399173084568405162032529626239672,196955
2023-04-10,93.9341396160882,6827014285.940662411900638262212,0.994988915362,72678733.35342066,677499.9819810361425,7212.5,725.8641329819891833454663236161009151756,211310
2023-04-11,94.2017048409041,6847134129.671725211588555750362,0.996925918334,72685883.35249082,673542.189612464315,7150,719.5741531792676799692033997453963392976,235379
2023-04-12,92.2265176514,6704175751.864065901386460148,0.976927348105,72692495.85249082,609847.8479698825,6612.5,665.8538143100041263973735012719627839952,236762
2023-04-13,94.1518503290234,6844780283.517881986764428065188,0.996237659423,72699370.85249082,647293.971012035875,6875,694.7124396887028064775876451483263496734,222976
2023-04-14,96.3827735250887,7007644085.276071068513656435734,1.017717142665,72706395.85249082,677088.9840137481175,7025,709.8697996016432788770486735855385236936,232416
2023-04-15,97.0042744361068,7053532032.418037592157723539576,1.023840646751,72713620.85249082,700855.88280087163,7225,730.0796176692531902742329243271445743468,220834
2023-04-16,100.281044258248,7292547431.69192699173012928336,1.056415930674,72721095.85249082,749600.8058304038,7475,745.9705051485621663967584216917625518624,208159
2023-04-17,98.6790945123956,7176767314.108136171011625208392,1.039398228895,72728345.85249082,715423.4352148681,7250,716.8510568758036735582829049811414450504,210082
2023-04-18,101.79451350684,7404089684.1601076027471072088,1.069550739989,72735645.85249082,743099.948599932,7300,721.7948612449118388715963363751280762374,221251
2023-04-19,90.2555456964136,6565413658.485661976215100923152,0.954192818443,72742495.85249082,618250.48802043316,6850,677.1669410913749225723217268780514873484,214592
2023-04-20,90.2057732310577,6562422270.399228804897428140314,0.953838600794,72749470.85249082,629185.2682866274575,6975,687.84030980788095398467112696873125,208908
2023-04-21,85.5470862669686,6224178942.198702254705800728252,0.907048640648,72757345.85249082,673683.304352377725,7875,776.59389817018817385366094980340625,215183
2023-04-22,87.0567126655462,6334676983.204321004714865785884,0.922538406564,72764945.85249082,661631.01625815112,7600,749.474749326277442886837432612449256344,206424
2023-04-23,86.8187027611319,6317967021.550370386867847559158,0.920188433649,72771958.35249082,608816.15311243744875,7012.5,705.8743352018489493758946539439034221838,194730
2023-04-24,88.4769282621659,6439240981.745238640363605647869,0.937732320513,72778758.35229191,601643.11218272812,6800,690.9982746511334200739514413178735958488,204799
2023-04-25,91.1036084342362,6631054338.876982614848780289142,0.965015326488,72785858.35229191,646835.61988307702,7100,721.4834952327254312887061285299833989622,233692
2023-04-26,88.1368838675891,6415743414.96315285048636245829,0.93433676474,72792945.8522919,624670.16441153774625,7087.5,718.5269895756358225446786534427434375,209495
2023-04-27,89.6912047843213,6529511488.30523542919804098747,0.948377460455,72799908.3522919,624475.01331083705125,6962.5,686.638594087869424096782873559137038962,210301
2023-04-28,89.7557280011074,6534821355.41746612951752805006,0.949106367811,72806733.3522919,612582.843607558005,6825,673.078408006378141977505803166082991886,225885
2023-04-29,90.9833207975355,6624860280.47100322935729661245,0.960853630193,72814008.3522919,661903.6588020707625,7275,717.457203982609506147516773326445491886,213402
2023-04-30,88.6993672122224,6459210622.866957388577060396336,0.937236032547,72821383.35229189,654157.8331901402,7375,719.0774420481533087333692661999284080024,222088
2023-05-01,86.6817766076599,6312970586.517122138773244648211,0.916472103258,72829270.85229189,683702.51299291746125,7887.5,760.7546874633992284412731832217209371872,213690
2023-05-02,88.2863621540913,6430471458.009464515810945309557,0.933261910002,72836520.85229189,640076.125617161925,7250,699.2673807112055091042915170930037487488,290697
2023-05-03,88.8585875664454,6472739054.331232057933374883352,0.939178336978,72843145.85229188,588688.142627700775,6625,639.6353800396010138739636894556871760334,335254
2023-05-04,88.5018665551641,6447399331.030412023283184497508,0.935587773298,72850433.35229188,644957.35252075837875,7287.5,715.9448222408773391543902338969889123416,386223
2023-05-05,88.8600342364501,6474135126.279921985445633570082,0.938929390816,72857670.85181082,643124.49778630759875,7237.5,711.0326754592317256948384997607788189876,535134
2023-05-06,83.4435223510678,6080084790.826274592177390593596,0.883274516245,72864670.85181082,584104.6564574746,7000,687.6999976985007554100421439791429626584,605729
2023-05-07,83.9195583981883,6115319624.826335086570912337406,0.888315377781,72871208.35181082,548624.11302815601125,6537.5,636.5789744865634050659563063528066270272,502462
2023-05-08,77.8692143305055,5674945464.54953221122933046951,0.825875941546,72877908.34081082,521723.73601438685,6700,646.4191428945603013991954183618555236344,717243
2023-05-09,79.9588053379268,5827757215.088327847368609807976,0.847816280902,72884495.84081082,526728.630163592795,6587.5,635.5650901739172645563846264818908361344,810452
2023-05-10,81.0758730130374,5909760916.039762443603346984668,0.859872632255,72891733.34081082,586786.6309318581825,7237.5,698.2773893791707898169797511447592947742,830962
2023-05-11,80.7783854801058,5888644002.275094322347351384756,0.856866618896,72898758.34081082,567468.157997743245,7025,649.037800307458544668934851717392019728,707454
2023-05-12,80.4499630080739,5865254499.723892051106282479598,0.853684007451,72905620.84081082,552087.87114290713875,6862.5,626.7230424677739863568054629516709375,640569
2023-05-13,80.2719983939883,5852929078.833296654590251653523,0.851889223185,72913708.34081081,649199.78701138037625,8087.5,738.5971017809699751406711945320338667606,535299
2023-05-14,83.3893894257346,6080831065.277538776289343871026,0.884431751545,72920920.84081081,601445.9712331108025,7212.5,663.5800317279444575851990831241271512662,729737
2023-05-15,87.2461986351951,6362715494.476169639295036539031,0.924386803666,72928283.34081081,642350.13745162392375,7362.5,686.5827739818574565377568085499070701056,745255
2023-05-16,89.8405302773483,6552581590.485830050895248775123,0.95120816878,72935695.84081081,665942.93068084427375,7412.5,691.2454790836041995404164863798394824736,736354
2023-05-17,93.9282656328109,6851471316.864680160485645405829,0.993030549808,72943658.34081081,747903.81510125679125,7962.5,742.8416128706978960175619603958679240648,579858
2023-05-18,90.6921913997855,6616095880.471302398969930081255,0.959177433573,72951108.34081081,675656.825928401975,7450,725.1800194738500169270493243142264718512,368721
2023-05-19,91.7535759921577,6694137517.980461732662919384737,0.969699114243,72957783.34081081,612455.1197476526475,6675,649.7418285878520339625887754294897077768,439748
2023-05-20,92.2828742293035,6733410306.031774030501301570835,0.975102964838,72964895.84081081,656361.94295592114375,7112.5,692.3279044271307925699504334860877218512,378629
2023-05-21,92.3767926002003,6740973196.774911719651170405243,0.976008229163,72972583.34081081,710146.59311403980625,7687.5,746.2835375431509498536578012511406968384,438731
2023-05-22,90.8806716561805,6632465359.436167246393417711205,0.960148333311,72979933.34081081,667972.936672926675,7350,711.5493281663985110914611627202711321028,527976
2023-05-23,91.5963833932304,6685360883.122113367900601140624,0.967587595256,72987170.84081081,662928.82480850502,7237.5,700.6582669854318034940475078707530071028,410602
2023-05-24,86.0538002168283,6281425794.528167254900578553923,0.910108725157,72994170.84081081,602376.6015177981,7000,677.888144603545731388032482259486072098,471405
2023-05-25,86.441870310657,6310373950.19816671069596380217,0.914577130278,73001358.34081081,621300.9428578471875,7187.5,704.3322878680624011270415360346196468294,706858
2023-05-26,87.2393387567174,6369227077.167435564790450035094,0.917682111474,73008658.34081081,636847.17292403702,7300,715.3566193180745567481469172986268343294,501619
2023-05-27,88.648072017667,6472740554.94867347182792458027,0.932332388059,73016145.84081081,663752.4392322816625,7487.5,733.7305074199521921192490852411201498176,526866
2023-05-28,91.6133556742929,6689916045.34273173772683415323,0.962948519431,73023370.8404587,661906.4947467662025,7225,716.0141685818855310169666734271191077148,294616
2023-05-29,91.0506729751794,6649498556.65304833349741079078,0.95682293444,73030745.8404587,671498.713191948075,7375,736.8082431974299390331981699013528131968,433512
2023-05-30,92.2848742733175,6740264195.80117991635962073725,0.96947881944,73037583.3404587,630997.82784380840625,6837.5,683.1086580056789211005621743747364065984,402397
2023-05-31,90.5446717285243,6613871380.271785228616504063451,0.954704137426,73045395.75892257,707380.24787909609375,7812.5,781.9493800752872166556972200992560390784,346382
2023-06-01,93.9975254124839,6866798475.369267531865591471623,0.989356318952,73052970.75892257,712031.2549995655425,7575,767.5043052847330068490078809182703157562,317241
2023-06-02,95.3748620451406,6968145433.628800075608060163342,1.003316368419,73060608.25892257,728425.5088697613325,7637.5,773.8368523200352789132684408216231239146,286828
2023-06-03,95.9994185262851,7014463505.868464067700900644707,1.009381480762,73067770.75892257,687595.83519451702875,7162.5,725.7095211140636297197542210861256217438,291859
2023-06-04,94.5023477058968,6905733850.950361924598803610776,0.993835426726,73074733.25892257,657972.59590230647,6962.5,719.093739123618669971060219417204833605,267461
2023-06-05,87.8572040350365,6420735884.077314878851770623805,0.925371726592,73081495.75892257,594134.34228693433125,6762.5,703.1029915222995956034880792592833689244,371027
2023-06-06,90.9055792722737,6644147499.825012196049186147409,0.957123895115,73088445.75892257,631793.775942302215,6950,722.5975316983970879686820531249220121512,615866
2023-06-07,88.7747316297228,6489047445.233782088230515763596,0.935255639206,73095658.25892257,640287.751879375695,7212.5,746.599762658383043591474326280743948871,377813
2023-06-08,88.5132405617466,6470578623.731826809885973360762,0.93264334618,73102945.75892257,645040.2405937283475,7287.5,730.2857058527884868782826163032505816744,488336
2023-06-09,89.0872418894,6513235805.730083789415103758,0.938639530264,73110758.25892257,695994.0772609375,7812.5,782.8963349680173045569913532558819616512,404274
2023-06-10,77.3516382683596,5655821898.134067216205817316172,0.817094654717,73118320.75892257,584971.764404469475,7562.5,757.8436537497966625558353200476769183256,334247
2023-06-11,77.5502559729104,5670916424.301613739847011147728,0.819459614822,73125695.75892257,571933.1378002142,7375,770.4703913305238328875843186148837422688,274506
2023-06-12,77.583197785717,5673804393.52898335314465493269,0.820542744098,73131870.75892257,479076.246326802475,6175,652.7610584574877643385313505430061067754,338989
2023-06-13,77.33657595409,5656323367.5445794221281848113,0.818543844848,73139045.75892257,554889.93247059575,7175,758.4713520338268547656926042813003385508,307964
2023-06-14,73.1036596892661,5347231757.431061949616480025877,0.774644778474,73145883.25892257,499846.27312535695875,6837.5,718.8208626153221998395104790186282640772,382238
2023-06-15,74.3881893140854,5441693791.393325003842728967478,0.788277428993,73152658.25892257,503979.982602928585,6775,677.7316966133168923293502417482408959652,335881
2023-06-16,76.0169832718673,5561426879.295462973868540014961,0.805458984855,73160320.75892257,582480.13432068318625,7662.5,766.5120490246317194038699039443560729826,396904
2023-06-17,76.8708176818212,5624425048.129921276918187384484,0.814817683049,73167233.25892257,531369.527225589045,6912.5,691.4863973750437025241612150453264794304,428213
2023-06-18,77.1123146356394,5642662451.497761662971067041258,0.817435746786,73174595.75892257,567739.4165048950825,7362.5,729.9624390034411812451011989464557494208,402069
2023-06-19,77.3492921420304,5660542696.044571239838516186128,0.820014092502,73181570.75892257,539511.31269066204,6975,686.9107749402381188045386137885975,261119
2023-06-20,80.2258150204559,5871649843.756316745585744199663,0.850161858428,73189033.25892257,598685.14459015215375,7462.5,734.9206654488413423674773554248719875016,323543
2023-06-21,85.1974888452245,6236165085.710602037235359766965,0.903254129439,73196583.25892257,643241.040781444975,7550,746.4072274529908586664867908301785229648,313039
2023-06-22,86.0451588777638,6298837614.354294245429318948966,0.912028700417,73203858.25892257,625978.530835731645,7275,737.3302130864807686622338395762737882606,243593
2023-06-23,91.1869762046111,6675955438.742504893824301862527,0.965466026972,73211720.75892257,716957.60040875477375,7862.5,796.8740600915627912166532953631126169202,246984
2023-06-24,89.5454452214856,6556413022.767938966846070769992,0.947642975582,73218833.25892257,636891.97913781633,7112.5,720.8606338803650645495098743920644536596,239483
2023-06-25,88.182599700738,6457295047.01938403290031385666,0.933520473833,73226408.25892257,667983.19273309035,7575,787.789507855971238550860712015142771006,205927
2023-06-26,87.1267002366422,6380606990.357843084058606594454,0.923003012615,73233658.25892257,631668.57671565595,7250,760.6437142998797755452266377370896381184,228241
2023-06-27,87.8774503587865,6436228673.628422269411422661305,0.930846355159,73240958.25892257,641505.38761914145,7300,765.8895372389982437968464084609175904704,241928
2023-06-28,83.1758619588317,6092469342.798331428788287961469,0.882160868019,73248045.75892257,589508.92163321967375,7087.5,743.5740399473521459088217674749828125,264471
2023-06-29,84.7990401158299,6211975583.793854608937975390843,0.9048992205,73255258.25892257,611613.07683542315375,7212.5,756.6367319018349235573893875812071994384,252635
2023-06-30,107.955395413412,7909065505.31859370365284750884,1.141887528564,73262345.75892257,765133.86499255755,7087.5,743.5234444786748806297949850287925,300632
2023-07-01,106.641649566133,7813613216.12577818716654132181,1.127047253802,73269808.25892257,795813.3098872675125,7462.5,782.8633067481550094125781926860365983152,241922
2023-07-02,113.228690165079,8297059664.37347865890797893303,1.195236309218,73277008.25892257,815246.5691885688,7200,763.42162810350201996868456160432,239189
2023-07-03,106.67827191302,7817830028.6189300895379548614,1.126043796409,73284183.25892257,765416.6009759185,7175,762.6753502899033743422565466839228539548,254596
2023-07-04,105.147101472767,7706408056.73582983824061665119,1.109962651408,73291683.25892257,788603.2610457525,7500,797.2216212854268674505610041999445934322,294975
2023-07-05,102.625845880583,7522295755.39535768823846345831,1.083237527744,73298258.25892257,674764.936664833225,6575,697.8900975635493848721345358499800463472,235159
2023-07-06,95.7764987664514,7020882666.610592247112626268098,1.011722335057,73304858.25892257,632124.89185857924,6600,698.0085632057782654053416322484194502924,227446
2023-07-07,98.1588962392377,7196223357.805311877985860124889,1.036658847539,73311983.25892257,699382.1357045686125,7125,753.5319663642723380805825221375467997076,247936
2023-07-08,97.8100880357818,7171341097.753629363049395257408,1.033098246904,73319033.25892256,689561.12065226169,7050,745.6000559785668097819293094414019502924,247840
2023-07-09,95.3155631614219,6989128834.690908483596619973845,1.006968538888,73326208.25892255,683889.1656832021325,7175,735.1760726322224565001362966184326489184,229833
2023-07-10,96.673659631043,7089417408.55261300357161640922,1.021165148942,73333495.75892254,704509.2945612258625,7287.5,733.4627613358511690975143213880725799388,222945
2023-07-11,96.7955817000678,7099091606.615740249138972948212,1.022302481386,73341070.75892254,733226.531378013585,7575,762.3986809355180019053111349144875363418,215628
2023-07-12,96.2496250193095,7059725509.55638719273566478613,1.016528663057,73348083.25892254,674950.49544790786875,7012.5,708.7068568921294220441605423297724998294,222816
2023-07-13,101.622955685412,7454649295.40741769307031598648,1.070668696696,73355958.25892254,800280.7760226195,7875,810.292901540604020443892885280621875,235911
2023-07-14,94.9854187973472,6968443372.014902197816294312416,1.001602644352,73363295.75892253,696955.51042553508,7337.5,754.9871939161264222676063134786383293108,238554
2023-07-15,94.6960843366685,6947955471.860708402885329791305,0.998699188354,73371095.75892253,738629.4578260143,7800,802.5758238183722822206816526394185877162,232113
2023-07-16,93.1370607283425,6834225981.895194443661082806525,0.982489515334,73378158.25892253,657780.49139391890625,7062.5,767.6583870448905315867602848733905507412,233018
2023-07-17,92.2944955080837,6773070386.593207755722517055761,0.974333552105,73385420.75892253,670288.77362745787125,7262.5,795.4521154900725490916138546689257731344,225315
2023-07-18,91.394826196951,6707661263.42269161430783120603,0.964487722914,73392133.25892253,613487.7708470335875,6712.5,735.2113350487022424758316583046173767258,229300
2023-07-19,92.0242799382555,6754495484.423411246360357846415,0.971109691642,73399058.25892253,637268.1385724193375,6925,751.5041459791533570018209669092038166848,233758
2023-07-20,92.4349360783583,6785324743.212283706134459282499,0.97544308667,73406495.75892253,687484.83708278985625,7437.5,786.9242202068325561015014674820957526314,220697
2023-07-21,94.0473663736355,6904361215.105758854957628957815,0.992180271784,73413658.25892253,673614.26165116426875,7162.5,757.8278658393603219839822767258358671058,229965
2023-07-22,91.8414611580026,6743116786.576775616230062938578,0.969157293183,73421270.75892253,699143.1230652947925,7612.5,805.4400876173734210723561191559446171058,227521
2023-07-23,93.1639701090187,6840875044.889322252298597621311,0.983153131349,73428333.25892253,657970.53889494456875,7062.5,759.722265047013714891202926640111856216,213469
2023-07-24,89.1443648413965,6546350597.50116982089328209918,0.941524311378,73435383.25892252,628467.772131845325,7050,760.705987078396744353193639025984900163,241935
2023-07-25,89.4604505192305,6570189811.80483202543721952086,0.945013184511,73442395.75892252,627341.40926610388125,7012.5,756.659673470990257672550687241397912337,260431
2023-07-26,90.6205404759859,6656047729.200020271626468712468,0.957175383135,73449658.25892252,658131.67520684759875,7262.5,781.6852443980508721183474349322969251072,301243
2023-07-27,90.3720845670664,6638430202.538385393519141295328,0.954642233569,73456645.75892252,631474.94091237647,6987.5,747.39616054867778086296531065724652863,257013
2023-07-28,91.4877457558203,6720987893.986469380753696743156,0.96625867822,73463258.25892252,604962.71881036173375,6612.5,707.28545677921345960199073879705381774,263168
2023-07-29,94.4205598228476,6937047443.057760832858254167952,0.996871958199,73469670.75892252,605471.839864010235,6412.5,685.893078354996908282467308887203125,230662
2023-07-30,94.0917169846925,6913635497.157103356082463678175,0.993484156256,73477620.75892251,748029.150028305375,7950,826.1206227266957218776300513723245650702,209995
2023-07-31,92.1901692235338,6774636832.358995684162522565838,0.97343943792,73485458.25892251,722540.4512894461575,7837.5,799.0633152114782484202473960276280718142,226239
2023-08-01,93.6889428230656,6885509184.236340591679431046656,0.989044729169,73493295.75892251,734287.08937577664,7837.5,799.0633152114782484202473960276280718142,254599
2023-08-02,87.3736709925193,6421912023.189063773380438379443,0.923353478613,73499395.75892251,532979.39305436773,6100,787.746339723402448740852808458622128098,230785
2023-08-03,82.8240810209608,6087800475.903119080296932947608,0.876461684093,73502783.25892251,280566.57445850471,3387.5,743.0619925995956169551299003984117580772,251341
2023-08-04,82.0228602700407,6029185860.501975906883190846157,0.868492046819,73506164.50892251,277339.796288075116875,3381.25,741.6910303877971815597130510344840040386,245453
2023-08-05,83.0973093015684,6108474025.247051833908137064684,0.880056094009,73509889.50892251,309537.47714834229,3725,817.0939994171954915715595205654673830772,227274
2023-08-06,82.3800861268242,6056040903.8464250090462389245,0.872832029707,73513408.2589225,289874.92805876265375,3518.75,759.8711930264827929519207453929769501856,209975
2023-08-07,82.2986094323296,6050323888.484200567819160856,0.872316759347,73516720.7589225,272614.1437445918,3312.5,712.5618856708048638536152446323010935656,257664
2023-08-08,83.9688658999997,6173427926.03375319986089732325,0.890009696463,73520439.5089225,312259.220065623884375,3718.75,799.9515490681515014339037674947301564344,266076
2023-08-09,84.0359719035007,6178665694.07815980502475999575,0.890809697969,73524058.2589225,304105.173325793158125,3618.75,775.6936499910302808040238105548898884982,249311
2023-08-10,83.0199910279859,6104271236.58894248499650419275,0.880956746602,73527727.0089225,304579.592083923270625,3668.75,777.67981591239359571771797633532172523,252238
2023-08-11,83.4714571127495,6137772747.53150993120313241375,0.885804037423,73531395.7589225,306235.908282399728125,3668.75,777.67981591239359571771797633532172523,235390
2023-08-12,83.3992510070499,6132764611.59136502177207773275,0.885096969989,73535008.2589225,301279.79426296776375,3612.5,765.75627526763435485442787396389203773,236348
2023-08-13,81.9042987396064,6023130699.243009707953950707936,0.869526928774,73538639.50892249,297414.98479819574,3631.25,775.8831475623837342880849557214442555664,242953
2023-08-14,82.0436050453031,6033687886.683194302781866456719,0.871195439262,73542452.00892249,312791.24423521806875,3812.5,816.3632030208947568431708755609302291372,242914
2023-08-15,79.249827572248,5828489651.31268626416110705752,0.842385074211,73545770.75892249,263010.36525539805,3318.75,710.6374752368510616074661902709790625,227410
2023-08-16,74.389132263817,5471276193.96638287616658454433,0.791528813468,73549402.00892249,270125.53653298548125,3631.25,775.2377848049537410922889126899984009136,218010
2023-08-17,65.0414014542252,4783967160.826492230384209804748,0.69427362701,73552645.75892249,210978.0459671429925,3243.75,687.2077224642704755834696014048871782736,212448
2023-08-18,64.0342259495807,4710117661.143642004229274299943,0.685460103354,73556252.00892249,230923.427330675399375,3606.25,764.0054989502515684971981582323292739088,223030
2023-08-19,64.0598785745628,4712234787.280143067670850837372,0.686103098523,73559845.75892249,230215.1886273350625,3593.75,761.3573013390413242132346487318307260912,206652
2023-08-20,65.1811408775346,4794949321.449202018516343693154,0.698238627653,73563445.75892249,234652.10715912456,3600,755.19462029700605079066864723084,203633
2023-08-21,66.967152111202,4926566754.27080577126967873298,0.717644050087,73566914.50892249,232292.3088857319375,3468.75,724.3292114204809309566048450096484872072,218468
2023-08-22,64.6895162840507,4759248678.230988436255054530243,0.693983679934,73570633.25892249,240564.138681313540625,3718.75,776.5331150282376175781186688622088375976,252310
2023-08-23,65.5713749201794,4824359125.453513482122851494706,0.70386183939,73574164.50892249,231548.91768688350625,3531.25,735.75039091165338436111536417682139312,201282
2023-08-24,64.7639525746577,4765186041.655781454698257581673,0.695595508193,73577752.00892249,232340.67986158449875,3587.5,739.0668928402359953294836160566144637528,207445
2023-08-25,65.0849681714408,4789036699.263893257581598823592,0.699222965868,73581302.00892249,231051.63700861484,3550,731.3414524810699908599757292831333931236,240662
2023-08-26,64.9835159922169,4781820683.920601321007320368081,0.698280705965,73585133.25892249,248968.095645180998125,3831.25,789.2822366337640955191713891416302681236,216615
2023-08-27,65.2922018473134,4804794502.129103236627435338366,0.701652527906,73589102.00892249,259128.42608152505625,3968.75,829.8215089205970674749429685611582241088,221789
2023-08-28,65.5611391129617,4824825471.676897893743659638633,0.704613366571,73592764.50892249,240117.67200122222625,3662.5,769.842434741083285534497657154904881869,222797
2023-08-29,68.807815695344,5063993903.70724453095154988656,0.739266455819,73596202.00892249,236526.866452745,3437.5,722.548360200217746310272638791286131869,232782
2023-08-30,67.6335463427509,4977817733.536073227195156477741,0.727060440184,73599833.25892249,245594.315157114205625,3631.25,766.2033724331079390564310126023325107936,222390
2023-08-31,63.916242695463,4704462493.45042312086384166287,0.68827831128,73603552.00892249,237688.52752375303125,3718.75,792.0414604415005461206942080850663850954,224477
2023-09-01,62.97075097746,4635091735.8059985529338770754,0.678540152118,73607058.25892249,220791.195614719125,3506.25,746.7819466637019297324330037189016552862,228436
2023-09-02,64.5403430533925,4750884969.439839161619214047325,0.695508977993,73611089.50892249,260178.257933988515625,4031.25,858.5995698403213125938394165153914697138,235680
2023-09-03,63.873943613741,4702057333.13878558452366793509,0.688532620843,73614639.50892249,226752.49982878055,3550,786.552024264897598409148952996793868112,225145
2023-09-04,63.6212269439327,4683675565.621919149247870076423,0.685988535929,73618127.00892249,221879.02896696529125,3487.5,775.403017811747067605036293840465625,205887
2023-09-05,63.0946135375646,4645123766.380011820380734767854,0.680941923285,73621558.25892249,216493.39270076853375,3431.25,762.8965175244608245791486116817484375,227197
2023-09-06,62.7868246860443,4622668321.114247141675333406307,0.678221794729,73624814.50892249,204449.597883931751875,3256.25,716.1705772611773642823923036963741867376,203514
2023-09-07,63.6064968521343,4683256646.826366905668049770407,0.687188524853,73628589.50892249,240114.5256168069825,3775,803.8261460850547583054143257278513063548,203473
2023-09-08,62.5644059165259,4606778436.666079190390443177491,0.676864728027,73632577.00892249,249475.56859214702625,3987.5,849.0746395035123155224126938148649436452,216879
2023-09-09,63.0836734930691,4645257501.445959229056499114059,0.682602145743,73636445.75892249,244054.961826311080625,3868.75,823.7887185145217586576415294658292622904,208440
2023-09-10,61.1084018650662,4500020162.612936206043184518838,0.661511209791,73639958.25892249,214643.2615510450275,3512.5,791.0961018721334768137825232690659962768,204733
2023-09-11,58.7238884170222,4324621783.881636335243896409278,0.636194779382,73643314.50892249,197092.05049963075875,3356.25,757.585351981808824494014104570007001795,226559
2023-09-12,59.9943824975401,4418404158.531056359916926566849,0.65008915467,73646964.50892249,218979.496116021365,3650,823.891702905696292726117323483999729765,224187
2023-09-13,61.9794985207284,4564822729.800378539623013941716,0.67241873626,73650527.00892249,220801.963480094925,3562.5,797.5690177982126926944408093380412490722,218170
2023-09-14,62.8236508741165,4627213700.337839799148920730085,0.681577485455,73654008.25892249,218704.834605518065625,3481.25,768.7751350018652216414992442141677842312,212301
2023-09-15,65.9894273664893,4860640299.982250705883077114357,0.715709378887,73657864.50892249,254471.729282024363125,3856.25,851.5875398908423013059980758465723869248,221602
2023-09-16,65.2504589429089,4806462309.490197331445065231161,0.707753592814,73661739.50892249,252845.5284037719875,3875,855.7281573527944400594880280525515342312,204514
2023-09-17,63.5132599526184,4678703231.129226656436438147816,0.689177919152,73664983.25892249,206021.136971305935,3243.75,738.1829264002750434995885486512059426496,195131
2023-09-18,65.8327909982276,4849792398.077367154423975778724,0.714389767409,73668339.50892249,220951.3047878013825,3356.25,764.0938172050202308799985450276291968634,216535
2023-09-19,67.3355267670274,4960731700.382154775204584306226,0.730527844655,73671833.25892249,235253.49664230197875,3493.75,795.3974707661510655115385346835971427122,211678
2023-09-20,64.5378690854316,4754853853.030065748986772596684,0.700550645429,73675408.25892249,230722.88198041797,3575,800.6794231438719472040039076506611398384,221902
2023-09-21,64.7019575245644,4767181724.242115973634650613356,0.702434013348,73679095.75892249,238588.468371831225,3687.5,791.9630033837300957228318035019559984496,216678
2023-09-22,64.3042944789575,4738113766.085184674126178504175,0.698304771861,73682695.75892249,231495.460124247,3600,773.17065757578246058025088090116,213264
2023-09-23,65.0369438282494,4792363590.175829172239416989006,0.706236566853,73686789.50892249,266244.98879689598125,4093.75,879.2131626767290857240727023142029992248,215060
2023-09-24,63.6297799766076,4688906850.018374692381181544924,0.691150593028,73690445.75892249,232646.3830394715375,3656.25,822.87762538282419650484461670825625,206901
2023-09-25,64.2989288057938,4738438556.824546842476757122562,0.698429546928,73693895.75892249,221831.30437998861,3450,778.4455525134914653100313460336567191174,216213
2023-09-26,63.6888529418402,4693721309.287163771702939766098,0.691985003063,73697689.50892249,241619.58584810625875,3793.75,856.0080616420365640604367370376592713232,234015
2023-09-27,63.4629216821263,4677302337.122548802258405090487,0.689655535683,73701339.50892249,231639.664139760995,3650,828.468811125064861395198568844886298943,211143
2023-09-28,65.2849134383369,4811809987.019428452675726606881,0.709581669728,73704777.00892249,224416.88994428309375,3437.5,785.2079714180822734694801818678259965874,214953
2023-09-29,65.6174295913167,4836557519.544677675185127342583,0.713555323274,73708427.00892249,239503.618008305955,3650,833.7481024441671545054837456632496284126,231110
2023-09-30,66.0698296729229,4870142308.134707735581032846021,0.718518197185,73712045.75892249,239090.196128889744375,3618.75,826.6098444954556939876412807130176772622,220360
2023-10-01,68.2412554842434,5030447362.404919547778656894066,0.741946366886,73715633.25892249,244815.5040497231975,3587.5,809.011206949696712997692412397111693624,221187
2023-10-02,65.9694610900489,4863204896.170507960107275409761,0.717526049567,73719033.25892249,224296.16770616626,3400,766.3332755989489120117889956552376003448,235381
2023-10-03,65.5254378738481,4830701682.494212633424980933769,0.713683616663,73722539.50892249,229748.566545179900625,3506.25,790.2811914756806997543645346895710127586,228420
2023-10-04,64.4805192558333,4753895728.230875363219080060917,0.702604253826,73726077.00892249,228099.83686751029875,3537.5,790.7426470849478411720325012109526355382,233955
2023-10-05,64.9274722456336,4787077905.506030893294143339664,0.707526427569,73729620.75892249,230086.72977046407,3543.75,780.704299429932517362113946038544375,223125
2023-10-06,65.5254504952561,4831414792.716532886392242599689,0.714521383397,73733408.25892249,248177.64375078247875,3787.5,834.4035343132043220740222539049367105044,238684
2023-10-07,65.499511236034,4829736772.85098981365140100466,0.714287459752,73736989.50892249,234570.1246140467625,3581.25,788.9657232315759918059289672228301644956,214497
2023-10-08,65.3161923031321,4816465954.993527669078455821489,0.712314208711,73740764.50507609,246568.6259443236775,3775,840.479215009073752763635809363053699864,196403
2023-10-09,63.0785275303028,4651665426.116679412971894740052,0.688229394457,73744039.50507609,206582.17766174167,3275,730.0494805090235345217082322740336293936,211062
2023-10-10,63.6848525100751,4696609136.968271387581817114359,0.694909130194,73747664.50507609,230857.5903490222375,3625,808.0700340851843960849743384201022587872,214426
2023-10-11,61.4616672847266,4532881058.734740655050527846994,0.671144777612,73751352.00507609,226639.8981124293375,3687.5,819.2277998766984889459963291527668165472,220023
2023-10-12,61.0856975846209,4505375747.835186147394118304281,0.667296809155,73755002.00507609,222962.796183866285,3650,806.2443130581582761580875104245144675236,218383
2023-10-13,61.5007582295321,4536223018.173589969536795597489,0.6720403866,73758814.50507609,234471.64075009113125,3812.5,842.1387524974323074871905788518901850472,226213
2023-10-14,61.6486906272991,4547376692.874805824510151688519,0.673773081398,73762745.75507609,242356.415028569586875,3931.25,870.1988043818509101565962600890821044924,216210
2023-10-15,61.5861432463583,4542988585.566463489447381903047,0.673160181545,73766408.25507609,225559.24963978727375,3662.5,850.2395714087608787546599886593711118694,201133
2023-10-16,63.3293601562637,4671803463.431250203489883604933,0.692163098534,73769945.75507609,224027.61155278283875,3537.5,821.2211578278046486118421349757088881306,220591
2023-10-17,62.1530387858754,4585245000.752396341973894259186,0.679566719866,73773464.50507609,218701.00522779906375,3518.75,816.8683982978523079452677479729127400224,214488
2023-10-18,60.1760033543678,4439603991.832595803806422845902,0.658272619831,73776983.25507609,211744.31180318169625,3518.75,809.4483521335680645526655671940854296224,205169
2023-10-19,61.7373667970193,4555014686.472685450654531698537,0.676255640352,73780514.50507609,218010.076501974403125,3531.25,805.2135502301277916620229589199138650832,211745
2023-10-20,63.414907832484,4679001326.88880141719239370756,0.694560045107,73783933.25507609,216799.716152304675,3418.75,779.5607292189655096166624416765563650832,225882
2023-10-21,64.735191853873,4776646480.33684300843852619657,0.709296903514,73787477.00507609,229405.33613216244375,3543.75,808.06386185161188442885629316576125,214643
2023-10-22,65.1472323889301,4807288106.410950048892949191309,0.71377957723,73791133.25507609,238194.568422025678125,3656.25,816.67700247188387138926745238250625,203977
2023-10-23,68.9282135735072,5086542580.816557581952744162848,0.754365483809,73794783.25507609,251587.97954330128,3650,813.7259051132536664742426325144380993672,234837
2023-10-24,69.0150914202671,5093203029.705627831912328623639,0.755542311937,73798395.75507609,249317.01775571489875,3612.5,805.3657047918791260451111435572663012656,235942
2023-10-25,68.6652557607869,5067639351.546536402342322775221,0.751717439196,73802089.50507609,253632.288466406611875,3693.75,832.1887004211037309356245937732486320934,230058
2023-10-26,68.8807566729822,5083776241.710570791372058215598,0.753794986797,73805464.50507609,232472.553771314925,3375,769.6448356621608339745817527902375,315758
2023-10-27,67.0015808856752,4945350387.405347752178367025968,0.733835432948,73809458.25507609,267587.56366216533,3993.75,910.746388866890320203255074135114375,228250
2023-10-28,67.734674653607,4999710682.90450131401392795663,0.742559937728,73813164.50507609,251041.63793493094375,3706.25,846.1548228472883529324217991217630714262,221292
2023-10-29,68.8441248198955,5081834629.184425410832398348595,0.754653455789,73816533.25507609,231918.645487022965625,3368.75,786.2625175476347989279737556089715135654,204906
2023-10-30,69.2385405017665,5111182707.555773055979236912985,0.758992467948,73819908.25507609,233680.0741934619375,3375,787.72125968753466645841120871143125,226330
2023-10-31,68.8342165795714,5081561845.201003591738946587826,0.755188162884,73823195.75507609,226292.4870053409775,3287.5,767.2988529242163143648806474975558207384,236937
2023-11-01,69.8700358490525,5158262961.831157019096766904725,0.766485943023,73826539.50507609,233627.932370269296875,3343.75,762.0148431584212713571814708481777677088,223701
2023-11-02,69.345185208411,5119799803.94233486258781299299,0.76078988315,73830645.75507609,284748.66676203766875,4106.25,879.3279099558389404314263408836765625,241940
2023-11-03,69.4555193283265,5128197619.522079412507199863385,0.76247512245,73834270.75507609,251776.2575651835625,3625,776.271210842172200857350974441523551884,226340
2023-11-04,70.4135081402318,5199204197.437950021066649237662,0.772901320004,73838164.50507609,274172.59732102757125,3893.75,833.822354302812686674740892874132088442,220266
2023-11-05,71.6648639516497,5291862246.733032322205104525673,0.786415279397,73841795.75507609,260233.037224427973125,3631.25,837.1843640133655773105212295642144745472,218300
2023-11-06,74.5185081715402,5502854781.634046547819873493818,0.817176017783,73845477.00507609,274321.25820648236125,3681.25,849.02532126648543774411167818427448288,223045
2023-11-07,73.5132267706824,5428884404.137412972188193223816,0.806294240941,73849083.25507609,265107.074041773405,3606.25,831.72769432361424352504961219052955822,247686
2023-11-08,73.2230784683441,5407727228.103564885797451802569,0.802751643037,73852770.75507609,270010.10185201886875,3687.5,857.0395361717860855219114781987665795496,220300
2023-11-09,73.2972844985717,5413453094.945678290603129820653,0.803532936549,73856120.75507609,245545.903070215195,3350,783.7060419994509801144891005771266217384,309768
2023-11-10,73.3042072774329,5414213160.690659553845954369361,0.803456732438,73859514.50507609,248776.153447787904375,3393.75,793.9410023665994692252370495838690961962,354620
2023-11-11,75.0010015943513,5539793037.314905553742545690417,0.821805774473,73862920.75507609,255472.161680759115625,3406.25,796.8652851791289582507853279582381842384,309436
2023-11-12,74.8254051561943,5527090004.683092611769156324287,0.819870014087,73866489.50507609,267033.164651168408125,3568.75,799.3973067270443097636809512138609903088,287947
2023-11-13,71.5508958292674,5285484047.676227398958535956466,0.784702763095,73870270.75507609,270551.82485441735625,3781.25,841.3992911975796646988347890028559765868,803979
2023-11-14,70.6592306177075,5219887210.252719475111238863675,0.775079182719,73874102.00507609,270713.177304091859375,3831.25,852.5252331518232835177992448831065820434,1147634
2023-11-15,74.1951082884578,5481361781.771902420901307754002,0.813410024455,73877670.75507609,264783.79270443377375,3568.75,806.0832048951827356128908318968205642592,291706
2023-11-16,70.9689083837728,5243286442.164029666843385272352,0.778474872972,73881458.25507609,268794.74050353948,3787.5,869.6541588657945193222496597557104511566,309876
2023-11-17,70.186702970959,5185760920.41404771227060527031,0.770057357223,73885233.25507609,264954.803715370225,3775,866.7840149547632618971547276711986920522,289898
2023-11-18,69.854290389958,5161439790.27445255875906190422,0.766603019979,73888658.25507609,239250.94458560615,3425,786.6876416289863116028394964346069069592,265047
2023-11-19,70.6068994402843,5217309426.135375950076557732387,0.774865051495,73892345.75507609,260362.94168604835625,3687.5,859.8552001647527814978291811851085308368,260962
2023-11-20,69.5246210154812,5137575021.864662842867873964508,0.763202725489,73895764.50507609,237687.2980966763525,3418.75,797.1877856778537226354077838624267654184,277525
2023-11-21,66.5282379462737,4916392842.666166239577850465833,0.7314714978,73899339.50507609,237838.4506579284775,3575,833.6223297650758292202225245229747808368,285313
2023-11-22,68.6088781226295,5070407203.128568221120998378655,0.754283644273,73903077.00507609,256425.68198332775625,3737.5,872.0447443516452466910209930416880998816,257222
2023-11-23,69.5354078764475,5139140056.863113062259431390275,0.764502320717,73906808.25507609,259453.990638994734375,3731.25,871.1021043639035921703438728197446202836,268496
2023-11-24,70.7380297036601,5228268254.416189805797401997009,0.777600744498,73910289.50507609,246256.765905866723125,3481.25,812.7368077866906508915006463338342932388,263560
2023-11-25,71.8171895599877,5308269410.547210250064582964093,0.789277942233,73913633.25507609,240138.727591208871875,3343.75,780.6358879455409371775198917643572020448,256992
2023-11-26,70.0884571807967,5180750970.661365731052395320903,0.770503510338,73917320.75507609,258451.18585418783125,3687.5,846.80151251704120432769176208509526016,247859
2023-11-27,69.2199897396709,5116787205.966085964087571058781,0.761110239501,73920658.25507609,231021.71575615162875,3337.5,765.8865052001236386613110661457053772932,280450
2023-11-28,69.6843727423312,5151376019.602987833146019981008,0.766419653292,73924408.25507609,261316.397783742,3750,860.5466409041682092079157071092483727068,291135
2023-11-29,70.0019729965876,5175101624.927698114358448350484,0.770313786871,73927939.50507609,247194.4671441999625,3531.25,806.3724932594605113067538287295409353548,314349
2023-11-30,69.418189617106,5132234411.23433514259549559554,0.764448867444,73932127.00507609,290688.669021631375,4187.5,950.2463640178844855115770023327929177432,301105
2023-12-01,71.5223840533682,5288042475.555745228909381480272,0.787366642398,73935489.50507496,240494.0163794505725,3362.5,763.0336522556766401830638322067232286284,332518
2023-12-02,72.2687405197892,5343465897.54532016809118702818,0.795585741869,73938826.92728165,241196.921484796455,3337.5,757.3605350745078599098269081084185945574,322996
2023-12-03,72.2198951290783,5340086784.442798202972614003195,0.7950952359,73942045.67728165,232457.787446720778125,3218.75,734.5128600005633559685057718591238290376,313914
2023-12-04,72.674350713392,5373920446.8652405913848108568,0.800019610823,73945214.42728165,230286.8488230609,3168.75,723.3088651371062795543723777047638619152,335095
2023-12-05,74.0167417933559,5473431795.66737698541797289043,0.814689376817,73948564.3795077,247956.085007742265,3350,764.6815681131129612806953762680115174464,754272
2023-12-06,72.4735408535115,5359564335.33272119733318628855,0.797847794656,73952014.3795077,250033.715944614675,3450,778.5315389234938913332156444326750139504,636588
2023-12-07,74.0231206769273,5474457290.42139030468344769021,0.816618946139,73956045.6295077,298405.705228863178125,4031.25,836.2765920548867156499040230830085259698,1274305
2023-12-08,78.1238225938547,5778019999.74184490168450633119,0.861103422743,73959770.6295077,291011.2391621087575,3725,772.7454981559799817637305995957103576868,1393269
2023-12-09,76.5205891230323,5659755606.61390097182295519871,0.84356207588,73963826.8795077,310386.639630299766875,4056.25,841.4628001438695864580319487837404913434,1004396
2023-12-10,77.1042579573017,5703219465.30861692413294137309,0.849958897779,73967633.1295077,293478.081849979595625,3806.25,859.136308562697917686072320645322742656,326518
2023-12-11,72.5646347121652,5367717279.52188022255556803604,0.800409950686,73971533.1140777,283002.07537744428,3900,887.6544592463101312282452218830660092366,735277
2023-12-12,72.4827468028606,5361921749.24991600134594981044,0.799772102168,73975145.6140774,261843.9228253339175,3612.5,822.2183940494052317139532294343725478244,565700
2023-12-13,73.2022080324305,5415422624.3753413208855556346,0.807640964364,73978951.8640772,278625.904323438590625,3806.25,890.7055094961551370175723087465027632918,588459
2023-12-14,73.0173009589265,5401993932.235229102876892679175,0.805736883017,73982383.09676695,250540.613915316553125,3431.25,819.5516845730229847263424439916584375,552234
2023-12-15,70.9311782057155,5247884579.290544718639369159795,0.784461715833,73985583.09676689,226979.7702582896,3200,764.3177832894368785184372341504340330686,505630
2023-12-16,72.0576391202464,5331448024.128117477399476934592,0.79686826992,73988658.09676678,221577.24029475768,3075,734.4616218278079105019391860081483492058,569919
2023-12-17,71.1462362583019,5264249331.966940682105872798806,0.786933321396,73991958.09676674,234782.57965239627,3300,738.5414417474183646282426449236462789352,597833
2023-12-18,70.7766922624205,5237126782.91775732328795980371,0.783826317502,73995076.84676662,220734.808993423934375,3118.75,684.7632733301338371397411265565636289584,909251
2023-12-19,70.515410879654,5218012726.13767799402197397716,0.781098259233,73998189.34676654,219479.216362923075,3112.5,683.3910031125092867129416587214356123438,1365602
2023-12-20,69.7302425979445,5160109990.33605098623220037703,0.77440234223,74001033.09676654,198295.377387904671875,2843.75,624.3833521375275693302513289507357460416,1431627
2023-12-21,70.8656344739332,5244356932.159196582337664865148,0.787001351113,74004233.09676639,226770.03031658624,3200,629.1072584814913235734368314116665144224,1185152
2023-12-22,73.7023027424058,5454567987.60570758436543109506,0.817954804793,74008108.0867957,285596.423126822475,3875,724.232422123758424177561181597017816673,1204255
2023-12-23,72.4647277738921,5363248695.150542580573302815333,0.804359858554,74011851.83342173,271289.824603508549375,3743.75,699.701971384446830698604422619457204192,1159094
2023-12-24,71.1869727927371,5268968875.564049340699204202688,0.790450776854,74015914.27275328,289197.07697049446875,4062.5,771.5459052266590755787972670831547773952,694040
2023-12-25,72.3220105080979,5353284386.269801414662518786112,0.803094948385,74020126.77275328,304656.46926536240375,4212.5,826.1368672370637744002891189157236689806,797513
2023-12-26,73.0492107175187,5407394903.651832149692428886336,0.811034867305,74024001.77275328,283065.6915303849625,3875,759.9478601325526775594456316111105439806,740603
2023-12-27,75.6829942555837,5602660359.900912353009037489536,0.839733052144,74027995.52275328,302258.958308237401875,3993.75,803.373937856035699201424895423534375,555968
2023-12-28,76.8880605152435,5692146757.69424038610827962368,0.852217210743,74031608.02275328,277758.11861131714375,3612.5,798.0012917087563279059005748401442641064,700578
2023-12-29,73.2167266832967,5420617421.161109075539621138176,0.812349285715,74035233.02275328,265410.6342269505375,3625,800.7625400919920670047681310281685282128,666344
2023-12-30,73.3104492897378,5427837066.827317019468855289984,0.813509674603,74039064.27275328,280870.65884130794625,3831.25,846.3231702249834951569063604118896320532,782269
2023-12-31,72.7032010841009,5383133254.276972137367139872253,0.80692026966,74042589.23963917,256278.7838214556725,3525,797.4349255189132440486353661833917578102,957509
2024-01-01,74.6571181969348,5528083881.665954887819813168468,0.828405792317,74046306.83819941,277631.1582948512875,3718.75,846.3352068774903415057501023276555988322,915253
2024-01-02,73.0337457888484,5408167633.519988595493113459444,0.810494951803,74050256.83819941,288483.29586595118,3950,898.9644541825245070676674152386980726644,1043546
2024-01-03,65.1573585394187,4825155737.400796575240791082967,0.724768265993,74053888.08819941,236602.658196264154375,3631.25,839.1626807397310132244353986312704014208,1378540
2024-01-04,66.4745886176846,4922930668.067661835138547286086,0.74111009557,74057331.83819941,228921.86455215134125,3443.75,812.8794571439112821377915123721879250072,725937
2024-01-05,65.9457969128499,4884000987.720289463761672658559,0.7354773511,74060838.08759941,231222.450425679961875,3506.25,827.6322594489563768741479839113378250108,808550
2024-01-06,65.5947330314642,4858229664.074026163060875356122,0.731729402812,74064325.58759941,228761.6314472313975,3487.5,823.20642130672724991923510671561125,788205
2024-01-07,64.1240834214012,4749518602.004334641356126493292,0.715716684218,74067625.58759941,211609.47529062396,3300,746.9093137201595705990293424891125276998,843421
2024-01-08,67.9043444594595,5029761836.454056588299546118895,0.75777406992,74071281.83759941,248275.259429898796875,3656.25,818.730148886647686024087912255996875,898827
2024-01-09,66.7984807196593,4948106264.89682344365250701691,0.745677610586,74075131.8231787,257174.150770688305,3850,862.1158455012406725487522696205624267088,730313
2024-01-10,70.2127989535095,5201292218.60153724029643564765,0.783398121318,74078975.5731787,269880.445977552140625,3843.75,868.1538153787752569935387972139770560168,836983
2024-01-11,71.9504905529461,5330289795.56119037336180176807,0.802486351054,74082744.3231787,271163.411271415614375,3768.75,864.03313346972904022564973959731375,753374
2024-01-12,72.8151845991944,5394638598.96086358316626723928,0.813318595288,74086725.5731787,289895.453685542705,3981.25,912.7514214364507619651609545809627287472,717122
2024-01-13,71.9828409861695,5333253719.19994582969685198965,0.804052535148,74090625.5731787,280733.07984606105,3900,904.1985778197803504828825211221249440056,531527
2024-01-14,69.8854123861439,5178103761.343120496090572060327,0.780987441653,74094200.55693593,249840.3492804644425,3575,900.7790426478705243885306926077740000048,772444
2024-01-15,69.2385068152989,5130386882.347326963577956099477,0.774201477401,74097306.80693593,215072.111795022208125,3106.25,782.6698969219572376077184523303936249976,519957
2024-01-16,69.5750203014949,5155567312.169103228360692521757,0.778077807355,74100838.05693593,245686.790439653865625,3531.25,889.7555209287935092501446308747226250024,626880
2024-01-17,69.2731402986324,5133427218.241600980699313422132,0.775299465486,74104150.55693593,229467.277239219825,3312.5,807.9416578068988054018652163059024954394,499413
2024-01-18,67.9970280945189,5039105096.715868727559511474077,0.761336015841,74107725.55693593,243089.3754379050675,3575,831.051815124794414594578420951664474448,534319
2024-01-19,71.1660766281469,5274247411.848779272522632928117,0.796437625468,74111819.30693593,291336.126196476371875,4093.75,951.641499185811935320816716753688487224,510688
2024-01-20,71.2780969942765,5282835893.834368742206337204645,0.797737119626,74115838.05693593,286448.852295748684375,4018.75,942.7522692299907401936890764092979534048,855011
2024-01-21,71.7128564190619,5315322894.113535356304209004067,0.802560769569,74119525.55693593,264441.15804529075625,3687.5,926.2695918819649977451051846466630139192,938064
2024-01-22,67.1988796744646,4980970415.738869095547289253078,0.752773646201,74122819.30693593,221336.30992776777625,3293.75,827.3628392796556618196310716576358264192,1099480
2024-01-23,65.3621386680191,4845052718.922974347953428716263,0.732773064658,74126288.05693593,226724.918504691253125,3468.75,871.3213949870261338900326616796886666894,736904
2024-01-24,66.1618519197641,4904572744.009556781622979414113,0.741946112068,74129919.30693593,240250.224783643388125,3631.25,901.2076354469356691675936011160762058784,586334
2024-01-25,65.5021477751339,4855920702.882179536440379471027,0.734703926443,74133763.05693593,251773.880510670928125,3843.75,943.8297850244900878983331921537125686364,489987
2024-01-26,66.976198934397,4965438776.57295574930590218421,0.75122625298,74137363.05693593,241114.3161638292,3600,883.97716727047553136382591690908,365292
2024-01-27,68.0720405781411,5046933878.368514268685376199723,0.763380349955,74141069.30693593,252292.000392735451875,3706.25,913.5855810224625310364306610580834998898,379284
2024-01-28,68.3546394893333,5068143248.160358417312191515469,0.766581025433,74144831.80693593,257184.33107861654125,3762.5,951.0369018288168662607628855457421868722,360049
2024-01-29,68.4331941577915,5074211036.387564917346425798595,0.767737072909,74148388.05693593,243365.546723646021875,3556.25,898.9036467574272900942442315638446887556,451950
2024-01-30,67.5487295673781,5008900029.812802548253094785133,0.758131906053,74152394.30693593,270617.097829308513125,4006.25,1012.6489239316429661395546885244671887556,386175
2024-01-31,66.7492706994982,4949849359.959392620180530550326,0.749828937562,74155856.80693593,231119.3497970125175,3462.5,908.250764474438350614487335811923318488,329177
2024-02-01,67.4849596530038,5004642889.132775277256898646534,0.75814485865,74159381.80693593,237884.482776838395,3525,934.5486952971917032951222306898285972538,343653
2024-02-02,67.9694563807609,5040799290.202293558954755949137,0.763663731658,74162713.05693593,226423.251568409748125,3331.25,883.1816519529646739826287139951685393308,380587
2024-02-03,68.8207575460115,5104181418.843239982214307543195,0.773265711314,74166306.80693593,247324.597430978828125,3593.75,946.7793523579862781512167534880539757958,347551
2024-02-04,66.8276442794916,4956593465.572529037010334173188,0.751139918554,74169806.80693593,233896.7549782206,3500,887.944989775664772721329568055021278084,302528
2024-02-05,67.5951372071777,5013784001.127842439610865024761,0.759884427287,74173738.05693593,265733.383145717333125,3931.25,997.352500738909172221331238020648735958,316412
2024-02-06,68.3318455927524,5068669285.46968663351436867376,0.768113875211,74177263.0535724,240869.75571445221,3525,894.287459076816535361484652269080582874,308778
2024-02-07,68.5779178343655,5087196562.5373412390162623122,0.770905337057,74181263.0535724,274311.671337462,4000,1032.6068929028717812283935862311055163828,364324
2024-02-08,70.165536142503,5205223320.82184471854906335876,0.788582021986,74184900.55075292,255227.1377183546625,3637.5,945.3164948878738018639696898475525639962,366736
2024-02-09,70.7390319207156,5248034645.544216650428503847284,0.794946576534,74188669.29683489,266597.7265511969175,3768.75,979.4258497197427337836214331847440625,355599
2024-02-10,70.7878612948575,5251912510.407053135797347250575,0.797047873037,74192275.54468561,255278.724794579859375,3606.25,956.8146775062478021140673210600437749812,405575
2024-02-11,71.5325011735638,5307421918.87149133547547769164,0.80534656443,74195950.5371378,262881.941812846965,3675,1010.7926664152166398816069522692160249138,409820
2024-02-12,72.9620233510994,5413747058.430678174729901171716,0.821102719451,74199519.28113714,260383.22083423598375,3568.75,981.5690677212110295479050142530377207184,332788
2024-02-13,68.9721800717865,5117946162.66075002038205343183,0.776854481396,74203050.52463142,243558.010878496078125,3531.25,971.2548634068390344995173015640087958908,349289
2024-02-14,69.954250663312,5191076746.89961950471977476816,0.788005403856,74206737.94197493,257956.299320963,3687.5,997.2172088554662851473801529082652398472,342147
2024-02-15,69.8372840505686,5182629681.572303012231423445198,0.787175398453,74210069.19197493,232645.45249345664875,3331.25,898.2888739342091305760516988794944245232,317582
2024-02-16,70.522978257091,5233776471.87103200709431672863,0.794814620857,74213775.44197493,261375.78816534351875,3706.25,999.4095761672329291623839593472134127384,374421
2024-02-17,69.9592056978062,5192182513.465935905825996398566,0.788595463006,74217287.94197493,245731.7100135442775,3512.5,944.2732546595625420594288627908819504328,315147
2024-02-18,70.8242376097508,5256629835.133072212731292544208,0.79825402299,74220775.43704276,246999.528664005915,3487.5,931.30969345103814562932312993734375,315040
2024-02-19,71.4360969284326,5302293427.278083003129544671034,0.805139848133,74224287.93373359,250919.2904611195075,3512.5,937.9857443285495028835518749349820338,378515
2024-02-20,69.6889581163556,5172868528.542188993630610157736,0.785701457421,74227950.42946906,255235.809101152385,3662.5,978.04207843417589521526691924823769595,346783
2024-02-21,68.9007659241093,5114625321.145225091402646861987,0.777042829423,74231762.92087559,262684.17008566670625,3812.5,1008.7666338105997745148574002285524312772,394434
2024-02-22,68.7775701816451,5105731751.566775218324888248491,0.775782502005,74235419.16474041,251467.990976639896875,3656.25,964.928431448281565442117222597778125,377812
2024-02-23,68.762510609362,5104868218.6460141251421746928,0.775730133242,74239119.1567544,254421.2892546394,3700,976.4745857307539811889466658868285383336,358613
2024-02-24,70.3943072592052,5226268743.15679807353937750128,0.794023102166,74242775.3981964,257379.1859164690125,3656.25,980.2849406450932777658719638740875,347415
2024-02-25,70.092580921681,5204117446.87446134392393123027,0.790680022018,74246337.89258467,249704.8195334885625,3562.5,979.4387373628896957856669388227898746722,351284
2024-02-26,72.0525332462793,5349892515.085646208492909539871,0.812747711982,74249887.88110247,255786.493024291515,3550,976.0021124021133528176614971200489165574,359799
2024-02-27,74.1044638320565,5502505643.152587258907549743745,0.835410326738,74253362.86924573,257513.0118163963375,3475,955.3823527399690735825793857362759168852,406086
2024-02-28,74.8010159143647,5554500000.870080149472748741333,0.843121038638,74257012.86235339,273023.708087431155,3650,987.0007941456174976331344825455340711982,359689
2024-02-29,79.9762725982793,5939075003.290370000071724241909,0.900131546097,74260462.63899213,275918.140464063585,3450,929.7361560352563584634538169782397688176,401403
2024-03-01,84.9065639633239,6305499485.975555973520505740907,0.953787666446,74263981.38899213,298764.971945945973125,3518.75,948.2635145808692703993655358550228082432,403891
2024-03-02,93.964786591168,6978539784.97851058490187950784,1.05176727324,74267606.38899213,340622.351392984,3625,971.94192917833894084677551964182355782,384881
2024-03-03,90.6942223660338,6735954002.986818231416177513994,1.014707122693,74271037.63899213,311194.55049345347625,3431.25,908.096898806769401168691588407029375,313800
2024-03-04,88.8772168527939,6601301967.764388925001720612007,0.993676761893,74274400.13899213,298849.64166751948875,3362.5,889.9018810936356435362858070289745663224,368797
2024-03-05,82.0485766926555,6094397011.730711059624293301215,0.91454157667,74277912.63899213,288195.62563295244375,3512.5,929.6000998263685655946721415171221173552,435735
2024-03-06,85.6776384799324,6364282792.124274021085766532012,0.954055436496,74281725.13899213,326645.996704742275,3812.5,985.2908079579921861559272604384862002836,384238
2024-03-07,88.3946719013857,6566463958.017827108339123394541,0.983354913954,74285743.88899213,355236.087703693781875,4018.75,1026.1300219643955307886708765440963226064,383163
2024-03-08,88.3015759295496,6559917465.461269188584828844648,0.981796917303,74289925.13899213,369210.964355429265,4181.25,1067.6220613641111120032750295834159138298,362087
2024-03-09,90.9043054536652,6753608120.287403943895542454876,1.010059565373,74293600.13899213,334073.32254221961,3675,994.5771180487629539755572797517279582486,393683
2024-03-10,87.2573501726877,6482957176.474508688365231247801,0.969794346537,74296975.13899213,294493.5568328209875,3375,966.0811086277345107495513656360625,359592
2024-03-11,103.843876329283,7715645457.39510251977612554279,1.147041991426,74300437.63899213,359559.4217901423875,3462.5,991.127660468393624152318155705981705608,359774
2024-03-12,97.4829376855732,7243359420.702620968892589338916,1.076763013591,74303868.88899213,334488.3299336230425,3431.25,982.182460438196752595377221729996875,378721
2024-03-13,97.2225886852515,7224362053.471886976330130570695,1.073582620667,74307443.88899213,347570.7545497741125,3575,980.2683114413597101595113528204439544504,318381
2024-03-14,94.1694859085665,6997822206.288146394989768081645,1.040180764997,74310931.38899213,328416.08210612566875,3487.5,949.245801493516009434435571919796875,306120
2024-03-15,89.7170361722506,6667301930.009102614049407787778,0.991865524842,74314781.38899213,345410.58926316481,3850,1047.91292345866775983550417231261614854,327584
2024-03-16,83.8700441784233,6233085930.363681916836279508629,0.928771982718,74318381.38899213,301932.15904232388,3600,980.91670540683120418761694426276,310859
2024-03-17,85.6967655537373,6369149665.348192480443326787449,0.948954845113,74321937.63899213,304759.122500478273125,3556.25,970.6258995586007676132550654478551750028,282695
2024-03-18,87.0007682777709,6466386489.817917843876309043017,0.963326950816,74325625.13899213,320815.33302428019375,3687.5,1006.4486546794921507057792734755096499944,302587
2024-03-19,78.3050816607194,5820332552.762277818492326738322,0.868907985333,74328925.13899213,258406.76948037402,3300,900.6862530464346860311925245937498937458,293169
2024-03-20,84.8435301743584,6306631718.478078743653345399392,0.940734688813,74332500.13899213,303315.62037333128,3575,968.1893653226899766448951755335523985024,313524
2024-03-21,85.7018855633816,6370722521.868587729830658586808,0.949656804148,74335850.13899213,287101.31663732836,3350,905.6628122947091143918021916731399499256,351687
2024-03-22,83.1130168415544,6178609216.600683104373518566872,0.921431301809,74339850.13899213,332452.0673662176,4000,1081.3884263444687722020513295201581375186,399649
2024-03-23,85.7506157444815,6374998233.811779111340144430595,0.950383912467,74343468.88899213,310310.040725342428125,3618.75,978.1414263287968360899539142808979816188,294578
2024-03-24,89.8448369124964,6679727232.704706585817998253332,0.994955933501,74347368.88899213,350394.86395873596,3900,1053.8170633063363798828314897822856865646,282345
2024-03-25,90.489957068314,6728028990.68377627585851836882,1.001084453766,74351112.63899213,338771.7767745005375,3743.75,1011.5968358341876577174318873351073137472,371794
2024-03-26,95.7371721783261,7118512319.618453836141034473593,1.057244610542,74354737.63899213,347047.2491464321125,3625,979.5094485585922427889715348213179987528,351499
2024-03-27,93.5945791902891,6959531470.949704145414457324783,1.033201826272,74358275.13899213,331090.82388564769125,3537.5,1002.992677477355792273332378814331102352,353109
2024-03-28,94.2798565086335,7010834578.055440146513708554355,1.040215452735,74361956.38899213,347067.721772407071875,3681.25,1044.3644412634976550489304923526233232608,308352
2024-03-29,109.247476942674,8124261697.27669694062564715562,1.197075619436,74365668.88899213,405581.258149677225,3712.5,1053.230018347684981441660891253158125,332512
2024-03-30,102.551056107081,7626664371.96834345901019627253,1.123642374546,74369437.63899213,386489.29270356151875,3768.75,1077.2516339968059346397870012674215625,309295
2024-03-31,105.204578544908,7824359751.35595806578406357404,1.151897970001,74372806.38899213,354407.923973158825,3368.75,968.9192757635052474900553738148478090232,294412
2024-04-01,99.5702641168195,7405661625.729777970890561130535,1.090627553739,74376237.63899213,341650.468750836909375,3431.25,986.89551347412106168571970453708875,324075
2024-04-02,107.106046344676,7966518957.25394326565023139988,1.169140822155,74379731.38899213,374201.749416711775,3493.75,1004.8717511847368758813840352593296909768,327497
2024-04-03,98.7501761629506,7345356586.043888466448730978778,1.077850473871,74383225.13899213,345008.42796930865875,3493.75,974.1523762836535424993574887165217251022,304636
2024-04-04,97.6579775676103,7264442486.255051465336874606939,1.065743540604,74386575.13899213,327154.224851494505,3350,931.8008101684186827464401273308444792264,295726
2024-04-05,98.1205091654659,7299195729.014267981506377883367,1.070368336137,74390112.63899213,347101.30117283562125,3537.5,983.9538370014098324975072720771661198066,312854
2024-04-06,101.52179237546,7552575434.4409652994329451298,1.106527810085,74393637.63899213,357864.3181234965,3525,971.9189406522877855311074053280553153696,293425
2024-04-07,101.151479266151,7525407709.81154737669691439163,1.102274607974,74397406.38899213,381214.63748430658125,3768.75,1017.7404507530130928015305111929884375,274285
2024-04-08,103.43104540315,7695367405.4195605315230272095,1.129383704792,74400943.88899213,365887.323113643125,3537.5,955.2920327986058026659944423353415966642,293678
2024-04-09,97.4088971638272,7247674913.899625574231301479936,1.064516958393,74404650.13899213,361021.72511343456,3706.25,1000.8625007427705680153167040305500341642,309493
2024-04-10,96.7779926741409,7201093788.958562442321364611117,1.057955228569,74408381.38899213,361102.885165388233125,3731.25,1021.5221272485068716625550547802104479702,296281
2024-04-11,98.6357320958229,7339695056.363801709663413973777,1.077730005175,74412131.38899213,369883.995359335875,3750,1028.9760340721811291871454586942589481932,306263
2024-04-12,86.1653428202881,6412092549.558894196786425232653,0.943800175101,74416143.88899213,345738.43806640600125,4012.5,1101.0043496412965803471169702932173018068,320626
2024-04-13,77.7998904330816,5789859104.355831435380634047808,0.854552210371,74419887.63899213,291263.33980884924,3743.75,1066.4435652103826297010343953583278035904,302698
2024-04-14,80.0116772105919,5954736068.105932988838876741747,0.880975693178,74423337.63899213,276040.286376542055,3450,1010.8381656863249197985031950560104188368,276432
2024-04-15,78.0895078630178,5811949266.316535362405092249914,0.861456375994,74426762.63899213,267456.564430835965,3425,1003.5132561046882858873717544664665270544,307583
2024-04-16,79.9888743960382,5953613926.574005174662812979366,0.882467066556,74430525.13899213,300958.1399150937275,3762.5,1101.8987903899654305206735104104448926162,299831
2024-04-17,80.2258146659679,5971531809.876803166103741932627,0.885284960753,74434043.88899213,282294.585355874548125,3518.75,1018.7227705521187994729600241321682777888,286594
2024-04-18,80.876963457587,6020286560.83071788018343179031,0.892477135045,74437593.88899213,287113.22027443385,3550,1027.7700362176369666609851285830466024278,300184
2024-04-19,80.8695190092555,6020003832.332264911896911659215,0.893381824087,74440950.13899213,271418.323174813771875,3356.25,971.6769578240541789475469446560167552166,295256
2024-04-20,85.0722760341129,6333183269.711452735793054631477,0.939132708811,74444737.63899213,322211.24547920260875,3787.5,1081.859389797899595816434209868386012262,299056
2024-04-21,84.1767823978486,6266836248.255921752230984331518,0.929400259365,74448512.63899213,317767.353551878465,3775,1061.3779211338711217488385787222864469254,288565
2024-04-22,85.5480079618341,6369235271.566365578039780265633,0.944045492648,74452175.13899213,313319.57916021739125,3662.5,1029.7474532519949965238719983233133219254,311041
2024-04-23,85.0705232870922,6334000791.563229732888796384386,0.938776361563,74455881.38899213,315292.62693278546625,3706.25,1045.553016837203501380643699455884699592,341406
2024-04-24,83.0717451218615,6185486847.828449296167139449995,0.917341736843,74459575.13899213,306846.258543875915625,3693.75,1081.686842283939223044842801327826210474,307462
2024-04-25,83.8417137728062,6243101352.232117810422669815206,0.925677872255,74462950.13899213,282965.783983220925,3375,988.3433044597428695118592271645625,318722
2024-04-26,87.8181919612515,6539501877.750877463933848450695,0.968816051718,74466368.88899213,300228.443767528565625,3418.75,1001.155164452886628391588648581843515316,317143
2024-04-27,83.8230576993845,6242316739.770785197731601343985,0.925222681509,74470162.63899213,318003.725147039946875,3793.75,1093.6765060829534453554506588248600874048,294258
2024-04-28,83.9158486663348,6249552596.558639594239033145124,0.92629934923,74474043.88899213,325698.3876362119425,3881.25,1102.7148930743761967931045678784959375,357090
2024-04-29,83.7060748228215,6234243787.910653103628957894795,0.924241991307,74477793.88899213,313897.780585580625,3750,1065.4250208725254634116989348951019852282,370617
2024-04-30,79.5252979336957,5923161500.969498485846464114841,0.878813397422,74481475.13899213,292752.503018417295625,3681.25,1060.17029758116417810511672066310349192,562936
2024-05-01,79.9078375781728,5951909323.069548650524278980064,0.883242184425,74484675.13899213,255705.08025015296,3200,975.0219195161695436535283823274663612364,473446
2024-05-02,80.1654350364315,5971362435.102105162393366784095,0.886159936897,74487993.88899213,266049.037527157040625,3318.75,1011.204372296709432441659246588325625,336324
2024-05-03,82.0172642117178,6109551115.442232828776927980914,0.906259204626,74491037.63899213,249640.04794441605375,3043.75,927.4134249742498970417966409149767637636,359917
2024-05-04,81.6913277815996,6085551054.785232608110203211148,0.902744167039,74494456.38899213,279282.2268533436325,3418.75,1005.6834369677419469756350230359904381844,369220
2024-05-05,81.3730017339391,6062173701.123720596515138799283,0.899292825023,74498587.63899213,336172.213413335906875,4131.25,1120.4566879009377891786518733182369445216,352108
2024-05-06,80.7869736606971,6018806270.455570270260437213823,0.892939295923,74502187.63899213,290833.10517850956,3600,976.37375904758999958961252342014,354207
2024-05-07,80.8453784136131,6023464764.754298804800355764903,0.893627380822,74505987.63899213,307212.43797172978,3800,1030.7347318548151810604960582508976541208,380849
2024-05-08,81.4075641352163,6065614015.370496612530946547719,0.899913897856,74509218.88899213,263048.191611917669375,3231.25,937.3598661143255710414360643962752893856,362539
2024-05-09,83.0144325513531,6185606172.098405867364526751103,0.917279828313,74512418.88899213,265646.18416432992,3200,928.2944959900946159014039596615206307786,356278
2024-05-10,80.2358196616529,5978862880.011205565412140891677,0.885833155763,74516131.38899213,297875.48049388639125,3712.5,1076.966660017299881707738335441388125,347424
2024-05-11,81.3970091441989,6065688853.337416864801682254657,0.898557935288,74519800.13899213,298625.277297779714375,3668.75,1044.9489983509407140977668246933607772704,351131
2024-05-12,81.3487179100269,6062402884.352920823600662188297,0.898029702593,74523643.88899213,312684.134466665896875,3843.75,1054.089585097379121339636522309363000792,354849
2024-05-13,80.6328270799416,6009360511.631829729587763259608,0.890326145659,74527468.88899213,308420.56358077662,3825,1048.94768795703346851603546537255,375570
2024-05-14,78.7295256253891,5867835062.746358912713038087783,0.87068198134,74531568.88899213,322791.05506409531,4100,1134.9535804222583909831166548393204706138,381480
2024-05-15,82.4726277210849,6147109689.548267377885636161837,0.911771483452,74535150.13899213,295355.098026135298125,3581.25,1079.987575077545393959678264524285026874,423344
2024-05-16,82.4269934546545,6144007130.49966704372605282254,0.911236138248,74538775.13899212,298797.8512731225625,3625,1093.181132079058224618334020279419964168,503760
2024-05-17,84.1207536823844,6270542376.552182707674914410928,0.929670144455,74542156.38899212,284433.2983885622525,3381.25,1019.674128216379902106644811393867491042,550594
2024-05-18,83.8636747651705,6251669537.67478581834842495646,0.926822755959,74545618.88899212,290377.97387440285625,3462.5,1025.3865267667871627155972284169093893016,497986
2024-05-19,82.1994697298076,6127899068.992906548274588218036,0.90862296625,74549131.38899211,288725.637425949195,3512.5,1023.3366303138519699581909374492125770808,466803
2024-05-20,88.604155532883,6605701743.32650026765233255313,0.978347512444,74552956.38899211,338910.894913277475,3825,1114.38081958165890345811325012755875,488239
2024-05-21,88.2230986955518,6577607124.340322956729242296298,0.973642578371,74556518.88899211,314294.7891029032875,3562.5,1038.3601750298730841220427374243837668698,400449
2024-05-22,85.7139423398874,6390831552.775566246239286888414,0.945615958955,74560000.13899211,298391.66177073301125,3481.25,1025.7893098048763448375716254988648530384,346722
2024-05-23,85.3014064050378,6360378892.211318903311218451758,0.941195768878,74563587.63899211,306018.7954780731075,3587.5,1057.0970636704976979136253281215797060768,332610
2024-05-24,84.9016252843051,6330916282.337343311430540732761,0.936808538357,74567668.88899211,346504.758191570189375,4081.25,1202.5860343966783200458592269400219121536,329997
2024-05-25,84.8903018103878,6330367972.211168674056370240258,0.936702699268,74571156.38899211,296054.9275637274525,3487.5,1049.662539455108147324624598597850625,313892
2024-05-26,83.9144000356078,6257866570.143870063201953254458,0.926081260497,74574406.38899211,272721.80011572535,3250,990.5696872532876319201892768379310949432,285468
2024-05-27,85.2150719884344,6355177106.916482330684392852584,0.940272478019,74578087.63899211,313697.983757424135,3681.25,1122.0106573464507200559965859041946851136,333456
2024-05-28,83.4067970531758,6220616557.033875614832686642938,0.92067779809,74581650.13899211,297136.7145019387875,3562.5,1085.0260887081920215803397343215640388816,353969
2024-05-29,83.5685477066633,6232976856.026392338544793126563,0.922458516536,74585200.13899211,296668.344358654715,3550,1041.1791728429888279538629925395221463014,446874
2024-05-30,84.4329944863961,6297782136.193198479743810234771,0.932692870974,74589112.63899211,330344.09092802474125,3912.5,1147.4967704217035595898942095583845397944,404248
2024-05-31,83.1202908153614,6200156018.717903389836951398554,0.918126049282,74592568.88899211,287284.50513059283875,3456.25,1013.6832404322384036215975592082551477056,407346
2024-06-01,83.3498867664339,6217566081.066710673480224936529,0.920674268196,74595975.13899211,283910.551798165471875,3406.25,997.6913004940093405666571897711621762352,354960
2024-06-02,83.0622060708555,6196394900.217472612518015450105,0.917541696213,74599450.13899211,288641.1660962228625,3475,1016.61078037531599185138542539284770719,326654
2024-06-03,82.8170319777494,6178402671.392101533261112157234,0.915019533009,74603043.88899211,297623.70867003690625,3593.75,1051.351075576813341756165066435041041095,332897
2024-06-04,83.5750113646891,6235246932.153259951605242503001,0.923256989382,74606593.88899211,296691.290344646305,3550,1038.552016678420867955046719165091771405,339848
2024-06-05,85.3614726996888,6368839229.828914374272142655368,0.942550600845,74610231.38899211,310502.35694511801,3637.5,1042.4869098141854505077626442832003192542,602073
2024-06-06,84.2272277325268,6284512483.455781595249415563548,0.929984462579,74613787.63899211,299533.0786237984325,3556.25,1018.0500630946399287862019408961619711364,856630
2024-06-07,80.0821314352264,5975505930.399324166054445663704,0.885120524807,74617218.88899211,274781.813487120585,3431.25,982.2662318036170432552806343036065625,661957
2024-06-08,80.000478110871,5969699688.13511797043877422781,0.884383360124,74620800.13899211,286501.71223455676875,3581.25,1022.8819499237661066739433957034583178224,816820
2024-06-09,80.4243969561515,6001634443.052532047738074464665,0.88911424229,74624550.13899211,301591.488585568125,3750,1067.369938768231473763051893758257976995,786561
2024-06-10,79.594639438406,5940000702.26830560913326497666,0.880458082815,74628150.13899211,286540.7019782616,3600,1024.6751379385417734091961430985,851151
2024-06-11,77.3083814440148,5769662223.466526732950963923228,0.856841385601,74631781.38899211,280726.0601185787425,3631.25,1033.56989195392556158578107477043511516,799738
2024-06-12,78.4376941493193,5854241434.939625560954794570723,0.869524894049,74635562.63899211,296592.531002113603125,3781.25,1088.2214722563280058733048943773193442292,788805
2024-06-13,79.0966659784115,5903728195.977022176476503833265,0.876876389701,74639406.38899211,304027.809854519203125,3843.75,1106.8873839335694577537196072687318225272,804834
2024-06-14,77.4652795187558,5782235059.989587924766653216738,0.85931435725,74642925.13899211,272580.95230662197125,3518.75,1013.2969137134331413253228977015254866304,364595
2024-06-15,79.1841177810379,5910822702.856310657580600710969,0.878281908293,74646568.88899211,288527.129164656848125,3643.75,1071.7230907941044446700820837789456060684,426053
2024-06-16,78.8587952613359,5886835199.195405597947953159749,0.874783167539,74650331.38899211,296706.21717077632375,3762.5,1125.9512929255310348099603102456617873218,300189
2024-06-17,76.6488105473808,5722122109.165241147230712365488,0.850680714854,74653762.63899211,263001.23119070037,3431.25,1026.8226896328073367868297587729190625,368950
2024-06-18,72.5212782267258,5414246007.841943968223427333438,0.805781904281,74657343.88899211,259716.82764946177125,3581.25,1071.2744564642009383325106215980991934456,408030
2024-06-19,73.6918135581553,5501891145.666806093826487854683,0.819091306272,74660818.88899211,256079.0521145896675,3475,1030.5773352747848430577822082498677942116,456907
2024-06-20,74.7984071803594,5584766516.222492892841053564334,0.831590804889,74664243.88899211,256184.544592730945,3425,1015.7488832553831259076196915758182721058,503127
2024-06-21,74.080396222613,5531402625.27331067142951058343,0.820990868561,74667562.63899211,245854.31496379689375,3318.75,984.2384240487150519448328886534059375,541062
2024-06-22,74.5607812270461,5567530435.392532984286151506271,0.826487199512,74671031.38899211,258632.709881316159375,3468.75,1007.7412324810893497600496831462863509336,376171
2024-06-23,73.5510848066227,5492410259.469209061062056046897,0.815609980042,74674768.88899211,274897.17946475234125,3737.5,1045.688878115419689554524002603053444608,800749
2024-06-24,69.6261069479943,5199572367.066934998408638024973,0.773240997818,74678487.63899211,258922.085212853803125,3718.75,1040.442950623691951317265176598863361152,727568
2024-06-25,71.2739638166271,5322899103.226270150072903712181,0.79162508494,74682237.63899211,267277.364312351625,3750,1049.186173182092078696448038410409916544,661090
2024-06-26,70.9665103815787,5300184401.350637101596278644057,0.788821095793,74685712.63899211,246608.6235759859825,3475,1009.761114358031434674801579782207824728,557839
2024-06-27,73.0571679764643,5456599704.874101439308203396673,0.81203849961,74689450.13899211,273051.16531203532125,3737.5,1087.779171133829212183347268148093661708,356253
2024-06-28,72.7930728273411,5437139368.204123960302055178721,0.810449166519,74693087.63899211,264784.80240945325125,3637.5,1058.674719730153666516477564776588347469,474385
2024-06-29,75.0328717237026,5604691506.272183601713011386486,0.835296238886,74696481.38899211,254642.80841231569875,3393.75,985.7007535331282758023389933659350474648,361503
2024-06-30,75.2827356226926,5623616597.342062356140208355386,0.83830695007,74699950.13899211,261136.98919121495625,3468.75,1004.8623163946635267861014263902280586188,321235
2024-07-01,74.3074147833718,5551035116.709977136456039396498,0.827655362551,74703650.13899211,274937.43469847566,3700,1071.8531360971289216865834758035757890792,334160
2024-07-02,75.8339203280107,5665333701.763050912132724295577,0.844529850199,74707118.88899211,263048.911137787115625,3468.75,1004.8623163946635267861014263902280586188,339650
2024-07-03,71.9474060711001,5375248725.168155074304637920211,0.802221770388,74710806.38899211,265306.05988718161875,3687.5,1046.0456997432749679292790436328808443816,332682
2024-07-04,65.6869252971799,4907775642.284906562002411350589,0.733533404769,74714650.13899211,252484.119111035240625,3843.75,1087.053083605227326119849889366742789374,334461
2024-07-05,61.9660581407644,4630003178.046230395217520968884,0.693749386297,74718375.13899211,230823.56657434739,3725,1053.469330829184804137844521258263942916,381887
2024-07-06,65.4314305654741,4889173906.950864842223738309351,0.732704438628,74722100.13899211,243732.0788563910225,3725,1078.5474258351283341864990870982100361748,361048
2024-07-07,62.1460343425829,4643905927.111355451938060120919,0.696391912379,74725700.13899211,223725.72363329844,3600,1065.17007427866571541330246715248,270624
2024-07-08,64.8689463203074,4847593931.172010428663761374614,0.72738255275,74729037.63899211,216500.1083440259475,3337.5,987.5014194786127594021967775449367761584,468073
2024-07-09,65.3153953069089,4881168909.330391260300115588779,0.732505815746,74732287.63899211,212275.034747453925,3250,961.6118749797289359229329837644388158944,478815
2024-07-10,66.8883927873082,4998962571.600126069691747938302,0.750172776053,74735875.13899211,239962.1091244681675,3587.5,1019.133170465029038415143029765364646938,305899
2024-07-11,67.4600736548483,5041928811.299269753477776946913,0.756566382719,74739450.13899211,241169.7633160826725,3575,1008.8486923454483750516051116315591157976,312698
2024-07-12,69.2738221064588,5177751479.709867736176353240068,0.776773205695,74743262.63899211,264106.446780874175,3812.5,1075.8701064122768576367557388307883078988,318109
2024-07-13,69.891200726166,5224162395.41310538527584455026,0.783823997857,74747068.88899211,266023.3827639693375,3806.25,1084.7843745485131969250425972487035355994,330266
2024-07-14,70.1046128502734,5240367140.915598645337613942874,0.786217121709,74750675.13899211,252814.76009129844875,3606.25,1040.4865508988818592463473763085321505286,389239
2024-07-15,72.3737288167852,5410251517.170229097340278364772,0.81194457562,74754356.38899211,266425.7892067905175,3681.25,1062.1257824879659368929969576890714146144,421860
2024-07-16,73.1281788083659,5466918686.775645586666437093049,0.820283502459,74758031.38899211,268746.0571207446825,3675,1060.6671181180054965432713310912849695526,447675
2024-07-17,71.5313161536318,5347797891.047277543144118045098,0.802633435108,74761631.38899211,257512.73815307448,3600,1063.49477512272726753962163189814,403719
2024-07-18,71.5792330676223,5351630317.653863348538096160053,0.803652211263,74765125.13899211,250079.945530005410625,3493.75,1032.1069073141803584654566684126778048354,393909
2024-07-19,73.4640160914712,5492833784.254732188597535092232,0.824509620286,74769037.63899211,287427.96295788107,3912.5,1155.8120346343296767256683098431719056584,447308
2024-07-20,73.084554265932,5464729917.69689422430638979652,0.820296090597,74772706.38899211,268128.958463138025,3668.75,1102.8339012564592730303135458345359818772,438213
2024-07-21,73.9500718029735,5529708604.747624925337416039085,0.829923494211,74776243.88899211,261598.37900301875625,3537.5,1076.7095671096735619133563762164588803614,385220
2024-07-22,71.2804212575797,5330338773.983404621451730996167,0.800254488811,74779843.88899211,256609.51652728692,3600,1095.73270309876862487434867982526,372630
2024-07-23,72.8655695337625,5449119558.865387873818116113875,0.817870472956,74783187.63899211,243644.248128518359375,3343.75,1017.6755875004307818548478577599014021056,405468
2024-07-24,71.0989153726164,5317263929.016745080691389656604,0.798472264097,74786850.13899211,260399.777552207565,3662.5,1078.2784046212914031230071421452724987792,366614
2024-07-25,68.8024622631963,5145759813.073853653885154081193,0.773167807033,74790343.88899211,240378.602532042073125,3493.75,1028.5966350708286038113733803750199987792,299081
2024-07-26,71.334643409992,5335412691.79384181310238316312,0.801441053084,74794131.38899211,270179.9619153447,3787.5,1115.0797130441281054059809242383774963376,308690
2024-07-27,71.4163018910569,5341772009.419801443625613661059,0.802354474098,74797656.38899211,251742.4641659755725,3525,1044.020026084729419654871748359788405438,310193
2024-07-28,71.0905358509077,5317676505.753450559632681638247,0.798797994875,74801468.88899211,271032.66793158560625,3812.5,1135.0935335760035416342176416827732304448,287468
2024-07-29,73.834160930496,5523140884.02932250220920238656,0.829149448976,74804681.38899211,237192.2419892184,3212.5,956.4558595202335388941748711385283847776,312539
2024-07-30,71.6155700565071,5357425631.492813684855491058981,0.804491194759,74808112.63899211,245730.924756389986875,3431.25,1021.584178074751141674596760557965,308619
2024-07-31,70.2649293849798,5256623017.827452477424344709378,0.789784690792,74811475.13899211,236265.8250569945775,3362.5,968.100005904712686299456585785768499884,451382
2024-08-01,69.4703514881796,5197426093.002774714273722662956,0.781363786729,74815025.13899211,246619.74778303758,3550,1019.055355175450921444853083537009836391,380462
2024-08-02,64.9128712664959,4856701924.619744139610512447349,0.731138076237,74818781.38899211,243828.972694775224375,3756.25,1078.261039533316767102564460564781889718,343405
2024-08-03,64.5022738374267,4826205670.736918528453609003337,0.726779390079,74822256.38899211,224145.4015850577825,3475,998.0727242863764623972196427373564858844,311657
2024-08-04,62.5589479923746,4681015519.514524478695409564406,0.705305856982,74825675.13899211,213873.40344893066375,3418.75,982.8449338018964598691635817495235163792,439701
2024-08-05,56.3356475740531,4215548982.593963390230896621041,0.63872407576,74829156.38899211,196118.473117172354375,3481.25,1000.8128473046373697082303768267173831896,358276
2024-08-06,58.2960338707085,4362464195.947724397396241609935,0.661529086695,74832950.13899211,221160.578497000371875,3793.75,1090.6524148183419189035643522126867172416,314294
2024-08-07,56.1223980667665,4200023493.563465071084796712315,0.638735698555,74836850.13899211,218877.35246038935,3900,1098.354800955860110656999559449242375508,356648
2024-08-08,61.3611082158897,4592292192.890739502608594930267,0.697854978323,74840437.63899211,220132.97572450429875,3587.5,1006.2877064142295263820251151731967068464,316562
2024-08-09,60.5246100614192,4529904680.406927631903884202512,0.688573197047,74844012.63899211,216375.48096957364,3575,1002.7814797238249537708188372655134136928,379087
2024-08-10,61.1344111460033,4575775804.980956934009891733963,0.695622833465,74847793.88899211,231164.492145824978125,3781.25,1077.8306257468119423755288020202143132836,298306
2024-08-11,59.6226576044942,4462845363.92007915569834473998,0.678632839525,74851500.1381569,220976.47474665662875,3706.25,1079.1218825244330279145957978876550846078,403160
2024-08-12,61.4722195449764,4601516065.37867301793834999716,0.699945403486,74855212.6381569,228215.615060724885,3712.5,1080.941648444705840770081224034426875,329614
2024-08-13,63.3437063647786,4741830291.68757534875183056234,0.721039453426,74858743.8881569,223682.46310062443125,3531.25,1028.1684053112190404786521342847729817156,327363
2024-08-14,64.037747457863,4794026678.3833687325487327047,0.728843210457,74862512.6381569,241342.26073182118125,3768.75,1106.2627864088235545925936723443640625,430177
2024-08-15,65.2522093976063,4885195979.52845159164727882847,0.74253611922,74866368.8881569,251628.832489519294375,3856.25,1132.0391361305485246856357990334319068912,435508
2024-08-16,66.4502462754422,4975114996.51750556915664048118,0.755987497074,74869775.1381569,226346.15137572499375,3406.25,999.9373250070171514261131702068044068912,350674
2024-08-17,67.5873668841267,5060506525.52570879245047907923,0.768931390383,74873556.3881569,255564.731030604084375,3781.25,1130.8280484599892282424561155763105681692,311528
2024-08-18,66.428798178637,4974002831.3390238199673841453,0.75584462235,74877206.3881569,242465.11335202505,3650,1106.408097250844504640080799517615039217,288125
2024-08-19,66.2776648947961,4962914222.72582471409323030809,0.754211017095,74880643.8881569,227829.47307586159375,3437.5,1041.993924851005451039144637157506835783,434089
2024-08-20,64.5539047066721,4834065905.90632456118672665249,0.734937106681,74884175.1381569,227955.975995435853125,3531.25,1069.72289949527105144172636910616778424,342272
2024-08-21,64.3772053539329,4821089417.66275176541714727201,0.733040070637,74888143.8881569,255497.033748421196875,3968.75,1188.915043705787198850786827270581879632,372978
2024-08-22,63.7835562545891,4776894448.36711551876651582979,0.726448419893,74892256.3881569,262309.87509699767375,4112.5,1231.978102115965995992505472974370545717,428072
2024-08-23,66.2430117286997,4961344895.96108796576329158293,0.754240259793,74896125.1381569,256277.651625406964375,3868.75,1158.958126942930278831721491024079221066,334732
2024-08-24,66.488627793358,4979976622.1043440598341818702,0.757034377493,74899675.1381569,236034.6286664209,3550,1159.4277434697744440158421829602557150028,312883
2024-08-25,65.0341488205652,4871259361.50659362730794427988,0.740651195553,74903100.1381569,222741.95971043581,3425,1132.2558174697993780524604714752440393154,284285
2024-08-26,63.3092954428669,4742283683.08417321319249301661,0.721348819352,74906593.8881569,221186.850953516231875,3493.75,1154.9835775580011669954982750437368981846,377108
2024-08-27,60.5230397476969,4533769567.79169763594983584361,0.690283270501,74909812.6381569,194808.534187899396875,3218.75,1053.3187073418731576649655043363013876732,347029
2024-08-28,61.8720078028765,4635021982.78546848708060332285,0.705832718527,74913068.8881569,201470.725408116603125,3256.25,1020.9968256218676111003623395249428227964,312790
2024-08-29,62.3429495639371,4670510913.89858510547740153099,0.711321962676,74916425.1381569,209238.524473963891875,3356.25,1052.3518169784100757940459522637247183892,318251
2024-08-30,65.0023141567508,4869961197.67038376194780460052,0.74184365087,74919812.6381569,220195.339205993335,3387.5,1062.1502447224571051785667917462043544072,326442
2024-08-31,65.0350937296327,4872642221.14109337198799197063,0.742199918583,74923275.1381569,225184.01203885322375,3462.5,1049.5118047360801307048045217810197883552,422362
2024-09-01,63.5172307385479,4759180169.24943338603373836551,0.725093593428,74927387.6381569,261214.61141227823875,4112.5,1189.9350643888573526014710777207295133394,477778
2024-09-02,65.2825065411896,4891685546.73543605773547744824,0.745203209807,74931031.3881569,237873.133209459605,3643.75,1054.3041713321814416975549731421025358212,475518
2024-09-03,64.6248878660327,4842654671.81415798919619313063,0.737789261146,74934825.1381569,245170.668341761555625,3793.75,1106.176073120415192492863054129470320544,537351
2024-09-04,65.4735199471448,4906495567.79472253588568941912,0.747432195545,74938625.1381569,248799.37579915024,3800,1172.0464911396857157244569078851721413904,493501
2024-09-05,66.0255598432001,4948110211.17718466293538689569,0.753726834608,74942343.8881569,245532.550666900371875,3718.75,1146.9862804962473165399011049109838396524,379592
2024-09-06,62.9290650113955,4716291154.39788339419786695395,0.718920081281,74946150.1381569,239523.753699624121875,3806.25,1173.9741979424735479139120862391647310428,327444
2024-09-07,62.0008696475253,4646949688.43045730148118811957,0.708538893493,74949750.1381569,223203.13073109108,3600,1151.83356095295903137266719545272,303783
2024-09-08,60.9475179814698,4568219131.62877004409912501162,0.696745794065,74953325.1381569,217887.376783754535,3575,1156.1997349234103274481175090435639823768,295682
2024-09-09,61.4871627708766,4608898264.14344823814347133854,0.703078240525,74957081.3881569,230961.15515810522875,3756.25,1214.8182501030953622978316688572085536884,301416
2024-09-10,61.6131834855942,4618551968.52499617889088932998,0.704817911553,74960450.1381569,207559.41186709546125,3368.75,1090.172073748585024891838293696577976515,313070
2024-09-11,62.1518551547289,4659148570.81304716058136516441,0.710994013202,74963950.1381569,217531.49304155115,3500,1134.6679400634900191496161258376526965132,303173
2024-09-12,62.8351662114956,4710588262.68520937450997645964,0.718898101426,74967387.6381569,215995.883852016125,3437.5,1114.4060138128066545929424550605732232566,322447
2024-09-13,64.9208117865502,4867164799.50128217013448732638,0.742476459844,74970793.8881569,221136.51514793661875,3406.25,1104.2750565229001059792631665321336694736,324436
2024-09-14,66.0120278184514,4949228690.59867438312100822466,0.754908820806,74974650.1381569,254558.88227490321125,3856.25,1214.3583661685933751379791589343937232176,319570
2024-09-15,63.3484425404646,4749777938.54426937668246369574,0.724773183417,74978606.3881569,250622.27580071307375,3956.25,1225.2052609472723530271434369550792997138,296863
2024-09-16,62.5594483897326,4690855245.60199054650294784494,0.716034533414,74982362.6381569,234988.92801393307875,3756.25,1163.2675602386210645181267951967609876908,309849
2024-09-17,63.6648822604111,4773971288.82530236843901530159,0.729287644591,74985943.8881569,227999.859595097251875,3581.25,1128.9736472175887246771719796912817119252,310607
2024-09-18,64.5987967209551,4844232283.11579098208607165519,0.739976598756,74989512.6381569,230536.955797908513125,3568.75,1166.2966605407678299810675949402167486896,318065
2024-09-19,65.5224269717488,4913732384.27844176475320178672,0.750421128469,74993137.6381569,237518.7977725894,3625,1184.6796202464198217784383608872064361896,312224
2024-09-20,65.2216314234278,4891394497.69311780952712222182,0.747158610518,74996506.3881569,219715.37085767240125,3368.75,1100.9350325679464211555686217494146409526,331528
2024-09-21,66.9467050100232,5021027571.59836167545427424008,0.766746908497,75000368.8881569,258581.64810121461,3862.5,1252.8990833608499517020477308750999232574,307156
2024-09-22,68.5281558240392,5139890948.50556053110620135048,0.784559492326,75004075.1381569,253982.477522845285,3706.25,1199.5744021220198835229416746876963730034,292482
2024-09-23,67.0433603495174,5028758212.84694668784224048006,0.767969062841,75007550.1381569,232975.677214572965,3475,1124.7274340564464285983394734111083710068,313264
2024-09-24,66.7122796859795,5004169412.00333529036964708956,0.764231281936,75011218.85743368,244750.676097937290625,3668.75,1192.2722838534570668139009902233257765704,302408
2024-09-25,66.5605362886619,4993029482.225270698600588501449,0.762601848594,75014862.56918571,242529.954101811798125,3643.75,1193.582564835559917405108515182479995712,301864
2024-09-26,68.4011339378964,5131345337.187525635323243643784,0.783428778688,75018425.01392506,243679.039653755925,3562.5,1166.967509727053543715280062230955006432,325775
2024-09-27,71.0810056068954,5332641424.764644860024751586918,0.813421412112,75022031.26185567,256335.87646986653625,3606.25,1181.298692339902066300025079343035002144,360855
2024-09-28,69.8608577699459,5241365868.529311615318973183673,0.799552420945,75025787.48444947,262414.846998359286875,3756.25,1232.7349647883994917594492168695480077488,369456
2024-09-29,69.3401466897658,5202531397.477618614417874583288,0.793655848013,75029137.45992236,232289.49141071543,3350,1099.7628791481776083827943292266990193384,313645
2024-09-30,66.7530191988342,5008655506.107733471552284512712,0.764605836254,75032643.70992236,234052.77356591241375,3506.25,1151.0577801191697634947239105498504229962,338100
2024-10-01,63.375689914201,4755455889.27366636832952143436,0.727256953417,75035962.45992236,210328.07090275456875,3318.75,1084.2526282943259060641957337498903125,342237
2024-10-02,62.9156487057733,4721178479.675585380309801760988,0.722395545076,75039812.45992236,242225.247517227205,3850,1238.02835440597167064039242176285855028,320643
2024-10-03,63.4023952803852,4757932885.439456141290818543636,0.72823261196,75043424.84851543,229041.152950391535,3612.5,1161.65647765554531621542060206283552514,320078
2024-10-04,64.9071236110127,4871094226.202261469824518875961,0.745383751081,75047143.59851543,241373.365928453478125,3718.75,1195.82284600734006978896461103701151257,320915
2024-10-05,66.1918918826555,4967761462.12917800197852687817,0.760012382523,75050906.09792494,249046.99320849131875,3762.5,1240.321128527535393001104719052476848362,309298
2024-10-06,67.1093056723531,5036865858.208985362440436976314,0.770415169294,75054656.09792494,251659.896271324125,3750,1242.3875137545190341988555634772626466986,297882
2024-10-07,64.9655496935305,4876192745.74576967730149260067,0.746301445167,75058131.09792494,225755.2851850184875,3475,1151.2790950455212302215788250707696811324,316259
2024-10-08,65.6158904357987,4925243964.040087818489361549578,0.753749733253,75061756.09792494,237857.6028297702875,3625,1203.0873447033826713045324199396566220152,314884
2024-10-09,64.5395766695337,4844686305.107170945309456092474,0.741579038515,75065356.09791402,232342.47601032132,3600,1198.2235919465032705838589845844,321737
2024-10-10,64.2256508362811,4821353365.809376213541994351022,0.738170711197,75068968.59791402,232015.16364606547375,3612.5,1202.384087866931758170045671427853645368,621905
2024-10-11,65.5084161650185,4917884656.86144998420156970937,0.752841281663,75072562.34791402,235420.870593035234375,3593.75,1196.143343986289026790765641162673177316,338437
2024-10-12,66.2123291299333,4970964260.575932584487796734866,0.760882650176,75076112.34791402,235053.768411263215,3550,1192.9501683670263745951723910710645510922,340197
2024-10-13,64.7007311618306,4857705409.877272371737704605012,0.743709923243,75079606.09791402,226048.17949664565875,3493.75,1175.5440468601957977709204107905285243034,304614
2024-10-14,66.9552371288279,5027215542.559418402281697577158,0.769346704444,75083231.09791402,242712.7345920011375,3625,1219.7058049197361679671981099534115972136,339029
2024-10-15,70.5841036562452,5299958726.966531340665865637704,0.810570357306,75087143.59791402,276160.305555059345,3912.5,1315.038450948203998759434258793719222588,345710
2024-10-16,69.9973218405818,5256159259.053763574302213176836,0.803769437777,75090862.34791402,260302.54059466356875,3718.75,1247.9116102804832711227267581819868013576,346255
2024-10-17,72.9781534827752,5480262040.634441671486720588304,0.837187812099,75094556.09791402,269563.054427000895,3693.75,1239.5222938908406269952897410389495959272,323403
2024-10-18,73.3093460167417,5505398085.151497384282242148634,0.840797285587,75098174.84791402,265288.195898084026875,3618.75,1214.3543205606660292442977666354379040728,357893
2024-10-19,74.9643008457535,5629968442.18987991189937511407,0.859283973172,75101993.59791402,286269.923854721178125,3818.75,1320.2642839265796182065110475229898155868,323259
2024-10-20,74.2276797103465,5574918585.27139438551646140793,0.850789910776,75105656.09791402,271858.87693914405625,3662.5,1266.304644408668002148420631138931949985,307431
2024-10-21,70.7296677665273,5312448309.392237903017659382746,0.811306233113,75109193.59791402,250206.19972409032375,3537.5,1223.086058581085561654348733888068050015,323660
2024-10-22,69.9212335071861,5251981365.575366450983264939122,0.802738809586480559,75112824.84791402,253901.479172969525625,3631.25,1268.8907534474361798735217076283167914,318058
2024-10-23,70.0689464488712,5263328750.099145441215903654224,0.804429867721176457,75116424.84791402,252248.20721593632,3600,1268.28272625571613824442658441304,314466
2024-10-24,70.9995326387501,5333479999.807005097024330066402,0.815016893099569625,75119931.09791402,248942.111314617538125,3506.25,1235.2545260318644429585908479625284686232,313862
2024-10-25,68.2163271116498,5124631332.611409981451670750196,0.783836743737261938,75123237.34791402,225540.23151289215125,3306.25,1164.7943816192286922545456946308406042512,333735
2024-10-26,68.3505419124865,5134959617.71026640311154141073,0.785508038307479199,75126831.09791402,245634.759997998359375,3593.75,1229.710747006608272153104236816895427196,328555
2024-10-27,71.0233485142012,5336021006.432322336208666580824,0.816430984528706117,75130518.59791402,261898.597646116925,3687.5,1260.2352082732462296496072528252532520056,301902
2024-10-28,70.7578609251422,5316317573.781108187169338683122,0.8133607801893395,75133949.84347351,243230.1469301763125,3437.5,1174.7955266716243131068612890247046557486,327482
2024-10-29,74.0374776448865,5562990502.219597609001824706615,0.850055293669825625,75137493.59347351,262370.311404066534375,3543.75,1207.9343817955352986291732394906409375,328785
2024-10-30,71.916102221105,5403848724.69055351366173042855,0.825964288354104285,75141012.34347351,253054.78469051321875,3518.75,1195.2119729797894796731304641947267060544,321233
2024-10-31,69.2706355157097,5205308125.550502060677870800047,0.7964190738108562,75144512.34347351,242447.22430498395,3500,1188.8431621587429628355959877589950844728,313330
2024-11-01,70.2048209367832,5275762842.271741083661813813032,0.807104739405344414,75148156.09347351,255808.816288403785,3643.75,1237.6706547222943445372860969656842905272,331186
2024-11-02,69.0699775842506,5190730972.168003577607324301606,0.818236515518823514,75151768.59347351,249515.2940231052925,3612.5,1207.32868092847665493748073403013803089,335562
2024-11-03,66.8507946204117,5024203213.360565773413574244067,0.792377860188501671,75155474.84347351,247765.757561900863125,3706.25,1236.0070654481312281562969197446741756176,303744
2024-11-04,65.4552634859339,4919552138.093823344621602260989,0.776438082187273948,75158999.84347351,230729.8037879169975,3525,1175.5615287243173692360882031787350268528,311597
2024-11-05,65.6896819615494,4937400709.80367952812907970954,0.78003513228387957,75162499.8381591,229913.8868654229,3500,1168.4624726873990710802586945350566541544,322889
2024-11-06,71.1185942749199,5345718914.38972906568586595609,0.84355272165125688,75166262.3381591,267583.71095938612375,3762.5,1258.2822352979970608425723902370462637124,365250
2024-11-07,71.5230334810795,5376368534.43902363581696074845,0.848157643984883292,75169749.8381591,249436.57926526475625,3487.5,1166.31476171069919012509619945549875,323269
2024-11-08,72.7789794766413,5471058789.54387034811509303083,0.863125693456505676,75173612.3381591,281108.80822852702125,3862.5,1291.7249551550832293581575202574962911372,329678
2024-11-09,74.0153520505823,5564293742.76344282996066504393,0.877463186829190492,75177562.3381591,292360.640599800085,3950,1341.0453903578681988052488470085248153364,323259
2024-11-10,76.3704382626377,5741651251.076398432748253565839,0.90480989564991236,75181593.58115607,307868.329246258228125,4031.25,1369.5084703912556191205009402615249879994,350993
2024-11-11,79.8758057722535,6005499885.284290182824159103745,0.943773677669812026,75185468.58115607,309518.7473674823125,3875,1316.4267441729062885164869848800171834998,340196
2024-11-12,77.264277872103,5809427156.19210504696834211521,0.912978188941387903,75189043.58115607,276219.793392768225,3575,1295.1966985198311873805135314376924747704,339427
2024-11-13,75.4866013265134,5676043713.774961155412014346338,0.89228093042135967,75192731.08115607,278356.8423915181625,3687.5,1364.216378021706898917680568676778386048,367984
2024-11-14,81.9384518377653,6161490413.052272001410359330371,0.966585870228160875,75196568.58115607,314438.80892742433875,3837.5,1419.709916482497772665214814457560806976,435049
2024-11-15,83.7035379311589,6294525917.880572794002432557934,0.986334478663029888,75200237.33115606,307087.354784939214375,3668.75,1374.2350508661525876957072609381629214472,369750
2024-11-16,95.1619695693258,7156539331.980902484649928784348,1.11687159569679471,75203774.83115606,336635.4673514900175,3537.5,1356.23145179453271991269682658302128235,359112
2024-11-17,86.9283215936855,6537663904.787820898639345122275,1.020942697396090864,75207524.83115605,325981.205976320625,3750,1437.70118862288914960154039299859509705,327029
2024-11-18,88.8714369708686,6684140180.56705255034376064503,1.042096059052902325,75211343.58115605,339377.79993250446625,3818.75,1464.05904059620112196747346948263065735,333487
2024-11-19,86.7817797407534,6527275819.35061048998746996807,1.01771024473992881,75214818.58115605,301566.684599118065,3475,1360.516611774546372889557466567529752962,328490
2024-11-20,83.7679235443347,6300922673.352895837836529129935,0.983217343307758376,75218799.83115605,333501.045610882524375,3981.25,1561.0284829598605204413803779280648507916,351755
2024-11-21,89.3856809188426,6723792580.06568207083923598773,1.047566833153014105,75222256.08115605,308939.25967574973625,3456.25,1355.1785641223569691526271525100837359168,366330
2024-11-22,91.7276635228231,6900292014.828598081315007644755,1.073337759680607444,75225856.08115605,330219.58868216316,3600,1420.31395353582947944823426743472,351673
2024-11-23,99.2296040725241,7464995963.559735285511444485805,1.157103732971405252,75229524.83115605,364048.609941072791875,3668.75,1457.6400257192890381664983760238525142992,366711
2024-11-24,97.151876727886,7309024696.6686226242006526103,1.132945962628854615,75232974.83115605,335173.9747112067,3450,1370.7279270066617483056204226860031464488,331864
2024-11-25,92.6216469719688,6968542420.01497168626724853124,1.080509715509329263,75236649.83115605,340384.55262198534,3675,1460.1232269049929054501823011900881464488,342790
2024-11-26,92.521438845818,6961340799.5693148709886478989,1.079000509219640643,75240299.83115605,337703.2517872357,3650,1449.959054786821156651906502655227189444,335101
2024-11-27,97.4656645987914,7333717415.50223966539739479797,1.133822733551857517,75244112.33115605,371587.8462828922125,3812.5,1514.5034581358444878592348112166804185072,346989
2024-11-28,95.8314909373934,7211089681.28003614158129564007,1.114400586155488215,75247599.83115605,334212.3246441594825,3487.5,1385.3982424040843835216803504117325,339842
2024-11-29,103.574481077571,7794134397.98040286734390595455,1.197393162822099504,75251493.58115605,403293.13569579208125,3893.75,1571.9921747321544509767754507991617946336,356866
2024-11-30,102.675595937251,7726853238.36662003398808901855,1.186093162837099454,75255012.33115605,361289.75320420195625,3518.75,1439.6841656320915047201096613650914592576,349186
2024-12-01,119.750320849695,9012256445.26984515284513990475,1.376303606374326172,75258724.83115605,444573.0661544926875,3712.5,1518.95628862688144745813256369102125,355921
2024-12-02,134.662572407886,10135026683.5721635453165166103,1.523049913110019127,75262387.33115605,493201.671443882475,3662.5,1500.7109295568277053443490814233353584214,431667
2024-12-03,132.395509313773,9964840663.00346373130077727665,1.489991975301134247,75265699.83115605,438560.1246018730625,3312.5,1373.0604601189690728972896070657339959666,373479
2024-12-04,133.386918569487,10039923293.99589245362446544635,1.495983119433435219,75269174.83115605,463519.542028967325,3475,1440.4181446448992092649772469952704919332,356277
2024-12-05,136.163351815693,10249405235.77142636541122189265,1.521717626632510669,75272862.33115605,502102.3598203679375,3687.5,1528.5012717112938056957238851709078588664,367004
2024-12-06,136.010048967973,10238365528.54998192604151518665,1.513880847858718753,75276537.33115605,499836.929957300775,3675,1506.6358185810700414994847934026596183014,360511
2024-12-07,133.7997703876,10072504393.33822591116458498,1.488563058452294563,75280431.08115605,520982.8559467175,3893.75,1580.8912128407338207536315911277382004068,351682
2024-12-08,134.830417749213,10150632978.06432739234151768865,1.498760105521247397,75284443.58115605,541007.0512187171625,4012.5,1629.1045869882726414359735580980440193602,338482
2024-12-09,110.460240277501,8316358856.79852311122888503105,1.23334384256773494,75288256.08115605,421129.6660579725625,3812.5,1584.28597541666335885478157356515858278,351506
2024-12-10,109.911882789866,8275468286.7249485132595045893,1.224199373534922046,75291843.58115605,394308.879508644275,3587.5,1577.2668303652975182843656976655848324072,352737
2024-12-11,117.836098878843,8872501450.11376297953057645015,1.309027904009099328,75295274.83115605,404325.11427803004375,3431.25,1508.570536480101133873845499407463125,346008
2024-12-12,119.199112783194,8975570993.3578563873400314237,1.322420841233389366,75298974.83115605,441036.7172978178,3700,1626.7281594302188669359671894494360824072,360219
2024-12-13,123.90249848446,9330191877.314943255139759983,1.372810849106912016,75302693.58115605,460762.416239085625,3718.75,1627.4164774115711105755597526876252367872,364902
2024-12-14,118.141742112026,8896869141.0755191770991876573,1.309492624082290966,75306737.33115605,477735.6696655051375,4043.75,1767.3926841752203221549120090631546278344,359941
2024-12-15,120.983643165553,9111361322.62511655022502754565,1.34020150069969327,75310687.33115605,477885.39050393435,3950,1726.4175781013436752283808736065882443312,333215
2024-12-16,118.275826883325,8907875873.14700666262821786625,1.310114732017341021,75314424.83115605,442055.9029764271875,3737.5,1711.9957054104426797457161492492499426928,394069
2024-12-17,124.030131065948,9341675809.4688018640326291854,1.371148862263927362,75317793.58115605,417826.504028412325,3368.75,1601.2965291054805895829300686653216901008,342100
2024-12-18,109.010832968073,8210822645.84276411374283079165,1.209655825573791689,75321162.33115605,367230.24356119591875,3368.75,1601.2965291054805895829300686653216901008,344042
2024-12-19,100.02494144353,7534359942.6687703762806928565,1.113075295758234012,75324812.33115605,365091.0362688845,3650,1734.9854785010013667964709882817841901008,345121
2024-12-20,101.414226508673,7639403094.95852858359344142165,1.126382983049227837,75328712.33115605,395515.4833838247,3900,1800.4928972108871602032329284369563581324,372082
2024-12-21,101.121421345067,7617723136.31468550129707470535,1.123863154898681494,75332437.33115605,376677.294510374575,3725,1717.4870157073947582203111886515144999656,344963
2024-12-22,99.5878395189932,7502550083.61206451255458808886,1.107205970877461435,75336006.08115605,355404.1022834069825,3568.75,1645.4447712723573053045041249425896249312,319115
2024-12-23,106.405324219451,8016529891.36492071637597632855,1.181406203417530664,75339556.08115605,377738.90097905105,3550,1659.3560452485976360684952205721867020462,350243
2024-12-24,108.303242675076,8159943315.5174411572566016098,1.202105346442582356,75343481.08115605,425090.2274996733,3925,1854.3868322177374284308003165690131983124,339251
2024-12-25,109.39318196678,8242503443.478966396035096019,1.213444393980806776,75347506.08115605,440307.5574162895,4025,1901.6323602887958172248162016011601466248,332780
2024-12-26,102.033939647264,7688402733.5575263470943395472,1.132867719966263658,75351424.83115605,399845.5009927158,3918.75,1904.5648840775755075155767280785181733084,354903
2024-12-27,100.229080196715,7552776729.23066329750111237575,1.113866442625351348,75355143.58115605,372726.89198153390625,3718.75,1915.0073453769200146912338734130629630912,374339
2024-12-28,100.578586817927,7579439474.02948131691202450835,1.118041764978310727,75358381.08115605,325623.1748230386625,3237.5,1667.1828754195973311655742453504081476352,348389
2024-12-29,98.0120879297277,7386377152.802597880827452707585,1.090071737218755143,75361899.83115605,344880.034402729344375,3518.75,1812.0153638812010173446194276330581476352,341729
2024-12-30,99.0570510433235,7465483544.573844444971764132175,1.102407067286683968,75365493.58115605,355986.277186943828125,3593.75,1811.3449526666584802970903796443799530348,368226
2024-12-31,102.974783431693,7761128960.81047621484214869265,1.144749178332161029,75369218.58115605,383581.068283056425,3725,1864.3907361855492818047932582111664496424,364557
2025-01-01,104.774930088965,7897189655.56862393527404798825,1.164218411696167377,75372893.58115605,385047.868076946375,3675,1839.3653551205711724484814018406359244636,323641
2025-01-02,105.205037311131,7929996025.02851329138501299255,1.168098627013349758,75376581.08115605,387943.5750847955625,3687.5,1863.5946090645170827379519531097653578368,356692
2025-01-03,112.875448443374,8508542818.9445622937493825127,1.25072127116758801,75379924.83115605,377427.2807325318125,3343.75,1723.3934542617770706959086070591586567072,371304
2025-01-04,111.209882513055,8383406841.12814270820986723275,1.232114991836925635,75383649.83115605,414256.812361129875,3725,1919.8925260728979054697299389140265158536,381908
2025-01-05,115.330374798227,8694443382.10901481443065032335,1.276038028417370965,75387281.08115605,418793.42348606179375,3631.25,1871.5730955686109264301236884934838432928,355231
2025-01-06,113.840439430952,8582519647.3215072479923120596,1.258707122896094883,75390781.08115605,398441.538008332,3500,1793.9604130380544785571092465785713017744,346551
2025-01-07,103.0232414116,7767363864.77322521326188018,1.141341373891329787,75394287.33115605,361225.2401994225,3506.25,1794.6958933395239835441993602318652757598,340495
2025-01-08,101.546827240187,7656409892.41528497207422818135,1.12590499222552056,75397824.83115605,359221.9013621615125,3537.5,1810.6914086547298592520383549437379289134,350729
2025-01-09,102.283399666234,7712331971.0035763553243698157,1.133858395719329719,75401599.83115605,386119.83374003335,3775,1927.512177767971201537395727985447750208,331957
2025-01-10,104.42365851721,7874077700.5205002586281206205,1.15709008201793217,75405112.33115605,366788.100541700125,3512.5,1781.634410508705078242506262210519903124,355130
2025-01-11,104.50782641554,7880786901.871630134710885017,1.157558273541923632,75408581.08115605,362511.522878904375,3468.75,1759.443248678370290423367738854576478907,338476
2025-01-12,102.166989280537,7704601653.32518613371647479885,1.132014511975455084,75411849.83115605,333958.34621075531875,3268.75,1657.997864413311861376046067942305757031,330173
2025-01-13,98.4405769697373,7423946546.347339614016773805665,1.09189619937134987,75415512.33115605,360538.61315166286125,3662.5,1803.525682993597262347221036961830568581,347148
2025-01-14,102.290970917488,7714719159.5132052480562020024,1.134074939371348634,75419356.08115605,393180.9194640945,3843.75,1860.5395444685280102255372926369191855966,343709
2025-01-15,117.114090440623,8833131889.71930033914172221915,1.293420474621272124,75423306.08115605,462600.65724046085,3950,1911.9690949489426794224287160144850820644,353537
2025-01-16,123.880151154962,9343926722.2715779706991538201,1.355869345549501075,75427149.83115605,476164.3310018851875,3843.75,1924.352480190782839564515521719188291839,371541
2025-01-17,136.616124524307,10305011457.80381546518038510735,1.48470805902953543,75430418.58115605,446563.95703882850625,3268.75,1733.9156847173592824668650545123656947446,404597
2025-01-18,125.141384363883,9439930809.64883006290875694215,1.36189232538164047,75434124.83115605,463805.25579864136875,3706.25,1965.9885342358178864873506031673630552554,362538
2025-01-19,114.732819648355,8655167819.05267988171538079775,1.250283670391474224,75437593.58115605,397979.46815523140625,3468.75,1840.0061367588077322219443139823866657662,344993
2025-01-20,118.692732238087,8954331033.23433709355405047635,1.288474154641054318,75441274.83115605,436937.62055145776875,3681.25,1900.1518571643002245138729390192382071104,350269
2025-01-21,118.667153253479,8952847065.52103143564600439795,1.288144349142119426,75445031.08115605,445743.49440838049375,3756.25,1924.4124572104735911698906326036204409024,354605
2025-01-22,115.185292303461,8690567585.62241407691654608905,1.250845242742540153,75448587.33115605,409627.69575418318125,3556.25,1821.9478924416276635956375438462295590976,340212
2025-01-23,116.354824586329,8779224551.5599268425034239546,1.262739100370273404,75452174.6972874,419604.58616444895625,3606.25,1849.5755293680195500985972993527589465456,338759
2025-01-24,118.455033826534,8938159281.80691696925372351484,1.284925591182998438,75456137.17772426,471599.1034218884875,3981.25,2046.2559694390961184623603965397778922488,364146
2025-01-25,123.81882653466,9343432840.3206715942662697956,1.34157129597399084,75460518.41886266,543255.10142082075,4387.5,2255.05759444234184344486568094426375,351834
2025-01-26,117.909653201305,8898004771.8137077382182493898,1.277806060019340593,75464599.63394436,483429.5781253505,4100,2199.0447419263863961876443962003255436486,337743
2025-01-27,114.64795387283,8652275387.0465441020395074388,1.242943051613872422,75468205.88393436,413449.1836538931875,3606.25,2157.782197941510680779238587548640174358,335179
2025-01-28,109.919821290786,8295861155.23261752096529680696,1.192174022392173659,75471930.88393436,409451.33430817785,3725,2228.835682214270344881153461881286598716,332547
2025-01-29,116.137781011361,8765533094.79159242819003826396,1.258271641099025024,75475293.38393436,390513.2886507013625,3362.5,2011.935574596417205140504406912507151284,323370
2025-01-30,129.963500667715,9809506052.56941970105107756675,1.40086331303884483,75478930.63953345,477615.864953852625,3675,2190.5784481643136376642099083634410555928,368427
2025-01-31,128.172077937039,9674732771.02264495925250072885,1.378646138919452543,75482374.37310715,442994.74436989104375,3456.25,2057.9385019856759293927836258049094141824,379722
2025-02-01,118.922740254323,8976993713.20344490282146200484,1.280529040462246897,75485930.56303308,425148.796409204725,3575,2128.6452691744323431872502925231374608176,373622
2025-02-02,108.303987772011,8175827348.51243898241894112388,1.16887341936459617,75489624.31303308,400047.85483286563125,3693.75,2195.662011931542983248275068604765838023,334960
2025-02-03,106.981401509231,8076370272.82527213520147836148,1.154862430287560037,75493218.06303308,384464.41167379890625,3593.75,2126.2951432639158762564967800452880035484,346163
2025-02-04,101.358311279944,7652232519.83598776036561254752,1.095354604820668872,75496843.06303308,367423.878389797,3625,2144.7846543949451524528323332866479858064,347325
2025-02-05,103.143560045406,7787384482.52670938668488003048,1.114954635799086318,75500443.06303308,371316.8161634616,3600,2129.99304549012173149576389069356,340776
2025-02-06,101.38561848162,7655037410.6709047028864319896,1.096955531546195499,75504174.31303308,378295.088959544625,3731.25,2232.565813587614597236252973759936434722,351651
2025-02-07,102.818164847993,7763565003.10071392029073060844,1.105873312634882546,75507718.06303308,364361.87168007519375,3543.75,2126.8351740800537445791405473251215625,355851
2025-02-08,104.67832709955,7904401068.878512561982103114,1.125725698448646675,75511343.06303308,379458.93573586875,3625,2175.5985811670778240052273921092957761864,340921
2025-02-09,107.229693098033,8097455561.83624526556534442141,1.152766434175485657,75515049.31039277,398090.2356264475125,3712.5,2235.994449425627400111075713375131875,325433
2025-02-10,119.53887167087,9027438036.4468107292258676099,1.278907032594975329,75518849.31039277,454247.712349306,3800,2305.327999133033614560064718929583185052,359779
2025-02-11,119.673018517985,9038007702.36624056879240896845,1.277939104622208584,75522518.06039277,439050.38668785746875,3668.75,2225.703169148800624729515401426353719974,349666
2025-02-12,121.818109853108,9200431435.30643918066248522916,1.297652506393177893,75525974.31039277,421033.842179804525,3456.25,2096.786796465713342300861151322515252448,343261
2025-02-13,125.761609501774,9498726332.32925249980245177398,1.33705441730640561,75529618.06039277,458243.8646220890125,3643.75,2212.1272363912988466569294110096302783156,351026
2025-02-14,125.159401535499,9453700190.95169962474053794223,1.328899214821836263,75533280.56039277,458396.3081237650875,3662.5,2223.7428374259054975097743961118922212022,363922
2025-02-15,133.330103044438,10071341735.39886169837304391326,1.411003921402598269,75536893.06039277,481654.997248032275,3612.5,2193.3845709719260598592546799489513174044,339296
2025-02-16,125.585490301154,9486829888.95538075285432425658,1.329163922992718803,75540811.81039277,492138.1401176472375,3918.75,2421.221878239100796878279050759845623832,326282
2025-02-17,122.520083425557,9255691556.58300609543897602289,1.296788774887658009,75544280.56039277,424991.53938240084375,3468.75,2187.9727959858129157269788957812841257678,348529
2025-02-18,129.169323609173,9758425844.75407822105460487921,1.364947717183216904,75547549.31039277,422222.22654748424375,3268.75,2061.8193998947465183718493354133232080774,359491
2025-02-19,135.389263491947,10228799229.81205377659080202319,1.427651132993628518,75551036.81039277,472170.0564281651625,3487.5,2199.799668353996835560324864090329375,367635
2025-02-20,130.021846990759,9823785119.62846034958760041243,1.369160849756178289,75554880.56039277,499771.47437072990625,3843.75,2348.5413368717214694655080880368496604672,346217
2025-02-21,127.708766439918,9649521053.61158750705118659286,1.344627482354223959,75558799.31039277,500458.7284864286625,3918.75,2380.0402842670031200303704966106436189174,367117
2025-02-22,126.104289612708,9528769483.63039982871266332116,1.327952413075001105,75562611.81039277,480772.60414844925,3812.5,2315.5096842161800213480452242155024126116,348470
2025-02-23,129.733626840696,9803465751.41180647083398016792,1.36531447307261329,75566111.81039277,454067.693942436,3500,2200.468088683078792165436647702301043778,347170
2025-02-24,114.590170921091,8659546192.81049670221738691207,1.209173925187072026,75569711.81039277,412524.6153159276,3600,2329.97672036249329603440258328018,349441
2025-02-25,115.013323627139,8691949270.15575232223262138503,1.212798606339251258,75573411.81039277,425549.2974204143,3700,2394.6983011058441550631210906699685184004,357446
2025-02-26,125.918628290927,9516567036.34610296547544739779,1.324104730930504443,75577118.06039277,466685.91610324819375,3706.25,2399.461337490438470271286694891403062086,347810
2025-02-27,126.573028635012,9566475644.82428889222369366324,1.328531335073411365,75580680.56039277,450916.41451223025,3562.5,2314.8000347260196173611684214931151412152,382993
2025-02-28,128.530435452833,9714849164.52274138991553921741,1.34693884289313104,75584036.81039277,431380.27398857075625,3356.25,2180.7853110164849093834318134937461087848,390490
2025-03-01,124.053533823125,9376899503.64559268414845880625,1.30019618932013057,75587524.31039277,432636.6992081484375,3487.5,2266.0674100490673224241074355218325,356908
2025-03-02,127.662662709221,9650172983.45652931723856073217,1.336786665429113204,75591193.06039277,468362.39381445454375,3668.75,2360.7990153359820970204791474996465103004,323958
2025-03-03,110.246969299473,8334133349.03771675462038401021,1.159452583152127269,75595124.31039277,433408.39805855323125,3931.25,2502.831053489170003240567170284632888131,353846
2025-03-04,103.194983182178,7801434237.58224367677914405306,1.088986263625072681,75598968.06039277,396655.7166064966875,3843.75,2447.124151866843357867985142237916960607,349506
2025-03-05,104.830677027179,7925486084.94110149877495509583,1.103133795912531958,75602736.81039277,395080.61404618085625,3768.75,2427.8749650540261022091754508688190625,367224
2025-03-06,103.492244524022,7824635861.76726380958152012094,1.090587636205378142,75606011.81039277,338937.10081617205,3275,2218.3666319765978802727984146818256129312,403993
2025-03-07,103.2362977957,7805669305.612208270402217089,1.088871003826147291,75609736.81039277,384555.2092889825,3725,2523.1803684126219833601120364544456129312,356586
2025-03-08,102.283794291079,7734021545.07114288817669709883,1.079459571078388574,75613361.81039277,370778.754305161375,3625,2455.4439771190390904780582878416212258624,350041
2025-03-09,94.4660895438913,7143209164.764589730850157185901,0.999065187966581456,75616649.31039277,310557.26937554264875,3287.5,2188.0943694413827010660304639704609681544,325036
2025-03-10,87.7971551756631,6639208741.729253985754556195787,0.932007599707338411,75619861.81039277,282048.36100181770875,3212.5,2114.1928748114483981872630914185870405144,347033
2025-03-11,90.4845656523513,6842749308.698141968757627020101,0.960961151261900527,75623386.81039277,318958.0939245383325,3525,2319.8536710848512951554516283640413784568,334026
2025-03-12,91.4327443058137,6914793210.979335662786116446949,0.971721336545787959,75627099.06039277,339444.06323533336125,3712.5,2443.2501346336195227407602545850725,339007
2025-03-13,88.0231080103429,6657230487.380239875574646380833,0.937031011390827715,75630486.56039277,298178.27838503657375,3387.5,2136.423332106907673134422525533073212284,336571
2025-03-14,91.5662791104675,6925554771.823960801388018319975,0.974316671602601867,75634336.56039277,352530.174575299875,3850,2423.6432136159880772493957811042679066856,366413
2025-03-15,92.4800641583151,6995025501.924532282803267421827,0.984131680484590726,75638199.06039277,357204.24781149207375,3862.5,2431.5122027479656508402853363513115699858,342248
2025-03-16,90.2691937994254,6828114063.435486646151224314358,0.961112228351429524,75641686.56039277,314813.8133754960825,3487.5,2215.74812901744410257051689460111125,325429
2025-03-17,92.353852340147,6986121503.78350058581420953719,0.983019850085219804,75645155.31039277,320352.42530488490625,3468.75,2221.7116235597597215033484164191934905896,334570
2025-03-18,89.971043287979,6806223305.38802445605320951183,0.958247110369095134,75649042.81039277,349762.4307820183625,3887.5,2489.9182408137515051070875737747517531368,326481
2025-03-19,94.01192704926,7112248974.2507369457827378502,1.000757270344874631,75652624.06039277,336680.213745162375,3581.25,2295.2051049926300528191583981400431833398,344336
2025-03-20,93.0866948120179,7042562822.690196754441365270583,0.991037883401862864,75655955.31039277,310095.052092534629375,3331.25,2159.1916887347176905421105576879597065508,343925
2025-03-21,91.1651088209412,6897514442.125627181861873075124,0.971230438562774239,75659586.56039277,331043.3014060427325,3631.25,2353.6404872327608349414209953649652743984,352917
2025-03-22,91.2175686034906,6901809630.392120372161729002962,0.97270610707805481,75663161.56039277,326102.807757478895,3575,2317.1813404311094894986579237215724618984,325111
2025-03-23,91.3704149001526,6913723956.267358084009388936702,0.972078091878349208,75666986.56039277,349491.836993083695,3825,2445.89364984844406585932845302076625,320849
2025-03-24,93.5317833146689,7077594383.134930293471236503853,0.994964774862572618,75670474.06039277,326192.09430990778875,3487.5,2200.86066059204088736190011352077375,366068
2025-03-25,94.306602479099,7136580734.62652648028390571423,1.005085729763601959,75674242.81039277,355418.00809310435625,3768.75,2378.349423543011926665279154933739375,337695
2025-03-26,92.1623613440665,6974665975.273635536320723999205,0.982635211709386813,75678030.31039277,349064.94359065186875,3787.5,2400.8944790078807484714066069778141552192,334206
2025-03-27,92.8776971552706,7029154115.725238844443561633562,0.990569148907037107,75681830.31039277,352935.24919002828,3800,2501.45433084712352755781804078751324476,357315
2025-03-28,87.3320738027841,6609760127.408081429147340510957,0.933118816444943387,75685367.81039277,308937.21107734875375,3537.5,2328.65649161026656220000274587290956119,361263
2025-03-29,85.1553233359308,6445312672.428375248691701540316,0.91058346122238084,75688899.06039277,300704.7355300056375,3531.25,2324.54226016391143180077638636342849738,337800
2025-03-30,85.8333971731257,6496957746.345444788810155581189,0.917869525451052583,75692655.31039277,322411.698131553410625,3756.25,2489.1137598953283272003287784881375566788,317842
2025-03-31,83.0473769415028,6286354685.978186026421182054756,0.890568383193359976,75696005.31039277,278208.71275403438,3350,2228.0255057613843215645625325439687782664,333253
2025-04-01,84.5935844208521,6403696194.060771053107004079317,0.907888990228881944,75699549.06039277,299778.514791394629375,3543.75,2356.8851786064903975643498846785346875,367689
2025-04-02,81.7577834490159,6189317068.412844585470948975043,0.87812299553201463,75703092.81039277,289729.145097450095625,3543.75,2353.551619109957402352058165002159375,332577
2025-04-03,83.2408872673794,6301900605.704753830754122606938,0.894311346677303856,75706792.81039277,307991.28288930378,3700,2412.670936532131859706592000767075258812,331313
2025-04-04,84.2116337698624,6375692187.662241815565132854848,0.904775064862423573,75710349.06039277,299477.62259407316,3556.25,2318.935400051227900922889112889746616188,343433
2025-04-05,82.5035777031022,6246664976.097148327934629451094,0.887115228691324245,75713867.81039277,290309.46404279086625,3518.75,2294.482669775489893960205731438641142624,336600
2025-04-06,69.919054457898,5294112109.00078612050780859746,0.754010828805241239,75717730.31039277,270062.347843631025,3862.5,2533.4385168605347478625484938249796721124,328797
2025-04-07,71.0958189109117,5383473542.231959149322265788409,0.768279065484074229,75721380.31039277,259499.739024827705,3650,2403.6272627417160283867639637149808172676,327829
2025-04-08,69.029370257572,5227242957.824245405500981403,0.746885538233571039,75724911.56039275,243759.963722051125,3531.25,2325.4270634202724858886023370981447595352,334932
2025-04-09,76.05139256151,5759272545.0931790041716330525,0.822704125104552435,75728692.81039275,287569.3281232096875,3781.25,2497.848403673120244803020138089742927152,321701
2025-04-10,73.7319556923543,5583884067.254880347673880151325,0.798341813702225411,75732211.56039275,259444.319092471693125,3518.75,2358.9612037754540093786858518866502341248,345866
2025-04-11,76.1457755991552,5766964487.6457692694029202048,0.824701989583335996,75735842.76039275,276504.34764443232,3631.25,2434.3809222033113681593279599781527341248,346822
2025-04-12,78.5594141511239,5950050179.359744379820817911725,0.85068013226668686,75739492.76039275,286741.861651602235,3650,2446.9508672298509623179833747249116210312,324838
2025-04-13,77.6177892832009,5879026937.091960705336461153475,0.840590587420643777,75743292.76039275,294947.59927616342,3800,2552.0745605184986828031578918561558626152,311956
2025-04-14,77.2025619072826,5847856590.19857707398431124115,0.83579075403137401,75746924.01039275,280341.80292581994125,3631.25,2440.6202616192291132784281062017639727728,330177
2025-04-15,75.624523600894,5728609107.1358467757966911185,0.819222448095642431,75750680.26039275,284064.6167758580875,3756.25,2524.6347227092697793755902265441258926364,347296
2025-04-16,74.3179289890398,5629891466.77950803263104338145,0.805509480218555555,75754149.01039275,257790.31618073180625,3468.75,2350.617801227690636394511427697113092462,340638
2025-04-17,74.9560838278057,5678500437.624671891285727688675,0.812635737262862405,75757699.01039275,266094.097588710235,3550,2460.770338218612753520759623893205014872,330045
2025-04-18,75.9611860618623,5754900564.392551017915244418325,0.823630774069426964,75761067.76039275,255894.245545898623125,3368.75,2335.132421424665563942583733195382485128,340058
2025-04-19,76.2134254844615,5774288195.049040358060887254125,0.826725435740141425,75764711.51039275,277702.669109006590625,3643.75,2525.755478781198546905623688830827470256,335018
2025-04-20,77.8978414168439,5902186453.874076187636629441725,0.844798411790341574,75768292.76039275,278971.644574072216875,3581.25,2439.0637145600044231341462303323688938592,291356
2025-04-21,77.767191424532,5892581384.200019098045304943,0.844898662684217475,75772074.01039275,294057.192574011625,3781.25,2554.304020726341715782208235440749528372,314542
2025-04-22,83.827678701369,6352082088.78713969345286566106,0.909690282397940347,75775474.01039274,285014.1075846546,3400,2296.762617646227687459930458885992806744,326482
2025-04-23,83.2905820274846,6311684741.527855083151150026958,0.904029041653415514,75779092.76039273,301407.79371195989625,3618.75,2444.0257487846428327965991648110998070402,335628
2025-04-24,84.3409088260078,6391572746.602762009106766043294,0.915433377590095005,75782592.76039273,295193.1808910273,3500,2361.6129932321502332450885559330068613732,333167
2025-04-25,86.446951178729,6551465855.01540030291346224017,0.938008463841361182,75785967.76039273,291758.460228210375,3375,2277.26967725047555863027952723318125,346589
2025-04-26,87.0562558941783,6597954916.854716583520178643759,0.944444171364788732,75789555.26039273,312314.31802036465125,3587.5,2420.6533289938484398784984512566737636268,324709
2025-04-27,85.6058760100395,6488339986.66757734460630771244,0.928848722289712524,75793161.51039272,308716.190361204946875,3606.25,2388.6973514972171571194007746072292855276,305838
2025-04-28,85.810702217222,6504189956.82165831446246742384,0.93081819136604065,75796955.26039272,325544.3515365859625,3793.75,2480.1823438026546107260408243562433003904,327729
2025-04-29,85.2693370652084,6463450305.827822740408432642848,0.925411550495710476,75800405.26039272,294179.21287496898,3450,2255.4541265091891414879767457328968502928,326537
2025-04-30,83.649767310611,6341023998.01738162674458315192,0.90779998305110858,75804442.76039272,337735.9355165919125,4037.5,2655.2836608582192311090038863748621558744,355000
2025-05-01,89.1529780321604,6758522800.588397033956494032288,0.966513973031137448,75808155.26039272,330980.430944395485,3712.5,2499.581416616963706085067390382106875,352126
2025-05-02,87.8614614729385,6660925573.53136136365928740772,0.952234896657735003,75811686.51039272,310260.785826314078125,3531.25,2377.5479858384658370501289888127552930372,345729
2025-05-03,86.7433057118755,6576484839.77424734962492274636,0.94018938814797473,75815474.01039272,328540.27038372845625,3787.5,2550.0780028125987979511456614279922166942,341106
2025-05-04,85.1313955411416,6454568681.147612072166733129152,0.922969446012522279,75818899.01039272,291575.02972840998,3425,2341.6208269516284616312918518320901529326,313037
2025-05-05,83.6175892142891,6340068967.565163386203151615352,0.906829002695381565,75822192.76039272,275415.434474564723125,3293.75,2261.694467173014854016752772756402508032,335118
2025-05-06,90.1759924215294,6837623279.721232535925927025968,0.97306066994050008,75825317.76039272,281799.976317279375,3125,2145.820178146386350885285302456846258032,342720
2025-05-07,89.6314812113263,6796634689.252029285372650064536,0.967078291866512163,75828655.26039272,299145.06854280152625,3337.5,2291.735930286703175595440856575759056476,349371
2025-05-08,94.5611081456959,7170768497.450716853740786693848,1.019114031416772746,75832111.51039272,326826.830028561454375,3456.25,2200.8680873900590371854164706405524393216,346857
2025-05-09,100.412551153464,7614854123.40442411250962838208,1.080110895328782152,75835680.26039272,358347.29192892465,3568.75,2262.6534467666595421405474396590619328032,353018
2025-05-10,105.008610013772,7963785280.23448718196532853984,1.127619384856718478,75839355.26039272,385906.6418006121,3675,2330.0179129936025398428687839009131683524,337870
2025-05-11,100.005261787413,7584700845.87548756986403283336,1.073825197218534054,75843017.76039272,366269.2712964001125,3662.5,2319.5695567080841795882272208583059326984,312759
2025-05-12,103.929763005915,7882746341.5175695337640728205,1.113932071704172018,75846861.5103927,399480.02655398578125,3843.75,2430.8752307967271871918886892195615120946,354575
2025-05-13,103.530631215573,7852872687.8877298185548355171,1.10894980718902615,75850717.7603927,399239.99662505338125,3856.25,2438.7805338326502281230981438309803797072,353111
2025-05-14,100.956818582728,7658023216.4548911433067172856,1.081472794707664892,75854442.7603927,376064.1492206618,3725,2368.8160998551908715582342485875745486524,321381
2025-05-15,98.9765429238268,7508171155.61524982306265478436,1.060474634183431493,75858086.5103927,360645.7782786939025,3643.75,2421.359109101811342466019296580731742556,348668
2025-05-16,99.6320394212457,7558248936.663410187575210973933,1.066615085934173498,75861630.26039269,353071.039699039449375,3543.75,2354.906709856683434925691499925196875,389255
2025-05-17,96.3534696127246,7309885987.276507882822366823174,1.032070142398091276,75865311.51039269,354701.21001184243375,3681.25,2446.278740876587946980816049464145889888,328235
2025-05-18,100.120112591306,7596014600.36230970140691404008,1.071789802000394068,75869017.76039268,371070.1672915278625,3706.25,2499.3702191473240003560932070437430025452,312210
2025-05-19,98.3546012530334,7462397091.913186656641975155512,1.053037646932309127,75872374.01039268,330102.63045549334875,3356.25,2281.7228699185072857299347707565372473552,330014
2025-05-20,94.3871490943478,7161680296.577518596634546494104,1.011656524016082735,75875586.51039268,303218.7164655923075,3212.5,2183.9954366564969641282451362671717508816,327054
2025-05-21,97.3093675297124,7383763554.381508397833791465232,1.042098579074453475,75879267.76039268,358220.1092187537725,3681.25,2501.6281328609538985757459820886881744672,320259
2025-05-22,100.334358920655,7613658262.7100957395500128054,1.073837255931306737,75882861.51039268,360576.60237110390625,3593.75,2323.163169176766280989385783903387422435,337413
2025-05-23,95.3378237314492,7234832811.100670223775657471856,1.02107442531434156,75886280.26039268,325936.1848818919525,3418.75,2210.03522625898689989861434352426703237,351715
2025-05-24,95.6679543263411,7260256505.194896218655928623148,1.024863213874548241,75890161.51039268,371311.247729111394375,3881.25,2509.0162199182634430377738578431796875,342450
2025-05-25,95.6157336769206,7256652628.275820812750109181208,1.024353318980740793,75893917.76039268,359156.59962393300375,3756.25,2447.2244251652253438032135328507115296208,334781
2025-05-26,94.898123565742,7202533204.98538619053347991114,1.016831044374175681,75897530.26039267,342819.471381242975,3612.5,2368.287075647503738990012351254865897044,327372
2025-05-27,95.8941516826062,7278496673.593922721708570976554,1.027258010604031439,75901361.51039267,367394.46863398500375,3831.25,2511.695465521083493864121194656920448522,365046
2025-05-28,95.3292475428541,7235972994.287586899926468519447,1.021223322614546864,75905067.76039267,353314.023705703008125,3706.25,2443.1368308811909965889126799360204105312,333047
2025-05-29,93.4063706440163,7090352572.130911903183398880521,1.001040159289937915,75908661.51039267,335679.144501933578125,3593.75,2432.2194977676587105355583777377764212482,341167
2025-05-30,85.7125136925307,6506629147.030871229904378029969,0.920888940423007233,75912242.76039267,306957.939661375569375,3581.25,2423.7596092861282207089697624665692637446,341575
2025-05-31,87.2271879643017,6621935843.472868662533267054346,0.933715104312848964,75915961.50254138,324376.105242246946875,3718.75,2516.8184313119524489699236394269017037518,352996
2025-06-01,88.5153840508265,6720036972.502484945501248942305,0.947469224142490422,75919424.00254137,306484.51727598675625,3462.5,2361.4808038334228672793916349013205913696,325760
2025-06-02,89.7455633906985,6813760732.402628496669983033595,0.95890744357725467,75923092.74097027,329254.035689625121875,3668.75,2510.7771196396824338615065782306613512168,343521
2025-06-03,89.650884165555,6806920910.62360893701251304985,0.95802994331584289,75926980.24097027,348517.8121935950625,3887.5,2660.4827431250477487095765797893784881084,343593
2025-06-04,88.0529796525979,6685900078.690036616551147164433,0.941364189270075213,75930423.99097027,303232.448678634018125,3443.75,2359.7726462762129080638924814761475694484,335761
2025-06-05,83.6931642328533,6355135202.035256904820252571391,0.895874836368715234,75933742.74097027,277756.688797781889375,3318.75,2283.8001747491158254396716669676746875,334702
2025-06-06,87.2191267189163,6623187083.863838836873599918401,0.933695181821670386,75937323.99097027,312353.497562118999375,3581.25,2464.4397448514872005559967043628007467334,363489
2025-06-07,88.4183676504058,6714586905.129874630977801235566,0.946414104027353682,75941086.49097027,332674.1082846518225,3762.5,2589.1670558580034628137786662823541030778,316794
2025-06-08,87.2623346141207,6627116098.635453096469135891589,0.934317923212430538,75944748.99097027,319598.30052421706375,3662.5,2506.7323981083098137445583709026685915266,318738
2025-06-09,90.5175906198408,6874664390.892151964140598734608,0.968723278185221523,75948380.24097026,328692.000938296905,3631.25,2479.1632616944611027800124736039936539504,316161
2025-06-10,93.2861675610861,7085271487.509641324228983399386,0.99775585264605347,75952005.24097026,338162.3574089371125,3625,2474.8961774533481504199923347647229085496,329555
2025-06-11,91.5321460890236,6952337793.655043321690500038136,0.979313729981495851,75955148.99097026,287754.1842673679425,3143.75,2140.122880058528766673174131958137128888,325685
2025-06-12,86.5576022349659,6574836935.601789447982064014134,0.927280909593708269,75959092.74097026,341361.543814146768125,3943.75,2614.1523929690793959017475581085109201052,338386
2025-06-13,86.4654871070486,6568143664.080936426815148974636,0.926826924233859546,75962605.24097026,303710.0234635082075,3512.5,2328.2941991228221583748733050846724304208,337271
2025-06-14,85.2329605835689,6474832034.870974423695599560914,0.913909914291678989,75966292.74097026,314296.54215191031875,3687.5,2444.2946435948265316696724137259675695792,319288
2025-06-15,86.2662189352001,6553641869.642628546366651897025,0.925005330709380913,75969967.74097025,317028.3545868603675,3675,2493.8785863692389944874228583302076833646,303078
2025-06-16,87.3073077481944,6633039474.4290826332063416166,0.936278027188663143,75973473.99097025,306121.247792106615,3506.25,2404.3115887210803438957542344756656550242,335679
2025-06-17,84.4232125873529,6414226031.079328888775825151225,0.906236978680333751,75977042.74097025,301285.339921115661875,3568.75,2447.1691902018967102070439770231705608656,319159
2025-06-18,85.0391378556158,6461331009.252876208818063222392,0.912943626902098025,75980673.98358724,308798.36933820487375,3631.25,2486.8310227289732909504960987485762472688,322032
2025-06-19,85.1163027459312,6467481849.125569564442490237888,0.913903989616701228,75984055.23358724,287799.49865967987,3381.25,2301.6461470395928668031231850838041848488,343293
2025-06-20,82.8265756564495,6293780709.84578304726372690438,0.889901677321196344,75987455.23358724,281610.3572319283,3400,2314.4094262080340404670666535462417393952,325207
2025-06-21,79.744952033539,6059906542.15068659881333245139,0.857431457521003819,75991098.96764401,290570.66897220773125,3643.75,2480.3321779253277327709971079210603803024,315667
2025-06-22,80.1222313509843,6088864351.370033569759063479357,0.861643058770673708,75994692.71764399,287939.268917599828125,3593.75,2399.9628573710726029951849610913680296716,311206
2025-06-23,85.1256969503732,6469410294.805946472733555237068,0.91497344030332255,75998323.96764399,309112.6870510426825,3631.25,2389.9996557400853433024523132625034369632,305803
2025-06-24,84.7651777936093,6442328782.768026595288274553107,0.911380514764392106,76002067.71764399,317339.634364824816875,3743.75,2464.0443951785827670836756123309946869632,314740
2025-06-25,84.5915272654152,6429446087.004077631784753134648,0.907739621226618539,76005792.71764399,315103.43906367162,3725,2458.84277702308340400103536754872377235,328819
2025-06-26,84.3166226562639,6408864242.746518764953798688961,0.905019194677434309,76009498.96764399,312498.482719778079375,3706.25,2486.9306527385220739364809622657038152282,312745
2025-06-27,84.8366552159028,6448706082.904926935917396844172,0.910771729722358955,76013205.21764399,314425.8533939397525,3706.25,2486.9306527385220739364809622657038152282,339446
2025-06-28,86.2900331154926,6559531470.079352529300940279474,0.926175943088153015,76017255.21764399,349474.63411774503,4050,2717.5903224878659317345792027623025,321490
2025-06-29,88.0146603670701,6690933250.046325882075751173699,0.944442706759833544,76020667.71764399,300350.02850262671625,3412.5,2408.2455948683263265420551037927254570596,307953
2025-06-30,86.1397070706187,6548708151.456146122185844930426,0.92491152144166168,76024267.71764398,310102.94545422732,3600,2566.21484423974427136911007282122,338596
2025-07-01,83.0816213882215,6316509693.24881250790252738157,0.892633490300165224,76027761.46764398,290266.414725098865625,3493.75,2490.4758616104853253157920087340825232542,344339
2025-07-02,87.4706816377832,6650515013.423503413341054025136,0.939223348737330285,76031361.46764398,314894.45389601952,3600,2548.80303625356374323691031888122,340816
2025-07-03,88.9863004503016,6766086054.653828919457432424368,0.955051525338336298,76035142.71764398,336479.448577702925,3781.25,2624.2399802094611459598355273789690456116,336123
2025-07-04,86.8576968789191,6604557666.071714871014531022018,0.932334065395278468,76038830.21764398,320287.75724101418125,3687.5,2559.1761955659205880609947893038744087768,324616
2025-07-05,87.5167092186481,6654983253.636887749732262703438,0.939351526157634338,76042430.21764398,315060.15318713316,3600,2498.44996991514972159381307009978,309275
2025-07-06,87.4292370272344,6648666072.456956242142663208912,0.938452952634720587,76046255.21764398,334416.83162917158,3825,2717.5449034504679267937444304667875,306564
2025-07-07,86.1051246096079,6548262886.404837258508009595442,0.924486648104366359,76049630.21764398,290604.7955574266625,3375,2408.2940849011528192755018104657625,342101
2025-07-08,87.7103600840591,6670628250.268121127982632079218,0.941560309736141858,76052911.46764398,287799.619025818921875,3281.25,2341.3970184244084946470834027510404377884,308292
2025-07-09,90.9007006766455,6913561208.83182068231256966909,0.975015485721168778,76056192.71764398,298267.924095243046875,3281.25,2321.7581153546185011025027490135538152,321786
2025-07-10,94.7073851392558,7203422898.679557748824486550084,1.01481395069823758,76059780.21764398,339762.7441870801825,3587.5,2433.2675294270621478264213995304322167076,326313
2025-07-11,94.2387079449186,7168141767.262384172155204880028,1.009459633578573235,76063667.71764398,366352.9771358710575,3887.5,2636.7463386259688565739968632130717041462,349125
2025-07-12,92.7240359681865,7053285510.28580985829613824227,0.993279572605012714,76067498.96764398,355248.962803114528125,3831.25,2598.5940603750827186483809467479401416462,322651
2025-07-13,94.4914484015003,7188077772.091393080637304248191,1.01186560596888699,76071198.96764397,349618.35908555111,3700,2585.2373495328870272075287671727296754,295839
2025-07-14,95.4833917772404,7263876253.575161069318456300388,1.022010408448489538,76074761.46764397,340159.583206418925,3562.5,2507.3008212013162858697531953666745607228,317130
2025-07-15,96.3340024805013,7328928245.636364703275775522161,1.030513069434540485,76078311.46764397,341985.708805779615,3550,2498.5032800610551272322863794695069369076,341362
2025-07-16,97.5052403637084,7418390549.652778276838740098348,1.042250864837212496,76081967.71764397,356503.5350798088375,3656.25,2581.3757555490027023615767989698328125,342560
2025-07-17,102.09414323665,7767857030.1220295563356555005,1.089590968401421411,76085236.46764397,333720.2307047996875,3268.75,2323.9441629887492968648984065559059394722,328357
2025-07-18,101.435868337343,7718155583.12469251583912977171,1.080582013203054459,76089017.71764397,383554.37715057821875,3781.25,2688.3101670249776345576484170098434414444,349332
2025-07-19,113.158879997584,8610557518.74190807424777216848,1.201123600566120993,76092636.46764397,409493.6969912571,3618.75,2572.7794790728334924531375957653396934166,310612
2025-07-20,116.952441463211,8899651605.34418077687585098767,1.237859967015455704,76096330.21764397,431993.08065473563125,3693.75,2603.9129072595283069169013944083635934014,330008
2025-07-21,115.893610179169,8819497095.97572101480925246093,1.220418041315850025,76099942.71764397,418665.6667722480125,3612.5,2540.6363821552682507147642254050025190196,334741
2025-07-22,119.272515984628,9077071451.62215889042289689316,1.253411777117522784,76103630.21764397,439817.40269331575,3687.5,2593.3831752511554853990945261757593369608,328318
2025-07-23,112.371442088548,8552289045.42295139705225737008,1.181248335680736764,76107317.71764396,414369.69270152075,3687.5,2619.9681303997019375127307613696000840368,331062
2025-07-24,112.322247143984,8548953522.32090340923536793664,1.18053003225681036,76110955.21764396,408572.1739862418,3637.5,2633.693990961816633176613340240965138262,331588
2025-07-25,113.628503874883,8648759596.60412744336609190785,1.193066984726286373,76114348.96764395,385626.73502538418125,3393.75,2457.209325288199423736890402881300486738,333552
2025-07-26,114.127191581446,8687176961.9684003556726541517,1.197848846466152975,76118380.21764395,460075.2410627041875,4031.25,2918.784576671817532363769549855812013262,320768
2025-07-27,114.554140551335,8720074417.5937358651750716599,1.201861018095715005,76121861.46764394,398791.60179433496875,3481.25,2551.7686428990507163608801084157781533246,306568
2025-07-28,108.800678776344,8282474679.67238690622788695536,1.142764981506256964,76125211.46764394,364482.2739007524,3350,2457.9479852488631404592548211560623011104,319732
2025-07-29,108.563356874081,8264808148.53420521499357271914,1.140364455503103489,76128892.71764394,399648.85749271068125,3681.25,2700.9913248221935745309624986678439488896,311282
2025-07-30,110.673826375059,8425855604.32476834049500849246,1.161470757881248928,76132323.96764394,379749.56674942119375,3431.25,2501.701646832271945578383533809646875,321023
2025-07-31,106.345487100426,8096682010.51184634746089031844,1.116793659792078933,76135642.71764394,352934.0853145387875,3318.75,2386.61676198482430737580458186258375,326115
2025-08-01,106.355555057658,8097832750.34920420842561429252,1.117141882246956715,76139255.21764394,384209.442645789525,3612.5,2597.8615543735574281029000656789897226288,349545
2025-08-02,106.257717640178,8090745422.60057116631834222132,1.116109368376137658,76142661.46764394,361940.3507118563125,3406.25,2449.5407559161358911505908173204668047424,339265
2025-08-03,110.523401433368,8415962474.66260462639985898992,1.160128189900917081,76146430.21764394,416535.06915200565,3768.75,2633.54924015732678790405766533436375,313403
2025-08-04,120.997177166278,9213984827.63548169917427905532,1.264873249808460165,76150411.46764394,481720.0115932442875,3981.25,2745.3472833839128901729910069931361637456,328596
2025-08-05,120.684897364884,9190664703.43749808978397140296,1.260212846277291433,76154223.96764394,460111.17120362025,3812.5,2628.9824851069604470957984951406899137456,340017
2025-08-06,119.638591058023,9111446910.40520283504439433062,1.2482242301344158,76158092.71764394,462851.79915572648125,3868.75,2757.56387056239726107629454767063277368,320073
2025-08-07,122.312331850597,9315510411.72329213881767243218,1.274166430761732971,76161661.46764394,436502.13429181804375,3568.75,2654.3787399702698084268926484505183550064,339264
2025-08-08,124.103579255306,9452417242.82988979639456374564,1.291299474099055935,76165548.96764394,482452.664355002075,3887.5,2891.4598633359766679521100173387263856266,337104
2025-08-09,120.543694410951,9181695548.73607357284160478694,1.254292216096934805,76169023.96764394,418889.338078054725,3475,2584.6490182798183668014582948102347287468,310655
2025-08-10,123.749114737783,9426318759.64094971664565898502,1.286577086906643916,76172817.71764394,469473.20403646425625,3793.75,2849.6647551047048262096580856414338279472,296289
2025-08-11,120.340880238589,9167151452.04324692554590000066,1.251067086356119256,76176536.46764394,447517.64838725284375,3718.75,2793.4192428927471353225738080992058906756,314852
2025-08-12,130.65944250903,9953664777.2038869798937747782,1.353627939392982768,76180217.71764394,480990.0727363666875,3681.25,2765.2503003066134337744468977483854377024,329171
2025-08-13,130.944169653167,9975784195.18998074909119935798,1.353483662036952337,76183492.71764394,428842.155614121925,3275,2499.979665217888377467012772379432445052,327722
2025-08-14,121.536792569069,9259502980.65666955096489929186,1.257129101266985145,76186830.21764394,405629.0451992677875,3337.5,2578.7615379696787744495497745782405925354,318732
2025-08-15,118.947324494107,9062609911.98402665475970426158,1.23090735829949021,76190111.46764394,390295.90849628859375,3281.25,2535.2992647015614080734612138791877800354,333283
2025-08-16,120.760161545589,9201139244.05635089333222958066,1.249130453520776697,76193498.96764394,409075.0472356827375,3387.5,2617.3946728542114214055301041659185200236,313692
2025-08-17,121.054060407061,9224005294.07797453669575986034,1.25200156206750217,76197405.21764394,472867.42346508203125,3906.25,2819.910960539492503822333075512045150464,291739
2025-08-18,117.769400516186,8974162160.44650487842924965098,1.218573559666110136,76201136.46764393,439427.0756760190125,3731.25,2649.4933840700650438120623563266488603024,306024
2025-08-19,112.873994229051,8601536511.58751289945047981043,1.168873103016953205,76204767.71764393,409873.69154424144375,3631.25,2578.4852058259672510218289164934240195968,311428
2025-08-20,116.152101800849,8851788219.43921750872935369657,1.202464319193374426,76208592.71764393,444281.789388247425,3825,2784.7455896209421109292537289614675,307955
2025-08-21,114.609212645508,8734642323.19941851226405796644,1.186255115933122702,76212392.71764393,435515.0080529304,3800,2846.918881936344427814003255821296684484,313707
2025-08-22,122.886565050474,9365959949.03478174035580972282,1.269910510952157495,76216305.21764393,480793.685759979525,3912.5,2931.202664270370278020493193446574809484,328557
2025-08-23,121.352676368913,9249460669.48532959737585514809,1.254059211009023715,76219667.71764393,408048.3742904699625,3362.5,2524.0053520200889618302079261686028201112,328451
2025-08-24,118.558838979085,9036943605.7813205648568574132,1.225165454164487488,76223280.21764392,428293.8058119445625,3612.5,2782.316058729962994377649161527376874822,286030
2025-08-25,109.151949162077,8320290041.71048744265390362184,1.130305146264981438,76226673.96764392,370434.42746879881875,3393.75,2613.836709159228479081915222714759062233,306476
2025-08-26,113.559957410248,8656735055.12653294318942289216,1.175292605565996935,76230523.96764392,437205.8360294548,3850,2965.236485900399301281034123760909999644,313348
2025-08-27,112.277535341375,8559394986.15701260385414319,1.162174642120489007,76234261.46764392,419637.2883383890625,3737.5,2900.3577657181859822200339307194515944408,324387
2025-08-28,113.69047273132,8667547643.4649602419975915744,1.176301149184726988,76238117.71764392,438418.88547015275,3856.25,3007.7769849522904613098083708130796948432,308355
2025-08-29,109.920086774408,8380513402.36689803931231279936,1.137652532396430616,76241873.96764392,412887.32594637005,3756.25,2929.7795207553412234237489292875500036716,345583
2025-08-30,110.76095150966,8445001169.5387909450423202672,1.146665963287729386,76245292.71764392,378664.002973650125,3418.75,2680.8852381125184951373025772174308776472,317364
2025-08-31,109.059483421914,8315673030.74044285891537686288,1.129373939456069323,76248967.71764392,400793.60157553395,3675,2946.750542705684966091066791144410977696,303090
2025-09-01,108.226256936952,8252521192.52868630359542613184,1.121185920535180269,76252486.46764392,380821.14159689985,3518.75,2821.463551877877627281206056100935363072,333927
2025-09-02,111.589903065349,8509406507.31968003218882252808,1.155525387132714055,76256061.46764392,398933.903458622675,3575,2866.566876658404069923094442142985363072,327949
2025-09-03,112.956967875348,8614031891.34359914856981008416,1.169210085548022071,76259411.46764392,378405.8423824158,3350,2660.0448936298673145020111246529660601288,329559
2025-09-04,111.246879751203,8484001207.41564523629169563576,1.151684382253032133,76262823.96764392,379629.9771509802375,3412.5,2695.3047549425007083603751082376917529718,325330
2025-09-05,112.066565260768,8546904972.11884202592936973056,1.159931508616959402,76266323.96764392,392232.978412688,3500,2764.4151172346763466388838248446342480188,336121
2025-09-06,112.112013842171,8550772669.50156533545935775032,1.160358774090415398,76269905.21764392,401501.14957227489375,3581.25,2826.6876774130402263820849670468882852488,315891
2025-09-07,114.969605055345,8769127585.4590017002596027524,1.189313096339020547,76273442.71764392,406704.9778832829375,3537.5,2696.1993130134117629660105965441626064702,295553
2025-09-08,112.555617643872,8585468746.83168328339346605824,1.164682361113136971,76277567.71764392,464291.922780972,4125,3143.9779848056593150109442530342803055894,317287
2025-09-09,111.913436185099,8536919071.14730271503668009709,1.158115129803489345,76281448.96764391,434364.02419341549375,3881.25,2958.1974761273539224035089578015534375,315913
2025-09-10,117.20391363774,8940918743.9703277811200571634,1.211447412076175853,76285155.21764391,434387.004919873875,3706.25,2960.3608262271056139785000188060778279944,321777
2025-09-11,115.917861747089,8843235900.55608462742713107799,1.198135252363600186,76288811.46764391,423824.68201279415625,3656.25,2968.991389034259373874809055502359375,330480
2025-09-12,118.132076717293,9012595770.95258427754286313563,1.219803577610191673,76292536.46764391,440041.985771916425,3725,3024.818571049760015154759313708804438388,334197
2025-09-13,119.365468600717,9107112145.33770831323352668347,1.232002816908039126,76296036.46764391,417779.1401025095,3500,2846.4063333309126990468549327643476182172,320247
2025-09-14,115.171856008421,8787546270.72695051102848936611,1.189581083124781073,76299423.96764391,390144.6622285261375,3387.5,2765.306884810040084819314558812176595568,299919
2025-09-15,113.722760269247,8677374154.84418773235156983577,1.174896072281057593,76302880.21764391,393054.29018058494375,3456.25,2821.429342863830444016755170160765691136,316454
2025-09-16,115.114009626797,8783938394.41931198148323985627,1.187449019065942664,76306423.71764391,407935.27161496186875,3543.75,2892.8579472143005544775942150882375,315787
2025-09-17,117.075771578032,8934027817.47443382910775458512,1.20703268036841191,76309792.34264391,394399.0055034953,3368.75,2687.7538928356846937474962729207971006038,308332
2025-09-18,118.230816290047,9022596887.36121702391864816377,1.217985591478380922,76313411.09264391,427847.76644960758125,3618.75,2849.6159500331481021643274671608063504212,309846
2025-09-19,113.877247413034,8690768307.08908545590485472294,1.173956660566655683,76316986.09264391,407111.15950159655,3575,2815.1646565096609447692633276574181994384,451054
2025-09-20,113.904281551731,8693251493.11427301952172710821,1.174269988102995246,76320673.59264391,420022.0382220080625,3687.5,2903.1931150767473308480584815787117406792,298789
2025-09-21,114.198245280397,8716120956.2299317119120716283,1.17727263521203592,76324473.5926439,433953.3320655086,3800,2987.4733040209382136057035756239913400288,291843
2025-09-22,105.853652330009,8079623227.8988990777763707951,1.097173305153544767,76328242.3426439,398935.95221872141875,3768.75,2962.90525450590179485054385079584625,310687
2025-09-23,106.233666381693,8109020105.2138130413844281227,1.101318975118951948,76331923.5926439,391072.68436760735625,3681.25,2894.1147385057026627394058595379124099712,308884
2025-09-24,105.710960952061,8069492304.0480272289426440779,1.093096434931205714,76335436.0926439,371309.7503441142625,3512.5,2835.7515652804475357260777722231005896248,303979
2025-09-25,102.206345033543,7802315337.5128173635323043377,1.058091774600093056,76338854.8426439,349417.94208342513125,3418.75,2785.446160639162085300537674967140486952,310865
2025-09-26,104.578708988097,7983786871.4056876858518596583,1.082667601472955194,76342373.5926439,367986.33225186631875,3518.75,2866.921740221079703432313764136224723904,335859
2025-09-27,104.563511124984,7982997830.9265988710359051976,1.082673201679952233,76345923.5926439,371200.4644936932,3550,2879.9371765828691882060554020756742254038,304108
2025-09-28,106.869928919367,8159500220.3520631895374444113,1.106094653323876909,76349823.5926439,416792.7227855313,3900,3077.9820285036522582397123606148613422082,297850
2025-09-29,106.8209991947,8156165690.88352619461886733,1.105618870583122311,76353579.8426439,401246.378225091875,3756.25,2964.5307832730947236716087960350198343612,314830
2025-09-30,106.846838706926,8158531960.0683589301665816514,1.105894164996431315,76357261.0926439,393329.9249898713375,3681.25,2905.3388020629289857286289293388737687776,327914
2025-10-01,114.997744519796,8781311701.7895254246485286444,1.187853546284861452,76360729.8426439,398898.426303042375,3468.75,2823.635773442664998045420103968216088383,335657
2025-10-02,119.462655040932,9122669167.3086491345236001148,1.231609977675568634,76364192.3426439,413639.44307922705,3462.5,2843.24817959135144026504383348418527664,336365
2025-10-03,120.579495693975,9208373308.2575491962543005025,1.241534132495537629,76367654.8426439,417506.5038403884375,3462.5,2843.24817959135144026504383348418527664,331783
2025-10-04,120.382106681381,9193731043.0817597687264432259,1.239227269572599097,76371242.3426439,431870.8077194543375,3587.5,2933.305841748013362975401177140965327872,324568
2025-10-05,118.890489611714,9080259490.64227962763777452746,1.223624343113779147,76374986.09264389,445096.2704838542875,3743.75,2996.472012632020035289726308708219362304,295871
2025-10-06,118.4352982647,9045908041.167905834377057683,1.218470625308241334,76378479.84264389,413783.323312295625,3493.75,2796.373699473857163588296903499882659424,322566
2025-10-07,117.067737536537,8941893372.32735954554705480893,1.204332268120194039,76382217.34264389,437540.6690428070375,3737.5,2991.469529590680522559504014212830637696,308087
2025-10-08,118.509000225872,9052429065.15034444582766072208,1.218099793564073752,76386004.84264389,448852.8383554902,3787.5,3075.922608111193210866161254170521156551,306767
2025-10-09,125.92517428766,9619388470.1575155590718013974,1.290780575163957781,76389717.34264389,467497.20954293775,3712.5,3031.03860460432911519965307502471875,309591
2025-10-10,98.2562424308566,7506141188.367696505661461456174,1.017612884767055956,76393529.84264389,374601.9242676407875,3812.5,3112.68274863361982182715428151621948406,368979
2025-10-11,93.6688881379921,7156037721.877573711957169933269,0.973214532180800576,76397167.34264389,340720.58060194626375,3637.5,3005.441176481975022542837340453055453305,309063
2025-10-12,98.6168116154572,7534403778.436321680466722981936,1.025931291456441748,76400804.84264388,358718.652251225565,3637.5,3067.176202116500353763230781162601336172,293096
2025-10-13,99.7157864875651,7618748379.274187349263202616588,1.037526380891793131,76404636.09264388,382036.106980483789375,3831.25,3230.548116377610934806335477003509971276,305222
2025-10-14,97.5980722528019,7457301421.902712357923213887372,1.016476869431857882,76408286.04264388,356232.963722726935,3650,3077.716319741947838570012289609971278724,321977
2025-10-15,95.2461240176318,7277936569.727082484846558363384,0.992921454779311183,76411892.29264388,343481.33473858467875,3606.25,3135.9268323624296017964182428831188950972,324263
2025-10-16,91.6031292214159,6999863863.827710059656828069692,0.956501938023369161,76415117.29264388,295420.0917390662775,3225,2808.090038715506555738661643563770778372,302421
2025-10-17,90.2354532133718,6895669693.284097171867691434584,0.943494384806555461,76418629.79264388,316952.0294119684475,3512.5,3058.423644266623221328193112290690204496,318280
2025-10-18,91.6743426607864,7005959972.770760763640855947232,0.959286464707651614,76422254.79264388,332319.4921453507,3625,3127.473593347750444205040529305925995508,301137
2025-10-19,93.4697492469501,7143508404.381906026108137960887,0.977983016170139968,76425886.04264387,339412.026952987550625,3631.25,3075.695251898126039054861466510568083776,288880
2025-10-20,94.4203421409053,7216493500.782873404023087295511,0.988109385123036129,76429436.04264387,335192.214600213815,3550,3006.875892275539319695318398559167354056,293543
2025-10-21,93.4305420961875,7141201013.393626183616847245625,0.978148590591141252,76433261.04264387,357371.8235179171875,3825,3239.80290166567591675980184268395,298801
2025-10-22,91.8699526344598,7022262861.445761132586611231426,0.962633082613782201,76436992.29264387,342789.76076732812875,3731.25,3186.437953003298100452429870636170301421,299587
2025-10-23,93.9468279547503,7181358218.888322057352412675661,0.984343838255268279,76440667.29264387,345254.5927337073525,3675,3141.267054813019432936293582331943353642,301968
2025-10-24,96.4355439546627,7371960772.079784471519122072649,1.010055656991608968,76444436.04264387,363441.456279135050625,3768.75,3221.401428975070513082857849090559375,344875
2025-10-25,96.9508632411703,7411705511.198004814232544921061,1.012488543568791698,76448061.04264387,351446.8792492423375,3625,3129.8064896269831005495351650351322994768,310091
2025-10-26,100.042852517194,7648456006.27594687015286852884,1.044000581977146096,76451798.54264386,373910.161283012575,3737.5,3258.745110871244682177065283421080309392,306176
2025-10-27,99.2342189469181,7587005403.359709023583322887866,1.035438198702248669,76455536.04264386,370887.89331410639875,3737.5,3258.745110871244682177065283421080309392,320519
2025-10-28,96.8349232182299,7403943618.498577981165345303414,1.011004944628020426,76459436.04264386,377656.20055109661,3900,3429.617008638772762293756134438836370307,304801
2025-10-29,98.8143567098415,7555655600.07094874646854154819,1.031221673375392633,76463136.04264386,365613.11982641355,3700,3406.037189112617199909842646486631324868,307765
2025-10-30,93.1395787658182,7122074345.507551703469974106252,0.97423094415218896,76466679.79264386,330063.38225136824625,3543.75,3262.201152113575131154568602500121875,310029
2025-10-31,95.6008332976069,7310644578.370603271152386978634,0.999818494851945446,76470511.04264386,366270.692571456435625,3831.25,3526.859442959105499197641039494974962566,338782
2025-11-01,101.12848947064,7733705644.8750310245374462704,1.053132290134227893,76474054.79264386,358374.0845615805,3543.75,3326.9355352454678023788993933866446875,325263
2025-11-02,99.1577044797374,7583340636.668863536954194522364,1.03299576440952233,76477573.54264386,348911.17263807597625,3518.75,3326.16940178813526583154541151046124944,289238
2025-11-03,87.2586518227013,6673632640.451103366545944059018,0.912182457431499684,76481042.29264386,302678.448509995134375,3468.75,3278.90588984842139601735104792265453083,300491
2025-11-04,85.4254901824194,6533762085.195221497686367354884,0.894508656937202815,76484923.54264386,331557.68377051529625,3881.25,3663.3043904345860643312656875068775,306024
2025-11-05,89.6414672143571,6856523306.092367528477984162406,0.938283661380013642,76488298.54264386,302539.9518484552125,3375,3169.27460067371834632093548092775,303340
2025-11-06,86.7326686883493,6634363840.175696238978401180298,0.908846836399655396,76492098.54264386,329584.14101572734,3800,3568.368454301784689421940257380864502176,312476
2025-11-07,102.068972666806,7807806742.98554767293810171116,1.065773164059559355,76495398.54264386,336827.6098004598,3300,3098.846287482834296575913257159348376632,339453
2025-11-08,104.042604275301,7959104312.05953882756233730186,1.085098619631323036,76498511.04264386,323832.6058068743625,3112.5,2845.0914347469215033674804738335414701498,316980
2025-11-09,109.655738941872,8388899629.08446859162573770592,1.140478153496878502,76502148.54264386,398872.7504010594,3637.5,3265.066749514389674981088228825751266252,317188
2025-11-10,104.734960801278,8012823956.10274619854563085308,1.089318435324695379,76505723.54064386,374427.48486456885,3575,3208.965950033654894813406592436726688336,327024
2025-11-11,99.8947158311164,7642882128.259354414555078605304,1.040082663294996619,76509373.54064386,364615.71278357486,3650,3275.5578538368044956361833374782096109678,295735
2025-11-12,97.6416549420624,7470866176.513909345869892296864,1.017449004100324578,76513104.79064386,364325.42500257033,3731.25,3329.434190881081404303675182223876319254,356861
2025-11-13,96.9650404742562,7419457497.611554443211952596932,1.010772574142051792,76516829.79064386,361194.775766604345,3725,3323.857252739120063477917475668890462836,314451
2025-11-14,97.5975628270024,7468228803.508458638938289765264,1.017220909969753244,76520648.54064386,372700.693045615415,3818.75,3407.511389114908688934777751839051643582,328090
2025-11-15,102.085115669438,7811993144.1081788357192876563,1.062722107381819212,76524311.04064385,373886.736139316675,3662.5,3389.6440806838286865223261091883431678862,318617
2025-11-16,96.0121103876046,7347600241.81018291948034322171,1.001241238422205958,76527848.54064385,339642.8404961512725,3537.5,3330.28848896644763369967055599730755351,283353
2025-11-17,90.9825395667271,6963036349.124641606816596243335,0.95054516787578748,76531567.29064385,338341.319013766403125,3718.75,3500.92163703721176927378438677630182149,292595
2025-11-18,95.6814347028103,7323001787.696004946140991411655,0.998728732603750224,76535242.29064385,351629.2725328278525,3675,3458.6592329639521382875509649090273233874,295811
2025-11-19,92.7697637829808,7100507713.85656035860970418808,0.969252234235502378,76539029.79064385,351365.48032803978,3787.5,3560.594160122028801542538009492107420556,299546
2025-11-20,87.704723752469,6713138141.67640698735203716565,0.917666444622440798,76542492.29064385,303677.6059929239125,3462.5,3255.064653584899572359681465574444272592,316121
2025-11-21,82.3818328136436,6306030547.51603375708740843186,0.86440040799235503,76546373.54064385,319744.4886079542225,3881.25,3648.72769049725586058192633038266875,316640
2025-11-22,82.2446659425953,6295833684.143870437963626983905,0.86324935800539305,76550054.79064385,302763.176501178948125,3681.25,3569.3539800827449275473865468740963572896,300550
2025-11-23,83.0664866565048,6359036395.021650452931916050432,0.871940959718291467,76553573.54064384,292290.199922576265,3518.75,3434.584189573366795146824324507893864192,284038
2025-11-24,85.7711316590189,6566390050.501192230165998728576,0.900280674289942179,76557111.04064384,303415.37824377935875,3537.5,3452.885692108831466396889453977617216048,307214
2025-11-25,85.503841525406,6546229559.90151704013495739904,0.897895573287253647,76560648.54064384,302469.839396123725,3537.5,3433.2941911719757609596260352241569342494,308851
2025-11-26,86.9102962675256,6654226956.061337414711507682304,0.914902369180393191,76564311.04064384,318308.96007981251,3662.5,3504.027757539884290498239841510409400252,310596
2025-11-27,86.6790206754705,6636840212.07162092186601492672,0.913107059811130108,76568011.04064384,320712.37649924085,3700,3539.905186372536431577531048159606199496,309580
2025-11-28,84.4850998584983,6469178158.178605683682877545472,0.890549710243040048,76571823.54064384,322099.44321052476875,3812.5,3647.537438428172197011959729090018699496,321459
2025-11-29,84.0671977459892,6437464985.254618865455045686528,0.886424764008494313,76575229.79064384,286353.8923222757125,3406.25,3326.737974555254615208287739658068598728,303869
2025-11-30,82.9110781966304,6349222981.093746442925734516736,0.87448211106122043,76578704.79064384,288115.99673329064,3475,3403.423850508062370897180913461725290752,306550
2025-12-01,77.7203373358705,5951998190.51831555024439686272,0.821430016185112795,76582248.54064384,275421.445433991084375,3543.75,3470.7577676178083124962354998878,334759
2025-12-02,82.8592718096941,6345842980.171232864600442449344,0.875996602476751146,76585792.29064384,293632.544475603466875,3543.75,3443.6316844500618701030202402632803125,330862
2025-12-03,86.0044024103761,6587030825.513487246090581993514,0.902513022254688627,76589461.01483274,316603.706373197018125,3681.25,3500.999046828412614185912872895661384,317215
2025-12-04,83.6916243303946,6410191401.965200457187898203496,0.87432096717762067,76592985.89616676,296582.19372083586375,3543.75,3370.23169470204259877867852598515625,299317
2025-12-05,80.3629481369864,6155542518.60344470099529479164,0.840801357658977279,76596773.28052635,306383.73977226065,3812.5,3625.822465753337838577792640718966183,330835
2025-12-06,81.5585708481932,6247432262.050966363604029793304,0.853402497935517221,76600560.76361922,309922.56922313416,3800,3701.2267243536746209197496935387107116384,311005
2025-12-07,81.1853906777012,6219133643.967609182929273590076,0.84985406371617127,76604098.25034923,287700.7282141036275,3543.75,3467.090155550378935991804747721028125,287284
2025-12-08,83.8816860715633,6425988662.166760613377872051259,0.876371342412995003,76607767.00034923,307740.935775047856875,3668.75,3589.386096772834279228755465331099527852,306744
2025-12-09,86.1655662443328,6601237045.737188165957108343744,0.906593008413342223,76611079.50034923,285423.4381843524,3312.5,3232.8589623800711836270661080155868367274,316232
2025-12-10,84.7107768648697,6490072604.648985439952449232769,0.91982127930438224,76614485.72242377,289075.52605136785125,3412.5,3314.326932057009605126721967647380187606,312739
2025-12-11,82.9609924396908,6356310874.842971765138425370316,0.904081261242882867,76618066.97242377,297104.0541746426775,3581.25,3478.222219329647531454481444894964562606,341472
2025-12-12,81.9782070317073,6281273574.533278658884497202521,0.894432115254922168,76621260.72242377,261817.898707515189375,3193.75,3101.870074300146224535616243446212833404,323022
2025-12-13,81.469918247079,6242587023.22141330125535266783,0.889155529868837802,76624441.97242377,259176.17742352006875,3181.25,2982.5501359054367860125375639527625856304,313322
2025-12-14,78.8032586685688,6038541875.420690693270653000376,0.860963359298057559,76628073.22242377,286154.333040240455,3631.25,3320.587362217021942351658082191576466592,292218
2025-12-15,77.6105383455731,5947371570.803370086010106712587,0.848615149241833986,76630979.47242377,225555.627066821821875,2906.25,2657.612948369972101244534523835212037444,318770
2025-12-16,79.0474891126786,6057741443.692703634479979010322,0.864332844420497877,76634204.47242377,254928.152388388485,3225,2949.093055040924898265070054280706712556,317750
2025-12-17,75.8797837847103,5815243908.648365439600158283831,0.830713000210451542,76637591.97242377,257042.76757070614125,3387.5,2854.1191845467746208300275878706693930044,297029
2025-12-18,74.1810161290672,5685297852.658412153523533207344,0.813573641531167861,76640873.22242377,243406.45917350175,3281.25,2672.645896863313118752606095651686151556,313899
2025-12-19,77.5460935144384,5943450892.748960078057138360768,0.85026294714610204,76644104.47242377,250570.81466852908,3231.25,2631.919860742181941047628750965137785408,323948
2025-12-20,77.9529480990892,5974897963.651706238327853430284,0.854728732539685185,76647491.97242377,264065.611685664665,3387.5,2759.188719955373913701313573612190767704,299820
2025-12-21,76.7002965865195,5879171075.502560449493423368515,0.841215471913426421,76651216.97242377,285708.6047847851375,3725,2835.4148278288286728121771003221522867108,292810
2025-12-22,76.9765389648664,5900621543.315743517519682234328,0.847074107072675454,76654804.47242377,276153.33353645821,3587.5,2716.2458808519228018829376901951738728992,387780
2025-12-23,76.8613558424042,5892067463.315490944198168027834,0.846273433014296989,76658385.72242377,275259.73061061004125,3581.25,2711.5137482101154338077827888904408093488,308382
2025-12-24,75.7482516332945,5807002863.531877229784520210265,0.834478649459269439,76661873.22242377,264172.02757111456875,3487.5,2642.21149324273144005686560253094875,292144
2025-12-25,75.7143418709416,5804669697.469835067375484121832,0.834636655372261171,76665391.97242377,266419.840458375755,3518.75,2668.0842517745392660202260104155044268288,290839
2025-12-26,76.7788349517702,5886562118.849658869205096057654,0.846492052684603835,76669073.22242377,282642.08616620404875,3681.25,2791.2994854692384730760961066574555731712,303460
2025-12-27,80.0059884598819,6134266508.534969747737750952763,0.881588438059925868,76672591.97242377,281521.071893209435625,3518.75,2668.0842517745392660202260104155044268288,306195
2025-12-28,78.4644302645912,6016368920.458016241460072212824,0.865144608369248128,76676385.72242377,297674.432316292865,3793.75,2853.6123248324514661298436480306450524736,293960
2025-12-29,78.2545365035001,6000556252.712424249084035437377,0.864229042936228571,76679979.47242377,281227.240559453484375,3593.75,2700.8740105197290285404154140412504476632,322283
2025-12-30,78.6631380887861,6032182309.007774432388699085597,0.869693994536461702,76683723.22242377,294495.123219892961875,3743.75,2813.6061520258212482255470386257780406528,362059
2025-12-31,76.7422309061316,5885157225.586279332704106588132,0.849317658209284616,76687335.72242377,277231.309148400405,3612.5,2763.6478852249559699859706261878989740128,323151
2026-01-01,79.8001348352409,6119932048.764928217755809836193,0.882702875150612726,76690748.22242377,272317.96012525957125,3412.5,2657.921190208823485136913972405236696955,285994
2026-01-02,81.8672064565685,6278774041.788859327060682033245,0.905152970850983161,76694616.97242377,316723.754978849384375,3868.75,3013.28427537709716491395101329543123547,314297
2026-01-03,82.1473969538379,6300555794.757896955802716686883,0.908075199313397318,76698179.47242377,292650.10164804751875,3562.5,2774.7499794758267901112507497501211072338,299404
2026-01-04,82.1367336286869,6300021822.217296896603270447613,0.908660704502241974,76701635.72242377,283885.085604149098125,3456.25,2691.597220831640905267310645717782940672,296762
2026-01-05,83.7202658956061,6421801044.074626145474060196997,0.92583180757625503,76705454.47242377,319706.765388845794375,3818.75,2973.898573714168468641678596071141764832,322841
2026-01-06,83.9135640405491,6436912323.329342763040288692107,0.928019872733187934,76708841.97242377,284257.19818736007625,3387.5,2638.057318262082572769101984675916470336,302743
2026-01-07,81.6358990144138,6262481512.644332867727601736026,0.903453119732248518,76712348.22242377,286235.87091928838625,3506.25,2701.193928616940135146375497928317462292,304103
2026-01-08,81.3176050196156,6238372423.307278803347625702812,0.901571739743571887,76716135.72242377,307990.429011794085,3787.5,2879.8332392225558740971145990613908676598,313011
2026-01-09,81.4232979260001,6246782040.860695735517673262377,0.902512929030094802,76719835.72242377,301266.20232620037,3700,2813.3024533126738185325034539126348382268,305565
2026-01-10,81.1010092913885,6222353142.204619234368658704645,0.898371598078294052,76723498.22242377,297032.44652971038125,3662.5,2788.3178027239069297978766648922536007732,295668
2026-01-11,78.8117521533476,6047014288.622002912305491312452,0.874233324605560772,76727316.97242377,300962.3785355961475,3818.75,2997.3311892762827339564596195236911046676,289198
2026-01-12,75.979761783849,5829999642.26212106757386969073,0.844852591170182231,76730954.47242377,276376.3834887507375,3637.5,2855.0683405669864101640769971426864390028,295199
2026-01-13,78.1106194935828,5993796279.380763065470077183156,0.868244375116102082,76734716.97242377,293891.205844605285,3762.5,2953.1806480729599872535437787939904796676,317423
2026-01-14,76.6542929416812,5882306577.286500575160722642124,0.852733225124441509,76738123.22242377,261103.6853326015875,3406.25,2750.9307089630448592719188687233385448576,308896
2026-01-15,72.144545765801,5536471963.47897807519624548977,0.804335886736842964,76741379.47242377,234920.67714988950625,3256.25,2671.992479838495134916980166005269586772,321835
2026-01-16,75.4445660716254,5789971398.745678399111711495758,0.840776448006145686,76744710.72242377,251324.71072610211375,3331.25,2733.535482887341312225677957701804576456,315584
2026-01-17,74.7872624297373,5739770346.915467369236305375621,0.83361310086261937,76747966.97242377,243526.023286832083125,3256.25,2671.992479838495134916980166005269586772,288475
2026-01-18,72.9724363978354,5600758704.041675112451358211384,0.814110299124172856,76751702.15651196,272734.4810369098075,3737.5,2834.0470530896303443737464636105506683848,275721
2026-01-19,70.70555932732,5427027327.1631091297378342288,0.789848530603799164,76755312.86075484,255423.8330699435,3612.5,2697.2876044317159247780304529418352055372,289696
2026-01-20,67.0589707663825,5147380286.4159166714114000773,0.750422396763481188,76759011.17462964,248537.310402905140625,3706.25,2767.2864268103775718805424610026680222314,292202
2026-01-21,68.6063674280205,5266413221.370577861389891689655,0.76859414088345388,76762746.94030291,256416.29826222661875,3737.5,2838.0312134250346880536745883430322884912,306595
2026-01-22,68.0628389511564,5224940613.379356167878110785124,0.763167727563599568,76766421.94030291,250130.93314549977,3675,2852.4288696969264997568553727794259297954,312717
2026-01-23,67.9691918498102,5217982329.909229885638111007682,0.762526902067658761,76769815.67530291,230670.44484029336625,3393.75,2634.1307412011882358097874160558806172954,311521
2026-01-24,68.0972854007923,5228052650.232057089066049767075,0.764106346212941939,76773290.14603025,236638.0667677532425,3475,2697.1946605122684273136613731230706301364,293492
2026-01-25,67.0761494491036,5149869612.987882013695948004664,0.752959931412007634,76776464.58963074,212966.77450090393,3175,2409.3939302913584539923449799966065663544,292059
2026-01-26,69.7768069577719,5357430659.176706690090057002232,0.783118884794197136,76779533.09641928,214127.576351662518125,3068.75,2319.9940854640866929735088550411017563424,279784
2026-01-27,70.0800480568557,5380926237.325978569584275657896,0.786538617919952655,76782570.59641928,212868.14597269918875,3037.5,2296.368879138170676560913180354455625,294349
2026-01-28,69.4216877511173,5330611674.411093489187199261544,0.779950217133998696,76785970.59641928,236033.73835379882,3400,2570.4211201079434515543618068248685561576,286051
2026-01-29,65.9903741958423,5067401368.784468150632093559544,0.74248391960894812,76790008.09641928,266436.13581571328625,4037.5,2710.9889860239235645665422856812832789092,284689
2026-01-30,65.240095685376,5010051290.52811931532306044928,0.735711762138083538,76794051.84641928,263814.6369277392,4043.75,2680.8193597473577188388369491057770316294,306140
2026-01-31,59.3567050795672,4558494510.043287880145684135616,0.671172044237860098,76798307.85641928,252636.975994907895,4256.25,2821.6970437855296278538420721563248448882,309531
2026-02-01,58.5077849325467,4493520111.808666996972768380376,0.662490065511334179,76802089.10641928,221232.561776192209375,3781.25,2835.578911764651459783732400327778980602,293080
2026-02-02,59.9609620897854,4605335109.410388070841515372512,0.68240368115072745,76805557.29766928,207989.58724894310625,3468.75,2661.6757734901677561814266755781562440666,289531
2026-02-03,59.3340717889649,4557405986.556985196968793728272,0.675917959708846492,76809257.29766928,219536.06561917013,3700,2839.1208213729951796228262612228256210444,292353
2026-02-04,58.7899529212861,4515854394.130316571827080061008,0.672819306338639595,76813369.79766928,241773.68138878908625,4112.5,3193.108430345323447613878348583005459856,293215
2026-02-05,51.2610649818667,3937718671.428441570702075095799,0.589596718607752321,76816950.11255397,183578.688966310119375,3581.25,2821.266194880038490267279310491356859358,298176
2026-02-06,55.1108682480743,4233633768.854311602039820592739,0.633993811168537353,76820306.11089573,184965.851557599369375,3356.25,2644.013869094075278852667287347144359358,312542
2026-02-07,55.1968095896341,4240450041.637736250498698952393,0.639274859951990822,76824187.36089573,214232.617219767350625,3881.25,3058.3194661968454775384742186229471875,291377
2026-02-08,54.5018157791415,4187252210.280851698627415415795,0.631533815079853931,76827756.11089573,194503.355061811228125,3568.75,2862.58373217348042891771498110748526664,276810
2026-02-09,54.4885003833208,4186421290.262070124558439940184,0.631808404209045526,76831281.11089573,192071.96385120582,3525,2827.49078402868675095641288146243683127,279548
2026-02-10,53.2913972968388,4094639463.639927486612043829476,0.618449268155895998,76834905.28184777,193181.31520104065,3625,2907.70326580757382640202064203531339164,312934
2026-02-11,52.1851974848945,4009845292.719221943883998510265,0.606243784192363303,76838749.03184777,200586.852832563234375,3843.75,3085.7988712994251785017771660894890575012,280707
2026-02-12,53.0596194553278,4077232412.962685403455846952372,0.616809083559596377,76842473.70819174,197647.082471096055,3725,2992.785113610807817283818193099412296228,283176
2026-02-13,55.0837078084337,4232966670.367393004366348677638,0.640443266512277264,76846073.70819174,198301.34811036132,3600,2892.3560891644984847081163416974,299788
2026-02-14,56.0550605948147,4307826046.73712033717385427478,0.651637687872978064,76849904.3801874,214760.950903883819375,3831.25,3097.7050421028311357415767274421611411378,278978
2026-02-15,54.8940452595688,4218782593.41333253654298719312,0.638412630562449877,76853191.8801874,180464.17379083243,3287.5,2754.31713597570359684080868566301606484,263667
2026-02-16,55.0447708438966,4230573441.61723047769325422284,0.640539370010563819,76856954.3801874,207105.9503001609575,3762.5,3152.27932640679012913307958427364442129,278885
2026-02-17,53.9235839145477,4144611687.99745810616734190178,0.627981646109184905,76860835.0395514,209290.910068338260625,3881.25,3251.769866474225839947072897454828125,286577
2026-02-18,53.2101265602061,4089960995.42061433907683554354,0.620055389365732656,76864335.0395514,186235.44296072135,3500,2971.14805057424759401463075078205907499,273509
2026-02-19,52.6697309884103,4048603237.31533869293094808942,0.614189407111453989,76867740.9460514,179406.271179272584375,3406.25,2908.868600464365928475462628127393419408,275684
2026-02-20,55.1967539311228,4243053320.27061264579122851192,0.643167645745073793,76871428.4460514,203538.030121015325,3687.5,3149.050410383688925517534088380659044408,303191
2026-02-21,54.9517719462578,4224413192.90372838943616645092,0.64036189431749794,76874922.1960514,191987.75323723818875,3493.75,2973.0421549600083688510867684921145491788,288106
2026-02-22,53.3850183041889,4104175627.42552906293269420946,0.622422618612355028,76878790.3010514,206533.289564330806875,3868.75,3198.507810275233745628655848117192106576,267085
2026-02-23,51.3632102330111,3948935043.79104343429444287054,0.599647746522412406,76882559.0510514,193575.098565660583125,3768.75,3115.8323192369960904535128927854125,282451
2026-02-24,51.2041223020752,3936880271.543612475235434188256,0.598821508627778478,76886002.42609878,176334.19617777147,3443.75,2847.136988244310907490100511018682893424,287866
2026-02-25,56.6271336924603,4354042397.097427961454204028434,0.661911128513641182,76889683.67609878,208458.635905369479375,3681.25,3094.3483520392797424113023252972350888416,290998
2026-02-26,55.6357286110153,4278015935.647869269677226970049,0.650548415279512219,76893320.93695033,202374.96282256815375,3637.5,3079.866906486062689200089798030010561456,299418
2026-02-27,54.4826832964695,4189546844.197042885574460859935,0.637921985293942227,76896852.18695033,192391.975390657921875,3531.25,2989.905155268448731245342635862565374304,309525
2026-02-28,54.3932479781263,4182864685.519234515791394566679,0.637052424487744093,76900439.68695033,195135.77712152810125,3587.5,3037.757530189371841713774479389443688788,294459
2026-03-01,53.2426497385651,4094567504.996979864519087249267,0.623981698689516242,76903901.76113217,184352.67471978165875,3462.5,2932.8004976860592005403449841712301892,288615
2026-03-02,54.5943945601309,4198717813.351279751633277401053,0.639884171241170628,76907489.26113217,195857.39048446960375,3587.5,3038.6777647053565713043338900123338446,292731
2026-03-03,54.8665230067807,4219842676.759397064780368905119,0.643096932664667342,76911064.26113217,196147.8197492410025,3575,3028.0900441019578048454456749546676892,301191
2026-03-04,56.7779524820327,4367046861.021931470495313599169,0.665178024344320197,76914483.00119447,194109.625047949293125,3418.75,2855.2507399584302075808305238798024249072,303716
2026-03-05,55.5463624170996,4272533919.666798802208517334212,0.652368543612121525,76918338.73088197,214200.6600709403325,3856.25,3193.686005763398243402679875866718037888,298749
2026-03-06,53.8911050319477,4145412321.239883405946947912969,0.639207100404606839,76922013.73088197,198049.8109924077975,3675,3043.577564773812755646824125154967721584,306251
2026-03-07,53.5495788652612,4119330530.611617722473461420564,0.635605398327810437,76925544.84838197,189096.9503679536125,3531.25,2932.572850129433032207310374826967006688,290752
2026-03-08,52.699188589405,4054100830.5967895063912034494,0.625863616131241052,76929093.95974748,187082.11949238775,3550,2986.692961387670928972665752349430415786,273022
2026-03-09,53.7499585293665,4135138180.19437350824537937142,0.638450603190118105,76932862.70974748,202570.156207549996875,3768.75,3170.732143919074194152684741064128125,295976
2026-03-10,53.8167893164765,4140479122.43929569083124335422,0.63935372337714107,76936568.95974748,199458.475404191028125,3706.25,3118.149524665471922455637704326278959214,298020
2026-03-11,54.8007389228356,4216360619.80683849448711306444,0.650930905538971093,76939849.7663299,179814.9245905543125,3281.25,2795.8906140823109945135349897178276105756,282460
2026-03-12,54.5835198501751,4199849776.01340377386259936549,0.648452817322447358,76943549.7663299,201959.02344564787,3700,3169.22371493327502298496668867590560512,288105
2026-03-13,55.3061803912406,4255625983.3391438663271726385,0.657284529203323383,76946662.2578975,172140.4864677363675,3112.5,2666.00236577597702800907900503014159232,308841
2026-03-14,54.9064770141371,4225052363.44841047861424774725,0.657027661777241408,76949981.0078975,182220.870590667500625,3318.75,2842.665184106347299913670215874,281043
2026-03-15,56.1189620438685,4318544883.12157427072111647875,0.671387558774701777,76953399.0978975,191856.701487475434375,3418.75,2709.7101081586613290382298859486499186208,271877
2026-03-16,58.6987564022068,4517275741.085603644768240203,0.700565882456529756,76956924.0978975,206913.11631777897,3525,2783.580555582073239305730649885704842043,285487
2026-03-17,58.1991158108922,4479023178.7618081992458691495,0.695055007954963869,76960330.3478975,198240.73823085155625,3406.25,2689.807455237173446199215744872137185224,312662
2026-03-18,55.9775054272596,4308246729.596208618373046691,0.669433061135311813,76963892.8478975,199419.863084612325,3562.5,2779.8578257380501675713822925770569920984,291143
2026-03-19,55.4892366817382,4270882340.1693347310897654345,0.663897307708372586,76967761.5978975,214673.98441247466125,3868.75,2944.0906649014186901368951892598308277816,297630
2026-03-20,56.1460717593682,4321637834.091683448669908735452,0.673253623004471803,76971330.29383486,200371.29359124526375,3568.75,2715.7928249525414442347047781849589694368,306005
2026-03-21,55.3265381791412,4258749121.338303028857211422232,0.663680384217754475,76974798.37883486,191913.9293088960375,3468.75,2639.6935723653209644734893062616778041724,284758
2026-03-22,53.5510309545762,4122263892.376153840827641086332,0.642875068335799475,76978235.87883486,184081.6689063556875,3437.5,2636.776396743749953191578146462210715893,278588
2026-03-23,55.5777618658198,4278468363.004528642142074718228,0.667060059857788064,76981659.91883486,190353.834390432815,3425,2630.9880804277547797694051399974445511288,278149
2026-03-24,56.382792522793,4340634070.32826629370155296398,0.676636906510775187,76985084.91883486,193111.064390566025,3425,2630.9880804277547797694051399974445511288,280976
2026-03-25,56.5946585978778,4357156828.079831906014044660108,0.679398410085438496,76988834.91883486,212229.96974204175,3750,2854.4652368250331162618266376242893775136,271196
2026-03-26,54.5191866155717,4197571716.056334056738580789462,0.654972320507810898,76992559.43883486,203083.9701430045825,3725,2753.8362924556093697785943926747931932536,292536
2026-03-27,53.5818890672185,4125600678.31393811143673603691,0.644162555642181773,76996178.18883486,193899.461061996946875,3618.75,2675.2872675651004128697394158675679148804,301462
2026-03-28,53.8310536141064,4144997990.067876276334868069104,0.647287991175941495,77000127.46883486,212632.66177572028,3950,2920.1753977262737859840974981770356932536,296350
2026-03-29,53.2347799372507,4099276466.454582055587881719402,0.640392379904570409,77003727.09883486,191645.20777410252,3600,2803.33355829490698957111419123708,283812
2026-03-30,53.2245209387841,4098668114.014056224633745093726,0.640532884052668007,77007139.59883486,181628.67770360074125,3412.5,2674.1412163950338119682296911133809582352,297219
2026-03-31,53.8929032724456,4150333013.800794085016902733616,0.650113494691437798,77010752.09883486,194688.11307170973,3612.5,2830.8674253079914464114467125168910278432,294925
2026-04-01,53.87609312748,4149228365.1223771535614479528,0.650193462961743931,77014277.09883486,189913.228274367,3525,2737.2701321118625795761745325859227330724,300897
2026-04-02,52.2339953565686,4022950455.365898259508057661396,0.630893729426003428,77017858.34883486,187062.99587071129875,3581.25,2728.4335740672142867861591785441495693908,298582
2026-04-03,53.1969890924678,4097312271.692224547038487067508,0.642574960732895657,77021507.07383486,194169.01018750747,3650,2780.8118737561812099027332998249167314636,311743
2026-04-04,53.5695183069215,4126196879.05591700778136098349,0.647062906443168135,77025088.32383486,191845.837436662621875,3581.25,2728.4335740672142867861591785441495693908,279726
2026-04-05,54.0267519946531,4161620645.895655907196007387066,0.652576779739905676,77028888.32383486,205301.65757968178,3800,2908.1494358705266172617985837857921419296,263960
2026-04-06,53.4815168860581,4119807305.617156193811435765366,0.646242436903168436,77032357.07383486,185514.011698514034375,3468.75,2657.0457046300315790616389950468113726182,276051
2026-04-07,55.4391637381147,4270798989.590278650099300538442,0.669676302898900651,77035775.82383486,189532.641029679630625,3418.75,2618.7459437939703848445654280863749775788,296061
2026-04-08,53.9772838978217,4158363777.907214381311569524462,0.652395435283818599,77039144.57383486,181835.975130786851875,3368.75,2565.2543586507986326797609016494305775574,296361
2026-04-09,54.5448908437545,4202284598.11920092981955788187,0.659262949905136881,77042680.49883486,192952.55135978154375,3537.5,2644.0699069857232509523864373628280444236,282254
2026-04-10,54.9809875468196,4236092272.095062935832498611256,0.66457655903992777,77046492.99883486,209615.015022249725,3812.5,2849.6159802507887573536690517739073388472,310602
2026-04-11,55.0770827910808,4243706399.263655538917092036688,0.665758512350417692,77050311.74873486,210325.609908439805,3818.75,2854.2874788581937461723091807207374194236,283355
2026-04-12,53.4678240576881,4119903659.642380041294331477166,0.6466149403700186,77053886.74873486,191147.4710062349575,3575,2737.947263413174895181055518556913854824,269074
2026-04-13,54.6237509511886,4209165551.102974299685163254596,0.660588467445323381,77057424.24873486,193231.5189898296725,3537.5,2722.6989346496200532083723593847719856564,272007
2026-04-14,54.323225658558,4186202391.18315267435933193188,0.665338329675642662,77061005.49873486,194545.0518897108375,3581.25,2756.3718957910534129141231092270503319692,290514
2026-04-15,55.1108329644352,4247089026.374562781654318451072,0.674909970005464716,77064504.34373486,192887.9153755232,3500,2687.5899205012740350875028718142925551572,298818
2026-04-16,56.3483800243076,4342656139.943635277145069482936,0.689860476652616179,77067985.59373486,196162.7979596208325,3481.25,2657.2440847201077636281470332206389704286,314252
2026-04-17,56.4600818492767,4351459881.145290631093081075762,0.69117395995378095,77071441.24873486,195140.157891562594375,3456.25,2638.1615266772914889217645988743763057856,288438
2026-04-18,55.759151031292,4297644093.15167699208427123912,0.682804835731709747,77075134.99873486,205960.364121834825,3693.75,2819.4457044291689050846924659699044112858,275802
2026-04-19,54.059904598269,4166858878.13353375505405095734,0.662428065895984956,77078546.64373486,184479.4244415929625,3412.5,2562.211202511927864513182078904958474676,256780
2026-04-20,55.0149696607432,4240676085.112756159109971347952,0.674059834719840802,77082221.64373486,202180.01350323126,3675,2740.6418550860408502326099761516307575646,275808
2026-04-21,55.4404093759328,4273672281.029270493427588377408,0.679349624780819289,77085871.64373486,202357.49422215472,3650,2721.9980448137668194444603121680043308118,285065
2026-04-22,55.6629981217046,4291023113.752433540286123642356,0.682111104780587894,77089327.89373486,192385.23725814152375,3456.25,2569.0045008858785949298460347335876876544,283585
2026-04-23,56.1948537397033,4332218413.086852565589011622189,0.688662634245879286,77092796.31109733,194925.898909595821875,3468.75,2538.1739647060488173883134797426652363438,276423
2026-04-24,56.5054393905318,4356356213.692232476022820260094,0.692457680378566417,77096227.56109733,193884.28890876223875,3431.25,2510.7342374829028194216408776381490625,305353
2026-04-25,56.0436339875238,4320929646.972756568593207491454,0.68714999533150702,77099383.81109733,176887.71977312199375,3156.25,2309.5096326448014787228977026911022128854,267563
2026-04-26,56.2824147719519,4339540356.185810946503569978427,0.690079933518191988,77102952.56109733,200857.867717403343125,3568.75,2536.1693229837189587439210192450515159648,234389
2026-04-27,55.4952831456312,4279067655.883093566175067484696,0.680781567975908611,77106871.31109733,217472.140826942265,3918.75,2686.852474501320976882806310743895427618,279381
2026-04-28,55.6138444959917,4288429225.353569729923913572161,0.682628630498427239,77110821.31109733,219674.685759167215,3950,2708.278716500428316343573158852455131588,281114
2026-04-29,55.2738930501597,4262432240.189791071546438743601,0.678937214696551038,77114746.31109733,216950.0302218768225,3925,2741.2502777006383382588976980990590846444,286312
2026-04-30,55.1442152755307,4252659592.031026975402538603031,0.67763284606602225,77118870.41609733,227469.8880115641375,4125,3078.8285185024370968405841858307269459356,296989
2026-05-01,55.3772141009408,4270841054.421631854335817368064,0.680640056568640702,77122714.16609733,212856.1667004912,3843.75,2868.9083916302305620641253447198425709356,298686
2026-05-02,55.3402559619467,4268212103.455726770939728472311,0.680242302816415011,77126714.16609733,221361.0238477868,4000,3001.7280791372639996167258484866376253132,280551
2026-05-03,55.3597911939543,4269900441.025800494390396372019,0.680540893242087999,77129995.41609733,181649.314855162546875,3281.25,2723.378754425483744184470529624725396466,263363
2026-05-04,54.9605762514052,4239296890.807010343972612468116,0.675847385720920334,77133414.16609733,187896.4700594915275,3418.75,2837.501309723175101718134795351744527356,281403
2026-05-05,56.3463379857891,4346363972.059265530915172453103,0.692748550401473364,77136582.91609733,178547.458492469210625,3168.75,2630.005768217988809110735777482219146466,282214
2026-05-06,56.6406324028729,4369247857.807846383269273019357,0.696738154387988114,77139814.16609733,183020.043451783058125,3231.25,2621.9965052606368592059227559259381379456,273270
2026-05-07,56.4429837511086,4354207586.805915973225471000038,0.694491447973420579,77143469.34609733,206369.65933999081875,3656.25,2719.021713195902162305642440775078125,287892
2026-05-08,58.2388078744739,4492966083.641418963455726944687,0.716176607611987743,77147287.99609733,222399.447570647205625,3818.75,2839.86712564593182498141011143450238713,279782
2026-05-09,58.0217201704144,4476454431.889872543079728833552,0.713580245699391721,77151356.74609733,236075.87394337359,4068.75,3025.78312832480447576895910652605533861,295900
2026-05-10,60.3156948090244,4653667641.186231756719364744852,0.74123493438720002,77155169.24609733,229953.586459405525,3812.5,3038.0880578864883282182738520717694064688,278469
2026-05-11,58.4926392511836,4513228462.894183071000383299788,0.719413384675768872,77158912.99609733,218981.8181966186025,3743.75,3004.234412104127690040268938244811049792,277329
2026-05-12,57.9761736890235,4473587980.445443015078308657255,0.713257159044823175,77162525.49609733,209438.92745159739375,3612.5,2898.910649298087637974770700899071037604,283708
2026-05-13,56.9586166154434,4395267891.276859199352133506122,0.701115092864328734,77165987.38609733,197219.2100309727725,3462.5,2806.072575238131247288533497792930824204,296222
2026-05-14,58.2584850260113,4495771963.614948007031668479829,0.716839861451320106,77169393.63609733,198442.964619850990625,3406.25,2789.600000318973399296183184162168621408,298172
2026-05-15,57.4579633307945,4434186878.418330908941663228685,0.707406435346675709,77172712.38609733,190688.615804074246875,3318.75,2717.94053800265522521004751238970625,300880
2026-05-16,56.145308376741,4333095578.27703241736583420153,0.691700840045106468,77176449.88609733,209843.0900580694875,3737.5,3060.882174703691238020359766236012628592,276553
2026-05-17,54.7676497419554,4226979841.219496680072788919082,0.675150200009571086,77180230.68609733,207090.17558676885625,3781.25,3013.6122365317145325724374245913844383564,265694
2026-05-18,54.3367719760237,4193925981.508513962857809586721,0.670210382952882542,77183936.93609733,201385.661136137838125,3706.25,2942.3119758003669256102499641950713380926,285549
2026-05-19,54.3558612123178,4195596403.915690689587055691474,0.670824104592542744,77187561.93609733,197039.996894652025,3625,2877.8093365768906971261308659530821476296,276624
2026-05-20,53.8733027606805,4158547214.637937122905770033065,0.66526853987222202,77191243.18609733,198321.095787755090625,3681.25,2973.4825552843161593382317872037429703744,298103
2026-05-21,54.1383764327596,4179199079.792315757369190091868,0.668825028246136719,77194761.92609733,190499.4120727728425,3518.75,2897.528199720052244968529730454904473984,278123
2026-05-22,52.899768579625,4083771118.76626420085422990125,0.654057418558678268,77198279.47109733,186141.06068955546875,3518.75,2897.528199720052244968529730454904473984,281311
2026-05-23,53.4395554309887,4125643434.024308186263033830171,0.660779622093530056,77202053.81109733,201734.3217519823425,3775,3108.538228807523343504260676809939506504,269476
2026-05-24,52.7259243093285,4070752640.577214595213940442905,0.652228261714111523,77205903.81109733,202994.808590914725,3850,3162.4485447680632491524761637339994288888,261095
2026-05-25,52.590934640982,4060520954.67209483986350877806,0.651034048579719256,77209522.56109733,190313.4447320536125,3618.75,2972.374543490835410482009354327693760096,264066
2026-05-26,51.8953997426374,4007016239.765348930319332298142,0.643015562409616901,77213322.56109733,197202.51902202212,3800,3121.249975897248211800201908327408319872,268089
2026-05-27,51.8611570155858,4004541766.193136822267310765914,0.642833279434771734,77216591.31109733,169521.15699469608375,3268.75,2746.2209337705748956882048172577728144156,265384
2026-05-28,51.6448745499546,3988023219.619524587409427681218,0.640373114761617996,77220116.31109733,182048.182788589965,3525,3010.67031550061147263238922411938656575,269724
2026-05-29,51.8169017918535,4001484656.136272019561339601155,0.642867886604881327,77223541.31109733,177472.8886370982375,3425,2925.26122199408252250762800370125385525,282448
2026-05-30,52.3542679919554,4043167834.740399930143186419082,0.649505663391089125,77227091.31109733,185857.65137144167,3550,3032.02257350360810887921660951593364475,278959
2026-05-31,51.9691645236704,4013611904.564992990370983240032,0.644875506279079698,77230641.31109733,184490.53405902992,3550,2900.2033382359769548900048801595516946052,262704
2026-06-01,50.7398015548165,3918838343.78277900149612124178,0.630329669916753839,77234010.06109732,170929.706487788084375,3368.75,2743.664911541432517777912643289870665186,286952
2026-06-02,46.7510981207089,3610951852.406311376880100290148,0.582893487618688606,77237797.56109732,177069.78413218495875,3787.5,3084.714154270972944119558336667072379442,279383
2026-06-03,47.1801823852808,3644244942.305880826459864327456,0.588681538679686452,77241010.06109732,151566.33591271457,3212.5,2578.9255140848762306449789182479307791592,279294
2026-06-04,45.5202392971233,3516204229.952456731030292339556,0.568682390353228695,77244853.81109732,174968.419798317684375,3843.75,2998.8035601830145960041274882271646617818,278444
2026-06-05,43.1093449678697,3330136440.545482332238074779204,0.540553670030075511,77248597.56109732,161390.610223462189375,3743.75,2920.7859281861330718575044376992626384576,278572
2026-06-06,41.2147903673481,3183932808.895108764982240417092,0.51821929196880779,77252189.82109732,148115.652882657234375,3593.75,2803.7594380612777110522859388514638627394,262406
2026-06-07,42.8648431194723,3311556507.036453117658220344236,0.538907655759109199,77255771.07109732,153509.719421610174375,3581.25,2864.309644793214356729715963262466591147,249946
2026-06-08,43.159498082446,3334473789.36596764066054964472,0.543030489886733219,77259327.32109732,153485.9650556985875,3556.25,2851.282212509593410750128477721573151568,277511
2026-06-09,42.9685017579608,3319862829.062008164233101545056,0.540995116488288376,77262708.57109732,145287.246569104955,3381.25,2710.973073133418194763541323136417825784,269127
2026-06-10,41.6687020051444,3219582880.445775855604293053008,0.525197736700100025,77266214.82109732,146100.8864055375525,3506.25,2791.148695445588789346318970110714715222,272038
2026-06-11,42.5342765974153,3286612220.321640094037496756996,0.536878292502971211,77269733.57109732,149667.485777155086875,3518.75,2757.0941653290861470986614811807292079072,281674
2026-06-12,43.0174856332923,3324103665.845416716025941306636,0.543181273723401387,77273313.79109732,154056.370424228049375,3581.25,2806.0656391539238427803435055564982340554,285707
2026-06-13,44.2936988369648,3422878131.828014628232370214336,0.559124625057438764,77276863.79109732,157242.63087122504,3550,2781.5798881377196307439828285309321511482,262857
2026-06-14,45.2992812089584,3500749744.352152418062550231488,0.571696488838449686,77280470.04109732,163360.53285980623,3606.25,2802.6491577643217947216764592367680807742,260268
2026-06-15,45.7406271293735,3535008680.35991812540029412902,0.577239312832593374,77283782.54109732,151515.82736604971875,3312.5,2567.8404777994711175542831746746813743762,276683
2026-06-16,45.6706067909419,3529746814.988356646340762365708,0.576484716787418256,77287057.54109732,149571.2372403347225,3275,2538.7705763307054437046601303567322512476,283703
2026-06-17,44.8455635692882,3466138267.101079120625503327624,0.56650059609129736,77290549.86109732,156679.18772020064875,3493.75,2698.6632101260029072234557013339585713772,278173
2026-06-18,43.7713540755603,3383260300.126769717357001828396,0.553401083951393812,77293937.36109732,148275.46193096051625,3387.5,2487.8880627432405637514296757296177804992,282739
2026-06-19,43.9135675845585,3394418823.32208358614841523322,0.555307051544334693,77297723.91609732,166322.63722651531875,3787.5,2781.6608206756172539319826312220316707488,279296
2026-06-20,44.4831601314732,3438628021.615947708679546171824,0.562770560056032287,77301792.66609732,180990.8577849315825,4068.75,2988.2197931624093390831047795638566707488,257977
2026-06-21,44.4643027541916,3437326740.854368016654097526512,0.562718403057144975,77305310.73109732,156458.7653163116925,3518.75,2648.4374950090995075402052625566174408224,247900
2026-06-22,44.5450890335155,3443726465.05789633576019722846,0.563995669785297078,77308779.48109732,154515.777585006890625,3468.75,2640.2850215984988896585982578192334093648,264741
2026-06-23,42.0810467174725,3253384537.7503087196326919237,0.533717911612864348,77312348.23109732,150176.735472979984375,3568.75,2716.4013249695903905608808969583412875136,267738
2026-06-24,40.918581210589,3163667857.50749044568522352148,0.52072813059609526,77316166.98109732,156257.83199793674375,3818.75,2903.7169868460392456478072436164869387044,256769
2026-06-25,40.9523669018084,3166425565.572879966927480393488,0.52158911609406703,77319720.57109732,145636.8547945561225,3556.25,2690.7642294137552562488463358776374561972,265072
2026-06-26,41.8684405990303,3237391153.585541158918898928796,0.533562316582498356,77322945.57109732,135025.7209318727175,3225,2440.1306508516654215116456183655225905458,265998
2026-06-27,42.143359500537,3258799091.95742712943696926084,0.537118148146009529,77326514.32109732,150399.11421754141875,3568.75,2700.2220941356451748901645441977064748944,259852
2026-06-28,42.422430634357,3280528229.05135033450093262324,0.546121635522770752,77330039.32109732,149539.067986108425,3525,2601.1268381124877473145636311706396987692,255107
2026-06-29,43.0623932600348,3330163514.476047162695437386736,0.554649723693370669,77333451.82109732,146950.416999868755,3412.5,2465.3902183073192065324924971601123684844,283578
2026-06-30,41.8474732398964,3236355237.148404009869551117648,0.539907415809923819,77336933.07109732,145681.5162163893425,3481.25,2515.0592460551516214824020143823551644948,331739
2026-07-01,42.7601800201481,3307079349.157956565475500913092,0.551930883870333207,77340164.32109732,138168.831690103548125,3231.25,2334.4445642332445193822929946787449670208,288311
2026-07-02,43.4673040785561,3361930355.738325125922333179652,0.56109037752420706,77343889.32109732,161915.7076926214725,3725,2594.8293451922885473266243219996197135212,291740
2026-07-03,44.7939724626808,3464699626.932763247901804895456,0.577963547302910288,77347451.82109732,159578.52689830035,3562.5,2465.885445644246564869048645088810841468,326117
2026-07-04,44.8287661641283,3467561180.390575085775727266156,0.578429460951234223,77351251.82109732,170349.31142368754,3800,2630.277828621933479375026425752302211376,270875
2026-07-05,45.8145621322868,3543987541.562915017628476951376,0.591065787393999062,77355045.57109732,173808.9950893630475,3793.75,2667.8147162548748630243418793751047453712,245653
2026-07-06,44.8704175635832,3471116105.552783765339871117024,0.579364324293776152,77358676.25109732,162935.703777761495,3631.25,2600.9634386413077734243472876440012229744,272586
2026-07-07,43.947174716435,3399857041.5760297092723384542,0.567767882711723227,77362357.50109732,161780.53692487634375,3681.25,2636.7770257334159892386363511275019020256,268977
2026-07-08,43.5672257085544,3370615775.886163429512510914208,0.562993394345130147,77365857.50109732,152485.2899799404,3500,2506.9526951671260792236106166695920447628,274505
2026-07-09,43.7545369462281,3385259864.355981046076335018692,0.566018543918001507,77369345.00109732,152593.94759997049875,3487.5,2505.112083164653830161830391835411875,275945
2026-07-10,44.7747278698263,3464349758.490677809695867795516,0.579082743956474817,77372882.50109732,158390.59983951053625,3537.5,2541.1326134259812593813073131085324421044,277797
2026-07-11,44.7770243215823,3464717743.935930961083308689436,0.579161659586728308,77377132.50109732,190302.353366724775,4250,3052.9508510266399330260626144757397684176,266782
2026-07-12,44.0015235523248,3404864014.691656466726829049536,0.569359596287049462,77380593.66609732,152355.27529992462,3462.5,2544.8888612426443051757733029012704968056,241454
2026-07-13,43.4175659525596,3359833060.823638048828496700272,0.562084697675124533,77384187.41609732,156031.8776420110625,3593.75,2680.755810252443390209101189560559176607,267699
2026-07-14,45.3854355391214,3512278437.288515165202969694648,0.588040204466587173,77387787.41609732,163387.56794083704,3600,2685.4179912812867449398587276963,267508
2026-07-15,45.1170614053398,3491663518.847491164127424469336,0.584966624193868799,77391199.91609732,153961.9720457220675,3412.5,2543.8193145911994501536454538795251519776,274807
2026-07-16,44.898572278639,3474926120.20246182862348114748,0.58287578587695632,77395024.91609732,171737.038965794175,3825,2782.54347328535185890401587867641875,276256
2026-07-17,45.1251193766405,3492625291.27867051232680765346,0.585978285484177856,77398693.66609732,165552.781713049834375,3668.75,2668.877475909878914005566897689407649582,275212
2026-07-18,46.9957547746977,3637598010.432956547709441780164,0.609744716117798972,77402693.66609732,187983.0190987908,4000,2909.849380917969553588145380154146793541,259726
2026-07-19,47.1027739020471,3646047910.833936817381690823772,0.611565548124835828,77406224.91609732,166331.670341603821875,3531.25,2672.8843623787463829628443348505229493192,252458
2026-07-20,47.3445233744576,3664934224.185550795080363813632,0.614582038985774858,77409887.41609732,173399.31685895096,3662.5,2815.6045537253842126459467530688748393008,261808
2026-07-21,46.7747177393701,3620987883.926528027321432098132,0.607404734743663844,77413356.16609732,162249.802158440034375,3468.75,2666.6562020993326800594045246953279820976,265672
2026-07-22,47.0033279989854,3638844888.921747777416087659128,0.610386317454945727,77416749.91609732,159517.54439655670125,3393.75,2599.5003540613930081157908948539378500988,260833
2026-07-23,47.0267370516688,3640827025.786710455649689207616,0.610696136262743125,77420362.41609732,169884.08759915354,3612.5,2699.8412733708497901715115646990359737308,273802
2026-07-24,46.3019643712181,3584871710.101238469865286545492,0.601659824975266888,77423749.91609732,156847.90430750131375,3387.5,2531.6850691206931571501016916945897237308,274431
2026-07-25,46.4955878346619,3600039157.349147601204594696108,0.604179075513604723,77427543.66609732,176392.636347748583125,3793.75,2835.3004319268109267665225660802666349616,249778
2026-07-26,47.8126178108825,3702182989.3068945375699750849,0.620963505299776241,77431087.41609732,169435.964367314859375,3543.75,2645.9845591614883709293327992230165625,239002
2026-07-27,46.0068939306828,3562508172.319524639569978850096,0.597981252683407189,77434224.91609732,144346.629707517285,3137.5,2341.2838793259260984152930152853065904332,255234
2026-07-28,46.093684582929,3569390355.18774057224882465028,0.599193300752593863,77437731.16609732,161615.98156889480625,3506.25,2616.4546782022261051919359720558094893502,260502
2026-07-29,45.3171412974136,3509401619.857312795623321891552,0.591203275467809812,77440931.16609732,145014.85215172352,3200,2387.9229973242119692873135580161417327166,256917
