date,price,market_cap,realized_cap,issuance_btc,supply,hashrate
2018-01-01,4899.13,82305358591,205367768755,900.00,16800000,16955005549707415552
2018-01-02,4911.05,82507060847,204941410723,900.00,16800300,16955005549707415552
2018-01-03,4923.00,82709356125,204517245326,900.00,16800600,16955005549707415552
2018-01-04,4934.92,82911027558,204095262746,900.00,16800900,16955005549707415552
2018-01-05,4946.72,83110875186,203675448997,900.00,16801200,16955005549707415552
2018-01-06,4958.35,83307725751,203257786039,900.00,16801500,16955005549707415552
2018-01-07,4969.73,83500442307,202842251912,900.00,16801800,16955005549707415552
2018-01-08,4980.80,83687933533,202428820917,900.00,16802100,16955005549707415552
2018-01-09,4991.50,83869162706,202017463811,900.00,16802400,16955005549707415552
2018-01-10,5001.76,84043156238,201608148050,900.00,16802700,16955005549707415552
2018-01-11,5011.55,84209011715,201200838041,900.00,16803000,16955005549707415552
2018-01-12,5020.79,84365905379,200795495435,900.00,16803300,16955005549707415552
2018-01-13,5029.46,84513098984,200392079430,900.00,16803600,16955005549707415552
2018-01-14,5037.52,84649945971,199990547104,900.00,16803900,16955005549707415552
2018-01-15,5044.92,84775896911,199590853763,900.00,16804200,16955005549707415552
2018-01-16,5051.65,84890504176,199192953300,900.00,16804500,16955005549707415552
2018-01-17,5057.69,84993425793,198796798572,900.00,16804800,16955005549707415552
2018-01-18,5063.01,85084428452,198402341784,900.00,16805100,16955005549707415552
2018-01-19,5067.62,85163389635,198009534879,900.00,16805400,16955005549707415552
2018-01-20,5071.51,85230298864,197618329929,900.00,16805700,16955005549707415552
2018-01-21,5074.69,85285258035,197228679533,900.00,16806000,16955005549707415552
2018-01-22,5077.17,85328480847,196840537198,900.00,16806300,16955005549707415552
2018-01-23,5078.97,85360291331,196453857732,900.00,16806600,16955005549707415552
2018-01-24,5080.12,85381121476,196068597608,900.00,16806900,16955005549707415552
2018-01-25,5080.65,85391507979,195684715333,900.00,16807200,16955005549707415552
2018-01-26,5080.59,85392088144,195302171785,900.00,16807500,16955005549707415552
2018-01-27,5080.00,85383594956,194920930548,900.00,16807800,16955005549707415552
2018-01-28,5078.91,85366851371,194540958210,900.00,16808100,16955005549707415552
2018-01-29,5077.39,85342763861,194162224648,900.00,16808400,16955005549707415552
2018-01-30,5075.49,85312315281,193784703286,900.00,16808700,16955005549707415552
2018-01-31,5073.27,85276557083,193408371319,900.00,16809000,16955005549707415552
2018-02-01,5070.80,85236600975,193033209913,900.00,16809300,16955005549707415552
2018-02-02,5068.15,85193610062,192659204370,900.00,16809600,16955005549707415552
2018-02-03,5065.40,85148789549,192286344262,900.00,16809900,16955005549707415552
2018-02-04,5062.60,85103377091,191914623529,900.00,16810200,16955005549707415552
2018-02-05,5059.85,85058632840,191544040541,900.00,16810500,16955005549707415552
2018-02-06,5057.21,85015829304,191174598131,900.00,16810800,16955005549707415552
2018-02-07,5054.77,84976241060,190806303579,900.00,16811100,16955005549707415552
2018-02-08,5052.59,84941134442,190439168576,900.00,16811400,16955005549707415552
2018-02-09,5050.75,84911757255,190073209135,900.00,16811700,16955005549707415552
2018-02-10,5049.33,84889328620,189708445484,900.00,16812000,16955005549707415552
2018-02-11,5048.39,84875029017,189344901911,900.00,16812300,16955005549707415552
2018-02-12,5048.00,84869990619,188982606581,900.00,16812600,16955005549707415552
2018-02-13,5048.22,84875287989,188621591324,900.00,16812900,16955005549707415552
2018-02-14,5049.12,84891929215,188261891385,900.00,16813200,16955005549707415552
2018-02-15,5050.75,84920847561,187903545155,900.00,16813500,16955005549707415552
2018-02-16,5053.16,84962893698,187546593866,900.00,16813800,16977679221789165568
2018-02-17,5056.40,85018828582,187191081273,900.00,16814100,17000394378033115136
2018-02-18,5060.50,85089317038,186837053304,900.00,16814400,17023013471938095104
2018-02-19,5065.50,85174922105,186484557696,900.00,16814700,17045401470044252160
2018-02-20,5071.43,85276100181,186133643620,900.00,16815000,17067426931863826432
2018-02-21,5078.30,85393197033,185784361284,900.00,16815300,17088963052153145344
2018-02-22,5086.14,85526444672,185436761534,900.00,16815600,17109888658313590784
2018-02-23,5094.94,85675959156,185090895445,900.00,16815900,17130089156300328960
2018-02-24,5104.70,85841739317,184746813911,900.00,16816200,17149457419010058240
2018-02-25,5115.43,86023666440,184404567231,900.00,16816500,17167894611705389056
2018-02-26,5127.11,86221504888,184064204707,900.00,16816800,17185310949605609472
2018-02-27,5139.70,86434903682,183725774238,900.00,16817100,17201626383327428608
2018-02-28,5153.20,86663399024,183389321935,900.00,16817400,17216771208391120896
2018-03-01,5167.56,86906417737,183054891741,900.00,16817700,17230686595515856896
2018-03-02,5182.74,87163281609,182722525074,900.00,16818000,17243325038912702464
2018-03-03,5198.70,87433212605,182392260482,900.00,16818300,17254650720246290432
2018-03-04,5215.38,87715338904,182064133330,900.00,16818600,17264639786378635264
2018-03-05,5232.73,88008701726,181738175503,900.00,16818900,17273280539434668032
2018-03-06,5250.68,88312262879,181414415141,900.00,16819200,17280573538142836736
2018-03-07,5269.18,88624912989,181092876403,900.00,16819500,17286531609810577408
2018-03-08,5288.14,88945480332,180773579264,900.00,16819800,17291179772698447872
2018-03-09,5307.50,89272740211,180456539341,900.00,16820100,17294555068963979264
2018-03-10,5327.19,89605424791,180141767763,900.00,16820400,17296706308761948160
2018-03-11,5347.12,89942233333,179829271063,900.00,16820700,17297693726517094400
2018-03-12,5367.21,90281842729,179519051123,900.00,16821000,17297588550832961536
2018-03-13,5387.39,90622918261,179211105148,900.00,16821300,17296472489970503680
2018-03-14,5407.58,90964124496,178905425675,900.00,16821600,17294437135325966336
2018-03-15,5427.69,91304136240,178602000632,900.00,16821900,17291583285861042176
2018-03-16,5447.66,91641649443,178300813424,900.00,16822200,17288020196990941184
2018-03-17,5467.40,91975391985,178001843061,900.00,16822500,17283864758016509952
2018-03-18,5486.85,92304134243,177705064323,900.00,16822800,17279240602793932800
2018-03-19,5505.92,92626699366,177410447958,900.00,16823100,17274277158964840448
2018-03-20,5524.57,92941973156,177117960917,900.00,16823400,17269108641715826688
2018-03-21,5542.71,93248913492,176827566618,900.00,16823700,17263872998691667968
2018-03-22,5560.30,93546559200,176539225243,900.00,16824000,17258710813341124608
2018-03-23,5577.29,93834038319,176252894060,900.00,16824300,17253764174616909824
2018-03-24,5593.63,94110575667,175968527773,900.00,16824600,17249175521568798720
2018-03-25,5609.28,94375499661,175686078893,900.00,16824900,17245086471946360832
2018-03-26,5624.20,94628248326,175405498130,900.00,16825200,17241636644449693696
2018-03-27,5638.37,94868374447,175126734801,900.00,16825500,17238962484715776000
2018-03-28,5651.77,95095549802,174849737248,900.00,16825800,17237196105488306176
2018-03-29,5664.39,95309568461,174574453275,900.00,16826100,17236464151673350144
2018-03-30,5676.22,95510349097,174300830582,900.00,16826400,17236886701116174336
2018-03-31,5687.27,95697936309,174028817207,900.00,16826700,17238576211932715008
2018-04-01,5697.54,95872500919,173758361966,900.00,16827000,17241636527080415232
2018-04-02,5707.06,96034339249,173489414894,900.00,16827300,17246161946549112832
2018-04-03,5715.84,96183871377,173221927665,900.00,16827600,17252236377088606208
2018-04-04,5723.93,96321638384,172955854019,900.00,16827900,17259932568764022784
2018-04-05,5731.35,96448298597,172691150160,900.00,16828200,17269311446846943232
2018-04-06,5738.16,96564622869,172427775142,900.00,16828500,17280421546617544704
2018-04-07,5744.41,96671488923,172165691235,900.00,16828800,17293298557582630912
2018-04-08,5750.15,96769874794,171904864261,900.00,16829100,17307964982424203264
2018-04-09,5755.45,96860851432,171645263913,900.00,16829400,17324429914702743552
2018-04-10,5760.39,96945574510,171386864030,900.00,16829700,17342688937973733376
2018-04-11,5765.02,97025275503,171129642856,900.00,16830000,17362724147560742912
2018-04-12,5769.43,97101252106,170873583252,900.00,16830300,17384504294792202240
2018-04-13,5773.70,97174858072,170618672874,900.00,16830600,17407985052080420864
2018-04-14,5777.91,97247492532,170364904321,900.00,16830900,17433109395828686848
2018-04-15,5782.15,97320588901,170112275234,900.00,16831200,17459808102822291456
2018-04-16,5786.51,97395603446,169860788358,900.00,16831500,17488000354517170176
2018-04-17,5791.06,97474003604,169610451567,900.00,16831800,17517594442506207232
2018-04-18,5795.91,97557256155,169361277838,900.00,16832100,17548488567437109248
2018-04-19,5801.12,97646815337,169113285196,900.00,16832400,17580571722789758976
2018-04-20,5806.80,97744110993,168866496604,900.00,16832700,17613724654205102080
2018-04-21,5813.02,97850536864,168620939826,900.00,16833000,17647820884496478208
2018-04-22,5819.86,97967439104,168376647241,900.00,16833300,17682727794068224000
2018-04-23,5827.40,98096105128,168133655619,900.00,16833600,17718307746212030464
2018-04-24,5835.71,98237752866,167892005866,900.00,16833900,17754419246641764352
2018-04-25,5844.86,98393520536,167651742729,900.00,16834200,17790918126652053504
2018-04-26,5854.91,98564456999,167412914471,900.00,16834500,17827658739432114176
2018-04-27,5865.92,98751512797,167175572513,900.00,16834800,17864495159320436736
2018-04-28,5877.93,98955531930,166939771051,900.00,16835100,17901282374131679232
2018-04-29,5890.99,99177244465,166705566648,900.00,16835400,17937877461109352448
2018-04-30,5905.15,99417260023,166473017803,900.00,16835700,17974140737540536320
2018-05-01,5920.41,99676062210,166242184505,900.00,16836000,18009936877596604416
2018-05-02,5936.82,99954004051,166013127768,900.00,16836300,18045135987523203072
2018-05-03,5954.37,100251304445,165785909162,900.00,16836600,18079614631879933952
2018-05-04,5973.07,100568045707,165560590327,900.00,16836900,18113256804115288064
2018-05-05,5992.93,100904172201,165337232499,900.00,16837200,18145954835344691200
2018-05-06,6013.93,101259490085,165115896017,900.00,16837500,18177610235773022208
2018-05-07,6036.04,101633668190,164896639854,900.00,16837800,18208134463760728064
2018-05-08,6059.25,102026240016,164679521144,900.00,16838100,18237449618071564288
2018-05-09,6083.51,102436606844,164464594727,900.00,16838400,18265489049358219264
2018-05-10,6108.79,102864041943,164251912707,900.00,16838700,18292197887438245888
2018-05-11,6135.03,103307695855,164041524034,900.00,16839000,18317533481388906496
2018-05-12,6162.17,103766602694,163833474109,900.00,16839300,18341465749947338752
2018-05-13,6190.15,104239687455,163627804410,900.00,16839600,18363977440145434624
2018-05-14,6218.91,104725774242,163424552156,900.00,16839900,18385064292541372416
2018-05-15,6248.36,105223595374,163223749998,900.00,16840200,18404735111836559360
2018-05-16,6278.42,105731801300,163025425753,900.00,16840500,18423011742093623296
2018-05-17,6309.02,106248971243,162829602165,900.00,16840800,18439928946203209728
2018-05-18,6340.06,106773624488,162636296718,900.00,16841100,18455534189691154432
2018-05-19,6371.46,107304232235,162445521484,900.00,16841400,18469887329417789440
2018-05-20,6403.11,107839229922,162257283018,900.00,16841700,18483060208204013568
2018-05-21,6434.93,108377029918,162071582293,900.00,16842000,18495136156927692800
2018-05-22,6466.81,108916034482,161888414690,900.00,16842300,18506209406173777920
2018-05-23,6498.68,109454648896,161707770021,900.00,16842600,18516384410094235648
2018-05-24,6530.42,109991294660,161529632611,900.00,16842900,18525775085741092864
2018-05-25,6561.96,110524422635,161353981417,900.00,16843200,18534503971777560576
2018-05-26,6593.20,111052526043,161180790196,900.00,16843500,18542701311146348544
2018-05-27,6624.05,111574153201,161010027713,900.00,16843800,18550504062977118208
2018-05-28,6654.43,112087919898,160841658002,900.00,16844100,18558054849741275136
2018-05-29,6684.27,112592521299,160675640650,900.00,16844400,18565500846403215360
2018-05-30,6713.49,113086743287,160511931138,900.00,16844700,18572992619063603200
2018-05-31,6742.03,113569473142,160350481208,900.00,16845000,18580682921329668096
2018-06-01,6769.82,114039709463,160191239264,900.00,16845300,18588725457365499904
2018-06-02,6796.82,114496571253,160034150806,900.00,16845600,18597273621256785920
2018-06-03,6822.98,114939306088,159879158891,900.00,16845900,18606479222951190528
2018-06-04,6848.27,115367297283,159726204617,900.00,16846200,18616491211589906432
2018-06-05,6872.65,115780070017,159575227621,900.00,16846500,18627454407508930560
2018-06-06,6896.10,116177296325,159426166608,900.00,16846800,18639508254541299712
2018-06-07,6918.63,116558798946,159278959872,900.00,16847100,18652785604476928000
2018-06-08,6940.21,116924553951,159133545840,900.00,16847400,18667411545617485824
2018-06-09,6960.87,117274692155,158989863609,900.00,16847700,18683502287287386112
2018-06-10,6980.62,117609499262,158847853492,900.00,16848000,18701164111916105728
2018-06-11,6999.48,117929414757,158707457544,900.00,16848300,18720492405886472192
2018-06-12,7017.50,118235029534,158568620092,900.00,16848600,18741570779743559680
2018-06-13,7034.71,118527082266,158431288243,900.00,16848900,18764470287582932992
2018-06-14,7051.16,118806454548,158295412371,900.00,16849200,18789248754491293696
2018-06-15,7066.93,119074164837,158160946590,900.00,16849500,18815950219809177600
2018-06-16,7082.06,119331361233,158027849190,900.00,16849800,18844604502741381120
2018-06-17,7096.65,119579313144,157896083052,900.00,16850100,18875226895476789248
2018-06-18,7110.77,119819401902,157765616019,900.00,16850400,18907817987521064960
2018-06-19,7124.52,120053110405,157636421235,900.00,16850700,18942363623420850176
2018-06-20,7137.97,120282011835,157508477446,900.00,16851000,18978834994496794624
2018-06-21,7151.24,120507757576,157381769251,900.00,16851300,19017188863636639744
2018-06-22,7164.43,120732064388,157256287310,900.00,16851600,19057367920659206144
2018-06-23,7177.63,120956700962,157132028509,900.00,16851900,19099301264275931136
2018-06-24,7190.96,121183473945,157008996065,900.00,16852200,19142905005276262400
2018-06-25,7204.52,121414213550,156887199591,900.00,16852500,19188082984271294464
2018-06-26,7218.43,121650758873,156766655103,900.00,16852800,19234727596167872512
2018-06-27,7232.79,121894943014,156647384978,900.00,16853100,19282720712529076224
2018-06-28,7247.71,122148578151,156529417855,900.00,16853400,19331934692118573056
2018-06-29,7263.30,122413440652,156412788495,900.00,16853700,19382233469233086464
2018-06-30,7279.65,122691256387,156297537574,900.00,16854000,19433473708900679680
2018-07-01,7296.87,122983686325,156183711442,900.00,16854300,19485506017661304832
2018-07-02,7315.05,123292312561,156071361826,900.00,16854600,19538176198443294720
2018-07-03,7334.28,123618624874,155960545484,900.00,16854900,19591326537995595776
2018-07-04,7354.64,123964007941,155851323825,900.00,16855200,19644797115418103808
2018-07-05,7376.21,124329729314,155743762480,900.00,16855500,19698427120536686592
2018-07-06,7399.05,124716928253,155637930840,900.00,16855800,19752056171179126784
2018-07-07,7423.22,125126605529,155533901554,900.00,16856100,19805525618806882304
2018-07-08,7448.78,125559614282,155431750008,900.00,16856400,19858679832427835392
2018-07-09,7475.76,126016652009,155331553763,900.00,16856700,19911367451241111552
2018-07-10,7504.20,126498253773,155233391985,900.00,16857000,19963442597030842368
2018-07-11,7534.11,127004786674,155137344849,900.00,16857300,20014766037917474816
2018-07-12,7565.52,127536445669,155043492932,900.00,16857600,20065206295680716800
2018-07-13,7598.41,128093250755,154951916601,900.00,16857900,20114640689476124672
2018-07-14,7632.79,128675045572,154862695396,900.00,16858200,20162956309370273792
2018-07-15,7668.62,129281497430,154775907416,900.00,16858500,20210050913709641728
2018-07-16,7705.89,129912098795,154691628710,900.00,16858800,20255833744912195584
2018-07-17,7744.55,130566170209,154609932687,900.00,16859100,20300226258824728576
2018-07-18,7784.55,131242864644,154530889533,900.00,16859400,20343162763323310080
2018-07-19,7825.83,131941173275,154454565660,900.00,16859700,20384590962348269568
2018-07-20,7868.32,132659932612,154381023176,900.00,16860000,20424472402062897152
2018-07-21,7911.95,133397832975,154310319389,900.00,16860300,20462782816308035584
2018-07-22,7956.62,134153428224,154242506346,900.00,16860600,20499512368999272448
2018-07-23,8002.25,134925146702,154177630413,900.00,16860900,20534665791583440896
2018-07-24,8048.73,135711303284,154115731894,900.00,16861200,20568262414143750144
2018-07-25,8095.96,136510112475,154056844707,900.00,16861500,20600336089223180288
2018-07-26,8143.83,137319702423,154000996096,900.00,16861800,20630935007931678720
2018-07-27,8192.23,138138129777,153948206413,900.00,16862100,20660121408418836480
2018-07-28,8241.02,138963395240,153898488938,900.00,16862400,20687971177337749504
2018-07-29,8290.10,139793459728,153851849771,900.00,16862700,20714573345501798400
2018-07-30,8339.34,140626260982,153808287769,900.00,16863000,20740029479549177856
2018-07-31,8388.61,141459730518,153767794557,900.00,16863300,20764452972083322880
2018-08-01,8437.81,142291810774,153730354586,900.00,16863600,20787968233452957696
2018-08-02,8486.80,143120472310,153695945257,900.00,16863900,20810709789073526784
2018-08-03,8535.46,143943730927,153664537108,900.00,16864200,20832821286970466304
2018-08-04,8583.69,144759664571,153636094051,900.00,16864500,20854454421040701440
2018-08-05,8631.38,145566429859,153610573669,900.00,16864800,20875767776375767040
2018-08-06,8678.41,146362278115,153587927577,900.00,16865100,20896925603859091456
2018-08-07,8724.70,147145570762,153568101821,900.00,16865400,20918096532131115008
2018-08-08,8770.15,147914793948,153551037336,900.00,16865700,20939452225895022592
2018-08-09,8814.69,148668572278,153536670451,900.00,16866000,20961166000397082624
2018-08-10,8858.24,149405681520,153524933428,900.00,16866300,20983411402741633024
2018-08-11,8900.73,150125060196,153515755054,900.00,16866600,21006360771471167488
2018-08-12,8942.12,150825819928,153509061253,900.00,16866900,21030183786536390656
2018-08-13,8982.36,151507254461,153504775733,900.00,16867200,21055046022377398272
2018-08-14,9021.42,152168847266,153502820663,900.00,16867500,21081107517313581056
2018-08-15,9059.29,152810277653,153503117360,900.00,16867800,21108521372775657472
2018-08-16,9095.95,153431425333,153505586991,900.00,16868100,21137432396088467456
2018-08-17,9131.42,154032373373,153510151293,900.00,16868400,21167975800511164416
2018-08-18,9165.70,154613409506,153516733278,900.00,16868700,21200275976048185344
2018-08-19,9198.83,155175025773,153525257952,900.00,16869000,21234445344150405120
2018-08-20,9230.85,155717916482,153535653010,900.00,16869300,21270583308826161152
2018-08-21,9261.81,156242974487,153547849523,900.00,16869600,21308775315876782080
2018-08-22,9291.77,156751285801,153561782606,900.00,16869900,21349092030966939648
2018-08-23,9320.82,157244122579,153577392051,900.00,16870200,21391588646048837632
2018-08-24,9349.04,157722934497,153594622932,900.00,16870500,21436304322297409536
2018-08-25,9376.52,158189338600,153613426177,900.00,16870800,21483261776205426688
2018-08-26,9403.36,158645107684,153633759087,900.00,16871100,21532467013858938880
2018-08-27,9429.70,159092157287,153655585817,900.00,16871400,21583909216696487936
2018-08-28,9455.63,159532531386,153678877802,900.00,16871700,21637560780283969536
2018-08-29,9481.29,159968386916,153703614123,900.00,16872000,21693377505845608448
2018-08-30,9506.82,160401977206,153729781823,900.00,16872300,21751298942516928512
2018-08-31,9532.36,160835634480,153757376151,900.00,16872600,21811248876561846272
2018-09-01,9558.03,161271751542,153786400750,900.00,16872900,21873135962155753472
2018-09-02,9584.00,161712762794,153816867768,900.00,16873200,21936854486809886720
2018-09-03,9610.40,162161124743,153848797909,900.00,16873500,22002285263123267584
2018-09-04,9637.38,162619296136,153882220412,900.00,16873800,22069296637319159808
2018-09-05,9665.09,163089717895,153917172956,900.00,16874100,22137745603967164416
2018-09-06,9693.67,163574793020,153953701500,900.00,16874400,22207479015420444672
2018-09-07,9723.25,164076866605,153991860050,900.00,16874700,22278334873813889024
2018-09-08,9753.97,164598206154,154031710361,900.00,16875000,22350143692972879872
2018-09-09,9785.96,165140982344,154073321571,900.00,16875300,22422729917267845120
2018-09-10,9819.34,165707250411,154116769768,900.00,16875600,22495913384307204096
2018-09-11,9854.23,166298932311,154162137504,900.00,16875900,22569510818377920512
2018-09-12,9890.72,166917799808,154209513244,900.00,16876200,22643337341702451200
2018-09-13,9928.92,167565458643,154258990766,900.00,16876500,22717207990866006016
2018-09-14,9968.91,168243333919,154310668508,900.00,16876800,22790939226160107520
2018-09-15,10010.76,168952656840,154364648875,900.00,16877100,22864350422068682752
2018-09-16,10054.54,169694452917,154421037504,900.00,16877400,22937265327672221696
2018-09-17,10100.28,170469531763,154479942499,900.00,16877700,23009513486346813440
2018-09-18,10148.03,171278478565,154541473636,900.00,16878000,23080931604771921920
2018-09-19,10197.81,172121647331,154605741545,900.00,16878300,23151364861918326784
2018-09-20,10249.62,172999155972,154672856887,900.00,16878600,23220668149354745856
2018-09-21,10303.45,173910883291,154742929510,900.00,16878900,23288707234876399616
2018-09-22,10359.29,174856467910,154816067618,900.00,16879200,23355359842114904064
2018-09-23,10417.09,175835309167,154892376934,900.00,16879500,23420516639429332992
2018-09-24,10476.82,176846570005,154971959883,900.00,16879800,23484082132000518144
2018-09-25,10538.40,177889181822,155054914793,900.00,16880100,23545975451652845568
2018-09-26,10601.75,178961851300,155141335125,900.00,16880400,23606131039510609920
2018-09-27,10666.80,180063069134,155231308730,900.00,16880700,23664499217161646080
2018-09-28,10733.44,181191120644,155324917152,900.00,16881000,23721046642553012224
2018-09-29,10801.54,182344098176,155422234974,900.00,16881300,23775756647387369472
2018-09-30,10871.00,183519915220,155523329219,900.00,16881600,23828629453329883136
2018-10-01,10941.68,184716322141,155628258799,900.00,16881900,23879682264881045504
2018-10-02,11013.43,185930923417,155737074039,900.00,16882200,23928949237327982592
2018-10-03,11086.11,187161196237,155849816259,900.00,16882500,23976481318763233280
2018-10-04,11159.55,188404510346,155966517428,900.00,16882800,24022345965762322432
2018-10-05,11233.61,189658148968,156087199895,900.00,16883100,24066626732948205568
2018-10-06,11308.11,190919330644,156211876198,900.00,16883400,24109422737346469888
2018-10-07,11382.89,192185231827,156340548946,900.00,16883700,24150847999157227520
2018-10-08,11457.77,193453010044,156473210792,900.00,16884000,24191030661340758016
2018-10-09,11532.60,194719827444,156609844483,900.00,16884300,24230112091237732352
2018-10-10,11607.20,195982874542,156750422990,900.00,16884600,24268245868320980992
2018-10-11,11681.41,197239393961,156894909731,900.00,16884900,24305596663104299008
2018-10-12,11755.07,198486703983,157043258861,900.00,16885200,24342339013208592384
2018-10-13,11828.03,199722221706,157195415659,900.00,16885500,24378656003602440192
2018-10-14,11900.15,200943485617,157351316977,900.00,16885800,24414737859081424896
2018-10-15,11971.28,202148177382,157510891771,900.00,16886100,24450780458117206016
2018-10-16,12041.30,203334142677,157674061708,900.00,16886400,24486983778277228544
2018-10-17,12110.09,204499410866,157840741828,900.00,16886700,24523550284470837248
2018-10-18,12177.55,205642213355,158010841277,900.00,16887000,24560683272296947712
2018-10-19,12243.58,206761000468,158184264095,900.00,16887300,24598585179728936960
2018-10-20,12308.11,207854456671,158360910050,900.00,16887600,24637455881248710656
2018-10-21,12371.08,208921514020,158540675522,900.00,16887900,24677490979309428736
2018-10-22,12432.43,209961363693,158723454422,900.00,16888200,24718880108636835840
2018-10-23,12492.14,210973465492,158909139137,900.00,16888500,24761805269349412864
2018-10-24,12550.18,211957555225,159097621506,900.00,16888800,24806439205161443328
2018-10-25,12606.57,212913649872,159288793805,900.00,16889100,24852943843011117056
2018-10-26,12661.32,213842050478,159482549737,900.00,16889400,24901468810308939776
2018-10-27,12714.46,214743342729,159678785426,900.00,16889700,24952150045618139136
2018-10-28,12766.04,215618395165,159877400396,900.00,16890000,25005108517950324736
2018-10-29,12816.13,216468355053,160078298539,900.00,16890300,25060449068985319424
2018-10-30,12864.83,217294641889,160281389048,900.00,16890600,25118259391409229824
2018-10-31,12912.22,218098938597,160486587323,900.00,16890900,25178609155221958656
2018-11-01,12958.42,218883180446,160693815832,900.00,16891200,25241549292312903680
2018-11-02,13003.55,219649541770,160903004922,900.00,16891500,25307111447867658240
2018-11-03,13047.78,220400420571,161114093579,900.00,16891800,25375307605279719424
2018-11-04,13091.23,221138421110,161327030112,900.00,16892100,25446129889235656704
2018-11-05,13134.09,221866334615,161541772783,900.00,16892400,25519550549559013376
2018-11-06,13176.53,222587118239,161758290346,900.00,16892700,25595522126279303168
2018-11-07,13218.72,223303872427,161976562519,900.00,16893000,25673977794280013824
2018-11-08,13260.87,224019816873,162196580356,900.00,16893300,25754831883814645760
2018-11-09,13303.16,224738265225,162418346543,900.00,16893600,25837980571202740224
2018-11-10,13345.80,225462598766,162641875589,900.00,16893900,25923302732163776512
2018-11-11,13388.99,226196239260,162867193930,900.00,16894200,26010660948547022848
2018-11-12,13432.93,226942621176,163094339929,900.00,16894500,26099902657695862784
2018-11-13,13477.83,227705163529,163323363784,900.00,16894800,26190861432365953024
2018-11-14,13523.88,228487241556,163554327329,900.00,16895100,26283358378009579520
2018-11-15,13571.28,229292158458,163787303747,900.00,16895400,26377203633352626176
2018-11-16,13620.22,230123117455,164022377174,900.00,16895700,26472197959524417536
2018-11-17,13670.88,230983194374,164259642222,900.00,16896000,26568134402550861824
2018-11-18,13723.44,231875311015,164499203397,900.00,16896300,26664800013776392192
2018-11-19,13778.05,232802209516,164741174439,900.00,16896600,26761977612726857728
2018-11-20,13834.87,233766427943,164985677577,900.00,16896900,26859447577045790720
2018-11-21,13894.03,234770277318,165232842701,900.00,16897200,26956989644409806848
2018-11-22,13955.66,235815820296,165482806468,900.00,16897500,27054384711734611968
2018-11-23,14019.86,236904851677,165735711343,900.00,16897800,27151416617498992640
2018-11-24,14086.72,238038880940,165991704575,900.00,16898100,27247873893617569792
2018-11-25,14156.32,239219116962,166250937133,900.00,16898400,27343551473964617728
2018-11-26,14228.70,240446455075,166513562596,900.00,16898700,27438252347369951232
2018-11-27,14303.89,241721466582,166779736003,900.00,16899000,27531789143657910272
2018-11-28,14381.92,243044390866,167049612694,900.00,16899300,27623985642065498112
2018-11-29,14462.78,244415130160,167323347127,900.00,16899600,27714678192144252928
2018-11-30,14546.43,245833247068,167601091688,900.00,16899900,27803717038011949056
2018-12-01,14632.84,247297964875,167882995516,900.00,16900200,27890967537567911936
2018-12-02,14721.94,248808170678,168169203334,900.00,16900500,27976311269014892544
2018-12-03,14813.64,250362421346,168459854313,900.00,16900800,28059647017739190272
2018-12-04,14907.84,251958952275,168755080960,900.00,16901100,28140891637288677376
2018-12-05,15004.42,253595688910,169055008061,900.00,16901400,28219980778858708992
2018-12-06,15103.23,255270260957,169359751672,900.00,16901700,28296869484352073728
2018-12-07,15204.12,256980019204,169669418171,900.00,16902000,28371532638726643712
2018-12-08,15306.91,258722054831,169984103385,900.00,16902300,28443965277991424000
2018-12-09,15411.43,260493221074,170303891796,900.00,16902600,28514182749863981056
2018-12-10,15517.46,262290157099,170628855826,900.00,16902900,28582220724770947072
2018-12-11,15624.81,264109313901,170959055225,900.00,16903200,28648135055564820480
2018-12-12,15733.25,265946982031,171294536551,900.00,16903500,28712001485055660032
2018-12-13,15842.55,267799320952,171635332758,900.00,16903800,28773915201222107136
2018-12-14,15952.48,269662389789,171981462892,900.00,16904100,28833990240782053376
2018-12-15,16062.81,271532179230,172332931902,900.00,16904400,28892358742674505728
2018-12-16,16173.29,273404644335,172689730559,900.00,16904700,28949170053936963584
2018-12-17,16283.69,275275737973,173051835505,900.00,16905000,29004589691459690496
2018-12-18,16393.76,277141444639,173419209405,900.00,16905300,29058798164161736704
2018-12-19,16503.28,278997814347,173791801234,900.00,16905600,29111989661260443648
2018-12-20,16612.01,280840996344,174169546662,900.00,16905900,29164370613494272000
2018-12-21,16719.74,282667272335,174552368573,900.00,16906200,29216158135398035456
2018-12-22,16826.26,284473088968,174940177680,900.00,16906500,29267578358011777024
2018-12-23,16931.36,286255089276,175332873258,900.00,16906800,29318864662712123392
2018-12-24,17034.86,288010142810,175730343979,900.00,16907100,29370255828172132352
2018-12-25,17136.60,289735374210,176132468835,900.00,16907400,29421994103759314944
2018-12-26,17236.42,291428189941,176539118164,900.00,16907700,29474323223947452416
2018-12-27,17334.18,293086302970,176950154750,900.00,16908000,29527486379517407232
2018-12-28,17429.77,294707755136,177365435004,900.00,16908300,29581724162426658816
2018-12-29,17523.09,296290937028,177784810200,900.00,16908600,29637272502203703296
2018-12-30,17614.07,297834605158,178208127780,900.00,16908900,29694360612541530112
2018-12-31,17702.66,299337896260,178635232696,900.00,16909200,29753208967390814208
2019-01-01,17788.84,300800338584,179065968789,900.00,16909500,29814027326260559872
2019-01-02,17872.59,302221860029,179500180189,900.00,16909800,29877012828593418240
2019-01-03,17953.93,303602793041,179937712735,900.00,16910100,29942348176973234176
2019-01-04,18032.92,304943876188,180378415387,900.00,16910400,30010199928526508032
2019-01-05,18109.61,306246252361,180822141631,900.00,16910700,30080716913186795520
2019-01-06,18184.11,307511463587,181268750860,900.00,16911000,30154028796498272256
2019-01-07,18256.52,308741442463,181718109721,900.00,16911300,30230244803347927040
2019-01-08,18326.98,309938500234,182170093415,900.00,16911600,30309452617446301696
2019-01-09,18395.65,311105311598,182624586938,900.00,16911900,30391717469548240896
2019-01-10,18462.70,312244896311,183081486258,900.00,16912200,30477081425345359872
2019-01-11,18528.34,313360597723,183540699404,900.00,16912500,30565562881708302336
2019-01-12,18592.79,314456058390,184002147477,900.00,16912800,30657156277551513600
2019-01-13,18656.26,315535192929,184465765551,900.00,16913100,30751832023082999808
2019-01-14,18719.01,316602158322,184931503477,900.00,16913400,30849536648637480960
2019-01-15,18781.30,317661321881,185399326568,900.00,16913700,30950193171722838016
2019-01-16,18843.40,318717227122,185869216157,900.00,16914000,31053701678389395456
2019-01-17,18905.57,319774557809,186341170037,900.00,16914300,31159940112606580736
2019-01-18,18968.12,320838100448,186815202760,900.00,16914600,31268765265046405120
2019-01-19,19031.31,321912705528,187291345807,900.00,16914900,31380013950567194624
2019-01-20,19095.44,323003247821,187769647607,900.00,16915200,31493504361796714496
2019-01-21,19160.80,324114586058,188250173430,900.00,16915500,31609037584556433408
2019-01-22,19227.68,325251522318,188733005123,900.00,16915800,31726399259465486336
2019-01-23,19296.34,326418761458,189218240716,900.00,16916100,31845361372924973056
2019-01-24,19367.06,327620870928,189705993883,900.00,16916400,31965684159810965504
2019-01-25,19440.09,328862241311,190196393272,900.00,16916700,32087118099595145216
2019-01-26,19515.70,330147047922,190689581692,900.00,16917000,32209405987253399552
2019-01-27,19594.10,331479213801,191185715189,900.00,16917300,32332285060198510592
2019-01-28,19675.51,332862374424,191684961989,900.00,16917600,32455489162563862528
2019-01-29,19760.13,334299844434,192187501332,900.00,16917900,32578750928446033920
2019-01-30,19848.13,335794586716,192693522206,900.00,16918200,32701803966160609280
2019-01-31,19939.66,337349184066,193203221978,900.00,16918500,32824385026150727680
2019-02-01,20034.86,338965813752,193716804952,900.00,16918800,32946236135885565952
2019-02-02,20133.83,340646225180,194234480839,900.00,16919100,33067106685870510080
2019-02-03,20236.63,342391720904,194756463182,900.00,16919400,33186755451739725824
2019-02-04,20343.34,344203141165,195282967720,900.00,16919700,33304952538291593216
2019-02-05,20453.95,346080852133,195814210722,900.00,16920000,33421481232242561024
2019-02-06,20568.47,348024737972,196350407299,900.00,16920300,33536139751396569088
2019-02-07,20686.87,350034196857,196891769706,900.00,16920600,33648742878845550592
2019-02-08,20809.07,352108141003,197438505652,900.00,16920900,33759123471720996864
2019-02-09,20934.98,354245000749,197990816630,900.00,16921200,33867133834900926464
2019-02-10,21064.49,356442732706,198548896277,900.00,16921500,33972646950939693056
2019-02-11,21197.44,358698831954,199112928790,900.00,16921800,34075557558326841344
2019-02-12,21333.66,361010348205,199683087399,900.00,16922100,34175783071000793088
2019-02-13,21472.95,363373905866,200259532914,900.00,16922400,34273264332846108672
2019-02-14,21615.09,365785727845,200842412368,900.00,16922700,34367966201697095680
2019-02-15,21759.83,368241662971,201431857751,900.00,16923000,34459877958163369984
2019-02-16,21906.91,370737216810,202027984863,900.00,16923300,34549013535393611776
2019-02-17,22056.04,373267585669,202630892290,900.00,16923600,34635411566713475072
2019-02-18,22206.92,375827693526,203240660504,900.00,16923900,34719135248921440256
2019-02-19,22359.24,378412231625,203857351121,900.00,16924200,34800272019914891264
2019-02-20,22512.67,381015700407,204481006291,900.00,16924500,34878933050256453632
2019-02-21,22666.88,383632453475,205111648256,900.00,16924800,34955252549288497152
2019-02-22,22821.53,386256743223,205749279063,900.00,16925100,35029386887469248512
2019-02-23,22976.28,388882767784,206393880447,900.00,16925400,35101513537743609856
2019-02-24,23130.78,391504718905,207045413876,900.00,16925700,35171829839980765184
2019-02-25,23284.70,394116830363,207703820771,900.00,16926000,35240551593809248256
2019-02-26,23437.69,396713426515,208369022893,900.00,16926300,35307911486558126080
2019-02-27,23589.44,399288970585,209040922895,900.00,16926600,35374157364464918528
2019-02-28,23739.62,401838112281,209719405044,900.00,16926900,35439550356827648000
2019-03-01,23887.93,404355734322,210404336101,900.00,16927200,35504362864347144192
2019-03-02,24034.09,406836997496,211095566351,900.00,16927500,35568876424509865984
2019-03-03,24177.82,409277383832,211792930789,900.00,16927800,35633379468477308928
2019-03-04,24318.90,411672737527,212496250439,900.00,16928100,35698164985551667200
2019-03-05,24457.08,414019303245,213205333804,900.00,16928400,35763528112846970880
2019-03-06,24592.19,416313761452,213919978438,900.00,16928700,35829763669278076928
2019-03-07,24724.04,418553260447,214639972614,900.00,16929000,35897163654349017088
2019-03-08,24852.50,420735444805,215365097104,900.00,16929300,35966014733440434176
2019-03-09,24977.46,422858479937,216095127019,900.00,16929600,36036595732322672640
2019-03-10,25098.85,424921072536,216829833727,900.00,16929900,36109175164419026944
2019-03-11,25216.62,426922486687,217568986817,900.00,16930200,36184008814876082176
2019-03-12,25330.77,428862555470,218312356096,900.00,16930500,36261337405730635776
2019-03-13,25441.31,430741687902,219059713604,900.00,16930800,36341384366370017280
2019-03-14,25548.30,432560871121,219810835630,900.00,16931100,36424353733039738880
2019-03-15,25651.85,434321667743,220565504710,900.00,16931400,36510428200349028352
2019-03-16,25752.06,436026208363,221323511598,900.00,16931700,36599767346553049088
2019-03-17,25849.11,437677179218,222084657173,900.00,16932000,36692506052858535936
2019-03-18,25943.19,439277805064,222848754299,900.00,16932300,36788753135118790656
2019-03-19,26034.50,440831827358,223615629584,900.00,16932600,36888590204083011584
2019-03-20,26123.31,442343477896,224385125053,900.00,16932900,36992070767876169728
2019-03-21,26209.90,443817448059,225157099698,900.00,16933200,37099219587654270976
2019-03-22,26294.56,445258853904,225931430911,900.00,16933500,37210032294456049664
2019-03-23,26377.61,446673197339,226708015767,900.00,16933800,37324475272213651456
2019-03-24,26459.41,448066323670,227486772158,900.00,16934100,37442485808752254976
2019-03-25,26540.32,449444375844,228267639760,900.00,16934400,37563972513463762944
2019-03-26,26620.71,450813745733,229050580835,900.00,16934700,37688815997246578688
2019-03-27,26700.98,452181022848,229835580835,900.00,16935000,37816869807319351296
2019-03-28,26781.51,453552940876,230622648834,900.00,16935300,37947961606698491904
2019-03-29,26862.72,454936322484,231411817753,900.00,16935600,38081894585523699712
2019-03-30,26945.01,456338022816,232203144391,900.00,16935900,38218449089066401792
2019-03-31,27028.78,457764872161,232996709253,900.00,16936200,38357384445191118848
2019-04-01,27114.43,459223618264,233792616185,900.00,16936500,38498440972286369792
2019-04-02,27202.36,460720868748,234590991796,900.00,16936800,38641342147249315840
2019-04-03,27292.93,462263034150,235391984689,900.00,16937100,38785796912003399680
2019-04-04,27386.51,463856272042,236195764505,900.00,16937400,38931502096244826112
2019-04-05,27483.45,465506432728,237002520767,900.00,16937700,39078144933639348224
2019-04-06,27584.07,467219006974,237812461558,900.00,16938000,39225405648507748352
2019-04-07,27688.67,468999076255,238625812019,900.00,16938300,39372960090119716864
2019-04-08,27797.53,470851265931,239442812699,900.00,16938600,39520482392036089856
2019-04-09,27910.89,472779701802,240263717746,900.00,16938900,39667647634465243136
2019-04-10,28028.95,474787970425,241088792979,900.00,16939200,39814134488300068864
2019-04-11,28151.90,476879083565,241918313830,900.00,16939500,39959627820345171968
2019-04-12,28279.88,479055447125,242752563196,900.00,16939800,40103821240197144576
2019-04-13,28412.99,481318834853,243591829192,900.00,16940100,40246419570277621760
2019-04-14,28551.30,483670367102,244436402856,900.00,16940400,40387141221609848832
2019-04-15,28694.83,486110494856,245286575787,900.00,16940700,40525720459053694976
2019-04-16,28843.57,488638989227,246142637769,900.00,16941000,40661909540850917376
2019-04-17,28997.48,491254936546,247004874381,900.00,16941300,40795480718467325952
2019-04-18,29156.44,493956739156,247873564611,900.00,16941600,40926228083837288448
2019-04-19,29320.33,496742121944,248748978517,900.00,16941900,41053969252214685696
2019-04-20,29488.98,499608144625,249631374924,900.00,16942200,41178546869904482304
2019-04-21,29662.16,502551219715,250520999198,900.00,16942500,41299829937192853504
2019-04-22,29839.64,505567136111,251418081114,900.00,16942800,41417714937812836352
2019-04-23,30021.13,508651088120,252322832826,900.00,16943100,41532126767280676864
2019-04-24,30206.32,511797709751,253235446968,900.00,16943400,41643019453425221632
2019-04-25,30394.84,515001114031,254156094898,900.00,16943700,41750376663415939072
2019-04-26,30586.34,518254937062,255084925106,900.00,16944000,41854211992588034048
2019-04-27,30780.40,521552386489,256022061790,900.00,16944300,41954569031374954496
2019-04-28,30976.61,524886294014,256967603626,900.00,16944600,42051521207704920064
2019-04-29,31174.52,528249171555,257921622739,900.00,16944900,42145171403309260800
2019-04-30,31373.68,531633270610,258884163883,900.00,16945200,42235651343540740096
2019-05-01,31573.61,535030644352,259855243841,900.00,16945500,42323120761519374336
2019-05-02,31773.84,538433211959,260834851057,900.00,16945800,42407766338722922496
2019-05-03,31973.90,541832824665,261822945493,900.00,16946100,42489800425526222848
2019-05-04,32173.28,545221332979,262819458728,900.00,16946400,42569459546673430528
2019-05-05,32371.53,548590654527,263824294289,900.00,16946700,42647002698242023424
2019-05-06,32568.17,551932841945,264837328225,900.00,16947000,42722709444325965824
2019-05-07,32762.75,555240150258,265858409909,900.00,16947300,42796877823420792832
2019-05-08,32954.82,558505103159,266887363072,900.00,16947600,42869822076326256640
2019-05-09,33143.96,561720557637,267923987057,900.00,16947900,42941870209276411904
2019-05-10,33329.78,564879766380,268968058291,900.00,16948200,43013361407941222400
2019-05-11,33511.90,567976437411,270019331956,900.00,16948500,43084643319893852160
2019-05-12,33689.98,571004790432,271077543859,900.00,16948800,43156069225069502464
2019-05-13,33863.72,573959609367,272142412467,900.00,16949100,43227995115622162432
2019-05-14,34032.84,576836290629,273213641117,900.00,16949400,43300776708371660800
2019-05-15,34197.12,579630886656,274290920362,900.00,16949700,43374766414683365376
2019-05-16,34356.35,582340144327,275373930446,900.00,16950000,43450310294089752576
2019-05-17,34510.39,584961537862,276462343888,900.00,16950300,43527745019198668800
2019-05-18,34659.14,587493295897,277555828147,900.00,16950600,43607394880394330112
2019-05-19,34802.54,589934422445,278654048353,900.00,16950900,43689568859475443712
2019-05-20,34940.58,592284711516,279756670081,900.00,16951200,43774557801653665792
2019-05-21,35073.28,594544755208,280863362145,900.00,16951500,43862631715219021824
2019-05-22,35200.74,596715945153,281973799382,900.00,16951800,43954037227642019840
2019-05-23,35323.08,598800467238,283087665410,900.00,16952100,44048995225906061312
2019-05-24,35440.49,600801289590,284204655341,900.00,16952400,44147698707444916224
2019-05-25,35553.17,602722143865,285324478407,900.00,16952700,44250310866201829376
2019-05-26,35661.39,604567499938,286446860496,900.00,16953000,44356963436048293888
2019-05-27,35765.46,606342534159,287571546572,900.00,16953300,44467755311131394048
2019-05-28,35865.72,608053091370,288698302939,900.00,16953600,44582751459700867072
2019-05-29,35962.56,609705640960,289826919361,900.00,16953900,44701982144653336576
2019-05-30,36056.39,611307227279,290957210989,900.00,16954200,44825442460482887680
2019-05-31,36147.65,612865414770,292089020092,900.00,16954500,44953092192614096896
2019-06-01,36236.83,614388228247,293222217577,900.00,16954800,45084856001288192000
2019-06-02,36324.42,615884088771,294356704271,900.00,16955100,45220623928352792576
2019-06-03,36410.92,617361745634,295492411973,900.00,16955400,45360252221545275392
2019-06-04,36496.88,618830204996,296629304238,900.00,16955700,45503564467230965760
2019-06-05,36582.84,620298655731,297767376911,900.00,16956000,45650353019130249216
2019-06-06,36669.34,621776393108,298906658382,900.00,16956300,45800380707398123520
2019-06-07,36756.94,623272740914,300047209580,900.00,16956600,45953382809560580096
2019-06-08,36846.18,624796972673,301189123674,900.00,16956900,46109069262300758016
2019-06-09,36937.60,626358232615,302332525517,900.00,16957200,46267127090953388032
2019-06-10,37031.72,627965457062,303477570803,900.00,16957500,46427223031825383424
2019-06-11,37129.07,629627296903,304624444962,900.00,16957800,46589006321119297536
2019-06-12,37230.12,631352041806,305773361792,900.00,16958100,46752111623287275520
2019-06-13,37335.34,633147546849,306924561840,900.00,16958400,46916162071074930688
2019-06-14,37445.16,635021162179,308078310540,900.00,16958700,47080772389300387840
2019-06-15,37559.98,636979666344,309234896126,900.00,16959000,47245552074527186944
2019-06-16,37680.16,639029203880,310394627337,900.00,16959300,47410108603194580992
2019-06-17,37806.03,641175227718,311557830919,900.00,16959600,47574050641427881984
2019-06-18,37937.87,643422446930,312724848962,900.00,16959900,47736991230626234368
2019-06-19,38075.89,645774780324,313896036083,900.00,16960200,47898550923974598656
2019-06-20,38220.30,648235316289,315071756471,900.00,16960500,48058360850215297024
2019-06-21,38371.20,650806279327,316252380835,900.00,16960800,48216065682303082496
2019-06-22,38528.69,653489003564,317438283259,900.00,16961100,48371326489927335936
2019-06-23,38692.79,656283913559,318629838013,900.00,16961400,48523823456284311552
2019-06-24,38863.47,659190512603,319827416325,900.00,16961700,48673258440898535424
2019-06-25,39040.64,662207378693,321031383152,900.00,16962000,48819357371706261504
2019-06-26,39224.17,665332168254,322242093979,900.00,16962300,48961872451008774144
2019-06-27,39413.87,668561627656,323459891664,900.00,16962600,49100584161271808000
2019-06-28,39609.48,671891612482,324685103365,900.00,16962900,49235303058081062912
2019-06-29,39810.71,675317114455,325918037575,900.00,16963200,49365871338863443968
2019-06-30,40017.23,678832295844,327158981277,900.00,16963500,49492164177250328576
2019-07-01,40228.64,682430531132,328408197267,900.00,16963800,49614090814198956032
2019-07-02,40444.49,686104455639,329665921650,900.00,16964100,49731595398209691648
2019-07-03,40664.33,689846020753,330932361538,900.00,16964400,49844657568191381504
2019-07-04,40887.64,693646555347,332207692971,900.00,16964700,49953292773746917376
2019-07-05,41113.87,697496832911,333492059087,900.00,16965000,50057552328891031552
2019-07-06,41342.45,701387143883,334785568539,900.00,16965300,50157523196486787072
2019-07-07,41572.79,705307372601,336088294197,900.00,16965600,50253327502010843136
2019-07-08,41804.27,709247078260,337400272137,900.00,16965900,50345121776647135232
2019-07-09,42036.26,713195579227,338721500920,900.00,16966200,50433095931172470784
2019-07-10,42268.12,717142040014,340051941191,900.00,16966500,50517471963654815744
2019-07-11,42499.21,721075560213,341391515578,900.00,16966800,50598502405636956160
2019-07-12,42728.88,724985264633,342740108917,900.00,16967100,50676468513237180416
2019-07-13,42956.52,728860393903,344097568787,900.00,16967400,50751678211463847936
2019-07-14,43181.48,732690394771,345463706361,900.00,16967700,50824463802010140672
2019-07-15,43403.17,736465009330,346838297567,900.00,16968000,50895179446864478208
2019-07-16,43621.01,740174362415,348221084550,900.00,16968300,50964198442224902144
2019-07-17,43834.44,743809046408,349611777427,900.00,16968600,51031910299426922496
2019-07-18,44042.94,747360202729,351010056318,900.00,16968900,51098717651858382848
2019-07-19,44246.02,750819599284,352415573647,900.00,16969200,51165033009109868544
2019-07-20,44443.25,754179703185,353827956680,900.00,16969500,51231275381860810752
2019-07-21,44634.22,757433748111,355246810302,900.00,16969800,51297866803184697344
2019-07-22,44818.58,760575795679,356671719988,900.00,16970100,51365228774026485760
2019-07-23,44996.04,763600790264,358102254962,900.00,16970400,51433778662508609536
2019-07-24,45166.35,766504606777,359537971511,900.00,16970700,51503926088405393408
2019-07-25,45329.33,769284090919,360978416426,900.00,16971000,51576069325534257152
2019-07-26,45484.85,771937091532,362423130548,900.00,16971300,51650591755890999296
2019-07-27,45632.85,774462484717,363871652382,900.00,16971600,51727858410054213632
2019-07-28,45773.32,776860189444,365323521760,900.00,16971900,51808212628654473216
2019-07-29,45906.32,779131174480,366778283502,900.00,16972200,51891972879505489920
2019-07-30,46031.96,781277456492,368235491077,900.00,16972500,51979429764300242944
2019-07-31,46150.43,783302089303,369694710192,900.00,16972800,52070843247561760768
2019-08-01,46261.98,785209144312,371155522320,900.00,16973100,52166440138802208768
2019-08-02,46366.88,787003682192,372617528103,900.00,16973400,52266411856590946304
2019-08-03,46465.52,788691716041,374080350618,900.00,16973700,52370912500484489216
2019-08-04,46558.28,790280166240,375543638479,900.00,16974000,52480057253564006400
2019-08-05,46645.62,791776807341,377007068731,900.00,16974300,52593921134712029184
2019-08-06,46728.06,793190207393,378470349534,900.00,16974600,52712538115797409792
2019-08-07,46806.15,794529660143,379933222593,900.00,16974900,52835900614705733632
2019-08-08,46880.46,795805110665,381395465318,900.00,16975200,52963959370727628800
2019-08-09,46951.61,797027074990,382856892702,900.00,16975500,53096623704292212736
2019-08-10,47020.26,798206554370,384317358886,900.00,16975800,53233762158494048256
2019-08-11,47087.08,799354944884,385776758405,900.00,16976100,53375203515401846784
2019-08-12,47152.75,800483943113,387235027100,900.00,16976400,53520738175840190464
2019-08-13,47217.98,801605448642,388692142684,900.00,16976700,53670119887282151424
2019-08-14,47283.47,802731464230,390148124956,900.00,16977000,53823067800751636480
2019-08-15,47349.93,803873994433,391603035664,900.00,16977300,53979268834267947008
2019-08-16,47418.07,805044943577,393056978004,900.00,16977600,54138380317419839488
2019-08-17,47488.56,806256013894,394510095771,900.00,16977900,54300032889163587584
2019-08-18,47562.09,807518604725,395962572159,900.00,16978200,54463833618920144896
2019-08-19,47639.29,808843713629,397414628213,900.00,16978500,54629369319506313216
2019-08-20,47720.80,810241840251,398866520958,900.00,16978800,54796210019365199872
2019-08-21,47807.18,811722893787,400318541206,900.00,16979100,54963912560947388416
2019-08-22,47898.99,813296104849,401771011064,900.00,16979400,55132024291905626112
2019-08-23,47996.72,814969942506,403224281157,900.00,16979700,55300086815967166464
2019-08-24,48100.83,816752037239,404678727598,900.00,16980000,55467639770900160512
2019-08-25,48211.70,818649110488,406134748715,900.00,16980300,55634224601844260864
2019-08-26,48329.68,820666911451,407592761570,900.00,16980600,55799388299387396096
2019-08-27,48455.04,822810161693,409053198297,900.00,16980900,55962687073090969600
2019-08-28,48588.00,825082508094,410516502294,900.00,16981200,56123689932649390080
2019-08-29,48728.70,827486484589,411983124277,900.00,16981500,56281982150473408512
2019-08-30,48877.24,830023483064,413453518270,900.00,16981800,56437168581171879936
2019-08-31,49033.61,832693733728,414928137518,900.00,16982100,56588876815137456128
2019-09-01,49197.78,835496295166,416407430394,900.00,16982400,56736760145190371328
2019-09-02,49369.60,838429054227,417891836314,900.00,16982700,56880500326976561152
2019-09-03,49548.89,841488735807,419381781699,900.00,16983000,57019810115533996032
2019-09-04,49735.38,844670922496,420877676026,900.00,16983300,57154435562121175040
2019-09-05,49928.76,847970083976,422379907989,900.00,16983600,57284158057038381056
2019-09-06,50128.63,851379616000,423888841815,900.00,16983900,57408796105762660352
2019-09-07,50334.54,854891888645,425404813755,900.00,16984200,57528206827262017536
2019-09-08,50545.99,858498303511,426928128797,900.00,16984500,57642287164863479808
2019-09-09,50762.41,862189359419,428459057613,900.00,16984800,57750974801528299520
2019-09-10,50983.20,865954726097,429997833774,900.00,16985100,57854248772851892224
2019-09-11,51207.70,869783325287,431544651266,900.00,16985400,57952129772568469504
2019-09-12,51435.23,873663418614,433099662314,900.00,16985700,58044680146817884160
2019-09-13,51665.06,877582701513,434662975548,900.00,16986000,58132003574941270016
2019-09-14,51896.43,881528402461,436234654519,900.00,16986300,58214244436130701312
2019-09-15,52128.58,885487386686,437814716583,900.00,16986600,58291586862881447936
2019-09-16,52360.72,889446263513,439403132171,900.00,16986900,58364253483899453440
2019-09-17,52592.04,893391496447,440999824439,900.00,16987200,58432503860915118080
2019-09-18,52821.75,897309515075,442604669311,900.00,16987500,58496632625755807744
2019-09-19,53049.06,901186827858,444217495926,900.00,16987800,58556967326043185152
2019-09-20,53273.18,905010134843,445838087468,900.00,16988100,58613865990006956032
2019-09-21,53493.35,908766439362,447466182385,900.00,16988400,58667714423144833024
2019-09-22,53708.83,912443157745,449101475997,900.00,16988700,58718923251797270528
2019-09-23,53918.90,916028226114,450743622457,900.00,16989000,58767924731134787584
2019-09-24,54122.90,919510203345,452392237081,900.00,16989300,58815169337550479360
2019-09-25,54320.19,922878369292,454046899005,900.00,16989600,58861122167985577984
2019-09-26,54510.20,926122817425,455707154155,900.00,16989900,58906259171254452224
2019-09-27,54692.38,929234541063,457372518518,900.00,16990200,58951063238937182208
2019-09-28,54866.28,932205512443,459042481666,900.00,16990500,58996020185823592448
2019-09-29,55031.47,935028753914,460716510529,900.00,16990800,59041614652168552448
2019-09-30,55187.62,937698400618,462394053367,900.00,16991100,59088325962098106368
2019-10-01,55334.45,940209754080,464074543914,900.00,16991400,59136623974325649408
2019-10-02,55471.75,942559326213,465757405670,900.00,16991700,59186964962838650880
2019-10-03,55599.39,944744873309,467442056289,900.00,16992000,59239787566333976576
2019-10-04,55717.32,946765419697,469127912037,900.00,16992300,59295508845860782080
2019-10-05,55825.55,948621270795,470814392283,900.00,16992600,59354520490317029376
2019-10-06,55924.18,950314015415,472500923979,900.00,16992900,59417185209100509184
2019-10-07,56013.38,951846517243,474186946095,900.00,16993200,59483833350299033600
2019-10-08,56093.38,953222895510,475871913972,900.00,16993500,59554759781302845440
2019-10-09,56164.51,954448494982,477555303554,900.00,16993800,59630221066623410176
2019-10-10,56227.15,955529845460,479236615465,900.00,16994100,59710432975020974080
2019-10-11,56281.75,956474611095,480915378892,900.00,16994400,59795568344803082240
2019-10-12,56328.83,957291529901,482591155246,900.00,16994700,59885755332400226304
2019-10-13,56368.95,957990343928,484263541560,900.00,16995000,59981076065112866816
2019-10-14,56402.75,958581720660,485932173609,900.00,16995300,60081565714328109056
2019-10-15,56430.91,959077166249,487596728707,900.00,16995600,60187212000610590720
2019-10-16,56454.14,959488931298,489256928168,900.00,16995900,60297955136973758464
2019-10-17,56473.21,959829909960,490912539406,900.00,16996200,60413688211437813760
2019-10-18,56488.90,960113533166,492563377656,900.00,16996500,60534258004780982272
2019-10-19,56502.03,960353656887,494209307289,900.00,16996800,60659466234294910976
2019-10-20,56513.43,960564446329,495850242728,900.00,16997100,60789071209462562816
2019-10-21,56523.95,960760257055,497486148938,900.00,16997400,60922789880876269568
2019-10-22,56534.44,960955514003,499117041494,900.00,16997700,61060300259487563776
2019-10-23,56545.75,961164589440,500742986220,900.00,16998000,61201244179494199296
2019-10-24,56558.70,961401680869,502364098400,900.00,16998300,61345230374876626944
2019-10-25,56574.11,961680689929,503980541574,900.00,16998600,61491837836833505280
2019-10-26,56592.79,962015103326,505592525916,900.00,16998900,61640619417153716224
2019-10-27,56615.48,962417876797,507200306213,900.00,16999200,61791105640906448896
2019-10-28,56642.92,962901323122,508804179458,900.00,16999500,61942808690722979840
2019-10-29,56675.78,963477005142,510404482082,900.00,16999800,62095226524359811072
2019-10-30,56714.70,964155634698,512001586835,900.00,17000100,62247847087141707776
2019-10-31,56760.25,964946978402,513595899351,900.00,17000400,62400152581240512512
2019-11-01,56812.94,965859771026,515187854425,900.00,17000700,62551623754504536064
2019-11-02,56873.22,966901637304,516777912021,900.00,17001000,62701744172658679808
2019-11-03,56941.47,968079022831,518366553066,900.00,17001300,62850004440093573120
2019-11-04,57017.99,969397134669,519954275033,900.00,17001600,62995906336096567296
2019-11-05,57103.02,970859892212,521541587382,900.00,17001900,63138966835194888192
2019-11-06,57196.71,972469888767,523129006874,900.00,17002200,63278721982232895488
2019-11-07,57299.12,974228364189,524717052812,900.00,17002500,63414730594842517504
2019-11-08,57410.26,976135188881,526306242235,900.00,17002800,63546577768052432896
2019-11-09,57530.03,978188859299,527897085120,900.00,17003100,63673878157879926784
2019-11-10,57658.26,980386505052,529490079623,900.00,17003400,63796279022833737728
2019-11-11,57794.71,982723907591,531085707398,900.00,17003700,63913463004305022976
2019-11-12,57939.05,985195530338,532684429044,900.00,17004000,64025150628822614016
2019-11-13,58090.87,987794560065,534286679712,900.00,17004300,64131102517088124928
2019-11-14,58249.71,990512959191,535892864902,900.00,17004600,64231121286584778752
2019-11-15,58415.02,993341528598,537503356510,900.00,17004900,64325053136372834304
2019-11-16,58586.20,996269980464,539118489124,900.00,17005200,64412789104448978944
2019-11-17,58762.58,999287020522,540738556642,900.00,17005500,64494265989771804672
2019-11-18,58943.45,1002380439088,542363809202,900.00,17005800,64569466932748689408
2019-11-19,59128.03,1005537210105,543994450480,900.00,17006100,64638421649662246912
2019-11-20,59315.53,1008743597381,545630635365,900.00,17006400,64701206318201364480
2019-11-21,59505.09,1011985267162,547272468040,900.00,17006700,64757943112972124160
2019-11-22,59695.86,1015247406078,548920000479,900.00,17007000,64808799391617835008
2019-11-23,59886.92,1018514843500,550573231376,900.00,17007300,64853986533990006784
2019-11-24,60077.39,1021772177265,552232105523,900.00,17007600,64893758438703742976
2019-11-25,60266.34,1025003901729,553896513635,900.00,17007900,64928409683391995904
2019-11-26,60452.87,1028194537051,555566292625,900.00,17008200,64958273357057769472
2019-11-27,60636.08,1031328758626,557241226343,900.00,17008500,64983718575117295616
2019-11-28,60815.08,1034391525574,558921046744,900.00,17008800,65005147690033061888
2019-11-29,60989.01,1037368207171,560605435511,900.00,17009100,65022993212850257920
2019-11-30,61157.05,1040244706174,562294026096,900.00,17009400,65037714463466143744
2019-12-01,61318.40,1043007577957,563986406168,900.00,17009700,65049793970059190272
2019-12-02,61472.32,1045644144464,565682120463,900.00,17010000,65059733640765890560
2019-12-03,61618.11,1048142601970,567380673987,900.00,17010300,65068050733381910528
2019-12-04,61755.15,1050492121751,569081535569,900.00,17010600,65075273651545915392
2019-12-05,61882.85,1052682942767,570784141724,900.00,17010900,65081937598492786688
2019-12-06,62000.71,1054706455567,572487900798,900.00,17011200,65088580121984638976
2019-12-07,62108.30,1056555276675,574192197353,900.00,17011500,65095736586386563072
2019-12-08,62205.25,1058223312816,575896396770,900.00,17011800,65103935609986539520
2019-12-09,62291.30,1059705814395,577599850015,900.00,17012100,65113694507498086400
2019-12-10,62366.24,1060999417772,579301898541,900.00,17012400,65125514779167571968
2019-12-11,62429.96,1062102175935,581001879280,900.00,17012700,65139877688965144576
2019-12-12,62482.43,1063013577289,582699129685,900.00,17013000,65157239974913130496
2019-12-13,62523.71,1063734552382,584392992771,900.00,17013300,65178029734639689728
2019-12-14,62553.93,1064267468477,586082822124,900.00,17013600,65202642528695009280
2019-12-15,62573.31,1064616112002,587767986839,900.00,17013900,65231437742997962752
2019-12-16,62582.18,1064785658986,589447876320,900.00,17014200,65264735249972559872
2019-12-17,62580.89,1064782633727,591121904934,900.00,17014500,65302812405483364352
2019-12-18,62569.93,1064614856004,592789516457,900.00,17014800,65345901415597998080
2019-12-19,62549.82,1064291377272,594450188280,900.00,17015100,65394187103527124992
2019-12-20,62521.15,1063822406345,596103435348,900.00,17015400,65447805102864916480
2019-12-21,62484.60,1063219225200,597748813779,900.00,17015700,65506840498543460352
2019-12-22,62440.88,1062494095569,599385924155,900.00,17016000,65571326931803127808
2019-12-23,62390.78,1061660157128,601014414437,900.00,17016300,65641246180064641024
2019-12-24,62335.09,1060731318105,602633982491,900.00,17016600,65716528216969052160
2019-12-25,62274.69,1059722139239,604244378198,900.00,17016900,65797051752143052800
2019-12-26,62210.45,1058647712050,605845405129,900.00,17017200,65882645244561063936
2019-12-27,62143.30,1057523532459,607436921775,900.00,17017500,65973088377825361920
2019-12-28,62074.14,1056365370807,609018842319,900.00,17017800,66068113980379185152
2019-12-29,62003.93,1055189139379,610591136932,900.00,17018100,66167410368702062592
2019-12-30,61933.60,1054010758551,612153831613,900.00,17018400,66270624086999777280
2019-12-31,61864.07,1052846022687,613707007548,900.00,17018700,66377363012864720896
2020-01-01,61796.26,1051710466939,615250800015,900.00,17019000,66487199794900877312
2020-01-02,61731.05,1050619236053,616785396829,900.00,17019300,66599675585421180928
2020-01-03,61669.31,1049586956330,618311036340,900.00,17019600,66714304029053091840
2020-01-04,61611.86,1048627611798,619828005014,900.00,17019900,66830575466434912256
2020-01-05,61559.47,1047754425679,621336634600,900.00,17020200,66947961311138078720
2020-01-06,61512.87,1046979748140,622837298917,900.00,17020500,67065918557483859968
2020-01-07,61472.72,1046314951302,624330410286,900.00,17020800,67183894376996012032
2020-01-08,61439.64,1045770332394,625816415630,900.00,17021100,67301330761797058560
2020-01-09,61414.16,1045355025893,627295792289,900.00,17021400,67417669174259589120
2020-01-10,61396.74,1045076925394,628769043567,900.00,17021700,67532355163603263488
2020-01-11,61387.77,1044942615887,630236694063,900.00,17022000,67644842911823806464
2020-01-12,61387.55,1044957317022,631699284817,900.00,17022300,67754599673287753728
2020-01-13,61396.31,1045124837865,633157368317,900.00,17022600,67861110074466959360
2020-01-14,61414.19,1045447543514,634611503407,900.00,17022900,67963880242565775360
2020-01-15,61441.23,1045926333892,636062250131,900.00,17023200,68062441734156853248
2020-01-16,61477.41,1046560634900,637510164575,900.00,17023500,68156355237347975168
2020-01-17,61522.60,1047348402000,638955793734,900.00,17023800,68245214023412793344
2020-01-18,61576.60,1048286136234,640399670450,900.00,17024100,68328647126200532992
2020-01-19,61639.11,1049368912517,641842308471,900.00,17024400,68406322229974548480
2020-01-20,61709.78,1050590420012,643284197670,900.00,17024700,68477948248595685376
2020-01-21,61788.14,1051943014214,644725799458,900.00,17025000,68543277581157957632
2020-01-22,61873.67,1053417780333,646167542435,900.00,17025300,68602108031296315392
2020-01-23,61965.78,1055004607438,647609818323,900.00,17025600,68654284379420008448
2020-01-24,62063.81,1056692272739,649052978199,900.00,17025900,68699699599090294784
2020-01-25,62167.04,1058468535287,650497329073,900.00,17026200,68738295710665809920
2020-01-26,62274.70,1060320238326,651943130840,900.00,17026500,68770064267200372736
2020-01-27,62385.97,1062233419408,653390593618,900.00,17026800,68795046469410758656
2020-01-28,62499.98,1064193427354,654839875517,900.00,17027100,68813332908356739072
2020-01-29,62615.85,1066185045070,656291080834,900.00,17027400,68825062936311054336
2020-01-30,62732.64,1068192617175,657744258711,900.00,17027700,68830423668163051520
2020-01-31,62849.44,1070200181370,659199402251,900.00,17028000,68829648617615458304
2020-02-01,62965.28,1072191602421,660656448105,900.00,17028300,68823015974416080896
2020-02-02,63079.21,1074150707637,662115276543,900.00,17028600,68810846530930958336
2020-02-03,63190.31,1076061422683,663575711991,900.00,17028900,68793501268522860544
2020-02-04,63297.62,1077907906585,665037524042,900.00,17029200,68771378616457035776
2020-02-05,63400.26,1079674684784,666500428932,900.00,17029500,68744911398418513920
2020-02-06,63497.33,1081346779103,667964091460,900.00,17029800,68714563484184952832
2020-02-07,63587.99,1082909833540,669428127348,900.00,17030100,68680826166551609344
2020-02-08,63671.45,1084350234805,670892106008,900.00,17030400,68644214286228389888
2020-02-09,63746.95,1085655226602,672355553705,900.00,17030700,68605262130102992896
2020-02-10,63813.81,1086813016668,673817957082,900.00,17031000,68564519130954833920
2020-02-11,63871.39,1087812875681,675278767016,900.00,17031300,68522545399372251136
2020-02-12,63919.14,1088645227187,676737402779,900.00,17031600,68479907121225736192
2020-02-13,63956.56,1089301727803,678193256463,900.00,17031900,68437171856525033472
2020-02-14,63983.24,1089775337003,679645697635,900.00,17032200,68394903777782579200
2020-02-15,63998.85,1090060375915,681094078183,900.00,17032500,68353658888052662272
2020-02-16,64003.13,1090152574626,682537737306,900.00,17032800,68313980260550656000
2020-02-17,63995.93,1090049107605,683976006616,900.00,17033100,68276393343109578752
2020-02-18,63977.16,1089748616942,685408215298,900.00,17033400,68241401371639701504
2020-02-19,63946.84,1089251223228,686833695296,900.00,17033700,68209480937156018176
2020-02-20,63905.04,1088558523974,688251786473,900.00,17034000,68181077750776455168
2020-02-21,63851.97,1087673579598,689661841701,900.00,17034300,68156602650323763200
2020-02-22,63787.87,1086600887111,691063231846,900.00,17034600,68136427890755690496
2020-02-23,63713.10,1085346341717,692455350597,900.00,17034900,68120883758581710848
2020-02-24,63628.09,1083917186689,693837619107,900.00,17035200,68110255547699945472
2020-02-25,63533.32,1082321951916,695209490399,900.00,17035500,68104780930723160064
2020-02-26,63429.39,1080570381690,696570453505,900.00,17035800,68104647755888590848
2020-02-27,63316.92,1078673352322,697920037306,900.00,17036100,68109992295123435520
2020-02-28,63196.61,1076642780311,699257814028,900.00,17036400,68120897963830075392
2020-02-29,63069.23,1074491521840,700583402387,900.00,17036700,68137394527554576384
2020-03-01,62935.57,1072233264473,701896470330,900.00,17037000,68159457805006970880
2020-03-02,62796.48,1069882411961,703196737376,900.00,17037300,68187009871020802048
2020-03-03,62652.84,1067453963145,704483976514,900.00,17037600,68219919757092028416
2020-03-04,62505.55,1064963385991,705758015665,900.00,17037900,68258004641238614016
2020-03-05,62355.56,1062426487826,707018738673,900.00,17038200,68301031513191497728
2020-03-06,62203.79,1059859282869,708266085834,900.00,17038500,68348719295474548736
2020-03-07,62051.19,1057277858193,709500053962,900.00,17038800,68400741395856498688
2020-03-08,61898.71,1054698239249,710720695966,900.00,17039100,68456728662051569664
2020-03-09,61747.26,1052136256083,711928119979,900.00,17039400,68516272705478246400
2020-03-10,61597.76,1049607411393,713122488015,900.00,17039700,68578929557415313408
2020-03-11,61451.10,1047126751520,714304014189,900.00,17040000,68644223618056462336
2020-03-12,61308.12,1044708741476,715472962494,900.00,17040300,68711651856778911744
2020-03-13,61169.63,1042367145051,716629644180,900.00,17040600,68780688220409233408
2020-03-14,61036.38,1040114911008,717774414732,900.00,17040900,68850788205373890560
2020-03-15,60909.09,1037964066325,718907670492,900.00,17041200,68921393549333528576
2020-03-16,60788.41,1035925617363,720029844944,900.00,17041500,68991936998175571968
2020-03-17,60674.90,1034009459796,721141404698,900.00,17041800,69061847105026138112
2020-03-18,60569.08,1032224298045,722242845203,900.00,17042100,69130553019179319296
2020-03-19,60471.39,1030577574883,723334686234,900.00,17042400,69197489224466202624
2020-03-20,60382.18,1029075411784,724417467180,900.00,17042700,69262100188528926720
2020-03-21,60301.74,1027722560512,725491742184,900.00,17043000,69323844886663413760
2020-03-22,60230.26,1026522366329,726558075165,900.00,17043300,69382201166281695232
2020-03-23,60167.85,1025476743117,727617034780,900.00,17043600,69436669920564584448
2020-03-24,60114.54,1024586160608,728669189348,900.00,17043900,69486779042471591936
2020-03-25,60070.27,1023849643794,729715101796,900.00,17044200,69532087132903456768
2020-03-26,60034.90,1023264784508,730755324662,900.00,17044500,69572186939430543360
2020-03-27,60008.20,1022827765059,731790395201,900.00,17044800,69606708504578998272
2020-03-28,59989.87,1022533393685,732820830621,900.00,17045100,69635322005177745408
2020-03-29,59979.53,1022375151507,733847123516,900.00,17045400,69657740266700554240
2020-03-30,59976.72,1022345250566,734869737506,900.00,17045700,69673720938873995264
2020-03-31,59980.92,1022434702423,735889103137,900.00,17046000,69683068321063026688
2020-04-01,59991.52,1022633396731,736905614070,900.00,17046300,69685634828094832640
2020-04-02,60007.87,1022930189078,737919623586,900.00,17046600,69681322089240625152
2020-04-03,60029.27,1023312997348,738931441455,900.00,17046900,69670081675061682176
2020-04-04,60054.96,1023768905770,739941331156,900.00,17047200,69651915448750637056
2020-04-05,60084.13,1024284275748,740949507520,900.00,17047500,69626875540481359872
2020-04-06,60115.96,1024844862529,741956134772,900.00,17047800,69595063945138700288
2020-04-07,60149.57,1025435936709,742961325012,900.00,17048100,69556631745654022144
2020-04-08,60184.09,1026042409526,743965137139,900.00,17048400,69511777966042562560
2020-04-09,60218.61,1026648960897,744967576226,900.00,17048700,69460748060144050176
2020-04-10,60252.22,1027240169088,745968593353,900.00,17049000,69403832044025856000
2020-04-11,60284.04,1027800640927,746968085895,900.00,17049300,69341362282034003968
2020-04-12,60313.15,1028315141463,747965898259,900.00,17049600,69273710938580049920
2020-04-13,60338.70,1028768721968,748961823078,900.00,17049900,69201287109945106432
2020-04-14,60359.81,1029146845215,749955602823,900.00,17050200,69124533652658741248
2020-04-15,60375.68,1029435506970,750946931848,900.00,17050500,69043923727377563648
2020-04-16,60385.52,1029621352697,751935458831,900.00,17050800,68959957079627612160
2020-04-17,60388.58,1029691788486,752920789595,900.00,17051100,68873156081275281408
2020-04-18,60384.20,1029635085303,753902490284,900.00,17051400,68784061559126097920
2020-04-19,60371.72,1029440475681,754880090866,900.00,17051700,68693228439590903808
2020-04-20,60350.59,1029098242069,755853088935,900.00,17052000,68601221240863588352
2020-04-21,60320.30,1028599796113,756820953776,900.00,17052300,68508609446479577088
2020-04-22,60280.41,1027937748232,757783130656,900.00,17052600,68415962796415811584
2020-04-23,60230.57,1027105966912,758739045318,900.00,17052900,68323846533995192320
2020-04-24,60170.50,1026099627275,759688108614,900.00,17053200,68232816648707186688
2020-04-25,60099.99,1024915248518,760629721266,900.00,17053500,68143415156588724224
2020-04-26,60018.92,1023550719958,761563278696,900.00,17053800,68056165460960149504
2020-04-27,59927.25,1022005315494,762488175890,900.00,17054100,67971567837016358912
2020-04-28,59825.01,1020279696386,763403812255,900.00,17054400,67890095083976597504
2020-04-29,59712.33,1018375902391,764309596429,900.00,17054700,67812188388143579136
2020-04-30,59589.41,1016297331338,765204951002,450.00,17055000,67738253439274557440
2020-05-01,59456.52,1014048707369,766089317108,450.00,17055300,67668656841093136384
2020-05-02,59314.01,1011636038152,766962158857,450.00,17055600,67603722854555992064
2020-05-03,59162.32,1009066561447,767822967554,450.00,17055900,67543730509635772416
2020-05-04,59001.93,1006348681523,768671265692,450.00,17056200,67488911117908148224
2020-05-05,58833.40,1003491895999,769506610669,450.00,17056500,67439446214176432128
2020-05-06,58657.35,1000506713742,770328598204,450.00,17056800,67395465950784462848
2020-05-07,58474.45,997404564562,771136865431,450.00,17057100,67357047963231895552
2020-05-08,58285.42,994197701485,771931093631,450.00,17057400,67324216720301621248
2020-05-09,58091.01,990899096449,772711010596,450.00,17057700,67296943366238257152
2020-05-10,57892.03,987522330338,773476392601,450.00,17058000,67275146056687099904
2020-05-11,57689.31,984081478288,774227065962,450.00,17058300,67258690784231809024
2020-05-12,57483.67,980590991256,774962908179,450.00,17058600,67247392683572649984
2020-05-13,57276.00,977065574862,775683848648,450.00,17058900,67241017800779415552
2020-05-14,57067.16,973520066534,776389868942,450.00,17059200,67239285305744089088
2020-05-15,56858.02,969969311996,777081002657,450.00,17059500,67241870122044956672
2020-05-16,56649.44,966428042149,777757334832,450.00,17059800,67248405944002953216
2020-05-17,56442.27,962910751372,778419000939,450.00,17060100,67258488606831656960
2020-05-18,56237.34,959431578264,779066185463,450.00,17060400,67271679772506710016
2020-05-19,56035.46,956004189835,779699120083,450.00,17060700,67287510891344584704
2020-05-20,55837.39,952641670089,780318081464,450.00,17061000,67305487397297627136
2020-05-21,55643.85,949356413934,780923388688,450.00,17061300,67325093093643821056
2020-05-22,55455.53,946160027290,781515400350,450.00,17061600,67345794685053640704
2020-05-23,55273.05,943063234205,782094511328,450.00,17061900,67367046411923226624
2020-05-24,55096.99,940075791742,782661149274,450.00,17062200,67388294743326171136
2020-05-25,54927.85,937206413320,783215770851,450.00,17062500,67408983085900464128
2020-05-26,54766.08,934462701112,783758857736,450.00,17062800,67428556467392987136
2020-05-27,54612.06,931851088050,784290912445,450.00,17063100,67446466155363049472
2020-05-28,54466.10,929376789868,784812453999,450.00,17063400,67462174173633814528
2020-05-29,54328.41,927043767554,785324013475,450.00,17063700,67475157681408040960
2020-05-30,54199.17,924854700487,785826129479,450.00,17064000,67484913182468734976
2020-05-31,54078.45,922810970428,786319343577,450.00,17064300,67490960534507372544
2020-06-01,53966.26,920912656471,786804195725,450.00,17064600,67492846731308089344
2020-06-02,53862.52,919158540933,787281219738,450.00,17064900,67490149433218539520
2020-06-03,53767.09,917546126095,787750938829,450.00,17065200,67482480224019693568
2020-06-04,53679.74,916071661612,788213861264,450.00,17065500,67469487574932152320
2020-06-05,53600.19,914730182295,788670476160,450.00,17065800,67450859499045724160
2020-06-06,53528.08,913515555927,789121249467,450.00,17066100,67426325881911541760
2020-06-07,53462.98,912420540649,789566620168,450.00,17066400,67395660476385640448
2020-06-08,53404.40,911436851391,790006996717,450.00,17066700,67358682552052285440
2020-06-09,53351.80,910555234762,790442753761,450.00,17067000,67315258191691038720
2020-06-10,53304.60,909765551711,790874229154,450.00,17067300,67265301229286998016
2020-06-11,53262.14,909056867250,791301721302,450.00,17067600,67208773826032885760
2020-06-12,53223.74,908417546432,791725486849,450.00,17067900,67145686682647863296
2020-06-13,53188.70,907835355763,792145738728,450.00,17068200,67076098888158339072
2020-06-14,53156.26,907297569161,792562644589,450.00,17068500,67000117407069822976
2020-06-15,53125.65,906791077553,792976325617,450.00,17068800,66917896208625451008
2020-06-16,53096.09,906302501172,793386855746,450.00,17069100,66829635043614343168
2020-06-17,53066.79,905818303594,793794261274,450.00,17069400,66735577875981918208
2020-06-18,53036.95,905324906554,794198520884,450.00,17069700,66636010978320171008
2020-06-19,53005.79,904808804561,794599566063,450.00,17070000,66531260702193262592
2020-06-20,52972.51,904256678361,794997281922,450.00,17070300,66421690936195022848
2020-06-21,52936.36,903655506296,795391508394,450.00,17070600,66307700266644439040
2020-06-22,52896.61,902992672630,795782041815,450.00,17070900,66189718857910181888
2020-06-23,52852.53,902256071947,796168636861,450.00,17071200,66068205071506587648
2020-06-24,52803.46,901434208766,796551008828,450.00,17071500,65943641845318721536
2020-06-25,52748.76,900516291561,796928836234,450.00,17071800,65816532856572895232
2020-06-26,52687.85,899492320416,797301763716,450.00,17072100,65687398494452178944
2020-06-27,52620.20,898353167621,797669405202,450.00,17072400,65556771670533971968
2020-06-28,52545.33,897090650552,798031347325,450.00,17072700,65425193497462145024
2020-06-29,52462.81,895697596285,798387153054,450.00,17073000,65293208868418265088
2020-06-30,52372.29,894167897417,798736365501,450.00,17073300,65161361971976052736
2020-07-01,52273.48,892496558694,799078511888,450.00,17073600,65030191778755862528
2020-07-02,52166.16,890679734080,799413107622,450.00,17073900,64900227537886830592
2020-07-03,52050.15,888714754023,799739660452,450.00,17074200,64771984322572263424
2020-07-04,51925.39,886600142736,800057674681,450.00,17074500,64645958664979038208
2020-07-05,51791.86,884335625385,800366655370,450.00,17074800,64522624321178509312
2020-07-06,51649.60,881922125201,800666112540,450.00,17075100,64402428206900232192
2020-07-07,51498.75,879361750573,800955565296,450.00,17075400,64285786544373178368
2020-07-08,51339.49,876657772301,801234545864,450.00,17075700,64173081259488108544
2020-07-09,51172.09,873814591229,801502603505,450.00,17076000,64064656666889789440
2020-07-10,50996.86,870837696614,801759308258,450.00,17076300,63960816478390812672
2020-07-11,50814.19,867733615594,802004254510,450.00,17076600,63861821167290433536
2020-07-12,50624.52,864509854258,802237064326,450.00,17076900,63767885717803630592
2020-07-13,50428.34,861174830841,802457390555,450.00,17077200,63679177784894095360
2020-07-14,50226.19,857737801651,802664919650,450.00,17077500,63595816285413842944
2020-07-15,50018.67,854208780390,802859374205,450.00,17077800,63517870436649795584
2020-07-16,49806.39,850598451589,803040515176,450.00,17078100,63445359253249753088
2020-07-17,49590.01,846918078900,803208143772,450.00,17078400,63378251508138983424
2020-07-18,49370.23,843179409061,803362103012,450.00,17078700,63316466157549363200
2020-07-19,49147.76,839394572348,803502278913,450.00,17079000,63259873224773902336
2020-07-20,48923.32,835575980383,803628601334,450.00,17079300,63208295131838996480
2020-07-21,48697.64,831736222151,803741044436,450.00,17079600,63161508463065743360
2020-07-22,48471.48,827887959134,803839626788,450.00,17079900,63119246139565768704
2020-07-23,48245.56,824043820416,803924411095,450.00,17080200,63081199979184078848
2020-07-24,48020.63,820216298664,803995503567,450.00,17080500,63047023612335054848
2020-07-25,47797.39,816417647840,804053052935,450.00,17080800,63016335720644534272
2020-07-26,47576.55,812659783486,804097249115,450.00,17081100,62988723562358784000
2020-07-27,47358.78,808954186418,804128321545,450.00,17081400,62963746746137780224
2020-07-28,47144.71,805311810599,804146537203,450.00,17081700,62940941213131718656
2020-07-29,46934.96,801742995951,804152198326,450.00,17082000,62919823386139205632
2020-07-30,46730.09,798257386803,804145639856,450.00,17082300,62899894444145008640
2020-07-31,46530.61,794863856622,804127226622,450.00,17082600,62880644680602091520
2020-08-01,46337.01,791570439621,804097350306,450.00,17082900,62861557904411525120
2020-08-02,46149.68,788384269782,804056426192,450.00,17083200,62842115843610935296
2020-08-03,45969.01,785311527748,804004889753,450.00,17083500,62821802513250410496
2020-08-04,45795.28,782357395997,803943193081,450.00,17083800,62800108510746935296
2020-08-05,45628.74,779526022605,803871801213,450.00,17084100,62776535204103176192
2020-08-06,45469.58,776820493869,803791188371,450.00,17084400,62750598780688736256
2020-08-07,45317.91,774242815942,803701834143,450.00,17084700,62721834126748991488
2020-08-08,45173.77,771793905603,803604219658,450.00,17085000,62689798510376034304
2020-08-09,45037.17,769473590168,803498823765,450.00,17085300,62654075043292831744
2020-08-10,44908.03,767280616481,803386119258,450.00,17085600,62614275899423522816
2020-08-11,44786.21,765212668878,803266569182,450.00,17085900,62570045270812172288
2020-08-12,44671.51,763266395886,803140623237,450.00,17086200,62521062043979677696
2020-08-13,44563.69,761437445403,803008714325,450.00,17086500,62467042182249431040
2020-08-14,44462.42,759720508004,802871255260,450.00,17086800,62407740801913446400
2020-08-15,44367.35,758109367956,802728635659,450.00,17087100,62342953932342878208
2020-08-16,44278.06,756596961467,802581219062,450.00,17087400,62272519952263602176
2020-08-17,44194.10,755175441646,802429340279,450.00,17087700,62196320696427323392
2020-08-18,44114.95,753836249571,802273302995,450.00,17088000,62114282228811833344
2020-08-19,44040.09,752570190848,802113377660,450.00,17088300,62026375280296787968
2020-08-20,43968.93,751367516975,801949799660,450.00,17088600,61932615350494339072
2020-08-21,43900.90,750218010804,801782767805,450.00,17088900,61833062475083988992
2020-08-22,43835.35,749111075361,801612443118,450.00,17089200,61727820661626494976
2020-08-23,43771.66,748035825251,801438947966,450.00,17089500,61617036998429818880
2020-08-24,43709.18,746981179886,801262365508,450.00,17089800,61500900442629267456
2020-08-25,43647.26,745935957722,801082739475,450.00,17090100,61379640295242366976
2020-08-26,43585.23,744888970728,800900074291,450.00,17090400,61253524372580966400
2020-08-27,43522.45,743829118286,800714335511,450.00,17090700,61122856885063516160
2020-08-28,43458.28,742745479747,800525450586,450.00,17091000,60987976036179066880
2020-08-29,43392.10,741627404876,800333309947,450.00,17091300,60849251356118663168
2020-08-30,43323.31,740464601446,800137768382,450.00,17091600,60707080786411692032
2020-08-31,43251.32,739247219261,799938646708,450.00,17091900,60561887533783277568
2020-09-01,43175.60,737965929940,799735733719,450.00,17092200,60414116713374285824
2020-09-02,43095.63,736612001825,799528788383,450.00,17092500,60264231803426693120
2020-09-03,43010.94,735177369399,799317542277,450.00,17092800,60112710935513587712
2020-09-04,42921.10,733654696706,799101702237,450.00,17093100,59960043046358671360
2020-09-05,42825.74,732037434248,798880953199,450.00,17093400,59806723919213174784
2020-09-06,42724.50,730319868954,798654961198,450.00,17093700,59653252144602923008
2020-09-07,42617.13,728497166840,798423376514,450.00,17094000,59500125031976845312
2020-09-08,42503.37,726565408051,798185836926,450.00,17094300,59347834505340092416
2020-09-09,42383.07,724521614055,797941971047,450.00,17094600,59196863017282060288
2020-09-10,42256.10,722363766803,797691401725,450.00,17094900,59047679516865929216
2020-09-11,42122.40,720090819759,797433749453,450.00,17095200,58900735507574374400
2020-09-12,41981.97,717702700758,797168635798,450.00,17095500,58756461231857811456
2020-09-13,41834.85,715200306736,796895686780,450.00,17095800,58615262018758205440
2020-09-14,41681.17,712585490412,796614536210,450.00,17096100,58477514830545649664
2020-09-15,41521.08,709861039108,796324828925,450.00,17096400,58343565043268255744
2020-09-16,41354.80,707030645930,796026223930,450.00,17096700,58213723494564003840
2020-09-17,41182.60,704098873602,795718397384,450.00,17097000,58088263830000287744
2020-09-18,41004.79,701071111307,795401045436,450.00,17097300,57967420176600645632
2020-09-19,40821.72,697953524951,795073886874,450.00,17097600,57851385169106518016
2020-09-20,40633.82,694753001300,794736665570,450.00,17097900,57740308350938054656
2020-09-21,40441.51,691477086502,794389152698,450.00,17098200,57634294967814193152
2020-09-22,40245.28,688133919553,794031148718,450.00,17098500,57533405167626297344
2020-09-23,40045.63,684732161287,793662485094,450.00,17098800,57437653615513649152
2020-09-24,39843.09,681280919524,793283025758,450.00,17099100,57347009528242798592
2020-09-25,39638.21,677789671014,792892668282,450.00,17099400,57261397127044022272
2020-09-26,39431.58,674268180868,792491344774,450.00,17099700,57180696503103471616
2020-09-27,39223.77,670726420143,792079022476,450.00,17100000,57104744885045174272
2020-09-28,39015.37,667174482302,791655704072,450.00,17100300,57033338293065220096
2020-09-29,38806.97,663622499242,791221427699,450.00,17100600,56966233559985332224
2020-09-30,38599.17,660080557589,790776266662,450.00,17100900,56903150695461404672
2020-10-01,38392.55,656558615970,790320328868,450.00,17101200,56843775565981581312
2020-10-02,38187.67,653066423923,789853755972,450.00,17101500,56787762860177293312
2020-10-03,37985.09,649613443130,789376722249,450.00,17101800,56734739306389037056
2020-10-04,37785.35,646208771594,788889433214,450.00,17102100,56684307107403644928
2020-10-05,37588.94,642861071381,788392123979,450.00,17102400,56636047555822141440
2020-10-06,37396.35,639578500501,787885057393,450.00,17102700,56589524792621047808
2020-10-07,37208.01,636368649456,787368521957,450.00,17103000,56544289671116455936
2020-10-08,37024.35,633238482962,786842829541,450.00,17103300,56499883688699625472
2020-10-09,36845.71,630194287282,786308312934,450.00,17103600,56455842949342535680
2020-10-10,36672.43,627241623576,785765323229,450.00,17103900,56411702120921538560
2020-10-11,36504.79,624385287596,785214227080,450.00,17104200,56366998352826327040
2020-10-12,36343.03,621629276036,784655403853,450.00,17104500,56321275121044324352
2020-10-13,36187.31,618976759753,784089242694,450.00,17104800,56274085969886887936
2020-10-14,36037.79,616430064030,783516139528,450.00,17105100,56224998121686294528
2020-10-15,35894.55,613990656004,782936494038,450.00,17105400,56173595928091680768
2020-10-16,35757.62,611659139305,782350706628,450.00,17105700,56119484138975305728
2020-10-17,35626.99,609435255884,781759175405,450.00,17106000,56062290967377494016
2020-10-18,35502.59,607317894989,781162293200,450.00,17106300,56001670931335168000
2020-10-19,35384.30,605305109135,780560444662,450.00,17106600,55937307455815655424
2020-10-20,35271.97,603394136895,779954003433,450.00,17106900,55868915220291305472
2020-10-21,35165.39,601581432268,779343329446,450.00,17107200,55796242239718744064
2020-10-22,35064.31,599862700338,778728766345,450.00,17107500,55719071668815159296
2020-10-23,34968.43,598232938867,778110639072,450.00,17107800,55637223321547276288
2020-10-24,34877.43,596686485445,777489251618,450.00,17108100,55550554899660455936
2020-10-25,34790.93,595217069750,776864884967,450.00,17108400,55458962925880958976
2020-10-26,34708.53,593817870465,776237795254,450.00,17108700,55362383379128557568
2020-10-27,34629.82,592481576318,775608212131,450.00,17109000,55260792030689705984
2020-10-28,34554.33,591200450730,774976337369,450.00,17109300,55154204481836769280
2020-10-29,34481.60,589966399493,774342343712,450.00,17109600,55042675904849092608
2020-10-30,34411.13,588771040900,773706373963,450.00,17109900,54926300490814226432
2020-10-31,34342.43,587605777723,773068540337,450.00,17110200,54805210608981311488
2020-11-01,34274.97,586461870425,772428924072,450.00,17110500,54679575683812368384
2020-11-02,34208.25,585330510995,771787575295,450.00,17110800,54549600797257809920
2020-11-03,34141.75,584202896783,771144513146,450.00,17111100,54415525025173307392
2020-11-04,34074.96,583070303728,770499726168,450.00,17111400,54277619518216511488
2020-11-05,34007.38,581924158368,769853172934,450.00,17111700,54136185339020673024
2020-11-06,33938.53,580756108051,769204782929,450.00,17112000,53991551068942655488
2020-11-07,33867.92,579558088774,768554457658,450.00,17112300,53844070199233126400
2020-11-08,33795.12,578322390111,767902071983,450.00,17112600,53694118323069804544
2020-11-09,33719.69,577041716706,767247475669,450.00,17112900,53542090146528165888
2020-11-10,33641.24,575709245853,766590495124,450.00,17113200,53388396338225528832
2020-11-11,33559.39,574318680717,765930935321,450.00,17113500,53233460239046385664
2020-11-12,33473.82,572864298783,765268581884,450.00,17113800,53077714455020142592
2020-11-13,33384.23,571340995172,764603203317,450.00,17114100,52921597358045282304
2020-11-14,33290.35,569744320506,763934553356,450.00,17114400,52765549520708763648
2020-11-15,33191.96,568070513045,763262373430,450.00,17114700,52610010112896491520
2020-11-16,33088.90,566316524884,762586395200,450.00,17115000,52455413289187811328
2020-11-17,32981.02,564480042025,761906343163,450.00,17115300,52302184597134884864
2020-11-18,32868.23,562559498219,761221937292,450.00,17115600,52150737437396295680
2020-11-19,32750.49,560554082507,760532895700,450.00,17115900,52001469607280271360
2020-11-20,32627.79,558463740440,759838937288,450.00,17116200,51854759959513260032
2020-11-21,32500.17,556289169034,759139784378,450.00,17116500,51710965207940808704
2020-11-22,32367.72,554031805527,758435165286,450.00,17116800,51570416911357820928
2020-11-23,32230.57,551693810105,757724816838,450.00,17117100,51433418665724682240
2020-11-24,32088.87,549278042768,757008486786,450.00,17117400,51300243533634314240
2020-11-25,31942.84,546788034587,756285936119,450.00,17117700,51171131738048372736
2020-11-26,31792.73,544227953620,755556941244,450.00,17118000,51046288645018107904
2020-11-27,31638.81,541602565828,754821296032,450.00,17118300,50925883057366990848
2020-11-28,31481.38,538917191340,754078813688,450.00,17118600,50810045838164074496
2020-11-29,31320.80,536177656470,753329328464,450.00,17118900,50698868879306457088
2020-11-30,31157.43,533390241923,752572697168,450.00,17119200,50592404426707771392
2020-12-01,30991.65,530561627636,751808800487,450.00,17119500,50490664769523351552
2020-12-02,30823.89,527698834753,751037544101,450.00,17119800,50393622296609406976
2020-12-03,30654.56,524809165214,750258859570,450.00,17120100,50301209919091564544
2020-12-04,30484.11,521900139506,749472705018,450.00,17120400,50213321853593952256
2020-12-05,30312.98,518979433083,748679065577,450.00,17120700,50129814756441350144
2020-12-06,30141.63,516054811991,747877953613,450.00,17121000,50050509195074535424
2020-12-07,29970.51,513134068258,747069408721,450.00,17121300,49975191439096856576
2020-12-08,29800.07,510224955562,746253497495,450.00,17121600,49903615549865099264
2020-12-09,29630.77,507335125717,745430313079,450.00,17121900,49835505744413097984
2020-12-10,29463.04,504472066495,744599974500,450.00,17122200,49770559006804762624
2020-12-11,29297.30,501643041287,743762625792,450.00,17122500,49708447917783252992
2020-12-12,29133.96,498855031088,742918434922,450.00,17122800,49648823671847165952
2020-12-13,28973.41,496114679265,742067592522,450.00,17123100,49591319249642184704
2020-12-14,28816.02,493428239537,741210310449,450.00,17123400,49535552712810930176
2020-12-15,28662.12,490801527592,740346820178,450.00,17123700,49481130588172533760
2020-12-16,28512.02,488239876680,739477371042,450.00,17124000,49427651308281856000
2020-12-17,28366.01,485748097546,738602228347,450.00,17124300,49374708676009107456
2020-12-18,28224.33,483330442984,737721671356,450.00,17124600,49321895321740525568
2020-12-19,28087.21,480990577271,736835991186,450.00,17124900,49268806123079311360
2020-12-20,27954.80,478731550695,735945488617,450.00,17125200,49215041558475227136
2020-12-21,27827.26,476555779349,735050471836,450.00,17125500,49160210967975190528
2020-12-22,27704.69,474465030311,734151254144,450.00,17125800,49103935696216145920
2020-12-23,27587.16,472460412292,733248151629,450.00,17126100,49045852094826446848
2020-12-24,27474.68,470542371788,732341480843,450.00,17126400,48985614363514773504
2020-12-25,27367.25,468710694721,731431556483,450.00,17126700,48922897211270971392
2020-12-26,27264.82,466964513506,730518689118,450.00,17127000,48857398321237123072
2020-12-27,27167.29,465302319459,729603182952,450.00,17127300,48788840604908789760
2020-12-28,27074.55,463721980381,728685333667,450.00,17127600,48716974233364283392
2020-12-29,26986.42,462220763144,727765426351,450.00,17127900,48641578435181010944
2020-12-30,26902.73,460795361051,726843733525,450.00,17128200,48562463052567470080
2020-12-31,26823.24,459441925704,725920513290,450.00,17128500,48479469849010266112
2021-01-01,26747.71,458156103080,724996007612,450.00,17128800,48392473563406712832
2021-01-02,26675.84,456933073489,724070440742,450.00,17129100,48301382707226583040
2021-01-03,26607.33,455767595049,723144017807,450.00,17129400,48206140102724894720
2021-01-04,26541.86,454654050290,722216923556,450.00,17129700,48106723161624387584
2021-01-05,26479.07,453586495488,721289321292,450.00,17130000,48003143905008214016
2021-01-06,26418.61,452558712284,720361351985,450.00,17130300,47895448726426263552
2021-01-07,26360.10,451564261163,719433133577,450.00,17130600,47783717901435043840
2021-01-08,26303.14,450596536320,718504760478,450.00,17130900,47668064847975530496
2021-01-09,26247.36,449648821464,717576303262,450.00,17131200,47548635143163723776
2021-01-10,26192.36,448714346084,716647808561,450.00,17131500,47425605303232094208
2021-01-11,26137.73,447786341712,715719299154,450.00,17131800,47299181334537789440
2021-01-12,26083.09,446858097724,714790774255,450.00,17132100,47169597064749858816
2021-01-13,26028.05,445923016217,713862209986,450.00,17132400,47037112264554528768
2021-01-14,25972.24,444974665515,712933560043,450.00,17132700,46902010571482152960
2021-01-15,25915.30,444006831895,712004756536,450.00,17133000,46764597228760825856
2021-01-16,25856.87,443013569085,711075710996,450.00,17133300,46625196653443710976
2021-01-17,25796.64,441989245184,710146315554,450.00,17133600,46484149849432203264
2021-01-18,25734.28,440928586608,709216444258,450.00,17133900,46341811682415599616
2021-01-19,25669.52,439826718741,708285954532,450.00,17134200,46198548035159744512
2021-01-20,25602.10,438679202978,707354688764,450.00,17134500,46054732862979661824
2021-01-21,25531.79,437482069880,706422475996,450.00,17134800,45910745170604736512
2021-01-22,25458.38,436231848207,705489133717,450.00,17135100,45766965932959817728
2021-01-23,25381.70,434925589620,704554469731,450.00,17135400,45623774983612260352
2021-01-24,25301.62,433560888875,703618284094,450.00,17135700,45481547895738064896
2021-01-25,25218.01,432135899400,702680371096,450.00,17136000,45340652881400963072
2021-01-26,25130.82,430649344136,701740521272,450.00,17136300,45201447735680770048
2021-01-27,25040.00,429100521613,700798523434,450.00,17136600,45064276852690370560
2021-01-28,24945.54,427489307242,699854166689,450.00,17136900,44929468340746584064
2021-01-29,24847.48,425816149843,698907242455,450.00,17137200,44797331263875702784
2021-01-30,24745.85,424082063489,697957546421,450.00,17137500,44668153036406439936
2021-01-31,24640.77,422288614758,697004880472,450.00,17137800,44542196996609384448
2021-02-01,24532.35,420437905543,696049054540,450.00,17138100,44419700184164982784
2021-02-02,24420.75,418532551593,695089888374,450.00,17138400,44300871344672145408
2021-02-03,24306.14,416575656989,694127213216,450.00,17138700,44185889182453874688
2021-02-04,24188.74,414570784817,693160873363,450.00,17139000,44074900880581312512
2021-02-05,24068.77,412521924281,692190727621,450.00,17139300,43968020904355905536
2021-02-06,23946.50,410433454576,691216650612,450.00,17139600,43865330101489172480
2021-02-07,23822.20,408310105838,690238533950,450.00,17139900,43766875108953473024
2021-02-08,23696.16,406156917509,689256287267,450.00,17140200,43672668072998297600
2021-02-09,23568.69,403979194485,688269839073,450.00,17140500,43582686685197180928
2021-02-10,23440.12,401782461423,687279137468,450.00,17140800,43496874533684912128
2021-02-11,23310.78,399572415599,686284150669,450.00,17141100,43415141765031100416
2021-02-12,23181.00,397354878708,685284867381,450.00,17141400,43337366048551501824
2021-02-13,23051.14,395135748018,684281296991,450.00,17141700,43263393831354859520
2021-02-14,22921.53,392920947286,683273469583,450.00,17142000,43193041869128810496
2021-02-15,22792.53,390716377824,682261435793,450.00,17142300,43126099014643466240
2021-02-16,22664.47,388527870139,681245266486,450.00,17142600,43062328243253878784
2021-02-17,22537.68,386361136522,680225052276,450.00,17142900,43001468892348809216
2021-02-18,22412.49,384221724971,679200902875,450.00,17143200,42943239089763926016
2021-02-19,22289.20,382114974819,678172946305,450.00,17143500,42887338344663121920
2021-02-20,22168.13,380045974419,677141327948,450.00,17143800,42833450273309745152
2021-02-21,22049.54,378019521211,676106209473,450.00,17144100,42781245431489855488
2021-02-22,21933.70,376040084479,675067767628,450.00,17144400,42730384225101799424
2021-02-23,21820.84,374111771093,674026192919,450.00,17144700,42680519870566957056
2021-02-24,21711.19,372238294482,672981688185,450.00,17145000,42631301377212710912
2021-02-25,21604.93,370422947072,671934467084,450.00,17145300,42582376524594675712
2021-02-26,21502.23,368668576388,670884752494,450.00,17145600,42533394808819499008
2021-02-27,21403.23,366977564990,669832774858,450.00,17145900,42484010333255065600
2021-02-28,21308.03,365351814366,668778770470,450.00,17146200,42433884620531245056
2021-03-01,21216.73,363792732905,667722979730,450.00,17146500,42382689324391022592
2021-03-02,21129.38,362301227988,666665645379,450.00,17146800,42330108821712281600
2021-03-03,21045.99,360877702259,665607010720,450.00,17147100,42275842666839089152
2021-03-04,20966.56,359522054056,664547317854,450.00,17147400,42219607892208025600
2021-03-05,20891.06,358233681968,663486805933,450.00,17147700,42161141141095145472
2021-03-06,20819.42,357011493458,662425709452,450.00,17148000,42100200620116959232
2021-03-07,20751.56,355853917440,661364256592,450.00,17148300,42036567860875788288
2021-03-08,20687.34,354758920681,660302667621,450.00,17148600,41970049281827151872
2021-03-09,20626.63,353724027869,659241153379,450.00,17148900,41900477543054540800
2021-03-10,20569.26,352746345145,658179913841,450.00,17149200,41827712688160178176
2021-03-11,20515.03,351822586886,657119136787,450.00,17149500,41751643068914122752
2021-03-12,20463.74,350949105493,656058996575,450.00,17149800,41672186049652342784
2021-03-13,20415.15,350121923922,654999653037,450.00,17150100,41589288489681305600
2021-03-14,20369.02,349336770662,653941250500,450.00,17150400,41502927003137769472
2021-03-15,20325.07,348589116867,652883916935,450.00,17150700,41413107996881772544
2021-03-16,20283.03,347874215304,651827763252,450.00,17151000,41319867488073474048
2021-03-17,20242.61,347187140808,650772882738,450.00,17151300,41223270704118988800
2021-03-18,20203.53,346522831886,649719350640,450.00,17151600,41123411468674318336
2021-03-19,20165.47,345876133118,648667223896,450.00,17151900,41020411378385575936
2021-03-20,20128.14,345241838019,647616541027,450.00,17152200,40914418776030273536
2021-03-21,20091.22,344614731996,646567322167,450.00,17152500,40805607526716866560
2021-03-22,20054.43,343989635040,645519569249,450.00,17152800,40694175604812513280
2021-03-23,20017.46,343361443838,644473266339,450.00,17153100,40580343500306522112
2021-03-24,19980.01,342725172918,643428380109,450.00,17153400,40464352454385909760
2021-03-25,19941.82,342075994548,642384860450,450.00,17153700,40346462535104258048
2021-03-26,19902.60,341409277029,641342641216,450.00,17154000,40226950565164007424
2021-03-27,19862.11,340720621115,640301641095,450.00,17154300,40106107915001856000
2021-03-28,19820.10,340005894251,639261764592,450.00,17154600,39984238175562366976
2021-03-29,19776.35,339261262382,638222903130,450.00,17154900,39861654726349914112
2021-03-30,19730.65,338483219089,637184936232,450.00,17155200,39738678215556087808
2021-03-31,19682.82,337668611820,636147732811,450.00,17155500,39615633970240421888
2021-04-01,19632.70,336814665046,635111152519,450.00,17155800,39492849355682897920
2021-04-02,19580.15,335919000154,634075047175,450.00,17156100,39370651104092676096
2021-04-03,19525.05,334979651959,633039262233,450.00,17156400,39249362633825411072
2021-04-04,19467.33,333995081701,632003638300,450.00,17156700,39129301381095628800
2021-04-05,19406.90,332964186473,630968012679,450.00,17157000,39010776166839402496
2021-04-06,19343.74,331886305010,629932220926,450.00,17157300,38894084621851779072
2021-04-07,19277.83,330761219823,628896098405,450.00,17157600,38779510693561401344
2021-04-08,19209.18,329589155700,627859481844,450.00,17157900,38667322257777868800
2021-04-09,19137.83,328370774584,626822210854,450.00,17158200,38557768858433208320
2021-04-10,19063.86,327107166936,625784129421,450.00,17158500,38451079597711032320
2021-04-11,18987.33,325799839635,624745087351,450.00,17158800,38347461198002126848
2021-04-12,18908.38,324450700580,623704941648,450.00,17159100,38247096255836192768
2021-04-13,18827.12,323062040111,622663557831,450.00,17159400,38150141706313367552
2021-04-14,18743.71,321636509443,621620811168,450.00,17159700,38056727514611621888
2021-04-15,18658.34,320177096303,620576587815,450.00,17160000,37966955608889925632
2021-04-16,18571.18,318687097991,619530785870,450.00,17160300,37880899066378346496
2021-04-17,18482.46,317170092096,618483316302,450.00,17160600,37798601561678938112
2021-04-18,18392.39,315629905138,617434103788,450.00,17160900,37720077083343413248
2021-04-19,18301.20,314070579388,616383087411,450.00,17161200,37645309921701232640
2021-04-20,18209.15,312496338163,615330221250,450.00,17161500,37574254927739510784
2021-04-21,18116.49,310911549883,614275474833,450.00,17161800,37506838039651246080
2021-04-22,18023.48,309320691194,613218833463,450.00,17162100,37442957070531534848
2021-04-23,17930.38,307728309464,612160298408,450.00,17162400,37382482747674607616
2021-04-24,17837.46,306138984958,611099886966,450.00,17162700,37325259991070367744
2021-04-25,17744.99,304557293010,610037632384,450.00,17163000,37271109416067883008
2021-04-26,17653.23,302987766495,608973583662,450.00,17163300,37219829042813476864
2021-04-27,17562.45,301434858902,607907805214,450.00,17163600,37171196193022074880
2021-04-28,17472.89,299902908314,606840376416,450.00,17163900,37124969552929021952
2021-04-29,17384.80,298396102570,605771391021,450.00,17164200,37080891379916152832
2021-04-30,17298.40,296918445892,604700956473,450.00,17164500,37038689829318213632
2021-05-01,17213.93,295473727242,603629193103,450.00,17164800,36998081377292623872
2021-05-02,17131.59,294065490642,602556233226,450.00,17165100,36958773315366748160
2021-05-03,17051.57,292697007698,601482220148,450.00,17165400,36920466292341850112
2021-05-04,16974.04,291371252531,600407307084,450.00,17165700,36882856879609155584
2021-05-05,16899.15,290090879299,599331656007,450.00,17166000,36845640136585093120
2021-05-06,16827.05,288858202482,598255436424,450.00,17166300,36808512153869561856
2021-05-07,16757.84,287675180073,597178824106,450.00,17166600,36771172552831016960
2021-05-08,16691.62,286543399778,596101999770,450.00,17166900,36733326921588367360
2021-05-09,16628.46,285464068336,595025147724,450.00,17167200,36694689168755494912
2021-05-10,16568.40,284438004009,593948454502,450.00,17167500,36654983777798062080
2021-05-11,16511.47,283465632295,592872107475,450.00,17167800,36613947946396291072
2021-05-12,16457.67,282546984866,591796293473,450.00,17168100,36571333596774215680
2021-05-13,16406.99,281681701723,590721197416,450.00,17168400,36526909244523524096
2021-05-14,16359.37,280869036533,589647000966,450.00,17168700,36480461714993029120
2021-05-15,16314.75,280107865077,588573881219,450.00,17169000,36431797697814249472
2021-05-16,16273.04,279396696719,587502009437,450.00,17169300,36380745131577397248
2021-05-17,16234.14,278733688795,586431549837,450.00,17169600,36327154412048822272
2021-05-18,16197.92,278116663769,585362658440,450.00,17169900,36270899418624659456
2021-05-19,16164.23,277543129011,584295482002,450.00,17170200,36211878354945257472
2021-05-20,16132.92,277010299013,583230157018,450.00,17170500,36150014400750546944
2021-05-21,16103.80,276515119850,582166808819,450.00,17170800,36085256173141987328
2021-05-22,16076.68,276054295671,581105550763,450.00,17171100,36017577996440076288
2021-05-23,16051.36,275624316991,580046483532,450.00,17171400,35946979980791615488
2021-05-24,16027.62,275221490543,578989694528,450.00,17171700,35873487910604095488
2021-05-25,16005.24,274841970444,577935257391,450.00,17172000,35797152944768516096
2021-05-26,15983.99,274481790399,576883231620,450.00,17172300,35718051131495071744
2021-05-27,15963.62,274136896689,575833662322,450.00,17172600,35636282741434040320
2021-05-28,15943.91,273803181665,574786580066,450.00,17172900,35551971423601332224
2021-05-29,15924.61,273476517470,573742000871,450.00,17173200,35465263189482938368
2021-05-30,15905.48,273152789720,572699926297,450.00,17173500,35376325231563554816
2021-05-31,15886.29,272827930862,571660343664,450.00,17173800,35285344583421046784
2021-06-01,15866.80,272497952951,570623226377,450.00,17174100,35192526629454061568
2021-06-02,15846.78,272158979578,569588534366,450.00,17174400,35098093473267761152
2021-06-03,15826.03,271807276688,568556214633,450.00,17174700,35002282174735122432
2021-06-04,15804.33,271439282064,567526201896,450.00,17175000,34905342866773368832
2021-06-05,15781.48,271051633226,566498419331,450.00,17175300,34807536763922124800
2021-06-06,15757.31,270641193536,565472779404,450.00,17175600,34709134075874447360
2021-06-07,15731.64,270205076315,564449184783,450.00,17175900,34610411840176898048
2021-06-08,15704.33,269740666776,563427529322,450.00,17176200,34511651689370918912
2021-06-09,15675.23,269245641620,562407699113,450.00,17176500,34413137568867106816
2021-06-10,15644.24,268717986141,561389573595,450.00,17176800,34315153422811717632
2021-06-11,15611.25,268156008719,560373026705,450.00,17177100,34217980866090102784
2021-06-12,15576.18,267558352607,559357928070,450.00,17177400,34121896861388640256
2021-06-13,15538.98,266924004917,558344144226,450.00,17177700,34027171420877606912
2021-06-14,15499.61,266252302765,557331539855,450.00,17178000,33934065352549814272
2021-06-15,15458.05,265542936528,556319979025,450.00,17178300,33842828071526670336
2021-06-16,15414.29,264795950217,555309326433,450.00,17178600,33753695496696918016
2021-06-17,15368.37,264011738966,554299448628,450.00,17178900,33666888052857802752
2021-06-18,15320.33,263191043687,553290215220,450.00,17179200,33582608798064754688
2021-06-19,15270.23,262334942943,552281500044,450.00,17179500,33501041695148654592
2021-06-20,15218.15,261444842119,551273182298,450.00,17179800,33422350045318832128
2021-06-21,15164.20,260522460008,550265147613,450.00,17180100,33346675100437352448
2021-06-22,15108.48,259569812912,549257289076,450.00,17180400,33274134868928765952
2021-06-23,15051.14,258589196428,548249508181,450.00,17180700,33204823128397975552
2021-06-24,14992.33,257583165060,547241715707,450.00,17181000,33138808655887818752
2021-06-25,14932.19,256554509838,546233832512,450.00,17181300,33076134684352638976
2021-06-26,14870.92,255506234148,545225790239,450.00,17181600,33016818591390511104
2021-06-27,14808.70,254441527960,544217531938,450.00,17181900,32960851823612669952
2021-06-28,14745.71,253363740692,543209012577,450.00,17182200,32908200057284009984
2021-06-29,14682.17,252276352916,542200199463,450.00,17182500,32858803593097220096
2021-06-30,14618.28,251182947164,541191072559,450.00,17182800,32812577980199620608
2021-07-01,14554.25,250087178055,540181624686,450.00,17183100,32769414861932892160
2021-07-02,14490.31,248992742001,539171861627,450.00,17183400,32729183033220706304
2021-07-03,14426.66,247903346736,538161802123,450.00,17183700,32691729697199943680
2021-07-04,14363.52,246822680915,537151477762,450.00,17184000,32656881906575474688
2021-07-05,14301.10,245754384031,536140932757,450.00,17184300,32624448173325049856
2021-07-06,14239.61,244702016885,535130223631,450.00,17184600,32594220228815060992
2021-07-07,14179.25,243669032855,534119418797,450.00,17184900,32565974915127427072
2021-07-08,14120.22,242658750186,533108598044,450.00,17185200,32539476187454001152
2021-07-09,14062.69,241674325522,532097851931,450.00,17185500,32514477206785556480
2021-07-10,14006.84,240718728882,531087281098,450.00,17185800,32490722501803200512
2021-07-11,13952.83,239794720286,530076995491,450.00,17186100,32467950178853761024
2021-07-12,13900.81,238904828203,529067113527,450.00,17186400,32445894159136645120
2021-07-13,13850.90,238051329985,528057761178,450.00,17186700,32424286422723301376
2021-07-14,13803.24,237236234445,527049071011,450.00,17187000,32402859239740145664
2021-07-15,13757.91,236461266694,526041181166,450.00,17187300,32381347369939533824
2021-07-16,13715.00,235727855365,525034234306,450.00,17187600,32359490212929835008
2021-07-17,13674.57,235037122300,524028376520,450.00,17187900,32337033892498153472
2021-07-18,13636.67,234389874782,523023756215,450.00,17188200,32313733259709890560
2021-07-19,13601.34,233786600358,522020522989,450.00,17188500,32289353800773922816
2021-07-20,13568.57,233227464277,521018826496,450.00,17188800,32263673436996489216
2021-07-21,13538.36,232712309565,520018815319,450.00,17189100,32236484205486006272
2021-07-22,13510.69,232240659706,519020635856,450.00,17189400,32207593810592948224
2021-07-23,13485.50,231811723907,518024431228,450.00,17189700,32176827037360050176
2021-07-24,13462.73,231424404890,517030340217,450.00,17190000,32144027019502284800
2021-07-25,13442.31,231077309130,516038496244,450.00,17190300,32109056355626557440
2021-07-26,13424.12,230768759452,515049026395,450.00,17190600,32071798068531347456
2021-07-27,13408.07,230496809870,514062050504,450.00,17190900,32032156403493400576
2021-07-28,13394.02,230259262538,513077680292,450.00,17191200,31990057462454333440
2021-07-29,13381.83,230053686665,512096018587,450.00,17191500,31945449671966347264
2021-07-30,13371.34,229877439237,511117158606,450.00,17191800,31898304083648258048
2021-07-31,13362.40,229727687369,510141183326,450.00,17192100,31848614506749038592
2021-08-01,13354.82,229601432085,509168164940,450.00,17192400,31796397473222860800
2021-08-02,13348.43,229495533356,508198164399,450.00,17192700,31741692036497448960
2021-08-03,13343.03,229406736159,507231231048,450.00,17193000,31684559405875339264
2021-08-04,13338.43,229331697360,506267402361,450.00,17193300,31625082419256455168
2021-08-05,13334.44,229267013192,505306703768,450.00,17193600,31563364857618948096
2021-08-06,13330.85,229209247111,504349148580,450.00,17193900,31499530605452775424
2021-08-07,13327.46,229154957792,503394738021,450.00,17194200,31433722662116548608
2021-08-08,13324.07,229100727050,502443461345,450.00,17194500,31366102009886863360
2021-08-09,13320.49,229043187453,501495296056,450.00,17194800,31296846345299320832
2021-08-10,13316.53,228979049411,500550208225,450.00,17195100,31226148681241776128
2021-08-11,13312.00,228905127516,499608152892,450.00,17195400,31154215828156329984
2021-08-12,13306.72,228818365940,498669074557,450.00,17195700,31081266763633807360
2021-08-13,13300.53,228715862668,497732907757,450.00,17196000,31007530900639973376
2021-08-14,13293.26,228594892390,496799577718,450.00,17196300,30933246265587220480
2021-08-15,13284.77,228452927876,495869001083,450.00,17196600,30858657598449934336
2021-08-16,13274.93,228287659652,494941086699,450.00,17196900,30784014388101234688
2021-08-17,13263.61,228097013836,494015736473,450.00,17197200,30709568857006354432
2021-08-18,13250.71,227879168002,493092846277,450.00,17197500,30635573910323691520
2021-08-19,13236.14,227632564939,492172306893,450.00,17197800,30562281065316581376
2021-08-20,13219.83,227355924208,491254005004,450.00,17198100,30489938377740861440
2021-08-21,13201.71,227048251421,490337824204,450.00,17198400,30418788382520782848
2021-08-22,13181.74,226708845160,489423646041,450.00,17198700,30349066066530607104
2021-08-23,13159.91,226337301501,488511351059,450.00,17199000,30280996891635249152
2021-08-24,13136.20,225933516112,487600819855,450.00,17199300,30214794886284468224
2021-08-25,13110.64,225497683922,486691934124,450.00,17199600,30150660823879036928
2021-08-26,13083.23,225030296356,485784577690,450.00,17199900,30088780505812373504
2021-08-27,13054.04,224532136197,484878637525,450.00,17200200,30029323166525128704
2021-08-28,13023.13,224004270090,483974004727,450.00,17200500,29972440017079713792
2021-08-29,12990.56,223448038790,483070575464,450.00,17200800,29918262942666592256
2021-08-30,12956.44,222865045217,482168251877,450.00,17201100,29866903368096669696
2021-08-31,12920.88,222257140435,481266942928,450.00,17201400,29818451303725867008
2021-09-01,12883.98,221626407668,480366565185,450.00,17201700,29772974582418857984
2021-09-02,12845.90,220975144497,479467043549,450.00,17202000,29730518296113840128
2021-09-03,12806.77,220305843377,478568311907,450.00,17202300,29691104438335008768
2021-09-04,12766.74,219621170653,477670313707,450.00,17202600,29654731756650991616
2021-09-05,12725.99,218923944225,476773002458,450.00,17202900,29621375816641527808
2021-09-06,12684.68,218217110076,475876342141,450.00,17203200,29590989276458717184
2021-09-07,12642.99,217503717831,474980307535,450.00,17203500,29563502368601886720
2021-09-08,12601.11,216786895557,474084884458,450.00,17203800,29538823583115812864
2021-09-09,12559.21,216069824023,473190069908,450.00,17204100,29516840544119332864
2021-09-10,12517.48,215355710593,472295872119,450.00,17204400,29497421069417447424
2021-09-11,12476.11,214647763011,471402310524,450.00,17204700,29480414400986726400
2021-09-12,12435.29,213949163249,470509415626,450.00,17205000,29465652592381874176
2021-09-13,12395.19,213263041650,469617228777,450.00,17205300,29452952037618479104
2021-09-14,12356.00,212592451569,468725801872,450.00,17205600,29442115124861423616
2021-09-15,12317.89,211940344713,467835196957,450.00,17205900,29432931997300404224
2021-09-16,12281.01,211309547378,466945485751,450.00,17206200,29425182402926874624
2021-09-17,12245.53,210702737774,466056749102,450.00,17206500,29418637614535127040
2021-09-18,12211.59,210122424607,465169076352,450.00,17206800,29413062401143885824
2021-09-19,12179.33,209570927107,464282564651,450.00,17207100,29408217032155635712
2021-09-20,12148.86,209050356633,463397318202,450.00,17207400,29403859295917277184
2021-09-21,12120.31,208562600025,462513447448,450.00,17207700,29399746514892697600
2021-09-22,12093.75,208109304812,461631068211,450.00,17208000,29395637540376436736
2021-09-23,12069.28,207691866396,460750300799,450.00,17208300,29391294710539374592
2021-09-24,12046.97,207311417320,459871269059,450.00,17208600,29386485756573409280
2021-09-25,12026.85,206968818683,458994099425,450.00,17208900,29380985642761441280
2021-09-26,12008.96,206664653777,458118919931,450.00,17209200,29374578327418392576
2021-09-27,11993.33,206399223994,457245859218,450.00,17209500,29367058432799932416
2021-09-28,11979.95,206172547019,456375045543,450.00,17209800,29358232813238620160
2021-09-29,11968.81,205984357325,455506605787,450.00,17210100,29347922011922771968
2021-09-30,11959.87,205834108962,454640664478,450.00,17210400,29335961597864845312
2021-10-01,11953.09,205720980604,453777342834,450.00,17210700,29322203375704018944
2021-10-02,11948.40,205643882819,452916757840,450.00,17211000,29306516462039912448
2021-10-03,11945.73,205601467482,452059021355,450.00,17211300,29288788222997753856
2021-10-04,11944.98,205592139272,451204239262,450.00,17211600,29268925068676288512
2021-10-05,11946.04,205614069132,450352510678,450.00,17211900,29246853101027885056
2021-10-06,11948.80,205665209599,449503927206,450.00,17212200,29222518612568678400
2021-10-07,11953.13,205743311864,448658572259,450.00,17212500,29195888434119254016
2021-10-08,11958.89,205845944422,447816520450,450.00,17212800,29166950130539225088
2021-10-09,11965.92,205970513168,446977837052,450.00,17213100,29135712044149481472
2021-10-10,11974.06,206114282761,446142577538,450.00,17213400,29102203186242580480
2021-10-11,11983.15,206274399089,445310787198,450.00,17213700,29066472977772666880
2021-10-12,11993.02,206447912652,444482500841,450.00,17214000,29028590841001459712
2021-10-13,12003.50,206631802671,443657742582,450.00,17214300,28988645644564996096
2021-10-14,12014.39,206823001724,442836525716,450.00,17214600,28946745005124657152
2021-10-15,12025.54,207018420719,442018852680,450.00,17214900,28903014449484738560
2021-10-16,12036.75,207214973991,441204715102,450.00,17215200,28857596441803202560
2021-10-17,12047.84,207409604330,440394093941,450.00,17215500,28810649281297002496
2021-10-18,12058.65,207599307737,439586959705,450.00,17215800,28762345876653293568
2021-10-19,12069.00,207781157698,438783272765,450.00,17216100,28712872404203261952
2021-10-20,12078.73,207952328805,437982983740,450.00,17216400,28662426857794994176
2021-10-21,12087.69,208110119506,437186033964,450.00,17216700,28611217499213443072
2021-10-22,12095.72,208251973830,436392356033,450.00,17217000,28559461218931458048
2021-10-23,12102.68,208375501892,435601874408,450.00,17217300,28507381817926623232
2021-10-24,12108.45,208478499029,434814506102,450.00,17217600,28455208222254178304
2021-10-25,12112.92,208558963406,434030161407,450.00,17217900,28403172643006656512
2021-10-26,12115.97,208615111964,433248744689,450.00,17218200,28351508695203463168
2021-10-27,12117.51,208645394566,432470155220,450.00,17218500,28300449490012966912
2021-10-28,12117.48,208648506253,431694288056,450.00,17218800,28250225715495190528
2021-10-29,12115.81,208623397494,430921034945,450.00,17219100,28201063721739878400
2021-10-30,12112.46,208569282359,430150285261,450.00,17219400,28153183626836946944
2021-10-31,12107.39,208485644553,429381926957,450.00,17219700,28106797460527738880
2021-11-01,12100.59,208372241264,428615847527,450.00,17220000,28062107362623307776
2021-11-02,12092.07,208229104795,427851934967,450.00,17220300,28019303853314232320
2021-11-03,12081.84,208056541967,427090078740,450.00,17220600,27978564192318287872
2021-11-04,12069.93,207855131317,426330170718,450.00,17220900,27940050843399057408
2021-11-05,12056.40,207625718085,425572106106,450.00,17221200,27903910060130553856
2021-11-06,12041.31,207369407070,424815784343,450.00,17221500,27870270607874326528
2021-11-07,12024.73,207087553381,424061109961,450.00,17221800,27839242635777687552
2021-11-08,12006.77,206781751182,423307993402,450.00,17222100,27810916711202660352
2021-11-09,11987.52,206453820518,422556351793,450.00,17222400,27785363027370586112
2021-11-10,11967.10,206105792322,421806109656,450.00,17222700,27762630793179693056
2021-11-11,11945.65,205739891735,421057199564,450.00,17223000,27742747812150779904
2021-11-12,11923.30,205358519874,420309562729,450.00,17223300,27725720255315726336
2021-11-13,11900.20,204964234184,419563149519,450.00,17223600,27711532630623174656
2021-11-14,11876.50,204559727550,418817919899,450.00,17223900,27700147949140615168
2021-11-15,11852.38,204147806332,418073843797,450.00,17224200,27691508086026096640
2021-11-16,11828.00,203731367488,417330901384,450.00,17224500,27685534331973599232
2021-11-17,11803.53,203313374994,416589083275,450.00,17224800,27682128128646971392
2021-11-18,11779.14,202896835727,415848390641,450.00,17225100,27681171979552710656
2021-11-19,11755.01,202484775021,415108835238,450.00,17225400,27682530525896990720
2021-11-20,11731.32,202080212087,414370439347,450.00,17225700,27686051775263571968
2021-11-21,11708.24,201686135497,413633235634,450.00,17226000,27691568469459689472
2021-11-22,11685.94,201305478924,412897266917,450.00,17226300,27698899576628867072
2021-11-23,11664.58,200941097340,412162585857,450.00,17226600,27707851891734048768
2021-11-24,11644.33,200595743861,411429254570,450.00,17226900,27718221728776200192
2021-11-25,11625.34,200272047421,410697344154,450.00,17227200,27729796687632064512
2021-11-26,11607.75,199972491464,409966934153,450.00,17227500,27742357478160179200
2021-11-27,11591.69,199699393807,409238111946,450.00,17227800,27755679784223453184
2021-11-28,11577.30,199454887860,408510972075,450.00,17228100,27769536150490841088
2021-11-29,11564.68,199240905339,407785615514,450.00,17228400,27783697875287433216
2021-11-30,11553.93,199059160601,407062148884,450.00,17228700,27797936893336137728
2021-12-01,11545.14,198911136759,406340683628,450.00,17229000,27812027632950337536
2021-12-02,11538.37,198798073651,405621335137,450.00,17229300,27825748833066082304
2021-12-03,11533.70,198720957786,404904221856,450.00,17229600,27838885306420740096
2021-12-04,11531.15,198680514339,404189464354,450.00,17229900,27851229636165324800
2021-12-05,11530.75,198677201256,403477184384,450.00,17230200,27862583794217648128
2021-12-06,11532.53,198711205523,402767503928,450.00,17230500,27872760670702522368
2021-12-07,11536.46,198782441625,402060544246,450.00,17230800,27881585504864071680
2021-12-08,11542.53,198890552210,401356424922,450.00,17231100,27888897208860291072
2021-12-09,11550.71,199034910953,400655262934,450.00,17231400,27894549576848277504
2021-12-10,11560.94,199214627595,399957171735,450.00,17231700,27898412372731625472
2021-12-11,11573.15,199428555118,399262260370,450.00,17232000,27900372290863210496
2021-12-12,11587.27,199675299004,398570632621,450.00,17232300,27900333784874409984
2021-12-13,11603.20,199953228497,397882386204,450.00,17232600,27898219760634191872
2021-12-14,11620.82,200260489779,397197612004,450.00,17232900,27893972130131382272
2021-12-15,11640.03,200595020962,396516393373,450.00,17233200,27887552223823376384
2021-12-16,11660.69,200954568768,395838805487,450.00,17233500,27878941059710816256
2021-12-17,11682.66,201336706768,395164914768,450.00,17233800,27868139468086431744
2021-12-18,11705.80,201738855033,394494778377,450.00,17234100,27855168071575609344
2021-12-19,11729.93,202158301035,393828443780,450.00,17234400,27840067120743448576
2021-12-20,11754.90,202592221647,393165948398,450.00,17234700,27822896186198781952
2021-12-21,11780.55,203037706043,392507319336,450.00,17235000,27803733708785926144
2021-12-22,11806.69,203491779327,391852573188,450.00,17235300,27782676410130841600
2021-12-23,11833.15,203951426707,391201715943,450.00,17235600,27759838566504968192
2021-12-24,11859.76,204413618004,390554742960,450.00,17235900,27735351149696475136
2021-12-25,11886.34,204875332314,389911639044,450.00,17236200,27709360839337869312
2021-12-26,11912.72,205333582615,389272378595,450.00,17236500,27682028911937077248
2021-12-27,11938.73,205785440127,388636925853,450.00,17236800,27653530012695953408
2021-12-28,11964.20,206228058223,388005235221,450.00,17237100,27624050817076740096
2021-12-29,11988.97,206658695705,387377251665,450.00,17237400,27593788589989588992
2021-12-30,12012.90,207074739251,386752911195,450.00,17237700,27562949651417608192
2021-12-31,12035.84,207473724853,386132141422,450.00,17238000,27531747758261575680
2022-01-01,12057.65,207853358076,385514862176,450.00,17238300,27500402413162766336
2022-01-02,12078.22,208211532969,384900986199,450.00,17238600,27469137112034582528
2022-01-03,12097.43,208546349474,384290419883,450.00,17238900,27438177542985838592
2022-01-04,12115.19,208856129197,383683064074,450.00,17239200,27407749750228484096
2022-01-05,12131.41,209139429405,383078814913,450.00,17239500,27378078277409939456
2022-01-06,12146.03,209395055138,382477564719,450.00,17239800,27349384305569611776
2022-01-07,12158.98,209622069331,381879202910,450.00,17240100,27321883801566109696
2022-01-08,12170.24,209819800873,381283616936,450.00,17240400,27295785693329584128
2022-01-09,12179.78,209987850522,380690693243,450.00,17240700,27271290088638185472
2022-01-10,12187.58,210126094630,380100318242,450.00,17241000,27248586554274463744
2022-01-11,12193.67,210234686652,379512379274,450.00,17241300,27227852472365256704
2022-01-12,12198.06,210314056409,378926765578,450.00,17241600,27209251490430980096
2022-01-13,12200.80,210364907119,378343369238,450.00,17241900,27192932081151250432
2022-01-14,12201.94,210388210216,377762086117,450.00,17242200,27179026227089776640
2022-01-15,12201.55,210385197985,377182816751,450.00,17242500,27167648244607266816
2022-01-16,12199.72,210357354076,376605467217,450.00,17242800,27158893759934722048
2022-01-17,12196.55,210306401976,376029949951,450.00,17243100,27152838848892358656
2022-01-18,12192.16,210234291509,375456184516,450.00,17243400,27149539350041313280
2022-01-19,12186.66,210143183492,374884098322,450.00,17243700,27149030359171940352
2022-01-20,12180.20,210035432647,374313627271,450.00,17244000,27151325910997602304
2022-01-21,12172.92,209913568919,373744716341,450.00,17244300,27156418851771990016
2022-01-22,12164.98,209780277335,373177320104,450.00,17244600,27164280904324444160
2022-01-23,12156.54,209638376574,372611403152,450.00,17244900,27174862924754124800
2022-01-24,12147.77,209490796406,372046940456,450.00,17245200,27188095347785990144
2022-01-25,12138.85,209340554192,371483917634,450.00,17245500,27203888815613591552
2022-01-26,12129.95,209190730624,370922331137,450.00,17245800,27222134982977961984
2022-01-27,12121.26,209044444900,370362188346,450.00,17246100,27242707489297477632
2022-01-28,12112.95,208904829537,369803507580,450.00,17246400,27265463086903947264
2022-01-29,12105.21,208775005015,369246318014,450.00,17246700,27290242912884510720
2022-01-30,12098.22,208658054466,368690659515,450.00,17247000,27316873890697416704
2022-01-31,12092.15,208556998612,368136582383,450.00,17247300,27345170246638297088
2022-02-01,12087.18,208474771136,367584147009,450.00,17247600,27374935125389176832
2022-02-02,12083.45,208414194715,367033423456,450.00,17247900,27405962288285851648
2022-02-03,12081.14,208377957887,366484490950,450.00,17248200,27438037877584297984
2022-02-04,12080.39,208368592948,365937437305,450.00,17248500,27470942229883281408
2022-02-05,12081.33,208388455058,365392358273,450.00,17248800,27504451721949958144
2022-02-06,12084.09,208439702737,364849356828,450.00,17249100,27538340632479883264
2022-02-07,12088.78,208524279891,364308542387,450.00,17249400,27572383003777839104
2022-02-08,12095.51,208643899543,363770029982,450.00,17249700,27606354487947108352
2022-02-09,12104.35,208800029382,363233939382,450.00,17250000,27640034162896949248
2022-02-10,12115.38,208993879264,362700394174,450.00,17250300,27673206304294793216
2022-02-11,12128.64,209226390768,362169520808,450.00,17250600,27705662100477235200
2022-02-12,12144.19,209498228900,361641447623,450.00,17250900,27737201298269093888
2022-02-13,12162.04,209809776007,361116303849,450.00,17251200,27767633768622235648
2022-02-14,12182.19,210161127975,360594218601,450.00,17251500,27796780981956624384
2022-02-15,12204.64,210552092725,360075319872,450.00,17251800,27824477384051245056
2022-02-16,12229.36,210982191055,359559733531,450.00,17252100,27850571664278024192
2022-02-17,12256.30,211450659796,359047582341,450.00,17252400,27874927908890324992
2022-02-18,12285.41,211956457289,358538984989,450.00,17252700,27897426632960516096
2022-02-19,12316.60,212498271136,358034055154,450.00,17253000,27917965685406736384
2022-02-20,12349.78,213074528166,357532900617,450.00,17253300,27936461022354898944
2022-02-21,12384.86,213683406552,357035622403,450.00,17253600,27952847344849772544
2022-02-22,12421.70,214322849980,356542313991,450.00,17253900,27967078597662560256
2022-02-23,12460.19,214990583768,356053060572,450.00,17254200,27979128326645153792
2022-02-24,12500.17,215684132806,355567938377,450.00,17254500,27988989892761616384
2022-02-25,12541.49,216400841184,355087014077,450.00,17254800,27996676541590831104
2022-02-26,12583.98,217137893352,354610344255,450.00,17255100,28002221327750307840
2022-02-27,12627.49,217892336650,354137974963,450.00,17255400,28005676894347780096
2022-02-28,12671.82,218661105020,353669941363,450.00,17255700,28007115108233515008
2022-03-01,12716.80,219441043735,353206267450,450.00,17256000,28006626552510283776
2022-03-02,12762.23,220228934919,352746965876,450.00,17256300,28004319878468259840
2022-03-03,12807.94,221021523690,352292037855,450.00,17256600,28000321019855335424
2022-03-04,12853.73,221815544677,351841473168,450.00,17256900,27994772273175154688
2022-03-05,12899.41,222607748742,351395250260,450.00,17257200,27987831248530710528
2022-03-06,12944.80,223394929652,350953336430,450.00,17257500,27979669696401727488
2022-03-07,12989.72,224173950515,350515688110,450.00,17257800,27970472216660602880
2022-03-08,13033.98,224941769753,350082251239,450.00,17258100,27960434857091469312
2022-03-09,13077.43,225695466395,349652961722,450.00,17258400,27949763609674842112
2022-03-10,13119.89,226432264497,349227745970,450.00,17258700,27938672813928894464
2022-03-11,13161.22,227149556485,348806521525,450.00,17259000,27927383477645946880
2022-03-12,13201.28,227844925215,348389197754,450.00,17259300,27916121526415187968
2022-03-13,13239.95,228516164584,347975676621,450.00,17259600,27905115994363195392
2022-03-14,13277.09,229161298516,347565853513,450.00,17259900,27894597169551093760
2022-03-15,13312.63,229778598149,347159618132,450.00,17260200,27884794708420141056
2022-03-16,13346.46,230366597100,346756855430,450.00,17260500,27875935734549417984
2022-03-17,13378.53,230924104660,346357446594,450.00,17260800,27868242937755332608
2022-03-18,13408.78,231450216802,345961270059,450.00,17261100,27861932690194685952
2022-03-19,13437.17,231944324926,345568202554,450.00,17261400,27857213196605034496
2022-03-20,13463.69,232406122228,345178120165,450.00,17261700,27854282696101273600
2022-03-21,13488.33,232835607664,344790899404,450.00,17262000,27853327733023612928
2022-03-22,13511.12,233233087440,344406418284,450.00,17262300,27854521514177789952
2022-03-23,13532.10,233599174024,344024557389,450.00,17262600,27858022369409150976
2022-03-24,13551.30,233934782666,343645200921,450.00,17262900,27863972331796803584
2022-03-25,13568.81,234241125451,343268237727,450.00,17263200,27872495852838756352
2022-03-26,13584.71,234519702911,342893562295,450.00,17263500,27883698666826817536
2022-03-27,13599.11,234772293266,342521075701,450.00,17263800,27897666817190621184
2022-03-28,13612.12,235000939364,342150686517,450.00,17264100,27914465855941500928
2022-03-29,13623.87,235207933411,341782311659,450.00,17264400,27934140225493065728
2022-03-30,13634.51,235395799610,341415877162,450.00,17264700,27956712830107860992
2022-03-31,13644.21,235567274839,341051318902,450.00,17265000,27982184802055069696
2022-04-01,13653.12,235725287515,340688583224,450.00,17265300,28010535465303994368
2022-04-02,13661.44,235872934797,340327627504,450.00,17265600,28041722497267019776
2022-04-03,13669.34,236013458327,339968420609,450.00,17265900,28075682286789550080
2022-04-04,13677.02,236150218668,339610943277,450.00,17266200,28112330484309827584
2022-04-05,13684.69,236286668668,339255188399,450.00,17266500,28151562737921949696
2022-04-06,13692.54,236426325938,338901161202,450.00,17266800,28193255607014096896
2022-04-07,13700.78,236572744675,338548879334,450.00,17267100,28237267643255246848
2022-04-08,13709.62,236729487054,338198372850,450.00,17267400,28283440627001511936
2022-04-09,13719.26,236900094409,337849684094,450.00,17267700,28331600945709744128
2022-04-10,13729.91,237088058446,337502867484,450.00,17268000,28381561099701530624
2022-04-11,13741.76,237296792714,337157989197,450.00,17268300,28433121319623176192
2022-04-12,13755.00,237529604572,336815126753,450.00,17268600,28486071279202205696
2022-04-13,13769.82,237789667871,336474368512,450.00,17268900,28540191886403620864
2022-04-14,13786.39,238079996591,336135813076,450.00,17269200,28595257135830802432
2022-04-15,13804.88,238403419635,335799568602,450.00,17269500,28651036005181624320
2022-04-16,13825.44,238762557002,335465752042,450.00,17269800,28707294378741276672
2022-04-17,13848.20,239159797538,335134488304,450.00,17270100,28763796981246963712
2022-04-18,13873.29,239597278443,334805909336,450.00,17270400,28820309305971896320
2022-04-19,13900.82,240076866720,334480153165,450.00,17270700,28876599521521061888
2022-04-20,13930.88,240600142728,334157362867,450.00,17271000,28932440342583742464
2022-04-21,13963.53,241168385973,333837685499,450.00,17271300,28987610850722152448
2022-04-22,13998.85,241782563270,333521270988,450.00,17271600,29041898252168925184
2022-04-23,14036.86,242443319391,333208270998,450.00,17271900,29095099560536371200
2022-04-24,14077.59,243150970279,332898837767,450.00,17272200,29147023193288458240
2022-04-25,14121.03,243905498895,332593122948,450.00,17272500,29197490471776694272
2022-04-26,14167.16,244706553768,332291276430,450.00,17272800,29246337015579062272
2022-04-27,14215.95,245553450239,331993445190,450.00,17273100,29293414022797676544
2022-04-28,14267.32,246445174445,331699772138,450.00,17273400,29338589428857802752
2022-04-29,14321.22,247380389987,331410395014,450.00,17273700,29381748937204604928
2022-04-30,14377.53,248357447276,331125445303,450.00,17274000,29422796916111704064
2022-05-01,14436.15,249374395480,330845047204,450.00,17274300,29461657156599648256
2022-05-02,14496.95,250428996987,330569316651,450.00,17274600,29498273487213637632
2022-05-03,14559.78,251518744294,330298360400,450.00,17274900,29532610242134941696
2022-05-04,14624.48,252640879197,330032275179,450.00,17275200,29564652579804524544
2022-05-05,14690.89,253792414123,329771146924,450.00,17275500,29594406649928327168
2022-05-06,14758.80,254970155475,329515050096,450.00,17275800,29621899607420592128
2022-05-07,14828.04,256170728778,329264047082,450.00,17276100,29647179472531857408
2022-05-08,14898.39,257390605464,329018187704,450.00,17276400,29670314837113765888
2022-05-09,14969.65,258626131067,328777508821,450.00,17276700,29691394417699635200
2022-05-10,15041.59,259873554618,328542034033,450.00,17277000,29710526456839143424
2022-05-11,15114.00,261129059006,328311773499,450.00,17277300,29727837974923460608
2022-05-12,15186.65,262388792071,328086723859,450.00,17277600,29743473875581644800
2022-05-13,15259.31,263648898165,327866868272,450.00,17277900,29757595908623847424
2022-05-14,15331.78,264905549951,327652176558,450.00,17278200,29770381495456342016
2022-05-15,15403.82,266154980163,327442605457,450.00,17278500,29782022422896951296
2022-05-16,15475.24,267393513081,327238098996,450.00,17278800,29792723412376764416
2022-05-17,15545.81,268617595460,327038588960,450.00,17279100,29802700572619116544
2022-05-18,15615.35,269823826658,326843995468,450.00,17279400,29812179745032339456
2022-05-19,15683.66,271008987715,326654227652,450.00,17279700,29821394752227745792
2022-05-20,15750.58,272170069139,326469184426,450.00,17280000,29830585561263419392
2022-05-21,15815.95,273304297163,326288755351,450.00,17280300,29839996374399819776
2022-05-22,15879.61,274409158260,326112821572,450.00,17280600,29849873661313880064
2022-05-23,15941.44,275482421688,325941256842,450.00,17280900,29860464147829063680
2022-05-24,16001.33,276522159887,325773928606,450.00,17281200,29872012777254109184
2022-05-25,16059.18,277526766533,325610699149,450.00,17281500,29884760661352353792
2022-05-26,16114.93,278494972103,325451426794,450.00,17281800,29898943038759313408
2022-05-27,16168.51,279425856792,325295967135,450.00,17282100,29914787259295584256
2022-05-28,16219.90,280318860663,325144174312,450.00,17282400,29932510813059080192
2022-05-29,16269.09,281173790946,324995902296,450.00,17282700,29952319423395430400
2022-05-30,16316.08,281990826378,324851006194,450.00,17283000,29974405222816276480
2022-05-31,16360.91,282770518551,324709343547,450.00,17283300,29998945030641991680
2022-06-01,16403.63,283513790235,324570775622,450.00,17283600,30026098750574219264
2022-06-02,16444.32,284221930651,324435168682,450.00,17283900,30056007905547927552
2022-06-03,16483.06,284896587735,324302395223,450.00,17284200,30088794326072524800
2022-06-04,16519.99,285539757420,324172335172,450.00,17284500,30124559006854430720
2022-06-05,16555.23,286153770004,324044877027,450.00,17284800,30163381144816152576
2022-06-06,16588.93,286741273699,323919918948,450.00,17285100,30205317369713176576
2022-06-07,16621.27,287305215475,323797369759,450.00,17285400,30250401176430411776
2022-06-08,16652.42,287848819325,323677149890,450.00,17285700,30298642565754384384
2022-06-09,16682.61,288375562131,323559192213,450.00,17286000,30350027898006364160
2022-06-10,16712.03,288889147283,323443442799,450.00,17286300,30404519961435435008
2022-06-11,16740.91,289393476272,323329861561,450.00,17286600,30462058254756302848
2022-06-12,16769.50,289892618463,323218422793,450.00,17286900,30522559480726011904
2022-06-13,16798.02,290390779282,323109115600,450.00,17287200,30585918245235142656
2022-06-14,16826.74,290892267065,323001944202,450.00,17287500,30652007954088890368
2022-06-15,16855.90,291401458830,322896928124,450.00,17287800,30720681897512869888
2022-06-16,16885.76,291922765240,322794102263,450.00,17288100,30791774510474719232
2022-06-17,16916.58,292460595041,322693516821,450.00,17288400,30865102795193323520
2022-06-18,16948.60,293019319256,322595237127,450.00,17288700,30940467890736218112
2022-06-19,16982.08,293603235424,322499343322,450.00,17289000,31017656773395742720
2022-06-20,17017.26,294216532181,322405929930,450.00,17289300,31096444070592311296
2022-06-21,17054.37,294863254469,322315105300,450.00,17289600,31176593970378584064
2022-06-22,17093.64,295547269665,322226990942,450.00,17289900,31257862208202457088
2022-06-23,17135.27,296272234906,322141720743,450.00,17290200,31339998112417406976
2022-06-24,17179.47,297041565895,322059440077,450.00,17290500,31422746690085933056
2022-06-25,17226.41,297858407445,321980304819,450.00,17290800,31505850734884155392
2022-06-26,17276.26,298725606015,321904480265,450.00,17291100,31589052939357437952
2022-06-27,17329.17,299645684486,321832139964,450.00,17291400,31672097994371547136
2022-06-28,17385.27,300620819386,321763464479,450.00,17291700,31754734659324125184
2022-06-29,17444.65,301652820781,321698640079,450.00,17292000,31836717787500572672
2022-06-30,17507.39,302743115005,321637857377,450.00,17292300,31917810291850702848
2022-07-01,17573.57,303892730403,321581309922,450.00,17292600,31997785037404725248
2022-07-02,17643.21,305102286222,321529192753,450.00,17292900,32076426647518302208
2022-07-03,17716.33,306371984757,321481700942,450.00,17293200,32153533212117479424
2022-07-04,17792.91,307701606857,321439028113,450.00,17293500,32228917887091392512
2022-07-05,17872.91,309090510848,321401364968,450.00,17293800,32302410374940921856
2022-07-06,17956.28,310537634895,321368897831,450.00,17294100,32373858277727457280
2022-07-07,18042.92,312041502838,321341807209,450.00,17294400,32443128314270253056
2022-07-08,18132.74,313600233458,321320266397,450.00,17294700,32510107394413752320
2022-07-09,18225.59,315211553135,321304440128,450.00,17295000,32574703544025239552
2022-07-10,18321.32,316872811825,321294483286,450.00,17295300,32636846675192532992
2022-07-11,18419.77,318581002247,321290539691,450.00,17295600,32696489196875673600
2022-07-12,18520.74,320332782146,321292740964,450.00,17295900,32753606462031929344
2022-07-13,18624.00,322124499484,321301205485,450.00,17296200,32808197047988269056
2022-07-14,18729.35,323952220376,321316037453,450.00,17296500,32860282867588931584
2022-07-15,18836.53,325811759554,321337326057,450.00,17296800,32909909109407780864
2022-07-16,18945.30,327698713148,321365144759,450.00,17297100,32957144006095826944
2022-07-17,19055.38,329608493522,321399550712,450.00,17297400,33002078430743891968
2022-07-18,19166.50,331536365899,321440584296,450.00,17297700,33044825321989431296
2022-07-19,19278.38,333477486503,321488268797,450.00,17298000,33085518939492225024
2022-07-20,19390.75,335426941900,321542610224,450.00,17298300,33124313952356515840
2022-07-21,19503.30,337379789246,321603597264,450.00,17298600,33161384364089884672
2022-07-22,19615.76,339331097097,321671201385,450.00,17298900,33196922278769479680
2022-07-23,19727.85,341275986485,321745377076,450.00,17299200,33231136514232025088
2022-07-24,19839.28,343209671889,321826062237,450.00,17299500,33264251069317292032
2022-07-25,19949.80,345127501800,321913178702,450.00,17299800,33296503453467914240
2022-07-26,20059.13,347024998516,322006632907,450.00,17300100,33328142888316002304
2022-07-27,20167.04,348897896858,322106316685,450.00,17300400,33359428392254906368
2022-07-28,20273.29,350742181466,322212108192,450.00,17300700,33390626760388173824
2022-07-29,20377.67,352554122366,322323872953,450.00,17301000,33422010453647056896
2022-07-30,20479.98,354330308496,322441465024,450.00,17301300,33453855412248444928
2022-07-31,20580.04,356067678911,322564728255,450.00,17301600,33486438810001252352
2022-08-01,20677.70,357763551372,322693497650,450.00,17301900,33520036767228928000
2022-08-02,20772.83,359415648087,322827600820,450.00,17302200,33554922041227841536
2022-08-03,20865.32,361022118344,322966859495,450.00,17302500,33591361714190020608
2022-08-04,20955.08,362581557850,323111091112,450.00,17302800,33629614899351232512
2022-08-05,21042.07,364093024557,323260110447,450.00,17303100,33669930486745497600
2022-08-06,21126.26,365556050853,323413731285,450.00,17303400,33712544950324256768
2022-08-07,21207.64,366970651947,323571768111,450.00,17303700,33757680238303301632
2022-08-08,21286.25,368337330380,323734037815,450.00,17304000,33805541768408342528
2022-08-09,21362.15,369657076568,323900361394,450.00,17304300,33856316549184589824
2022-08-10,21435.42,370931365350,324070565628,450.00,17304600,33910171447703375872
2022-08-11,21506.17,372162148525,324244484731,450.00,17304900,33967251622839799808
2022-08-12,21574.55,373351843412,324421961957,450.00,17305200,34027679141813698560
2022-08-13,21640.71,374503317486,324602851141,450.00,17305500,34091551795897823232
2022-08-14,21704.85,375619869182,324787018171,450.00,17305800,34158942129127112704
2022-08-15,21767.19,376705204994,324974342376,450.00,17306100,34229896691523149824
2022-08-16,21827.96,377763413013,325164717813,450.00,17306400,34304435525820280832
2022-08-17,21887.42,378798933099,325358054448,450.00,17306700,34382551893991088128
2022-08-18,21945.83,379816523903,325554279215,450.00,17307000,34464212247072145408
2022-08-19,22003.50,380821226966,325753336947,450.00,17307300,34549356438941188096
2022-08-20,22060.73,381818328179,325955191173,450.00,17307600,34637898181851529216
2022-08-21,22117.84,382813316888,326159824758,450.00,17307900,34729725738744614912
2022-08-22,22175.14,383811842959,326367240404,450.00,17308200,34824702844690997248
2022-08-23,22232.99,384819672136,326577460983,450.00,17308500,34922669847302062080
2022-08-24,22291.70,385842640048,326790529710,450.00,17308800,35023445053653606400
2022-08-25,22351.63,386886605216,327006510157,450.00,17309100,35126826269202341888
2022-08-26,22413.11,387957401457,327225486091,450.00,17309400,35232592512386957312
2022-08-27,22476.46,389060790048,327447561154,450.00,17309700,35340505887103045632
2022-08-28,22542.02,390202412061,327672858369,450.00,17310000,35450313594038988800
2022-08-29,22610.11,391387741241,327901519489,450.00,17310300,35561750060957380608
2022-08-30,22681.02,392622037839,328133704183,450.00,17310600,35674539171398496256
2022-08-31,22755.04,393910303770,328369589074,450.00,17310900,35788396570956292096
2022-09-01,22832.46,395257239491,328609366618,450.00,17311200,35903032030212857856
2022-09-02,22913.51,396667202960,328853243855,450.00,17311500,36018151843592183808
2022-09-03,22998.43,398144171034,329101441023,450.00,17311800,36133461243779923968
2022-09-04,23087.42,399691703646,329354190053,450.00,17312100,36248666811924422656
2022-09-05,23180.66,401312911089,329611732953,450.00,17312400,36363478864554717184
2022-09-06,23278.31,403010424692,329874320100,450.00,17312700,36477613798993809408
2022-09-07,23380.49,404786371164,330142208440,450.00,17313000,36590796379980857344
2022-09-08,23487.28,406642350865,330415659626,450.00,17313300,36702761951218491392
2022-09-09,23598.76,408579420202,330694938099,450.00,17313600,36813258556604682240
2022-09-10,23714.94,410598078338,330980309125,450.00,17313900,36922048956974219264
2022-09-11,23835.83,412698258375,331272036810,450.00,17314200,37028912529242128384
2022-09-12,23961.38,414879323114,331570382113,450.00,17314500,37133647035899011072
2022-09-13,24091.53,417140065474,331875600857,450.00,17314800,37236070253843537920
2022-09-14,24226.18,419478713615,332187941776,450.00,17315100,37336021452544417792
2022-09-15,24365.19,421892940760,332507644589,450.00,17315400,37433362712500043776
2022-09-16,24508.39,424379879687,332834938149,450.00,17315700,37527980075906465792
2022-09-17,24655.59,426936141821,333170038650,450.00,17316000,37619784522357907456
2022-09-18,24806.56,429557840793,333513147932,450.00,17316300,37708712763292852224
2022-09-19,24961.06,432240620341,333864451883,450.00,17316600,37794727849769074688
2022-09-20,25118.80,434979686352,334224118967,450.00,17316900,37877819589013962752
2022-09-21,25279.48,437769842812,334592298872,450.00,17317200,37958004766060396544
2022-09-22,25442.79,440605531435,334969121315,450.00,17317500,38035327167655370752
2022-09-23,25608.38,443480874646,335354694984,450.00,17317800,38109857406530985984
2022-09-24,25775.91,446389721621,335749106667,450.00,17318100,38181692545065443328
2022-09-25,25944.99,449325697023,336152420530,450.00,17318400,38250955518349582336
2022-09-26,26115.25,452282252072,336564677599,450.00,17318700,38317794357719359488
2022-09-27,26286.32,455252717526,336985895414,450.00,17319000,38382381216930021376
2022-09-28,26457.79,458230358187,337416067878,450.00,17319300,38444911204336852992
2022-09-29,26629.28,461208428472,337855165309,450.00,17319600,38505601025719296000
2022-09-30,26800.40,464180228619,338303134678,450.00,17319900,38564687443739705344
2022-10-01,26970.77,467139161056,338759900049,450.00,17320200,38622425561465176064
2022-10-02,27140.02,470078786488,339225363213,450.00,17320500,38679086938896457728
2022-10-03,27307.80,472992879217,339699404513,450.00,17320800,38734957553032265728
2022-10-04,27473.74,475875481251,340181883856,450.00,17321100,38790335613637754880
2022-10-05,27637.54,478720954725,340672641904,450.00,17321400,38845529248564740096
2022-10-06,27798.89,481524032201,341171501438,450.00,17321700,38900854074165092352
2022-10-07,27957.50,484279864405,341678268885,450.00,17322000,38956630668021522432
2022-10-08,28113.13,486984064973,342192735991,450.00,17322300,39013181962859315200
2022-10-09,28265.55,489632751829,342714681643,450.00,17322600,39070830582063357952
2022-10-10,28414.56,492222584790,343243873807,450.00,17322900,39129896138668843008
2022-10-11,28560.01,494750799083,343780071577,450.00,17323200,39190692520981028864
2022-10-12,28701.78,497215234428,344323027330,450.00,17323500,39253525189066399744
2022-10-13,28839.77,499614359418,344872488942,450.00,17323800,39318688507205869568
2022-10-14,28973.93,501947290947,345428202078,450.00,17324100,39386463137968865280
2022-10-15,29104.26,504213808471,345989912516,450.00,17324400,39457113523820650496
2022-10-16,29230.77,506414362930,346557368497,450.00,17324700,39530885482083958784
2022-10-17,29353.54,508550080214,347130323082,450.00,17325000,39608003938615525376
2022-10-18,29472.66,510622759079,347708536484,450.00,17325300,39688670824713076736
2022-10-19,29588.29,512634863480,348291778379,450.00,17325600,39773063160533991424
2022-10-20,29700.59,514589509321,348879830147,450.00,17325900,39861331346684837888
2022-10-21,29809.79,516490445690,349472487053,450.00,17326200,39953597683649953792
2022-10-22,29916.14,518342030650,350069560330,450.00,17326500,40049955136389611520
2022-10-23,30019.92,520149201770,350670879146,450.00,17326800,40150466358793093120
2022-10-24,30121.45,521917441544,351276292456,450.00,17327100,40255162989763600384
2022-10-25,30221.08,523652737965,351885670698,450.00,17327400,40364045229595222016
2022-10-26,30319.17,525361540510,352498907333,450.00,17327700,40477081702036946944
2022-10-27,30416.13,527050711868,353115920215,450.00,17328000,40594209604090929152
2022-10-28,30512.37,528727475745,353736652765,450.00,17328300,40715335142227116032
2022-10-29,30608.32,530399361166,354361074953,450.00,17328600,40840334250382966784
2022-10-30,30704.44,532074143677,354989184069,450.00,17328900,40969053581916905472
2022-10-31,30801.18,533759783900,355621005274,450.00,17329200,41101311764658454528
2022-11-01,30899.01,535464363948,356256591929,450.00,17329500,41236900905399934976
2022-11-02,30998.40,537196022168,356896025693,450.00,17329800,41375588327645143040
2022-11-03,31099.81,538962886763,357539416388,450.00,17330100,41517118524210724864
2022-11-04,31203.72,540773008816,358186901636,450.00,17330400,41661215304384266240
2022-11-05,31310.58,542634295268,358838646250,450.00,17330700,41807584113800740864
2022-11-06,31420.83,544554442405,359494841409,450.00,17331000,41955914504005656576
2022-11-07,31534.90,546540870408,360155703594,450.00,17331300,42105882727828045824
2022-11-08,31653.20,548600659522,360821473315,450.00,17331600,42257154436174512128
2022-11-09,31776.12,550740488379,361492413620,450.00,17331900,42409387451656617984
2022-11-10,31904.00,552966575023,362168808402,450.00,17332200,42562234594553159680
2022-11-11,32037.19,555284621143,362850960522,450.00,17332500,42715346536954748928
2022-11-12,32175.98,557699760011,363539189754,450.00,17332800,42868374661506400256
2022-11-13,32320.62,560216508593,364233830565,450.00,17333100,43020973901922500608
2022-11-14,32471.34,562838724278,364935229760,450.00,17333400,43172805543358906368
2022-11-15,32628.32,565569566629,365643743995,450.00,17333700,43323539961758457856
2022-11-16,32791.71,568411464522,366359737184,450.00,17334000,43472859282404360192
2022-11-17,32961.59,571366089000,367083577821,450.00,17334300,43620459939094061056
2022-11-18,33138.02,574434332141,367815636240,450.00,17334600,43766055116557066240
2022-11-19,33321.01,577616292157,368556281831,450.00,17334900,43909377059963150336
2022-11-20,33510.50,580911264923,369305880230,450.00,17335200,44050179236585570304
2022-11-21,33706.43,584317742079,370064790522,450.00,17335500,44188238335882207232
2022-11-22,33908.64,587833415777,370833362463,450.00,17335800,44323356095430492160
2022-11-23,34116.97,591455190109,371611933755,450.00,17336100,44455360941290086400
2022-11-24,34331.19,595179199193,372400827395,450.00,17336400,44584109432474435584
2022-11-25,34551.03,599000831835,373200349115,450.00,17336700,44709487500286541824
2022-11-26,34776.19,602914762626,374010784942,450.00,17337000,44831411474323595264
2022-11-27,35006.32,606914989293,374832398900,450.00,17337300,44949828887987011584
2022-11-28,35241.03,610994876054,375665430868,450.00,17337600,45064719057358135296
2022-11-29,35479.91,615147202674,376510094620,450.00,17337900,45176093428328742912
2022-11-30,35722.52,619364218891,377366576058,450.00,17338200,45283995687922049024
2022-12-01,35968.38,623637703802,378235031663,450.00,17338500,45388501636818182144
2022-12-02,36216.98,627959029771,379115587176,450.00,17338800,45489718821221982208
2022-12-03,36467.82,632319230379,380008336516,450.00,17339100,45587785923395313664
2022-12-04,36720.36,636709071900,380913340957,450.00,17339400,45682871911432331264
2022-12-05,36974.06,641119127726,381830628569,450.00,17339700,45775174950197125120
2022-12-06,37228.37,645539855181,382760193921,450.00,17340000,45864921076777418752
2022-12-07,37482.72,649961674089,383701998073,450.00,17340300,45952362645342306304
2022-12-08,37736.59,654375046475,384655968836,450.00,17340600,46037776547930914816
2022-12-09,37989.41,658770556737,385622001319,450.00,17340900,46121462219439243264
2022-12-10,38240.66,663138991648,386599958751,450.00,17341200,46203739436913246208
2022-12-11,38489.83,667471419492,387589673573,450.00,17341500,46284945925183512576
2022-12-12,38736.42,671759267699,388590948808,450.00,17341800,46365434782879236096
2022-12-13,38979.96,675994398287,389603559682,450.00,17342100,46445571744912449536
2022-12-14,39220.01,680169180491,390627255495,450.00,17342400,46525732299604492288
2022-12-15,39456.17,684276559916,391661761732,450.00,17342700,46606298680700493824
2022-12-16,39688.07,688310123628,392706782386,450.00,17343000,46687656756548509696
2022-12-17,39915.37,692264160581,393762002493,450.00,17343300,46770192840664989696
2022-12-18,40137.79,696133716834,394827090850,450.00,17343600,46854290449721901056
2022-12-19,40355.09,699914645050,395901702887,450.00,17343900,46940327036622839808
2022-12-20,40567.09,703603647790,396985483696,450.00,17344200,47028670727736803328
2022-12-21,40773.64,707198314194,398078071168,450.00,17344500,47119677094478102528
2022-12-22,40974.65,710697149656,399179099220,450.00,17344800,47213685990210240512
2022-12-23,41170.11,714099598188,400288201103,450.00,17345100,47311018483867729920
2022-12-24,41360.02,717406057197,401405012733,450.00,17345400,47411973921691877376
2022-12-25,41544.47,720617884479,402529176047,450.00,17345700,47516827148036890624
2022-12-26,41723.59,723737397287,403660342338,450.00,17346000,47625825915297898496
2022-12-27,41897.57,726767863395,404798175555,450.00,17346300,47739188511633383424
2022-12-28,42066.66,729713484151,405942355517,450.00,17346600,47857101633305624576
2022-12-29,42231.14,732579369574,407092581046,450.00,17346900,47979718526156120064
2022-12-30,42391.37,735371505614,408248572964,450.00,17347200,48107157418000908288
2022-12-31,42547.73,738096713777,409410076938,450.00,17347500,48239500260612136960
2023-01-01,42700.67,740762603349,410576866157,450.00,17347800,48376791796502290432
2023-01-02,42850.66,743377516563,411748743795,450.00,17348100,48519038962008571904
2023-01-03,42998.23,745950467072,412925545260,450.00,17348400,48666210634259398656
2023-01-04,43143.93,748491072178,414107140193,450.00,17348700,48818237725570883584
2023-01-05,43288.34,751009479318,415293434208,450.00,17349000,48975013624747491328
2023-01-06,43432.09,753516287352,416484370339,450.00,17349300,49136394980731420672
2023-01-07,43575.79,756022463258,417679930208,450.00,17349600,49302202820135084032
2023-01-08,43720.09,758539254876,418880134864,450.00,17349900,49472223986475745280
2023-01-09,43865.67,761078100396,420085045319,450.00,17350200,49646212885475262464
2023-01-10,44013.17,763650535297,421294762746,450.00,17350500,49823893517646880768
2023-01-11,44163.27,766268097496,422509428348,450.00,17350800,50004961776610893824
2023-01-12,44316.63,768942231471,423729222892,450.00,17351100,50189087989193760768
2023-01-13,44473.89,771684192160,424954365908,450.00,17351400,50375919671391641600
2023-01-14,44635.68,774504949411,426185114556,450.00,17351700,50565084472728895488
2023-01-15,44802.62,777415093819,427421762167,450.00,17352000,50756193280409763840
2023-01-16,44975.29,780424744716,428664636468,450.00,17352300,50948843453935910912
2023-01-17,45154.24,783543461130,429914097502,450.00,17352600,51142622160519512064
2023-01-18,45339.98,786780156474,431170535253,450.00,17352900,51337109781632253952
2023-01-19,45532.99,790143017719,432434367005,450.00,17353200,51531883361358725120
2023-01-20,45733.68,793639429777,433706034431,450.00,17353500,51726520067829497856
2023-01-21,45942.44,797275905775,434986000466,450.00,17353800,51920600639852240896
2023-01-22,46159.58,801058023860,436274745954,450.00,17354100,52113712791897800704
2023-01-23,46385.38,804990371150,437572766119,450.00,17354400,52305454551790387200
2023-01-24,46620.02,809076495349,438880566878,450.00,17354700,52495437506758336512
2023-01-25,46863.66,813318864530,440198661024,450.00,17355000,52683289934889828352
2023-01-26,47116.38,817718835499,441527564314,450.00,17355300,52868659800473739264
2023-01-27,47378.17,822276631095,442867791486,450.00,17355600,53051217593164259328
2023-01-28,47649.00,826991326711,444219852252,450.00,17355900,53230658992366166016
2023-01-29,47928.74,831860846254,445584247280,450.00,17356200,53406707339679735808
2023-01-30,48217.21,836881967649,446961464219,450.00,17356500,53579115903658360832
2023-01-31,48514.15,842050337985,448351973784,450.00,17356800,53747669922511208448
2023-02-01,48819.24,847360498230,449756225943,450.00,17357100,53912188411726077952
2023-02-02,49132.12,852805917451,451174646239,450.00,17357400,54072525724895322112
2023-02-03,49452.35,858379036318,452607632276,450.00,17357700,54228572857307013120
2023-02-04,49779.43,864071319653,454055550400,450.00,17358000,54380258483123068928
2023-02-05,50112.82,869873317660,455518732605,450.00,17358300,54527549718217940992
2023-02-06,50451.92,875774735427,456997473699,450.00,17358600,54670452602009509888
2023-02-07,50796.11,881764510195,458492028743,450.00,17358900,54809012292894711808
2023-02-08,51144.69,887830895840,460002610796,450.00,17359200,54943312973221257216
2023-02-09,51496.96,893961553931,461529388993,450.00,17359500,55073477461101518848
2023-02-10,51852.19,900143650666,463072486961,450.00,17359800,55199666527823167488
2023-02-11,52209.60,906363958950,464631981601,450.00,17360100,55322077921145643008
2023-02-12,52568.43,912608964795,466207902248,450.00,17360400,55440945096410972160
2023-02-13,52927.88,918864977221,467800230215,450.00,17360700,55556535659148353536
2023-02-14,53287.15,925118240749,469408898738,450.00,17361000,55669149524726857728
2023-02-15,53645.47,931355049593,471033793314,450.00,17361300,55779116802611961856
2023-02-16,54002.04,937561862599,472674752444,450.00,17361600,55886795414908796928
2023-02-17,54356.11,943725417987,474331568777,450.00,17361900,55992568461125189632
2023-02-18,54706.94,949832846916,476003990641,450.00,17362200,56096841343446106112
2023-02-19,55053.81,955871784935,477691723967,450.00,17362500,56200038669262512128
2023-02-20,55396.05,961830480341,479394434579,450.00,17362800,56302600950216785920
2023-02-21,55733.01,967697898514,481111750842,450.00,17363100,56404981119581298688
2023-02-22,56064.12,973463821322,482843266653,450.00,17363400,56507640892338536448
2023-02-23,56388.84,979118940690,484588544745,450.00,17363700,56611046994836840448
2023-02-24,56706.69,984654945514,486347120286,450.00,17364000,56715667293299957760
2023-02-25,57017.25,990064601104,488118504739,450.00,17364300,56821966852721475584
2023-02-26,57320.17,995341820428,489902189967,450.00,17364600,56930403959711481856
2023-02-27,57615.17,1000481726459,491697652530,450.00,17364900,57041426144623927296
2023-02-28,57902.05,1005480705025,493504358164,450.00,17365200,57155466239718055936
2023-03-01,58180.67,1010336447621,495321766385,450.00,17365500,57272938511133245440
2023-03-02,58450.98,1015047983704,497149335193,450.00,17365800,57394234903033102336
2023-03-03,58712.99,1019615702114,498986525838,450.00,17366100,57519721432349016064
2023-03-04,58966.82,1024041361319,500832807603,450.00,17366400,57649734772091133952
2023-03-05,59212.64,1028328088278,502687662559,450.00,17366700,57784579060165451776
2023-03-06,59450.70,1032480365828,504550590275,450.00,17367000,57924522969027895296
2023-03-07,59681.36,1036504008575,506421112412,450.00,17367300,58069797069319487488
2023-03-08,59905.00,1040406127371,508298777186,450.00,17367600,58220591517879336960
2023-03-09,60122.13,1044195082572,510183163645,450.00,17367900,58377054097257021440
2023-03-10,60333.28,1047880426332,512073885740,450.00,17368200,58539288630090334208
2023-03-11,60539.07,1051472834330,513970596127,450.00,17368500,58707353787545468928
2023-03-12,60740.18,1054984027378,515872989699,450.00,17368800,58881262306505875456
2023-03-13,60937.34,1058426683468,517780806780,450.00,17369100,59060980625435230208
2023-03-14,61131.32,1061814340911,519693835985,450.00,17369400,59246428943917948928
2023-03-15,61322.95,1065161293267,521611916694,450.00,17369700,59437481705901285376
2023-03-16,61513.10,1068482476889,523534941120,450.00,17370000,59633968501719859200
2023-03-17,61702.64,1071793351932,525462855965,450.00,17370300,59835675379178258432
2023-03-18,61892.50,1075109777774,527395663623,450.00,17370600,60042346549385314304
2023-03-19,62083.59,1078447883824,529333422933,450.00,17370900,60253686468760707072
2023-03-20,62276.87,1081823936765,531276249462,450.00,17371200,60469362274737782784
2023-03-21,62473.26,1085254205308,533224315316,450.00,17371500,60689006549223170048
2023-03-22,62673.69,1088754823569,535177848471,450.00,17371800,60912220380888440832
2023-03-23,62879.08,1092341654193,537137131626,450.00,17372100,61138576694884507648
2023-03-24,63090.31,1096030152393,539102500592,450.00,17372400,61367623816603336704
2023-03-25,63308.25,1099835232025,541074342206,450.00,17372700,61598889234657091584
2023-03-26,63533.71,1103771134874,543053091805,450.00,17373000,61831883527290929152
2023-03-27,63767.47,1107851304260,545039230263,450.00,17373300,62066104415964127232
2023-03-28,64010.24,1112088264078,547033280611,450.00,17373600,62301040909790429184
2023-03-29,64262.69,1116493504341,549035804273,450.00,17373900,62536177504879886336
2023-03-30,64525.41,1121077374253,551047396942,450.00,17374200,62770998403323830272
2023-03-31,64798.93,1125848983778,553068684119,450.00,17374500,63004991717560483840
2023-04-01,65083.69,1130816114631,555100316364,450.00,17374800,63237653627101446144
2023-04-02,65380.06,1135985141513,557142964283,450.00,17375100,63468492456037720064
2023-04-03,65688.33,1141360964373,559197313293,450.00,17375400,63697032641331609600
2023-04-04,66008.68,1146946952355,561264058221,450.00,17375700,63922818563591208960
2023-04-05,66341.21,1152744900036,563343897750,450.00,17376000,64145418213783691264
2023-04-06,66685.95,1158754996429,565437528795,450.00,17376300,64364426671132565504
2023-04-07,67042.79,1164975807139,567545640821,450.00,17376600,64579469369240576000
2023-04-08,67411.58,1171404269960,569668910176,450.00,17376900,64790205129258557440
2023-04-09,67792.03,1178035704070,571807994466,450.00,17377200,64996328940671254528
2023-04-10,68183.79,1184863832884,573963527044,450.00,17377500,65197574471977115648
2023-04-11,68586.40,1191880820512,576136111626,450.00,17377800,65393716295207567360
2023-04-12,68999.33,1199077321631,578326317121,450.00,17378100,65584571809852702720
2023-04-13,69421.96,1206442544500,580534672683,450.00,17378400,65770002853350785024
2023-04-14,69853.58,1213964326709,582761663055,450.00,17378700,65949916986862108672
2023-04-15,70293.41,1221629223137,585007724236,450.00,17379000,66124268446601584640
2023-04-16,70740.63,1229422605513,587273239503,450.00,17379300,66293058752563552256
2023-04-17,71194.32,1237328772849,589558535850,450.00,17379600,66456336968056348672
2023-04-18,71653.52,1245331071909,591863880841,450.00,17379900,66614199605091721216
2023-04-19,72117.24,1253412026815,594189479946,450.00,17380200,66766790172367847424
2023-04-20,72584.42,1261553476771,596535474355,450.00,17380500,66914298364362080256
2023-04-21,73053.99,1269736720834,598901939313,450.00,17380800,67056958891930632192
2023-04-22,73524.84,1277942668573,601288882987,450.00,17381100,67195049956815929344
2023-04-23,73995.88,1286151995407,603696245879,450.00,17381400,67328891374597595136
2023-04-24,74465.98,1294345301362,606123900799,450.00,17381700,67458842352906756096
2023-04-25,74934.03,1302503271933,608571653397,450.00,17382000,67585298934154403840
2023-04-26,75398.93,1310606839730,611039243268,450.00,17382300,67708691114609623040
2023-04-27,75859.62,1318637345540,613526345602,450.00,17382600,67829479654389669888
2023-04-28,76315.04,1326576697452,616032573402,450.00,17382900,67948152595783819264
2023-04-29,76764.20,1334407526682,618557480228,450.00,17383200,68065221510300499968
2023-04-30,77206.16,1342113338764,621100563461,450.00,17383500,68181217497877078016
2023-05-01,77640.02,1349678658768,623661268073,450.00,17383800,68296686964781842432
2023-05-02,78064.97,1357089169294,626238990859,450.00,17384100,68412187209826582528
2023-05-03,78480.24,1364331839989,628833085105,450.00,17384400,68528281851537694720
2023-05-04,78885.17,1371395047427,631442865671,450.00,17384700,68645536131845152768
2023-05-05,79279.19,1378268684252,634067614426,450.00,17385000,68764512134573129728
2023-05-06,79661.80,1384944256563,636706586011,450.00,17385300,68885763959482785792
2023-05-07,80032.61,1391414968607,639359013877,450.00,17385600,69009832894751498240
2023-05-08,80391.34,1397675793958,642024116555,450.00,17385900,69137242632499699712
2023-05-09,80737.80,1403723532452,644701104095,450.00,17386200,69268494573224050688
2023-05-10,81071.92,1409556852263,647389184637,450.00,17386500,69404063265697087488
2023-05-11,81393.72,1415176316640,650087571052,450.00,17386800,69544392028991553536
2023-05-12,81703.35,1420584394929,652795487592,450.00,17387100,69689888802731384832
2023-05-13,82001.07,1425785457644,655512176510,450.00,17387400,69840922270433026048
2023-05-14,82287.23,1430785755492,658236904575,450.00,17387700,69997818298856816640
2023-05-15,82562.31,1435593382377,660968969439,450.00,17388000,70160856733644193792
2023-05-16,82826.86,1440218222541,663707705792,450.00,17388300,70330268588189360128
2023-05-17,83081.55,1444671882164,666452491267,450.00,17388600,70506233658724417536
2023-05-18,83327.16,1448967605844,669202752019,450.00,17388900,70688878594043731968
2023-05-19,83564.52,1453120178528,671957967946,450.00,17389200,70878275443231277056
2023-05-20,83794.58,1457145813593,674717677509,450.00,17389500,71074440699277377536
2023-05-21,84018.33,1461062027904,677481482083,450.00,17389800,71277334850683789312
2023-05-22,84236.86,1464887504764,680249049822,450.00,17390100,71486862447170093056
2023-05-23,84451.30,1468641945835,683020118994,450.00,17390400,71702872679533166592
2023-05-24,84662.83,1472345913159,685794500744,450.00,17390700,71925160467691831296
2023-05-25,84872.67,1476020662529,688572081270,450.00,17391000,72153468045091782656
2023-05-26,85082.08,1479687969543,691352823382,450.00,17391300,72387487022058790912
2023-05-27,85292.32,1483369949750,694136767423,450.00,17391600,72626860905474097152
2023-05-28,85504.68,1487088874337,696924031546,450.00,17391900,72871188047387615232
2023-05-29,85720.44,1490866982889,699714811328,450.00,17392200,73120024990955831296
2023-05-30,85940.85,1494726294773,702509378736,450.00,17392500,73372890178440732672
2023-05-31,86167.17,1498688420718,705308080425,450.00,17392800,73629267982971371520
2023-06-01,86400.61,1502774376202,708111335399,450.00,17393100,73888613023364759552
2023-06-02,86642.31,1507004398209,710919632031,450.00,17393400,74150354719526633472
2023-06-03,86893.40,1511397766967,713733524472,450.00,17393700,74413902044789489664
2023-06-04,87154.92,1515972634179,716553628478,450.00,17394000,74678648430961065984
2023-06-05,87427.83,1520745859285,719380616665,450.00,17394300,74943976781812547584
2023-06-06,87713.02,1525732855186,722215213254,450.00,17394600,75209264551176847360
2023-06-07,88011.28,1530947444822,725058188321,450.00,17394900,75473888842697867264
2023-06-08,88323.32,1536401729904,727910351618,450.00,17395200,75737231489510244352
2023-06-09,88649.71,1542105973022,730772545997,450.00,17395500,75998684073672114176
2023-06-10,88990.93,1548068494226,733645640492,450.00,17395800,76257652846959771648
2023-06-11,89347.36,1554295583077,736530523125,450.00,17396100,76513563516605972480
2023-06-12,89719.22,1560791427055,739428093482,450.00,17396400,76765865861665980416
2023-06-13,90106.63,1567558057051,742339255123,450.00,17396700,77014038147883139072
2023-06-14,90509.59,1574595310554,745264907893,450.00,17397000,77257591311153774592
2023-06-15,90927.95,1581900812990,748205940191,450.00,17397300,77496072881928241152
2023-06-16,91361.45,1589469977523,751163221269,450.00,17397600,77729070625102921728
2023-06-17,91809.70,1597296023474,754137593618,450.00,17397900,77956215872137920512
2023-06-18,92272.19,1605370013356,757129865515,450.00,17398200,78177186524266807296
2023-06-19,92748.28,1613680908358,760140803785,450.00,17398500,78391709707738988544
2023-06-20,93237.21,1622215641977,763171126850,450.00,17398800,78599564064060407808
2023-06-21,93738.14,1630959211310,766221498120,450.00,17399100,78800581660172304384
2023-06-22,94250.08,1639894785384,769292519784,450.00,17399400,78994649505451212800
2023-06-23,94771.97,1649003829751,772384727066,450.00,17399700,79181710664336588800
2023-06-24,95302.66,1658266246420,775498582981,450.00,17400000,79361764955316240384
2023-06-25,95840.91,1667660528068,778634473657,450.00,17400300,79534869228948160512
2023-06-26,96385.41,1677163925351,781792704253,450.00,17400600,79701137219589668864
2023-06-27,96934.79,1686752625992,784973495523,450.00,17400900,79860738967568482304
2023-06-28,97487.64,1696401944240,788176981053,450.00,17401200,80013899810687631360
2023-06-29,98042.50,1706086519161,791403205198,450.00,17401500,80160898946228830208
2023-06-30,98597.88,1715780520185,794652121754,450.00,17401800,80302067567027339264
2023-07-01,99152.28,1725457858198,797923593365,450.00,17402100,80437786577753636864
2023-07-02,99704.20,1735092400456,801217391689,450.00,17402400,80568483900261744640
2023-07-03,100252.16,1744658187523,804533198319,450.00,17402700,80694631379761102848
2023-07-04,100794.67,1754129650432,807870606470,450.00,17403000,80816741306636795904
2023-07-05,101330.31,1763481826206,811229123399,450.00,17403300,80935362571973640192
2023-07-06,101857.69,1772690569929,814608173574,450.00,17403600,81051076478217666560
2023-07-07,102375.49,1781732761538,818007102548,450.00,17403900,81164492229910577152
2023-07-08,102882.44,1790586505533,821425181517,450.00,17404200,81276242133019639808
2023-07-09,103377.36,1799231321890,824861612537,450.00,17404500,81386976535018455040
2023-07-10,103859.18,1807648326460,828315534348,450.00,17404800,81497358541492666368
2023-07-11,104326.92,1815820399278,831786028768,450.00,17405100,81608058548590182400
2023-07-12,104779.69,1823732339248,835272127612,450.00,17405400,81719748634032177152
2023-07-13,105216.74,1831371003792,838772820065,450.00,17405700,81833096852570603520
2023-07-14,105637.45,1838725432185,842287060473,450.00,17406000,81948761484637929472
2023-07-15,106041.32,1845786951385,845813776466,450.00,17406300,82067385289391357952
2023-07-16,106427.98,1852549263353,849351877366,450.00,17406600,82189589815329439744
2023-07-17,106797.22,1859008512971,852900262801,450.00,17406900,82315969823056035840
2023-07-18,107148.96,1865163335852,856457831457,450.00,17407200,82447087875520315392
2023-07-19,107483.26,1871014885475,860023489891,450.00,17407500,82583469151091589120
2023-07-20,107800.34,1876566839272,863596161341,450.00,17407800,82725596534085681152
2023-07-21,108100.56,1881825383464,867174794446,450.00,17408100,82873906035805290496
2023-07-22,108384.41,1886799176604,870758371811,450.00,17408400,83028782596766990336
2023-07-23,108652.53,1891499292001,874345918342,450.00,17408700,83190556317569875968
2023-07-24,108905.69,1895939139345,877936509276,450.00,17409000,83359499161832914944
2023-07-25,109144.79,1900134366046,881529277834,450.00,17409300,83535822169843171328
2023-07-26,109370.85,1904102738987,885123422442,450.00,17409600,83719673216081723392
2023-07-27,109585.01,1907864007547,888718213440,450.00,17409900,83911135337720496128
2023-07-28,109788.50,1911439748913,892312999230,450.00,17410200,84110225654624485376
2023-07-29,109982.67,1914853196878,895907211801,450.00,17410500,84316894894467727360
2023-07-30,110168.92,1918129055449,899500371583,450.00,17410800,84531027529424142336
2023-07-31,110348.76,1921293298737,903092091589,450.00,17411100,84752442523659845632
2023-08-01,110523.73,1924372958738,906682080788,450.00,17411400,84980894683680194560
2023-08-02,110695.45,1927395902699,910270146701,450.00,17411700,85216076596612694016
2023-08-03,110865.53,1930390601902,913856197168,450.00,17412000,85457621134866137088
2023-08-04,111035.64,1933385893754,917440241280,450.00,17412300,85705104499417235456
2023-08-05,111207.44,1936410739150,921022389461,450.00,17412600,85958049768341831680
2023-08-06,111382.59,1939493977144,924602852685,450.00,17412900,86215930912209223680
2023-08-07,111562.73,1942664078972,928181940842,450.00,17413200,86478177233662083072
2023-08-08,111749.44,1945948903520,931760060248,450.00,17413500,86744178184946958336
2023-08-09,111944.29,1949375456315,935337710325,450.00,17413800,87013288514363129856
2023-08-10,112148.76,1952969654090,938915479463,450.00,17414100,87284833690557693952
2023-08-11,112364.26,1956756096982,942494040102,450.00,17414400,87558115552290357248
2023-08-12,112592.11,1960757850320,946074143070,450.00,17414700,87832418130687213568
2023-08-13,112833.55,1964996237928,949656611214,450.00,17415000,88107013591042490368
2023-08-14,113089.68,1969490648763,953242332375,450.00,17415300,88381168241855987712
2023-08-15,113361.49,1974258358622,956832251768,450.00,17415600,88654148559933128704
2023-08-16,113649.85,1979314368521,960427363819,450.00,17415900,88925227181957840896
2023-08-17,113955.47,1984671261225,964028703530,450.00,17416200,89193688814897070080
2023-08-18,114278.94,1990339077262,967637337442,450.00,17416500,89458836019831947264
2023-08-19,114620.67,1996325211603,971254354262,450.00,17416800,89719994826274111488
2023-08-20,114980.93,2002634332004,974880855243,450.00,17417100,89976520136637284352
2023-08-21,115359.83,2009268319851,978517944386,450.00,17417400,90227800883249627136
2023-08-22,115757.32,2016226234148,982166718556,450.00,17417700,90473264903050723328
2023-08-23,116173.17,2023504299098,985828257580,450.00,17418000,90712383497883779072
2023-08-24,116607.01,2031095915531,989503614428,450.00,17418300,90944675651032399872
2023-08-25,117058.30,2038991696230,993193805549,450.00,17418600,91169711873340227584
2023-08-26,117526.34,2047179525008,996899801443,450.00,17418900,91387117654875815936
2023-08-27,118010.28,2055644639179,1000622517560,450.00,17419200,91596576500655489024
2023-08-28,118509.13,2064369734863,1004362805602,450.00,17419500,91797832531419512832
2023-08-29,119021.75,2073335094382,1008121445288,450.00,17419800,91990692632870879232
2023-08-30,119546.89,2082518734792,1011899136683,450.00,17420100,92175028139154194432
2023-08-31,120083.15,2091896576427,1015696493136,450.00,17420400,92350776038683885568
2023-09-01,120629.06,2101442630136,1019514034896,450.00,17420700,92517939692755451904
2023-09-02,121183.01,2111129201756,1023352183473,450.00,17421000,92676589059709681664
2023-09-03,121743.33,2120927112164,1027211256778,450.00,17421300,92826860419799531520
2023-09-04,122308.28,2130805931164,1031091465112,450.00,17421600,92968955598355922944
2023-09-05,122876.05,2140734223279,1034992908020,450.00,17421900,93103140687391588352
2023-09-06,123444.79,2150679803457,1038915572050,450.00,17422200,93229744268445761536
2023-09-07,124012.63,2160610000568,1042859329449,450.00,17422500,93349155142279757824
2023-09-08,124577.68,2170491926504,1046823937802,450.00,17422800,93461819574002221056
2023-09-09,125138.05,2180292748641,1050809040622,450.00,17423100,93568238065349033984
2023-09-10,125691.88,2189979963359,1054814168901,450.00,17423400,93668961669170216960
2023-09-11,126237.35,2199521668325,1058838743608,450.00,17423700,93764587864686559232
2023-09-12,126772.66,2208886831202,1062882079115,450.00,17424000,93855756015764684800
2023-09-13,127296.11,2218045552506,1066943387532,450.00,17424300,93943142438296174592
2023-09-14,127806.05,2226969320344,1071021783923,450.00,17424600,94027455106733768704
2023-09-15,128300.95,2235631254812,1075116292355,450.00,17424900,94109428033887764480
2023-09-16,128779.37,2244006339960,1079225852736,450.00,17425200,94189815362172239872
2023-09-17,129240.00,2252071641247,1083349328397,450.00,17425500,94269385208549130240
2023-09-18,129681.65,2259806506606,1087485514345,450.00,17425800,94348913309375889408
2023-09-19,130103.28,2267192749290,1091633146130,450.00,17426100,94429176515137732608
2023-09-20,130503.99,2274214810876,1095790909252,450.00,17426400,94510946188547784704
2023-09-21,130883.06,2280859902932,1099957449030,450.00,17426700,94594981562629439488
2023-09-22,131239.92,2287118126030,1104131380852,450.00,17427000,94682023118060781568
2023-09-23,131574.17,2292982564987,1108311300725,450.00,17427300,94772786041156042752
2023-09-24,131885.59,2298449359390,1112495796035,450.00,17427600,94867953825292320768
2023-09-25,132174.14,2303517748697,1116683456428,450.00,17427900,94968172079270985728
2023-09-26,132439.96,2308190091390,1120872884713,450.00,17428200,95074042605957185536
2023-09-27,132683.36,2312471857881,1125062707714,450.00,17428500,95186117813504376832
2023-09-28,132904.82,2316371597125,1129251586960,450.00,17428800,95304895519503859712
2023-09-29,133105.03,2319900877053,1133438229125,450.00,17429100,95430814205479239680
2023-09-30,133284.81,2323074199241,1137621396148,450.00,17429400,95564248775279149056
2023-10-01,133445.15,2325908888383,1141799914914,450.00,17429700,95705506866136776704
2023-10-02,133587.20,2328424957391,1145972686439,450.00,17430000,95854825755520286720
2023-10-03,133712.27,2330644949158,1150138694466,450.00,17430300,96012369900475891712
2023-10-04,133821.77,2332593756200,1154297013404,450.00,17430600,96178229139073220608
2023-10-05,133917.26,2334298419605,1158446815527,450.00,17430900,96352417575927201792
2023-10-06,134000.41,2335787908908,1162587377386,450.00,17431200,96534873165740146688
2023-10-07,134072.96,2337092884646,1166718085363,450.00,17431500,96725458000536862720
2023-10-08,134136.78,2338245445558,1170838440323,450.00,17431800,96923959297920598016
2023-10-09,134193.75,2339278862468,1174948061320,450.00,17432100,97130091079426260992
2023-10-10,134245.85,2340227301082,1179046688309,450.00,17432400,97343496520046395392
2023-10-11,134295.06,2341125535973,1183134183868,450.00,17432700,97563750942412292096
2023-10-12,134343.41,2342008658155,1187210533867,450.00,17433000,97790365422057652224
2023-10-13,134392.90,2342911778698,1191275847117,450.00,17433300,98022790963798343680
2023-10-14,134445.54,2343869730871,1195330353966,450.00,17433600,98260423203617996800
2023-10-15,134503.28,2344916773344,1199374403865,450.00,17433900,98502607585631895552
2023-10-16,134568.05,2346086296969,1203408461915,450.00,17434200,98748644959750258688
2023-10-17,134641.69,2347410537639,1207433104423,450.00,17434500,98997797542599557120
2023-10-18,134725.97,2348920297695,1211449013498,450.00,17434800,99249295182081982464
2023-10-19,134822.55,2350644678266,1215456970728,450.00,17435100,99502341864630566912
2023-10-20,134933.00,2352610824885,1219457849984,450.00,17435400,99756122403708141568
2023-10-21,135058.74,2354843688569,1223452609428,450.00,17435700,100009809248336592896
2023-10-22,135201.07,2357365804465,1227442282753,450.00,17436000,100262569351359447040
2023-10-23,135361.12,2360197090019,1231427969765,450.00,17436300,100513571038649745408
2023-10-24,135539.88,2363354664445,1235410826356,450.00,17436600,100761990822491947008
2023-10-25,135738.16,2366852691132,1239392053965,450.00,17436900,101007020104799076352
2023-10-26,135956.59,2370702244390,1243372888607,450.00,17437200,101247871718593380352
2023-10-27,136195.62,2374911201797,1247354589562,450.00,17437500,101483786259189186560
2023-10-28,136455.53,2379484163127,1251338427823,450.00,17437800,101714038159704162304
2023-10-29,136736.36,2384422396675,1255325674399,450.00,17438100,101937941468811591680
2023-10-30,137038.02,2389723813529,1259317588557,450.00,17438400,102154855291982692352
2023-10-31,137360.18,2395382970116,1263315406127,450.00,17438700,102364188860796895232
2023-11-01,137702.34,2401391099106,1267320327950,450.00,17439000,102565406198187606016
2023-11-02,138063.81,2407736168521,1271333508572,450.00,17439300,102758030350711242752
2023-11-03,138443.71,2414402968653,1275356045284,450.00,17439600,102941647162058489856
2023-11-04,138841.00,2421373226146,1279388967598,450.00,17439900,103115908565064007680
2023-11-05,139254.47,2428625744392,1283433227252,450.00,17440200,103280535372411551744
2023-11-06,139682.73,2436136569117,1287489688832,450.00,17440500,103435319549084008448
2023-11-07,140124.26,2443879177871,1291559121081,450.00,17440800,103580125952387973120
2023-11-08,140577.41,2451824691878,1295642188990,450.00,17441100,103714893528107958272
2023-11-09,141040.40,2459942108533,1299739446724,450.00,17441400,103839635954043109376
2023-11-10,141511.35,2468198552647,1303851331457,450.00,17441700,103954441724873359360
2023-11-11,141988.28,2476559544370,1307978158159,450.00,17442000,104059473675026923520
2023-11-12,142469.13,2484989281574,1312120115396,450.00,17442300,104154967939000565760
2023-11-13,142951.79,2493450934348,1316277262172,450.00,17442600,104241232351454134272
2023-11-14,143434.12,2501906949155,1320449525849,450.00,17442900,104318644292385619968
2023-11-15,143913.92,2510319360091,1324636701161,450.00,17443200,104387647985818009600
2023-11-16,144389.03,2518650104631,1328838450337,450.00,17443500,104448751263714312192
2023-11-17,144857.28,2526861341203,1333054304340,450.00,17443800,104502521810299912192
2023-11-18,145316.51,2534915765902,1337283665199,450.00,17444100,104549582905613713408
2023-11-19,145764.65,2542776925643,1341525809443,450.00,17444400,104590608690936430592
2023-11-20,146199.68,2550409525101,1345779892584,450.00,17444700,104626318982741344256
2023-11-21,146619.65,2557779724807,1350044954641,450.00,17445000,104657473665961410560
2023-11-22,147022.72,2564855427849,1354319926633,450.00,17445300,104684866701632946176
2023-11-23,147407.17,2571606552705,1358603638020,450.00,17445600,104709319788317589504
2023-11-24,147771.41,2578005289873,1362894825005,450.00,17445900,104731675721062449152
2023-11-25,148113.99,2584026340043,1367192139643,450.00,17446200,104752791495968571392
2023-11-26,148433.62,2589647131780,1371494159687,450.00,17446500,104773531212613795840
2023-11-27,148729.17,2594848016771,1375799399071,450.00,17446800,104794758830537637888
2023-11-28,148999.69,2599612440962,1380106318968,450.00,17447100,104817330839633805312
2023-11-29,149244.42,2603927090027,1384413339309,450.00,17447400,104842088907515920384
2023-11-30,149462.79,2607782007908,1388718850683,450.00,17447700,104869852569610174464
2023-12-01,149654.44,2611170687312,1393021226508,450.00,17448000,104901412029781344256
2023-12-02,149819.19,2614090131356,1397318835379,450.00,17448300,104937521140612939776
2023-12-03,149957.07,2616540885747,1401610053482,450.00,17448600,104978890632944107520
2023-12-04,150068.32,2618527041155,1405893276976,450.00,17448900,105026181663833948160
2023-12-05,150153.37,2620056205688,1410166934234,450.00,17449200,105079999750715998208
2023-12-06,150212.87,2621139447630,1414429497844,450.00,17449500,105140889157076959232
2023-12-07,150247.64,2621791208855,1418679496257,450.00,17449800,105209327791526297600
2023-12-08,150258.69,2622029189584,1422915525003,450.00,17450100,105285722677628649472
2023-12-09,150247.23,2621874205397,1427136257356,450.00,17450400,105370406046380687360
2023-12-10,150214.61,2621350017655,1431340454377,450.00,17450700,105463632096801406976
2023-12-11,150162.35,2620483138699,1435526974235,450.00,17451000,105565574462857363456
2023-12-12,150092.12,2619302613443,1439694780731,450.00,17451300,105676324416989954048
2023-12-13,150005.72,2617839779138,1443842950959,450.00,17451600,105795889831987331072
2023-12-14,149905.05,2616128005325,1447970682017,450.00,17451900,105924194914017476608
2023-12-15,149792.14,2614202416123,1452077296737,450.00,17452200,106061080710481346560
2023-12-16,149669.08,2612099597179,1456162248358,450.00,17452500,106206306387141099520
2023-12-17,149538.03,2609857289735,1460225124118,450.00,17452800,106359551259911749632
2023-12-18,149401.20,2607514074383,1464265647722,450.00,17453100,106520417557949251584
2023-12-19,149260.83,2605109047160,1468283680679,450.00,17453400,106688433886393122816
2023-12-20,149119.18,2602681490742,1472279222464,450.00,17453700,106863059349474951168
2023-12-21,148978.49,2600270543477,1476252409541,450.00,17454000,107043688287811813376
2023-12-22,148840.97,2597914869099,1480203513222,450.00,17454300,107229655577666142208
2023-12-23,148708.78,2595652329900,1484132936391,450.00,17454600,107420242434851422208
2023-12-24,148584.05,2593519666150,1488041209121,450.00,17454900,107614682661832802304
2023-12-25,148468.78,2591552184485,1491928983210,450.00,17455200,107812169273442680832
2023-12-26,148364.90,2589783457928,1495797025694,450.00,17455500,108011861434483621888
2023-12-27,148274.21,2588245040103,1499646211374,450.00,17455800,108212891641302663168
2023-12-28,148198.41,2586966196084,1503477514430,450.00,17456100,108414373079128506368
2023-12-29,148139.00,2585973652190,1507291999195,450.00,17456400,108615407087504343040
2023-12-30,148097.37,2585291366877,1511090810148,450.00,17456700,108815090667430068224
2023-12-31,148074.72,2584940324688,1514875161226,450.00,17457000,109012523965763715072
2024-01-01,148072.06,2584938355066,1518646324544,450.00,17457300,109206817674917117952
2024-01-02,148090.23,2585299977565,1522405618603,450.00,17457600,109397100288819675136
2024-01-03,148129.86,2586036274837,1526154396102,450.00,17457900,109582525159415726080
2024-01-04,148191.38,2587154794492,1529894031445,450.00,17458200,109762277301514977280
2024-01-05,148275.02,2588659480695,1533625908053,450.00,17458500,109935579897543704576
2024-01-06,148380.80,2590550636133,1537351405590,450.00,17458800,110101700457573548032
2024-01-07,148508.51,2592824914688,1541071887201,450.00,17459100,110259956593866801152
2024-01-08,148657.76,2595475344929,1544788686885,450.00,17459400,110409721373018456064
2024-01-09,148827.95,2598491384251,1548503097096,450.00,17459700,110550428212556398592
2024-01-10,149018.27,2601859003229,1552216356683,450.00,17460000,110681575292543057920
2024-01-11,149227.72,2605560799510,1555929639271,450.00,17460300,110802729456295526400
2024-01-12,149455.12,2609576140307,1559644042183,450.00,17460600,110913529577785638912
2024-01-13,149699.12,2613881332301,1563360575995,450.00,17460900,111013689376605388800
2024-01-14,149958.18,2618449817549,1567080154810,450.00,17461200,111102999664589045760
2024-01-15,150230.64,2623252393752,1570803587338,450.00,17461500,111181330011289108480
2024-01-16,150514.69,2628257457039,1574531568860,450.00,17461800,111248629818528972800
2024-01-17,150808.39,2633431265220,1578264674137,450.00,17462100,111304928797228974080
2024-01-18,151109.71,2638738219304,1582003351332,450.00,17462400,111350336842649567232
2024-01-19,151416.51,2644141160893,1585747916993,450.00,17462700,111385043307151376384
2024-01-20,151726.60,2649601682956,1589498552141,450.00,17463000,111409315672566939648
2024-01-21,152037.73,2655080451351,1593255299496,450.00,17463300,111423497627344011264
2024-01-22,152347.60,2660537534370,1597018061870,450.00,17463600,111428006556785131520
2024-01-23,152653.92,2665932737535,1600786601730,450.00,17463900,111423330458000441344
2024-01-24,152954.38,2671225940796,1604560541953,450.00,17464200,111410024294628229120
2024-01-25,153246.73,2676377435279,1608339367747,450.00,17464500,111388705809978720256
2024-01-26,153528.71,2681348256734,1612122429739,450.00,17464800,111360050821027627008
2024-01-27,153798.18,2686100512856,1615908948192,450.00,17465100,111324788019623690240
2024-01-28,154053.02,2690597701695,1619698018332,450.00,17465400,111283693311372886016
2024-01-29,154291.27,2694805018466,1623488616717,450.00,17465700,111237583726891859968
2024-01-30,154511.03,2698689648154,1627279608616,450.00,17466000,111187310944457687040
2024-01-31,154710.56,2702221041426,1631069756330,450.00,17466300,111133754467468427264
2024-02-01,154888.25,2705371171517,1634857728375,450.00,17466600,111077814504512552960
2024-02-02,155042.67,2708114769906,1638642109466,450.00,17466900,111020404604156280832
2024-02-03,155172.53,2710429538789,1642421411204,450.00,17467200,110962444100706451456
2024-02-04,155276.73,2712296338542,1646194083386,450.00,17467500,110904850431109447680
2024-02-05,155354.39,2713699348593,1649958525836,450.00,17467800,110848531386693943296
2024-02-06,155404.78,2714626200330,1653713100660,450.00,17468100,110794377366555115520
2024-02-07,155427.40,2715068080935,1657456144826,450.00,17468400,110743253701898551296
2024-02-08,155421.97,2715019807252,1661185982950,450.00,17468700,110695993122505457664
2024-02-09,155388.39,2714479869090,1664900940201,450.00,17469000,110653388437541093376
2024-02-10,155326.80,2713450441567,1668599355192,450.00,17469300,110616185503115755520
2024-02-11,155237.52,2711937366432,1672279592769,450.00,17469600,110585076548233887744
2024-02-12,155121.10,2709950102506,1675940056578,450.00,17469900,110560693928979709952
2024-02-13,154978.29,2707501645685,1679579201313,450.00,17470200,110543604377935642624
2024-02-14,154810.02,2704608419183,1683195544528,450.00,17470500,110534303811908960256
2024-02-15,154617.43,2701290134965,1686787677937,450.00,17470800,110533212756057899008
2024-02-16,154401.82,2697569627545,1690354278074,450.00,17471100,110540672436509736960
2024-02-17,154164.67,2693472661580,1693894116262,450.00,17471400,110556941586621612032
2024-02-18,153907.62,2689027714887,1697406067777,450.00,17471700,110582194004253294592
2024-02-19,153632.43,2684265738754,1700889120138,450.00,17472000,110616516888930287616
2024-02-20,153341.00,2679219897562,1704342380469,450.00,17472300,110659909978729742336
2024-02-21,153035.34,2673925289954,1707765081848,450.00,17472600,110712285497289244672
2024-02-22,152717.56,2668418653917,1711156588606,450.00,17472900,110773468911709470720
2024-02-23,152389.83,2662738058281,1714516400530,450.00,17473200,110843200492484542464
2024-02-24,152054.40,2656922583261,1717844155931,450.00,17473500,110921137657139740672
2024-02-25,151713.54,2651011992752,1721139633552,450.00,17473800,111006858070173958144
2024-02-26,151369.54,2645046401155,1724402753306,450.00,17474100,111099863463360069632
2024-02-27,151024.70,2639065937563,1727633575838,450.00,17474400,111199584132609818624
2024-02-28,150681.29,2633110410147,1730832300913,450.00,17474700,111305384060585410560
2024-02-29,150341.57,2627218973584,1733999264636,450.00,17475000,111416566608145268736
2024-03-01,150007.71,2621429802340,1737134935557,450.00,17475300,111532380712617377792
2024-03-02,149681.83,2615779772559,1740239909658,450.00,17475600,111652027526846480384
2024-03-03,149365.94,2610304155251,1743314904295,450.00,17475900,111774667429974327296
2024-03-04,149061.94,2605036323358,1746360751130,450.00,17476200,111899427338973184000
2024-03-05,148771.63,2600007475156,1749378388123,450.00,17476500,112025408249021251584
2024-03-06,148496.66,2595246376326,1752368850647,450.00,17476800,112151692930824978432
2024-03-07,148238.50,2590779122839,1755333261805,450.00,17477100,112277353713878614016
2024-03-08,147998.50,2586628926652,1758272822030,450.00,17477400,112401460286312431616
2024-03-09,147777.79,2582815925984,1761188798057,450.00,17477700,112523087444317241344
2024-03-10,147577.36,2579357021751,1764082511364,450.00,17478000,112641322727035437056
2024-03-11,147397.96,2576265741512,1766955326172,450.00,17478300,112755273876174127104
2024-03-12,147240.18,2573552132033,1769808637113,450.00,17478600,112864076063314018304
2024-03-13,147104.38,2571222681339,1772643856672,450.00,17478900,112966898831863300096
2024-03-14,146990.72,2569280270871,1775462402499,450.00,17479200,113062952704747175936
2024-03-15,146899.18,2567724158105,1778265684706,450.00,17479500,113151495413147467776
2024-03-16,146829.48,2566549989741,1781055093260,450.00,17479800,113231837705847685120
2024-03-17,146781.19,2565749845289,1783831985562,450.00,17480100,113303348702936383488
2024-03-18,146753.64,2565312310649,1786597674338,450.00,17480400,113365460761730088960
2024-03-19,146745.99,2565222581003,1789353415926,450.00,17480700,113417673826769174528
2024-03-20,146757.20,2565462592107,1792100399059,450.00,17481000,113459559239586037760
2024-03-21,146786.06,2566011178817,1794839734258,450.00,17481300,113490762987643830272
2024-03-22,146831.20,2566844259468,1797572443886,450.00,17481600,113511008375386259456
2024-03-23,146891.07,2567935044494,1800299452982,450.00,17481900,113520098103742955520
2024-03-24,146964.01,2569254267489,1803021580933,450.00,17482200,113517915747705503744
2024-03-25,147048.22,2570770436707,1805739534049,450.00,17482500,113504426624758710272
2024-03-26,147141.77,2572450104835,1808453899115,450.00,17482800,113479678050037825536
2024-03-27,147242.66,2574258154734,1811165137963,450.00,17483100,113443798977123614720
2024-03-28,147348.81,2576158098690,1813873583109,450.00,17483400,113396999026406178816
2024-03-29,147458.05,2578112388621,1816579434492,450.00,17483700,113339566905988005888
2024-03-30,147568.22,2580082734600,1819282757341,450.00,17484000,113271868233179299840
2024-03-31,147677.08,2582030428982,1821983481180,450.00,17484300,113194342767801909248
2024-04-01,147782.43,2583916673386,1824681399984,450.00,17484600,113107501071781888000
2024-04-02,147882.05,2585702905754,1827376173481,450.00,17484900,113011920612901175296
2024-04-03,147973.78,2587351124738,1830067329575,450.00,17485200,112908241334107570176
2024-04-04,148055.49,2588824208670,1832754267892,450.00,17485500,112797160713460383744
2024-04-05,148125.12,2590086226436,1835436264390,450.00,17485800,112679428343609753600
2024-04-06,148180.71,2591102737636,1838112477004,450.00,17486100,112555840063668076544
2024-04-07,148220.39,2591841079543,1840781952286,450.00,17486400,112427231680399245312
2024-04-08,148242.42,2592270638444,1843443632960,450.00,17486700,112294472319805112320
2024-04-09,148245.16,2592363103117,1846096366341,450.00,17487000,112158457454367195136
2024-04-10,148227.15,2592092698353,1848738913548,450.00,17487300,112020101655362781184
2024-04-11,148187.08,2591436396591,1851369959418,450.00,17487600,111880331123735363584
2024-04-12,148123.79,2590374105939,1853988123045,450.00,17487900,111740076056886542336
2024-04-13,148036.32,2588888833055,1856591968858,450.00,17488200,111600262912375554048
2024-04-14,147923.88,2586966819564,1859180018131,450.00,17488500,111461806632764391424
2024-04-15,147785.88,2584597650951,1861750760837,450.00,17488800,111325602898628853760
2024-04-16,147621.91,2581774337064,1864302667743,450.00,17489100,111192520478960353280
2024-04-17,147431.78,2578493363632,1866834202644,450.00,17489400,111063393749704605696
2024-04-18,147215.49,2574754714445,1869343834626,450.00,17489700,110939015451923218432
2024-04-19,146973.23,2570561864079,1871830050269,450.00,17490000,110820129760931938304
2024-04-20,146705.42,2565921741324,1874291365676,450.00,17490300,110707425736686141440
2024-04-21,146412.63,2560844663695,1876726338227,450.00,17490600,110601531223598989312
2024-04-22,146095.64,2555344243663,1879133577974,450.00,17490900,110503007264845873152
2024-04-23,145755.42,2549437267490,1881511758559,450.00,17491200,110412343092029767680
2024-04-24,145393.11,2543143547757,1883859627589,450.00,17491500,110329951745866973184
2024-04-25,145009.99,2536485750916,1886176016364,450.00,17491800,110256166377353396224
2024-04-26,144607.52,2529489201392,1888459848892,450.00,17492100,110191237271762518016
2024-04-27,144187.28,2522181663963,1890710150104,450.00,17492400,110135329629916971008
2024-04-28,143751.00,2514593106316,1892926053216,450.00,17492700,110088522132593770496
2024-04-29,143300.49,2506755443851,1895106806163,225.00,17493000,110050806304830357504
2024-04-30,142837.67,2498702268932,1897251777076,225.00,17493300,110022086687458246656
2024-05-01,142364.55,2490468566925,1899360458735,225.00,17493600,110002181813601124352
2024-05-02,141883.19,2482090421460,1901432471978,225.00,17493900,109990825978310803456
2024-05-03,141395.70,2473604711430,1903467568042,225.00,17494200,109987671780181688320
2024-05-04,140904.22,2465048802326,1905465629807,225.00,17494500,109992293404854206464
2024-05-05,140410.88,2456460234510,1907426671954,225.00,17494800,110004190611965853696
2024-05-06,139917.83,2447876411075,1909350840023,225.00,17495100,110022793379482107904
2024-05-07,139427.18,2439334287930,1911238408394,225.00,17495400,110047467152566009856
2024-05-08,138941.00,2430870068699,1913089777202,225.00,17495700,110077518638319583232
2024-05-09,138461.30,2422518907010,1914905468228,225.00,17496000,110112202082931146752
2024-05-10,137990.01,2414314618637,1916686119790,225.00,17496300,110150725964017565696
2024-05-11,137528.97,2406289405901,1918432480690,225.00,17496600,110192260028279291904
2024-05-12,137079.92,2398473596606,1920145403273,225.00,17496900,110235942602966171648
2024-05-13,136644.46,2390895399656,1921825835641,225.00,17497200,110280888109039845376
2024-05-14,136224.07,2383580679343,1923474813124,225.00,17497500,110326194704252403712
2024-05-15,135820.09,2376552750162,1925093449044,225.00,17497800,110370951985553424384
2024-05-16,135433.69,2369832193787,1926682924882,225.00,17498100,110414248682199318528
2024-05-17,135065.87,2363436699664,1928244479916,225.00,17498400,110455180273557110784
2024-05-18,134717.49,2357380930500,1929779400430,225.00,17498700,110492856468769914880
2024-05-19,134389.19,2351676413654,1931289008571,225.00,17499000,110526408489063120896
2024-05-20,134081.45,2346331459272,1932774650968,225.00,17499300,110554996097424310272
2024-05-21,133794.55,2341351105733,1934237687194,225.00,17499600,110577814324573224960
2024-05-22,133528.60,2336737092778,1935679478175,225.00,17499900,110594099844469669888
2024-05-23,133283.50,2332487862416,1937101374645,225.00,17500200,110603136956999385088
2024-05-24,133058.97,2328598587506,1938504705738,225.00,17500500,110604263139863805952
2024-05-25,132854.57,2325061227664,1939890767817,225.00,17500800,110596874136018419712
2024-05-26,132669.64,2321864611900,1941260813634,225.00,17501100,110580428547219652608
2024-05-27,132503.37,2318994547194,1942616041898,225.00,17501400,110554451908305502208
2024-05-28,132354.80,2316433951981,1943957587361,225.00,17501700,110518540220746203136
2024-05-29,132222.78,2314163013326,1945286511476,225.00,17502000,110472362927732097024
2024-05-30,132106.03,2312159366363,1946603793722,225.00,17502300,110415665316630118400
2024-05-31,132003.15,2310398294388,1947910323659,225.00,17502600,110348270338035023872
2024-06-01,131912.59,2308852947847,1949206893774,225.00,17502900,110270079833892683776
2024-06-02,131832.73,2307494580285,1950494193183,225.00,17503200,110181075170291073024
2024-06-03,131761.81,2306292799200,1951772802226,225.00,17503500,110081317273539198976
2024-06-04,131698.02,2305215829628,1953043188011,225.00,17503800,109970946071101407232
2024-06-05,131639.49,2304230788181,1954305700926,225.00,17504100,109850179341867089920
2024-06-06,131584.29,2303303965193,1955560572156,225.00,17504400,109719310983137230848
2024-06-07,131530.45,2302401112557,1956807912212,225.00,17504700,109578708704637534208
2024-06-08,131476.02,2301487734806,1958047710486,225.00,17505000,109428811162845233152
2024-06-09,131419.02,2300529380984,1959279835828,225.00,17505300,109270124551974846464
2024-06-10,131357.50,2299491934830,1960504038139,225.00,17505600,109103218671124119552
2024-06-11,131289.56,2298341900865,1961719950955,225.00,17505900,108928722490349846528
2024-06-12,131213.32,2297046683968,1962927095008,225.00,17506200,108747319241835675648
2024-06-13,131127.00,2295574860144,1964124882713,225.00,17506500,108559741065822240768
2024-06-14,131028.88,2293896436229,1965312623557,225.00,17506800,108366763244592939008
2024-06-15,130917.35,2291983096406,1966489530326,225.00,17507100,108169198061517062144
2024-06-16,130790.89,2289808433526,1967654726124,225.00,17507400,107967888325920079872
2024-06-17,130648.12,2287348163352,1968807252111,225.00,17507700,107763700608332955648
2024-06-18,130487.80,2284580320009,1969946075910,225.00,17508000,107557518234415726592
2024-06-19,130308.79,2281485431086,1971070100583,225.00,17508300,107350234089487122432
2024-06-20,130110.16,2278046671022,1972178174126,225.00,17508600,107142743289049251840
2024-06-21,129891.08,2274249991572,1973269099377,225.00,17508900,106935935773887119360
2024-06-22,129650.94,2270084228400,1974341644268,225.00,17509200,106730688891154939904
2024-06-23,129389.26,2265541182986,1975394552328,225.00,17509500,106527860025240551424
2024-06-24,129105.74,2260615679299,1976426553347,225.00,17509800,106328279344023617536
2024-06-25,128800.27,2255305594888,1977436374108,225.00,17510100,106132742727319044096
2024-06-26,128472.90,2249611866238,1978422749108,225.00,17510400,105942004944730865664
2024-06-27,128123.86,2243538468496,1979384431166,225.00,17510700,105756773149750919168
2024-06-28,127753.55,2237092369854,1980320201831,225.00,17511000,105577700755655475200
2024-06-29,127362.53,2230283461096,1981228881515,225.00,17511300,105405381756526100480
2024-06-30,126951.53,2223124461049,1982109339253,225.00,17511600,105240345553522556928
2024-07-01,126521.44,2215630798823,1982960502023,225.00,17511900,105083052342356148224
2024-07-02,126073.28,2207820473982,1983781363536,225.00,17512200,104933889112776228864
2024-07-03,125608.22,2199713895907,1984570992445,225.00,17512500,104793166304833077248
2024-07-04,125127.55,2191333703826,1985328539879,225.00,17512800,104661115159801004032
2024-07-05,124632.68,2182704569110,1986053246276,225.00,17513100,104537885796030889984
2024-07-06,124125.13,2173852981601,1986744447436,225.00,17513400,104423546031786491904
2024-07-07,123606.49,2164807021840,1987401579750,225.00,17513700,104318080968446296064
2024-07-08,123078.46,2155596121184,1988024184585,225.00,17514000,104221393338491158528
2024-07-09,122542.77,2146250811892,1988611911766,225.00,17514300,104133304613620252672
2024-07-10,122001.21,2136802469334,1989164522154,225.00,17514600,104053556859328036864
2024-07-11,121455.62,2127283048515,1989681889284,225.00,17514900,103981815313508384768
2024-07-12,120907.83,2117724817176,1990164000068,225.00,17515200,103917671658303242240
2024-07-13,120359.69,2108160087712,1990610954558,225.00,17515500,103860647946640621568
2024-07-14,119813.02,2098620950173,1991022964773,225.00,17515800,103810201137847451648
2024-07-15,119269.64,2089139008576,1991400352607,225.00,17516100,103765728190495768576
2024-07-16,118731.31,2079745122725,1991743546841,225.00,17516400,103726571655336361984
2024-07-17,118199.73,2070469157672,1992053079294,225.00,17516700,103692025706852990976
2024-07-18,117676.53,2061339742875,1992329580131,225.00,17517000,103661342548667973632
2024-07-19,117163.26,2052384043022,1992573772403,225.00,17517300,103633739125752414208
2024-07-20,116661.39,2043627542377,1992786465834,225.00,17517600,103608404075117527040
2024-07-21,116172.25,2035093844372,1992968549943,225.00,17517900,103584504846348386304
2024-07-22,115697.07,2026804488049,1993120986535,225.00,17518200,103561194923916640256
2024-07-23,115236.97,2018778782782,1993244801650,225.00,17518500,103537621084597305344
2024-07-24,114792.89,2011033662572,1993341077021,225.00,17518800,103512930625420460032
2024-07-25,114365.67,2003583561013,1993410941134,225.00,17519100,103486278500312530944
2024-07-26,113955.97,1996440307860,1993455559945,225.00,17519400,103456834306812035072
2024-07-27,113564.33,1989613047938,1993476127360,225.00,17519700,103423789067883741184
2024-07-28,113191.11,1983108182949,1993473855531,225.00,17520000,103386361757793550336
2024-07-29,112836.50,1976929336516,1993449965068,225.00,17520300,103343805525151170560
2024-07-30,112500.56,1971077342629,1993405675254,225.00,17520600,103295413570490810368
2024-07-31,112183.18,1965550257452,1993342194318,225.00,17520900,103240524640062701568
2024-08-01,111884.08,1960343394243,1993260709879,225.00,17521200,103178528101785141248
2024-08-02,111602.85,1955449380965,1993162379615,225.00,17521500,103108868573503356928
2024-08-03,111338.92,1950858239970,1993048322255,225.00,17521800,103031050077773774848
2024-08-04,111091.56,1946557488948,1992919608938,225.00,17522100,102944639701312618496
2024-08-05,110859.94,1942532262168,1992777255046,225.00,17522400,102849270740993933312
2024-08-06,110643.08,1938765450883,1992622212542,225.00,17522700,102744645321845800960
2024-08-07,110439.87,1935237861593,1992455362897,225.00,17523000,102630536475876737024
2024-08-08,110249.12,1931928390737,1992277510649,225.00,17523300,102506789673771139072
2024-08-09,110069.52,1928814214251,1992089377651,225.00,17523600,102373323804543156224
2024-08-10,109899.68,1925870990319,1991891598042,225.00,17523900,102230131601150836736
2024-08-11,109738.14,1923073073519,1991684713998,225.00,17524200,102077279512868749312
2024-08-12,109583.37,1920393738533,1991469172265,225.00,17524500,101914907027934691328
2024-08-13,109433.80,1917805411451,1991245321524,225.00,17524800,101743225452642254848
2024-08-14,109287.82,1915279906720,1991013410594,225.00,17525100,101562516155684880384
2024-08-15,109143.80,1912788667697,1990773587478,225.00,17525400,101373128289196752896
2024-08-16,109000.10,1910303008786,1990525899264,225.00,17525700,101175476000602259456
2024-08-17,108855.09,1907794357109,1990270292873,225.00,17526000,100970035152112517120
2024-08-18,108707.17,1905234491710,1990006616633,225.00,17526300,100757339567505326080
2024-08-19,108554.76,1902595778288,1989734622685,225.00,17526600,100537976828715597824
2024-08-20,108396.32,1899851397536,1989453970162,225.00,17526900,100312583647745556480
2024-08-21,108230.38,1896975565227,1989164229142,225.00,17527200,100081840842489036800
2024-08-22,108055.56,1893943742229,1988864885313,225.00,17527500,99846467948230475776
2024-08-23,107870.52,1890732832795,1988555345317,225.00,17527800,99607217499819474944
2024-08-24,107674.04,1887321369522,1988234942730,225.00,17528100,99364869022801559552
2024-08-25,107465.01,1883689683528,1987902944606,225.00,17528400,99120222775069360128
2024-08-26,107242.41,1879820058518,1987558558546,225.00,17528700,98874093283837100032
2024-08-27,107005.35,1875696867569,1987200940214,225.00,17529000,98627302725875286016
2024-08-28,106753.08,1871306691580,1986829201252,225.00,17529300,98380674201906692096
2024-08-29,106484.94,1866638418546,1986442417500,225.00,17529600,98135024958780522496
2024-08-30,106200.45,1861683322935,1986039637481,225.00,17529900,97891159615429246976
2024-08-31,105899.26,1856435124641,1985619891049,225.00,17530200,97649863450584891392
2024-09-01,105581.13,1850890027161,1985182198151,225.00,17530500,97411895811700785152
2024-09-02,105246.01,1845046734811,1984725577611,225.00,17530800,97177983705405620224
2024-09-03,104893.96,1838906448978,1984249055877,225.00,17531100,96948815630027636736
2024-09-04,104525.19,1832472843586,1983751675645,225.00,17531400,96725035710195449856
2024-09-05,104140.04,1825752020108,1983232504301,225.00,17531700,96507238192187670528
2024-09-06,103739.02,1818752442655,1982690642104,225.00,17532000,96295962356525350912
2024-09-07,103322.72,1811484853802,1982125230045,225.00,17532300,96091687901246062592
2024-09-08,102891.88,1803962171995,1981535457323,225.00,17532600,95894830845375692800
2024-09-09,102447.36,1796199371521,1980920568368,225.00,17532900,95705739997329473536
2024-09-10,101990.13,1788213346154,1980279869374,225.00,17533200,95524694027385241600
2024-09-11,101521.25,1780022757735,1979612734265,225.00,17533500,95351899177044361216
2024-09-12,101041.87,1771647871047,1978918610073,225.00,17533800,95187487631121399808
2024-09-13,100553.23,1763110376459,1978197021672,225.00,17534100,95031516570906591232
2024-09-14,100056.64,1754433201910,1977447575839,225.00,17534400,94883967918852849664
2024-09-15,99553.47,1745640315861,1976669964611,225.00,17534700,94744748777106046976
2024-09-16,99045.14,1736756522931,1975863967913,225.00,17535000,94613692553980805120
2024-09-17,98533.09,1727807253976,1975029455444,225.00,17535300,94490560764349677568
2024-09-18,98018.79,1718818352385,1974166387810,225.00,17535600,94375045482020323328
2024-09-19,97503.74,1709815858423,1973274816894,225.00,17535900,94266772414681448448
2024-09-20,96989.42,1700825793407,1972354885473,225.00,17536200,94165304565042806784
2024-09-21,96477.29,1691873945542,1971406826086,225.00,17536500,94070146435507322880
2024-09-22,95968.80,1682985659170,1970430959168,225.00,17536800,93980748728190320640
2024-09-23,95465.36,1674185629175,1969427690469,225.00,17537100,93896513487434547200
2024-09-24,94968.34,1665497702216,1968397507789,225.00,17537400,93816799628199591936
2024-09-25,94479.02,1656944686400,1967340977057,225.00,17537700,93740928790873473024
2024-09-26,93998.64,1648548170919,1966258737796,225.00,17538000,93668191461154422784
2024-09-27,93528.36,1640328357078,1965151498001,225.00,17538300,93597853292667011072
2024-09-28,93069.22,1632303902048,1964020028507,225.00,17538600,93529161569863155712
2024-09-29,92622.22,1624491776551,1962865156858,225.00,17538900,93461351749456756736
2024-09-30,92188.19,1616907137558,1961687760765,225.00,17539200,93393654020069261312
2024-10-01,91767.91,1609563216960,1960488761196,225.00,17539500,93325299821842513920
2024-10-02,91362.00,1602471227014,1959269115153,225.00,17539800,93255528270403158016
2024-10-03,90970.99,1595640283240,1958029808208,225.00,17540100,93183592432648159232
2024-10-04,90595.27,1589077345278,1956771846861,225.00,17540400,93108765405260791808
2024-10-05,90235.12,1582787176068,1955496250776,225.00,17540700,93030346150571737088
2024-10-06,89890.67,1576772319557,1954204044968,225.00,17541000,92947665048258002944
2024-10-07,89561.95,1571033096994,1952896252009,225.00,17541300,92860089125344968704
2024-10-08,89248.85,1565567621689,1951573884304,225.00,17541600,92767026930972868608
2024-10-09,88951.13,1560371831998,1950237936517,225.00,17541900,92667933026346942464
2024-10-10,88668.44,1555439542110,1948889378196,225.00,17542200,92562312064161644544
2024-10-11,88400.31,1550762510093,1947529146667,225.00,17542500,92449722435534569472
2024-10-12,88146.16,1546330522499,1946158140243,225.00,17542800,92329779466077061120
2024-10-13,87905.30,1542131494704,1944777211813,225.00,17543100,92202158146150301696
2024-10-14,87676.94,1538151586035,1943387162853,225.00,17543400,92066595383597744128
2024-10-15,87460.19,1534375328613,1941988737910,225.00,17543700,91922891770305462272
2024-10-16,87254.09,1530785768737,1940582619598,225.00,17544000,91770912856839208960
2024-10-17,87057.60,1527364619549,1939169424153,225.00,17544300,91610589932137349120
2024-10-18,86869.60,1524092423616,1937749697559,225.00,17544600,91441920307840925696
2024-10-19,86688.94,1520948724010,1936323912304,225.00,17544900,91264967109321900032
2024-10-20,86514.39,1517912242401,1934892464753,225.00,17545200,91079858577865752576
2024-10-21,86344.71,1514961062619,1933455673184,225.00,17545500,90886786890795286528
2024-10-22,86178.62,1512072818141,1932013776486,225.00,17545800,90686006508618252288
2024-10-23,86014.83,1509224881891,1930566933519,225.00,17546100,90477832060569223168
2024-10-24,85852.06,1506394556773,1929115223150,225.00,17546400,90262635782221725696
2024-10-25,85689.01,1503559265349,1927658644951,225.00,17546700,90040844521187639296
2024-10-26,85524.41,1500696737080,1926197120549,225.00,17547000,89812936329322643456
2024-10-27,85357.02,1497785191617,1924730495611,225.00,17547300,89579436662324068352
2024-10-28,85185.64,1494803516617,1923258542451,225.00,17547600,89340914210155921408
2024-10-29,85009.11,1491731438684,1921780963216,225.00,17547900,89097976384359530496
2024-10-30,84826.35,1488549686038,1920297393642,225.00,17548200,88851264491002019840
2024-10-31,84636.30,1485240141649,1918807407322,225.00,17548500,88601448620770852864
2024-11-01,84438.02,1481785985616,1917310520466,225.00,17548800,88349222290499092480
2024-11-02,84230.63,1478171825709,1915806197096,225.00,17549100,88095296873196077056
2024-11-03,84013.35,1474383815068,1914293854635,225.00,17549400,87840395856392290304
2024-11-04,83785.46,1470409756195,1912772869847,225.00,17549700,87585248971259494400
2024-11-05,83546.39,1466239190458,1911242585059,225.00,17550000,87330586237461643264
2024-11-06,83295.64,1461863472508,1909702314630,225.00,17550300,87077131970972549120
2024-11-07,83032.82,1457275829078,1908151351603,225.00,17550600,86825598804089077760
2024-11-08,82757.66,1452471401810,1906588974477,225.00,17550900,86576681768499838976
2024-11-09,82469.99,1447447273884,1905014454054,225.00,17551200,86331052493460652032
2024-11-10,82169.76,1442202480337,1903427060302,225.00,17551500,86089353571809804288
2024-11-11,81857.02,1436738002126,1901826069162,225.00,17551800,85852193146652262400
2024-11-12,81531.94,1431056744111,1900210769265,225.00,17552100,85620139770996211712
2024-11-13,81194.79,1425163497248,1898580468488,225.00,17552400,85393717591377444864
2024-11-14,80845.96,1419064885451,1896934500302,225.00,17552700,85173401904528916480
2024-11-15,80485.92,1412769297666,1895272229861,225.00,17553000,84959615133414211584
2024-11-16,80115.24,1406286805843,1893593059783,225.00,17553300,84752723265445363712
2024-11-17,79734.59,1399629069594,1891896435573,225.00,17553600,84553032791467491328
2024-11-18,79344.72,1392809228429,1890181850658,225.00,17553900,84360788179153256448
2024-11-19,78946.45,1385841782560,1888448850980,225.00,17554200,84176169908868251648
2024-11-20,78540.69,1378742463354,1886697039119,225.00,17554500,83999293093935284224
2024-11-21,78128.38,1371528094589,1884926077927,225.00,17554800,83830206700632309760
2024-11-22,77710.55,1364216445721,1883135693620,225.00,17555100,83668893376333856768
2024-11-23,77288.25,1356826078461,1881325678336,225.00,17555400,83515269887074942976
2024-11-24,76862.57,1349376187974,1879495892117,225.00,17555700,83369188158617993216
2024-11-25,76434.63,1341886440049,1877646264327,225.00,17556000,83230436907987173376
2024-11-26,76005.58,1334376805637,1875776794470,225.00,17556300,83098743845535694848
2024-11-27,75576.56,1326867394138,1873887552437,225.00,17556600,82973778421069021184
2024-11-28,75148.70,1319378286822,1871978678161,225.00,17556900,82855155081484550144
2024-11-29,74723.15,1311929371777,1870050380693,225.00,17557200,82742437001917399040
2024-11-30,74301.02,1304540181721,1868102936723,225.00,17557500,82635140247589404672
2024-12-01,73883.39,1297229736009,1866136688544,225.00,17557800,82532738319519006720
2024-12-02,73471.30,1290016388105,1864152041494,225.00,17558100,82434667034006732800
2024-12-03,73065.75,1282917679735,1862149460895,225.00,17558400,82340329683393658880
2024-12-04,72667.69,1275950202887,1860129468521,225.00,17558700,82249102423992598528
2024-12-05,72278.00,1269129470713,1858092638625,225.00,17559000,82160339836305637376
2024-12-06,71897.50,1262469798361,1856039593560,225.00,17559300,82073380602616102912
2024-12-07,71526.93,1255984194622,1853970999046,225.00,17559600,81987553247734087680
2024-12-08,71166.94,1249684265204,1851887559103,225.00,17559900,81902181890008449024
2024-12-09,70818.11,1243580128352,1849790010711,225.00,17560200,81816591951617064960
2024-12-10,70480.93,1237680343405,1847679118244,225.00,17560500,81730115779533815808
2024-12-11,70155.79,1231991852780,1845555667709,225.00,17560800,81642098131346980864
2024-12-12,69843.00,1226519937750,1843420460862,225.00,17561100,81551901483197939712
2024-12-13,69542.76,1221268188285,1841274309231,225.00,17561400,81458911120421634048
2024-12-14,69255.17,1216238487083,1839118028106,225.00,17561700,81362539974936641536
2024-12-15,68980.24,1211431007809,1836952430546,225.00,17562000,81262233176973901824
2024-12-16,68717.89,1206844227454,1834778321447,225.00,17562300,81157472292285431808
2024-12-17,68467.93,1202474952586,1832596491726,225.00,17562600,81047779219490963456
2024-12-18,68230.10,1198318359177,1830407712659,225.00,17562900,80932719725650165760
2024-12-19,68004.01,1194368045561,1828212730432,225.00,17563200,80811906601459630080
2024-12-20,67789.23,1190616097987,1826012260932,225.00,17563500,80685002420644495360
2024-12-21,67585.21,1187053168122,1823806984836,225.00,17563800,80551721891125379072
2024-12-22,67391.36,1183668561767,1821597543016,225.00,17564100,80411833788387770368
2024-12-23,67206.98,1180450337967,1819384532324,225.00,17564400,80265162464162971648
2024-12-24,67031.34,1177385417620,1817168501753,225.00,17564700,80111588926050516992
2024-12-25,66863.63,1174459700597,1814949949033,225.00,17565000,79951051486093770752
2024-12-26,66703.00,1171658190351,1812729317675,225.00,17565300,79783545978565214208
2024-12-27,66548.55,1168965124933,1810506994476,225.00,17565600,79609125549361577984
2024-12-28,66399.34,1166364113258,1808283307519,225.00,17565900,79427900021461614592
2024-12-29,66254.41,1163838275486,1806058524663,225.00,17566200,79240034842893189120
2024-12-30,66112.79,1161370386305,1803832852547,225.00,17566500,79045749625611223040
2024-12-31,65973.49,1158943019918,1801606436100,225.00,17566800,78845316285629857792
2025-01-01,65835.49,1156538695527,1799379358561,225.00,17567100,78639056796701294592
2025-01-02,65697.83,1154140022112,1797151642014,225.00,17567400,78427340571812954112
2025-01-03,65559.51,1151729841309,1794923248409,225.00,17567700,78210581488795795456
2025-01-04,65419.59,1149291367232,1792694081080,225.00,17568000,77989234578416861184
2025-01-05,65277.14,1146808322107,1790463986724,225.00,17568300,77763792395471339520
2025-01-06,65131.26,1144265066638,1788232757834,225.00,17568600,77534781095598112768
2025-01-07,64981.12,1141646724067,1786000135560,225.00,17568900,77302756242811371520
2025-01-08,64825.91,1138939296959,1783765812959,225.00,17569200,77068298375055605760
2025-01-09,64664.89,1136129775814,1781529438626,225.00,17569500,76832008357440241664
2025-01-10,64497.39,1133206238665,1779290620652,225.00,17569800,76594502555151548416
2025-01-11,64322.80,1130157940923,1777048930888,225.00,17570100,76356407860356120576
2025-01-12,64140.57,1126975394802,1774803909468,225.00,17570400,76118356609645314048
2025-01-13,63950.24,1123650437763,1772555069559,225.00,17570700,75880981430679535616
2025-01-14,63751.43,1120176289480,1770301902294,225.00,17571000,75644910058623352832
2025-01-15,63543.82,1116547596980,1768043881840,225.00,17571300,75410760164647698432
2025-01-16,63327.21,1112760467654,1765780470574,225.00,17571600,75179134240158892032
2025-01-17,63101.46,1108812489981,1763511124305,225.00,17571900,74950614581426929664
2025-01-18,62866.50,1104702741885,1761235297507,225.00,17572200,74725758419861028864
2025-01-19,62622.38,1100431786755,1758952448530,225.00,17572500,74505093243265400832
2025-01-20,62369.21,1096001657264,1756662044724,225.00,17572800,74289112352939851776
2025-01-21,62107.19,1091415827218,1754363567450,225.00,17573100,74078270700431687680
2025-01-22,61836.59,1086679171751,1752056516941,225.00,17573400,73872981046053863424
2025-01-23,61557.78,1081797916304,1749740416958,225.00,17573700,73673610478951104512
2025-01-24,61271.17,1076779574883,1747414819223,225.00,17574000,73480477335508320256
2025-01-25,60977.27,1071632878194,1745079307572,225.00,17574300,73293848549272576000
2025-01-26,60676.64,1066367692334,1742733501825,225.00,17574600,73113937461335719936
2025-01-27,60369.90,1060994928767,1740377061317,225.00,17574900,72940902115348340736
2025-01-28,60057.72,1055526446407,1738009688073,225.00,17575200,72774844056078483456
2025-01-29,59740.83,1049974946676,1735631129612,225.00,17575500,72615807644778725376
2025-01-30,59419.99,1044353862441,1733241181348,225.00,17575800,72463779898680803328
2025-01-31,59096.00,1038677241817,1730839688577,225.00,17576100,72318690855813038080
2025-02-01,58769.69,1032959627799,1728426548031,225.00,17576400,72180414460151144448
2025-02-02,58441.91,1027215934784,1726001709004,225.00,17576700,72048769955987103744
2025-02-03,58113.52,1021461322980,1723565174029,225.00,17577000,71923523774465589248
2025-02-04,57785.39,1015711071791,1721116999105,225.00,17577300,71804391889595187200
2025-02-05,57458.38,1009980453197,1718657293491,225.00,17577600,71691042615817248768
2025-02-06,57133.37,1004284606182,1716186219048,225.00,17577900,71583099814487293952
2025-02-07,56811.19,998638413233,1713703989166,225.00,17578200,71480146472485593088
2025-02-08,56492.67,993056379902,1711210867259,225.00,17578500,71381728612676132864
2025-02-09,56178.61,987552518402,1708707164866,225.00,17578800,71287359493124055040
2025-02-10,55869.77,982140236159,1706193239368,225.00,17579100,71196524049880473600
2025-02-11,55566.87,976832230194,1703669491342,225.00,17579400,71108683536754999296
2025-02-12,55270.59,971640388154,1701136361572,225.00,17579700,71023280314799988736
