date,mstr
1998-06-11,10.5625
1998-06-12,10.4375
1998-06-15,10.21875
1998-06-16,10.375
1998-06-17,11.4375
1998-06-18,13.0
1998-06-19,14.0625
1998-06-22,14.0
1998-06-23,13.0
1998-06-24,12.6875
1998-06-25,12.9375
1998-06-26,13.6875
1998-06-29,14.25
1998-06-30,14.125
1998-07-01,13.875
1998-07-02,13.125
1998-07-06,14.125
1998-07-07,13.71875
1998-07-08,13.9375
1998-07-09,14.03125
1998-07-10,15.625
1998-07-13,19.625
1998-07-14,19.5
1998-07-15,18.375
1998-07-16,16.8125
1998-07-17,16.75
1998-07-20,18.84375
1998-07-21,19.125
1998-07-22,18.5
1998-07-23,19.5
1998-07-24,19.0
1998-07-27,18.0
1998-07-28,18.125
1998-07-29,17.5
1998-07-30,19.375
1998-07-31,18.0
1998-08-03,17.8125
1998-08-04,17.0625
1998-08-05,17.0625
1998-08-06,18.6875
1998-08-07,18.5
1998-08-10,19.25
1998-08-11,18.375
1998-08-12,19.625
1998-08-13,19.4375
1998-08-14,19.6875
1998-08-17,18.9375
1998-08-18,19.75
1998-08-19,19.6875
1998-08-20,20.4375
1998-08-21,20.0
1998-08-24,21.25
1998-08-25,22.25
1998-08-26,21.0625
1998-08-27,19.40625
1998-08-28,17.4375
1998-08-31,14.59375
1998-09-01,14.875
1998-09-02,14.40625
1998-09-03,12.9375
1998-09-04,12.0625
1998-09-08,14.3125
1998-09-09,13.875
1998-09-10,13.125
1998-09-11,14.15625
1998-09-14,16.75
1998-09-15,18.1875
1998-09-16,18.375
1998-09-17,18.1875
1998-09-18,19.09375
1998-09-21,19.125
1998-09-22,20.0
1998-09-23,19.0
1998-09-24,19.21875
1998-09-25,20.0
1998-09-28,19.0625
1998-09-29,19.5
1998-09-30,18.75
1998-10-01,16.9375
1998-10-02,16.0
1998-10-05,14.625
1998-10-06,12.96875
1998-10-07,11.75
1998-10-08,10.5
1998-10-09,12.75
1998-10-12,14.0
1998-10-13,12.28125
1998-10-14,12.0
1998-10-15,12.875
1998-10-16,12.25
1998-10-19,11.09375
1998-10-20,12.25
1998-10-21,12.5
1998-10-22,12.25
1998-10-23,12.3125
1998-10-26,12.25
1998-10-27,12.1875
1998-10-28,11.9375
1998-10-29,13.90625
1998-10-30,12.1875
1998-11-02,12.0
1998-11-03,11.46875
1998-11-04,12.25
1998-11-05,12.125
1998-11-06,12.75
1998-11-09,13.46875
1998-11-10,13.53125
1998-11-11,13.4375
1998-11-12,12.625
1998-11-13,12.375
1998-11-16,12.3125
1998-11-17,12.0625
1998-11-18,12.15625
1998-11-19,11.75
1998-11-20,11.1875
1998-11-23,11.75
1998-11-24,11.25
1998-11-25,11.5
1998-11-27,11.5
1998-11-30,11.25
1998-12-01,10.75
1998-12-02,10.375
1998-12-03,10.75
1998-12-04,11.3125
1998-12-07,11.1875
1998-12-08,10.78125
1998-12-09,11.1875
1998-12-10,11.75
1998-12-11,11.5625
1998-12-14,11.5
1998-12-15,12.75
1998-12-16,12.625
1998-12-17,12.625
1998-12-18,11.625
1998-12-21,12.0
1998-12-22,11.9375
1998-12-23,12.75
1998-12-24,15.4375
1998-12-28,16.3125
1998-12-29,16.5
1998-12-30,14.34375
1998-12-31,15.75
1999-01-04,15.09375
1999-01-05,15.6875
1999-01-06,15.6875
1999-01-07,15.5625
1999-01-08,17.25
1999-01-11,17.0
1999-01-12,16.1875
1999-01-13,15.6875
1999-01-14,15.25
1999-01-15,15.3125
1999-01-19,15.53125
1999-01-20,15.5625
1999-01-21,15.75
1999-01-22,16.4375
1999-01-25,15.28125
1999-01-26,14.5
1999-01-27,15.125
1999-01-28,14.6875
1999-01-29,14.5
1999-02-01,14.8125
1999-02-02,14.375
1999-02-03,14.75
1999-02-04,14.625
1999-02-05,14.625
1999-02-08,13.65625
1999-02-09,13.53125
1999-02-10,13.5
1999-02-11,13.3125
1999-02-12,13.25
1999-02-16,12.5
1999-02-17,12.46875
1999-02-18,12.46875
1999-02-19,12.5
1999-02-22,13.0
1999-02-23,12.5
1999-02-24,12.3125
1999-02-25,12.5625
1999-02-26,12.4375
1999-03-01,12.4375
1999-03-02,13.1875
1999-03-03,12.6875
1999-03-04,12.375
1999-03-05,12.53125
1999-03-08,12.375
1999-03-09,12.34375
1999-03-10,12.28125
1999-03-11,11.375
1999-03-12,11.25
1999-03-15,10.625
1999-03-16,10.9375
1999-03-17,10.84375
1999-03-18,10.0625
1999-03-19,9.3125
1999-03-22,9.375
1999-03-23,9.0
1999-03-24,9.5
1999-03-25,10.5
1999-03-26,10.5
1999-03-29,10.25
1999-03-30,9.75
1999-03-31,9.625
1999-04-01,9.0
1999-04-05,9.25
1999-04-06,9.375
1999-04-07,8.8125
1999-04-08,8.34375
1999-04-09,8.4375
1999-04-12,8.125
1999-04-13,7.96875
1999-04-14,7.9375
1999-04-15,8.5625
1999-04-16,8.65625
1999-04-19,7.75
1999-04-20,8.4375
1999-04-21,8.875
1999-04-22,9.375
1999-04-23,9.0
1999-04-26,9.0625
1999-04-27,8.75
1999-04-28,8.34375
1999-04-29,8.625
1999-04-30,8.625
1999-05-03,8.4375
1999-05-04,8.625
1999-05-05,8.78125
1999-05-06,8.625
1999-05-07,8.71875
1999-05-10,8.625
1999-05-11,8.75
1999-05-12,8.875
1999-05-13,9.375
1999-05-14,9.625
1999-05-17,9.6875
1999-05-18,10.0
1999-05-19,11.125
1999-05-20,11.375
1999-05-21,11.9375
1999-05-24,12.0625
1999-05-25,12.0625
1999-05-26,12.46875
1999-05-27,11.625
1999-05-28,12.5
1999-06-01,12.0625
1999-06-02,11.875
1999-06-03,11.71875
1999-06-04,11.875
1999-06-07,11.5
1999-06-08,11.5625
1999-06-09,11.625
1999-06-10,11.625
1999-06-11,11.5625
1999-06-14,11.75
1999-06-15,12.0625
1999-06-16,12.5
1999-06-17,12.46875
1999-06-18,12.9375
1999-06-21,14.0
1999-06-22,14.40625
1999-06-23,15.0
1999-06-24,15.75
1999-06-25,16.75
1999-06-28,15.875
1999-06-29,16.3125
1999-06-30,18.9375
1999-07-01,19.3125
1999-07-02,18.5625
1999-07-06,17.65625
1999-07-07,17.96875
1999-07-08,18.75
1999-07-09,20.0625
1999-07-12,20.75
1999-07-13,21.3125
1999-07-14,21.0
1999-07-15,21.5
1999-07-16,20.0625
1999-07-19,18.9375
1999-07-20,18.8125
1999-07-21,19.21875
1999-07-22,20.375
1999-07-23,20.3125
1999-07-26,18.6875
1999-07-27,18.71875
1999-07-28,18.125
1999-07-29,16.71875
1999-07-30,17.1875
1999-08-02,16.25
1999-08-03,15.71875
1999-08-04,14.90625
1999-08-05,15.40625
1999-08-06,15.3125
1999-08-09,13.21875
1999-08-10,13.375
1999-08-11,14.34375
1999-08-12,14.625
1999-08-13,15.0625
1999-08-16,14.625
1999-08-17,15.5625
1999-08-18,15.125
1999-08-19,15.0625
1999-08-20,15.625
1999-08-23,16.375
1999-08-24,18.0625
1999-08-25,18.75
1999-08-26,19.25
1999-08-27,18.0
1999-08-30,17.90625
1999-08-31,19.875
1999-09-01,20.4375
1999-09-02,19.1875
1999-09-03,20.6875
1999-09-07,20.3125
1999-09-08,20.125
1999-09-09,19.9375
1999-09-10,19.625
1999-09-13,20.0
1999-09-14,20.625
1999-09-15,19.65625
1999-09-16,19.75
1999-09-17,20.6875
1999-09-20,20.6875
1999-09-21,20.34375
1999-09-22,22.0
1999-09-23,23.125
1999-09-24,22.09375
1999-09-27,22.9375
1999-09-28,23.25
1999-09-29,24.71875
1999-09-30,28.03125
1999-10-01,28.8125
1999-10-04,30.125
1999-10-05,33.4375
1999-10-06,35.375
1999-10-07,33.5625
1999-10-08,34.4375
1999-10-11,35.8125
1999-10-12,35.0
1999-10-13,34.875
1999-10-14,37.25
1999-10-15,38.5
1999-10-18,35.3125
1999-10-19,41.375
1999-10-20,46.625
1999-10-21,45.0625
1999-10-22,45.3125
1999-10-25,43.1875
1999-10-26,41.625
1999-10-27,42.875
1999-10-28,43.1875
1999-10-29,48.3125
1999-11-01,48.9375
1999-11-02,49.0625
1999-11-03,49.9375
1999-11-04,49.6875
1999-11-05,47.9375
1999-11-08,47.25
1999-11-09,46.8125
1999-11-10,47.125
1999-11-11,44.4375
1999-11-12,41.3125
1999-11-15,42.875
1999-11-16,46.625
1999-11-17,45.71875
1999-11-18,47.875
1999-11-19,49.25
1999-11-22,50.875
1999-11-23,49.78125
1999-11-24,54.65625
1999-11-26,60.21875
1999-11-29,67.875
1999-11-30,61.25
1999-12-01,63.03125
1999-12-02,65.5
1999-12-03,73.0
1999-12-06,96.9375
1999-12-07,89.5859375
1999-12-08,97.0
1999-12-09,107.3125
1999-12-10,115.65625
1999-12-13,113.0
1999-12-14,95.71875
1999-12-15,85.953125
1999-12-16,83.375
1999-12-17,86.96875
1999-12-20,84.75
1999-12-21,89.0
1999-12-22,88.25
1999-12-23,87.5
1999-12-27,82.0
1999-12-28,98.75
1999-12-29,101.5
1999-12-30,102.0
1999-12-31,105.0
2000-01-03,104.25
2000-01-04,98.0
2000-01-05,104.25
2000-01-06,100.125
2000-01-07,105.1875
2000-01-10,125.625
2000-01-11,119.25
2000-01-12,115.5
2000-01-13,113.5
2000-01-14,113.96875
2000-01-18,120.6875
2000-01-19,132.5
2000-01-20,143.9140625
2000-01-21,144.5625
2000-01-24,141.5
2000-01-25,144.5
2000-01-26,147.5
2000-01-27,149.5625
2000-01-28,155.0
2000-01-31,138.875
2000-02-01,132.75
2000-02-02,145.0
2000-02-03,149.0
2000-02-04,141.96875
2000-02-07,141.125
2000-02-08,158.4375
2000-02-09,157.3125
2000-02-10,164.6875
2000-02-11,167.875
2000-02-14,169.875
2000-02-15,171.75
2000-02-16,174.75
2000-02-17,172.5
2000-02-18,160.5
2000-02-22,150.5625
2000-02-23,154.625
2000-02-24,157.5
2000-02-25,150.0
2000-02-28,150.0
2000-02-29,139.0625
2000-03-01,176.9375
2000-03-02,180.0625
2000-03-03,188.0
2000-03-06,225.0
2000-03-07,246.0
2000-03-08,243.875
2000-03-09,283.1875
2000-03-10,313.0
2000-03-13,294.359375
2000-03-14,292.0
2000-03-15,268.625
2000-03-16,248.625
2000-03-17,226.75
2000-03-20,86.75
2000-03-21,72.3125
2000-03-22,88.734375
2000-03-23,117.734375
2000-03-24,129.0
2000-03-27,113.0
2000-03-28,98.5
2000-03-29,96.25
2000-03-30,96.0
2000-03-31,87.0625
2000-04-03,77.125
2000-04-04,71.25
2000-04-05,65.375
2000-04-06,61.0
2000-04-07,64.375
2000-04-10,57.625
2000-04-11,49.875
2000-04-12,42.5
2000-04-13,39.0625
2000-04-14,33.5625
2000-04-17,30.625
2000-04-18,35.4375
2000-04-19,35.375
2000-04-20,33.6875
2000-04-24,29.5
2000-04-25,31.375
2000-04-26,29.6875
2000-04-27,24.625
2000-04-28,25.875
2000-05-01,26.625
2000-05-02,25.5625
2000-05-03,24.75
2000-05-04,26.125
2000-05-05,25.0
2000-05-08,23.0
2000-05-09,21.5
2000-05-10,20.0
2000-05-11,19.953125
2000-05-12,23.875
2000-05-15,23.25
2000-05-16,24.0
2000-05-17,25.5
2000-05-18,23.9375
2000-05-19,21.875
2000-05-22,21.0
2000-05-23,21.25
2000-05-24,18.8125
2000-05-25,17.3125
2000-05-26,17.9375
2000-05-30,19.0
2000-05-31,19.0625
2000-06-01,19.3125
2000-06-02,22.625
2000-06-05,24.1875
2000-06-06,28.0
2000-06-07,37.625
2000-06-08,44.125
2000-06-09,62.25
2000-06-12,38.9375
2000-06-13,42.8125
2000-06-14,42.25
2000-06-15,39.3125
2000-06-16,38.5625
2000-06-19,42.4375
2000-06-20,41.0
2000-06-21,39.25
2000-06-22,35.625
2000-06-23,33.625
2000-06-26,38.25
2000-06-27,33.375
2000-06-28,33.375
2000-06-29,32.625
2000-06-30,30.0
2000-07-03,29.0625
2000-07-05,27.375
2000-07-06,31.375
2000-07-07,32.5
2000-07-10,29.0
2000-07-11,28.8125
2000-07-12,32.5
2000-07-13,31.875
2000-07-14,32.875
2000-07-17,35.75
2000-07-18,34.75
2000-07-19,33.5
2000-07-20,32.375
2000-07-21,30.0
2000-07-24,28.1875
2000-07-25,28.984375
2000-07-26,30.0
2000-07-27,23.75
2000-07-28,22.375
2000-07-31,22.1875
2000-08-01,20.3125
2000-08-02,21.75
2000-08-03,21.1875
2000-08-04,22.1875
2000-08-07,22.1875
2000-08-08,21.75
2000-08-09,21.8125
2000-08-10,20.8125
2000-08-11,20.25
2000-08-14,20.75
2000-08-15,21.0
2000-08-16,20.8125
2000-08-17,20.25
2000-08-18,21.0
2000-08-21,29.5625
2000-08-22,25.546875
2000-08-23,26.125
2000-08-24,27.375
2000-08-25,26.875
2000-08-28,27.5
2000-08-29,28.125
2000-08-30,28.1875
2000-08-31,27.875
2000-09-01,31.375
2000-09-05,34.921875
2000-09-06,32.8125
2000-09-07,33.25
2000-09-08,33.75
2000-09-11,31.8125
2000-09-12,29.5
2000-09-13,31.0
2000-09-14,29.625
2000-09-15,29.3125
2000-09-18,26.375
2000-09-19,27.8125
2000-09-20,27.0
2000-09-21,26.875
2000-09-22,26.375
2000-09-25,26.0625
2000-09-26,23.625
2000-09-27,24.25
2000-09-28,27.75
2000-09-29,27.3125
2000-10-02,27.25
2000-10-03,25.9375
2000-10-04,27.5
2000-10-05,28.0
2000-10-06,25.4375
2000-10-09,25.5625
2000-10-10,24.0625
2000-10-11,21.5
2000-10-12,19.875
2000-10-13,21.9375
2000-10-16,21.5
2000-10-17,24.0625
2000-10-18,21.875
2000-10-19,25.4375
2000-10-20,24.1875
2000-10-23,24.5625
2000-10-24,24.75
2000-10-25,24.5625
2000-10-26,23.0
2000-10-27,24.375
2000-10-30,23.5
2000-10-31,23.9375
2000-11-01,23.015625
2000-11-02,23.9375
2000-11-03,24.25
2000-11-06,23.25
2000-11-07,24.0
2000-11-08,22.5
2000-11-09,22.0
2000-11-10,21.375
2000-11-13,21.3125
2000-11-14,22.9375
2000-11-15,21.75
2000-11-16,20.0
2000-11-17,19.75
2000-11-20,18.125
2000-11-21,16.625
2000-11-22,15.5
2000-11-24,16.875
2000-11-27,15.625
2000-11-28,13.875
2000-11-29,12.734375
2000-11-30,9.25
2000-12-01,12.0625
2000-12-04,11.0
2000-12-05,13.5
2000-12-06,13.09375
2000-12-07,11.1875
2000-12-08,13.25
2000-12-11,15.6875
2000-12-12,15.75
2000-12-13,14.625
2000-12-14,15.375
2000-12-15,14.0
2000-12-18,12.0625
2000-12-19,11.0
2000-12-20,10.0
2000-12-21,9.8125
2000-12-22,10.5
2000-12-26,9.75
2000-12-27,9.6875
2000-12-28,10.0
2000-12-29,9.5
2001-01-02,9.5
2001-01-03,10.9375
2001-01-04,10.5625
2001-01-05,9.5625
2001-01-08,9.5
2001-01-09,9.875
2001-01-10,11.625
2001-01-11,14.0625
2001-01-12,15.0
2001-01-16,13.8125
2001-01-17,14.875
2001-01-18,14.6875
2001-01-19,14.5625
2001-01-22,15.8125
2001-01-23,16.0
2001-01-24,15.8125
2001-01-25,15.25
2001-01-26,15.5
2001-01-29,15.375
2001-01-30,16.8125
2001-01-31,16.8125
2001-02-01,17.0625
2001-02-02,15.875
2001-02-05,16.125
2001-02-06,16.9375
2001-02-07,13.375
2001-02-08,11.8125
2001-02-09,10.25
2001-02-12,10.375
2001-02-13,10.6875
2001-02-14,10.515625
2001-02-15,11.0625
2001-02-16,10.25
2001-02-20,10.125
2001-02-21,9.5
2001-02-22,9.0625
2001-02-23,9.5
2001-02-26,10.4375
2001-02-27,9.375
2001-02-28,8.96875
2001-03-01,8.8125
2001-03-02,8.6875
2001-03-05,9.125
2001-03-06,9.03125
2001-03-07,9.0
2001-03-08,8.03125
2001-03-09,6.9375
2001-03-12,5.734375
2001-03-13,5.96875
2001-03-14,5.25
2001-03-15,5.5625
2001-03-16,4.6875
2001-03-19,4.75
2001-03-20,4.25
2001-03-21,3.796875
2001-03-22,3.78125
2001-03-23,3.78125
2001-03-26,3.96875
2001-03-27,3.8125
2001-03-28,3.375
2001-03-29,3.3125
2001-03-30,2.875
2001-04-02,2.5625
2001-04-03,2.96875
2001-04-04,2.875
2001-04-05,2.6875
2001-04-06,2.625
2001-04-09,2.4600000381469727
2001-04-10,2.5
2001-04-11,2.549999952316284
2001-04-12,2.4800000190734863
2001-04-16,2.5
2001-04-17,2.4800000190734863
2001-04-18,2.9700000286102295
2001-04-19,5.239999771118164
2001-04-20,5.639999866485596
2001-04-23,4.659999847412109
2001-04-24,4.309999942779541
2001-04-25,4.099999904632568
2001-04-26,4.130000114440918
2001-04-27,4.170000076293945
2001-04-30,4.539999961853027
2001-05-01,5.599999904632568
2001-05-02,5.480000019073486
2001-05-03,5.449999809265137
2001-05-04,5.25
2001-05-07,5.300000190734863
2001-05-08,5.21999979019165
2001-05-09,4.949999809265137
2001-05-10,4.900000095367432
2001-05-11,4.760000228881836
2001-05-14,4.119999885559082
2001-05-15,4.0
2001-05-16,4.079999923706055
2001-05-17,4.300000190734863
2001-05-18,4.190000057220459
2001-05-21,4.130000114440918
2001-05-22,4.099999904632568
2001-05-23,4.039999961853027
2001-05-24,4.130000114440918
2001-05-25,4.010000228881836
2001-05-29,3.7200000286102295
2001-05-30,3.380000114440918
2001-05-31,3.7699999809265137
2001-06-01,3.7100000381469727
2001-06-04,3.5999999046325684
2001-06-05,3.509999990463257
2001-06-06,3.5899999141693115
2001-06-07,3.6600000858306885
2001-06-08,3.799999952316284
2001-06-11,3.6700000762939453
2001-06-12,3.640000104904175
2001-06-13,3.5999999046325684
2001-06-14,3.569999933242798
2001-06-15,3.75
2001-06-18,3.430000066757202
2001-06-19,3.1700000762939453
2001-06-20,3.0999999046325684
2001-06-21,3.1700000762939453
2001-06-22,3.299999952316284
2001-06-25,3.1600000858306885
2001-06-26,2.880000114440918
2001-06-27,2.809999942779541
2001-06-28,2.7100000381469727
2001-06-29,2.799999952316284
2001-07-02,3.700000047683716
2001-07-03,3.4000000953674316
2001-07-05,3.140000104904175
2001-07-06,3.049999952316284
2001-07-09,3.059999942779541
2001-07-10,3.319999933242798
2001-07-11,3.1600000858306885
2001-07-12,3.3299999237060547
2001-07-13,3.299999952316284
2001-07-16,3.25
2001-07-17,3.240000009536743
2001-07-18,2.950000047683716
2001-07-19,3.069999933242798
2001-07-20,3.059999942779541
2001-07-23,2.940000057220459
2001-07-24,3.0899999141693115
2001-07-25,2.890000104904175
2001-07-26,2.869999885559082
2001-07-27,2.7799999713897705
2001-07-30,2.880000114440918
2001-07-31,3.240000009536743
2001-08-01,3.890000104904175
2001-08-02,3.5
2001-08-03,3.380000114440918
2001-08-06,3.3299999237060547
2001-08-07,3.549999952316284
2001-08-08,3.5
2001-08-09,3.430000066757202
2001-08-10,3.25
2001-08-13,3.2699999809265137
2001-08-14,3.130000114440918
2001-08-15,3.0999999046325684
2001-08-16,3.109999895095825
2001-08-17,3.200000047683716
2001-08-20,3.200000047683716
2001-08-21,3.0
2001-08-22,2.9200000762939453
2001-08-23,2.7300000190734863
2001-08-24,2.6500000953674316
2001-08-27,2.4100000858306885
2001-08-28,2.390000104904175
2001-08-29,2.490000009536743
2001-08-30,2.5999999046325684
2001-08-31,2.4700000286102295
2001-09-04,2.319999933242798
2001-09-05,2.319999933242798
2001-09-06,2.2699999809265137
2001-09-07,2.049999952316284
2001-09-10,1.8899999856948853
2001-09-17,2.049999952316284
2001-09-18,1.9500000476837158
2001-09-19,1.8300000429153442
2001-09-20,1.659999966621399
2001-09-21,1.5399999618530273
2001-09-24,1.4600000381469727
2001-09-25,1.6100000143051147
2001-09-26,1.409999966621399
2001-09-27,1.25
2001-09-28,1.1299999952316284
2001-10-01,1.2000000476837158
2001-10-02,1.309999942779541
2001-10-03,1.399999976158142
2001-10-04,1.340000033378601
2001-10-05,1.190000057220459
2001-10-08,1.3200000524520874
2001-10-09,1.4500000476837158
2001-10-10,1.6100000143051147
2001-10-11,1.840000033378601
2001-10-12,1.899999976158142
2001-10-15,2.0899999141693115
2001-10-16,2.9200000762939453
2001-10-17,2.8299999237060547
2001-10-18,2.4600000381469727
2001-10-19,2.3499999046325684
2001-10-22,2.180000066757202
2001-10-23,2.299999952316284
2001-10-24,2.309999942779541
2001-10-25,2.1700000762939453
2001-10-26,2.390000104904175
2001-10-29,2.7300000190734863
2001-10-30,2.680000066757202
2001-10-31,2.75
2001-11-01,2.4700000286102295
2001-11-02,2.319999933242798
2001-11-05,2.369999885559082
2001-11-06,2.4000000953674316
2001-11-07,2.5999999046325684
2001-11-08,2.5999999046325684
2001-11-09,2.5399999618530273
2001-11-12,2.440000057220459
2001-11-13,2.450000047683716
2001-11-14,2.5
2001-11-15,2.75
2001-11-16,2.7100000381469727
2001-11-19,2.7100000381469727
2001-11-20,2.990000009536743
2001-11-21,2.9000000953674316
2001-11-23,3.130000114440918
2001-11-26,3.5
2001-11-27,3.990000009536743
2001-11-28,3.4000000953674316
2001-11-29,3.4000000953674316
2001-11-30,3.440000057220459
2001-12-03,3.5799999237060547
2001-12-04,3.5899999141693115
2001-12-05,3.8299999237060547
2001-12-06,3.9000000953674316
2001-12-07,4.449999809265137
2001-12-10,4.289999961853027
2001-12-11,4.550000190734863
2001-12-12,4.710000038146973
2001-12-13,4.230000019073486
2001-12-14,3.880000114440918
2001-12-17,3.819999933242798
2001-12-18,4.230000019073486
2001-12-19,4.449999809265137
2001-12-20,4.010000228881836
2001-12-21,4.25
2001-12-24,4.070000171661377
2001-12-26,4.199999809265137
2001-12-27,4.21999979019165
2001-12-28,4.059999942779541
2001-12-31,3.8499999046325684
2002-01-02,3.890000104904175
2002-01-03,3.940000057220459
2002-01-04,4.070000171661377
2002-01-07,3.799999952316284
2002-01-08,3.880000114440918
2002-01-09,3.9100000858306885
2002-01-10,3.880000114440918
2002-01-11,4.090000152587891
2002-01-14,4.03000020980835
2002-01-15,3.990000009536743
2002-01-16,3.809999942779541
2002-01-17,3.7699999809265137
2002-01-18,3.359999895095825
2002-01-22,3.1600000858306885
2002-01-23,2.950000047683716
2002-01-24,3.0799999237060547
2002-01-25,3.0999999046325684
2002-01-28,3.1500000953674316
2002-01-29,3.299999952316284
2002-01-30,3.940000057220459
2002-01-31,4.090000152587891
2002-02-01,3.6700000762939453
2002-02-04,3.430000066757202
2002-02-05,3.119999885559082
2002-02-06,2.9800000190734863
2002-02-07,3.0199999809265137
2002-02-08,3.0299999713897705
2002-02-11,3.0799999237060547
2002-02-12,3.1500000953674316
2002-02-13,3.2300000190734863
2002-02-14,3.0999999046325684
2002-02-15,3.0
2002-02-19,2.869999885559082
2002-02-20,2.930000066757202
2002-02-21,2.799999952316284
2002-02-22,2.799999952316284
2002-02-25,2.759999990463257
2002-02-26,2.6600000858306885
2002-02-27,2.700000047683716
2002-02-28,2.690000057220459
2002-03-01,2.7200000286102295
2002-03-04,2.7300000190734863
2002-03-05,2.7200000286102295
2002-03-06,2.880000114440918
2002-03-07,3.009999990463257
2002-03-08,3.0999999046325684
2002-03-11,3.059999942779541
2002-03-12,2.9100000858306885
2002-03-13,2.9700000286102295
2002-03-14,2.9800000190734863
2002-03-15,2.9600000381469727
2002-03-18,2.859999895095825
2002-03-19,2.819999933242798
2002-03-20,2.5999999046325684
2002-03-21,2.75
2002-03-22,2.9000000953674316
2002-03-25,2.930000066757202
2002-03-26,2.9700000286102295
2002-03-27,3.0
2002-03-28,3.049999952316284
2002-04-01,3.0
2002-04-02,3.0
2002-04-03,2.8499999046325684
2002-04-04,2.799999952316284
2002-04-05,2.690000057220459
2002-04-08,2.630000114440918
2002-04-09,2.549999952316284
2002-04-10,2.4100000858306885
2002-04-11,2.549999952316284
2002-04-12,2.549999952316284
2002-04-15,2.4800000190734863
2002-04-16,2.5999999046325684
2002-04-17,2.609999895095825
2002-04-18,2.630000114440918
2002-04-19,2.7100000381469727
2002-04-22,2.619999885559082
2002-04-23,2.4800000190734863
2002-04-24,2.299999952316284
2002-04-25,2.200000047683716
2002-04-26,1.940000057220459
2002-04-29,1.940000057220459
2002-04-30,1.7300000190734863
2002-05-01,1.899999976158142
2002-05-02,1.8799999952316284
2002-05-03,1.9199999570846558
2002-05-06,1.6399999856948853
2002-05-07,1.6799999475479126
2002-05-08,1.850000023841858
2002-05-09,1.7599999904632568
2002-05-10,1.6299999952316284
2002-05-13,1.7899999618530273
2002-05-14,1.7599999904632568
2002-05-15,1.7200000286102295
2002-05-16,1.6100000143051147
2002-05-17,1.4900000095367432
2002-05-20,1.5299999713897705
2002-05-21,1.4700000286102295
2002-05-22,1.399999976158142
2002-05-23,1.4500000476837158
2002-05-24,1.4199999570846558
2002-05-28,1.340000033378601
2002-05-29,1.2799999713897705
2002-05-30,1.1799999475479126
2002-05-31,1.2300000190734863
2002-06-03,1.2300000190734863
2002-06-04,1.25
2002-06-05,1.2799999713897705
2002-06-06,1.350000023841858
2002-06-07,1.340000033378601
2002-06-10,1.2200000286102295
2002-06-11,1.149999976158142
2002-06-12,1.0099999904632568
2002-06-13,1.0800000429153442
2002-06-14,1.1100000143051147
2002-06-17,1.159999966621399
2002-06-18,1.1200000047683716
2002-06-19,1.059999942779541
2002-06-20,1.0399999618530273
2002-06-21,0.7200000286102295
2002-06-24,0.6000000238418579
2002-06-25,0.5899999737739563
2002-06-26,0.550000011920929
2002-06-27,0.5299999713897705
2002-06-28,0.5
2002-07-01,0.5099999904632568
2002-07-02,0.47999998927116394
2002-07-03,0.5
2002-07-05,0.5699999928474426
2002-07-08,0.5299999713897705
2002-07-09,0.4699999988079071
2002-07-10,0.49000000953674316
2002-07-11,0.47999998927116394
2002-07-12,0.47999998927116394
2002-07-15,0.5
2002-07-16,0.4699999988079071
2002-07-17,0.5400000214576721
2002-07-18,0.5199999809265137
2002-07-19,0.5
2002-07-22,0.49000000953674316
2002-07-23,0.5
2002-07-24,0.47999998927116394
2002-07-25,0.4699999988079071
2002-07-26,0.44999998807907104
2002-07-29,0.47999998927116394
2002-07-30,0.47999998927116394
2002-07-31,0.675000011920929
2002-08-01,0.6370000243186951
2002-08-02,0.5479999780654907
2002-08-05,0.5270000100135803
2002-08-06,0.550000011920929
2002-08-07,0.5849999785423279
2002-08-08,0.6570000052452087
2002-08-09,0.7049999833106995
2002-08-12,0.8399999737739563
2002-08-13,0.8809999823570251
2002-08-14,0.8500000238418579
2002-08-15,0.890999972820282
2002-08-16,0.9290000200271606
2002-08-19,1.0499999523162842
2002-08-20,1.2369999885559082
2002-08-21,1.2330000400543213
2002-08-22,1.3259999752044678
2002-08-23,1.187999963760376
2002-08-26,1.2369999885559082
2002-08-27,1.1440000534057617
2002-08-28,0.9300000071525574
2002-08-29,1.0399999618530273
2002-08-30,1.128999948501587
2002-09-03,1.1629999876022339
2002-09-04,1.2389999628067017
2002-09-05,1.2999999523162842
2002-09-06,1.1929999589920044
2002-09-09,1.2100000381469727
2002-09-10,1.1629999876022339
2002-09-11,1.1059999465942383
2002-09-12,1.0549999475479126
2002-09-13,1.059999942779541
2002-09-16,1.0210000276565552
2002-09-17,1.0290000438690186
2002-09-18,1.024999976158142
2002-09-19,0.9900000095367432
2002-09-20,1.0069999694824219
2002-09-23,1.0089999437332153
2002-09-24,0.972000002861023
2002-09-25,0.9340000152587891
2002-09-26,0.9110000133514404
2002-09-27,0.8479999899864197
2002-09-30,0.8130000233650208
2002-10-01,0.8069999814033508
2002-10-02,0.746999979019165
2002-10-03,0.8199999928474426
2002-10-04,0.7620000243186951
2002-10-07,0.75
2002-10-08,0.7400000095367432
2002-10-09,0.7400000095367432
2002-10-10,0.8199999928474426
2002-10-11,0.9399999976158142
2002-10-14,0.949999988079071
2002-10-15,0.9810000061988831
2002-10-16,0.9269999861717224
2002-10-17,1.1100000143051147
2002-10-18,1.3029999732971191
2002-10-21,1.2799999713897705
2002-10-22,1.284999966621399
2002-10-23,1.3079999685287476
2002-10-24,1.2599999904632568
2002-10-25,1.281999945640564
2002-10-28,1.277999997138977
2002-10-29,1.190999984741211
2002-10-30,1.2100000381469727
2002-10-31,1.2269999980926514
2002-11-01,1.284999966621399
2002-11-04,1.503000020980835
2002-11-05,1.4299999475479126
2002-11-06,1.475000023841858
2002-11-07,1.3700000047683716
2002-11-08,1.3070000410079956
2002-11-11,1.2289999723434448
2002-11-12,1.3049999475479126
2002-11-13,1.343999981880188
2002-11-14,1.4459999799728394
2002-11-15,1.49399995803833
2002-11-18,1.6200000047683716
2002-11-19,1.5360000133514404
2002-11-20,1.7330000400543213
2002-11-21,1.809999942779541
2002-11-22,1.815999984741211
2002-11-25,1.8609999418258667
2002-11-26,1.7979999780654907
2002-11-27,1.815000057220459
2002-11-29,1.8240000009536743
2002-12-02,1.9550000429153442
2002-12-03,1.850000023841858
2002-12-04,1.871999979019165
2002-12-05,1.7949999570846558
2002-12-06,1.7269999980926514
2002-12-09,1.5800000429153442
2002-12-10,1.628000020980835
2002-12-11,1.7619999647140503
2002-12-12,1.6480000019073486
2002-12-13,1.5750000476837158
2002-12-16,1.5549999475479126
2002-12-17,1.5169999599456787
2002-12-18,1.4830000400543213
2002-12-19,1.4759999513626099
2002-12-20,1.4700000286102295
2002-12-23,1.4930000305175781
2002-12-24,1.440000057220459
2002-12-26,1.4019999504089355
2002-12-27,1.38100004196167
2002-12-30,1.402999997138977
2002-12-31,1.5099999904632568
2003-01-02,1.5889999866485596
2003-01-03,1.5449999570846558
2003-01-06,1.690000057220459
2003-01-07,1.7649999856948853
2003-01-08,1.684999942779541
2003-01-09,1.7300000190734863
2003-01-10,1.7009999752044678
2003-01-13,1.7979999780654907
2003-01-14,1.815999984741211
2003-01-15,1.8070000410079956
2003-01-16,1.8609999418258667
2003-01-17,1.7699999809265137
2003-01-21,1.6380000114440918
2003-01-22,1.593000054359436
2003-01-23,1.6299999952316284
2003-01-24,1.5449999570846558
2003-01-27,1.5049999952316284
2003-01-28,1.6629999876022339
2003-01-29,1.7799999713897705
2003-01-30,1.6139999628067017
2003-01-31,2.078000068664551
2003-02-03,2.1710000038146973
2003-02-04,2.128000020980835
2003-02-05,2.180999994277954
2003-02-06,2.0899999141693115
2003-02-07,2.069000005722046
2003-02-10,2.0480000972747803
2003-02-11,2.0889999866485596
2003-02-12,1.9320000410079956
2003-02-13,1.9559999704360962
2003-02-14,2.0820000171661377
2003-02-18,2.0999999046325684
2003-02-19,2.1070001125335693
2003-02-20,2.119999885559082
2003-02-21,2.128000020980835
2003-02-24,2.1700000762939453
2003-02-25,2.127000093460083
2003-02-26,2.114000082015991
2003-02-27,2.002000093460083
2003-02-28,1.9299999475479126
2003-03-03,2.003000020980835
2003-03-04,2.0950000286102295
2003-03-05,2.0820000171661377
2003-03-06,2.1519999504089355
2003-03-07,2.259999990463257
2003-03-10,2.128000020980835
2003-03-11,2.1410000324249268
2003-03-12,2.2130000591278076
2003-03-13,2.4200000762939453
2003-03-14,2.421999931335449
2003-03-17,2.4719998836517334
2003-03-18,2.444999933242798
2003-03-19,2.374000072479248
2003-03-20,2.5
2003-03-21,2.5450000762939453
2003-03-24,2.427000045776367
2003-03-25,2.5899999141693115
2003-03-26,2.5139999389648438
2003-03-27,2.50600004196167
2003-03-28,2.305999994277954
2003-03-31,2.4110000133514404
2003-04-01,2.438999891281128
2003-04-02,2.559999942779541
2003-04-03,2.690000057220459
2003-04-04,2.6389999389648438
2003-04-07,2.7039999961853027
2003-04-08,2.6989998817443848
2003-04-09,2.5369999408721924
2003-04-10,2.625
2003-04-11,2.61299991607666
2003-04-14,2.6619999408721924
2003-04-15,2.736999988555908
2003-04-16,2.7660000324249268
2003-04-17,2.937999963760376
2003-04-21,3.0299999713897705
2003-04-22,3.010999917984009
2003-04-23,2.994999885559082
2003-04-24,3.0169999599456787
2003-04-25,3.0350000858306885
2003-04-28,3.1610000133514404
2003-04-29,3.2790000438690186
2003-04-30,2.760999917984009
2003-05-01,2.875
2003-05-02,2.875
2003-05-05,2.813999891281128
2003-05-06,2.7699999809265137
2003-05-07,2.6989998817443848
2003-05-08,2.680000066757202
2003-05-09,2.7279999256134033
2003-05-12,2.759999990463257
2003-05-13,2.822000026702881
2003-05-14,2.9110000133514404
2003-05-15,2.999000072479248
2003-05-16,2.9820001125335693
2003-05-19,2.9040000438690186
2003-05-20,2.878999948501587
2003-05-21,2.819000005722046
2003-05-22,3.072999954223633
2003-05-23,3.246000051498413
2003-05-27,3.5399999618530273
2003-05-28,3.5450000762939453
2003-05-29,3.493000030517578
2003-05-30,3.4149999618530273
2003-06-02,3.5789999961853027
2003-06-03,3.5169999599456787
2003-06-04,3.802000045776367
2003-06-05,3.8399999141693115
2003-06-06,3.984999895095825
2003-06-09,3.8399999141693115
2003-06-10,3.9590001106262207
2003-06-11,4.025000095367432
2003-06-12,4.1579999923706055
2003-06-13,3.9149999618530273
2003-06-16,4.065999984741211
2003-06-17,4.015999794006348
2003-06-18,4.14300012588501
2003-06-19,4.175000190734863
2003-06-20,3.799999952316284
2003-06-23,3.497999906539917
2003-06-24,3.4749999046325684
2003-06-25,3.6610000133514404
2003-06-26,3.7320001125335693
2003-06-27,3.739000082015991
2003-06-30,3.6619999408721924
2003-07-01,3.619999885559082
2003-07-02,3.7230000495910645
2003-07-03,3.7060000896453857
2003-07-07,3.802999973297119
2003-07-08,4.199999809265137
2003-07-09,4.204999923706055
2003-07-10,4.173999786376953
2003-07-11,4.368000030517578
2003-07-14,4.300000190734863
2003-07-15,4.250999927520752
2003-07-16,4.204999923706055
2003-07-17,4.0
2003-07-18,4.099999904632568
2003-07-21,4.039000034332275
2003-07-22,4.099999904632568
2003-07-23,4.0929999351501465
2003-07-24,4.13100004196167
2003-07-25,4.110000133514404
2003-07-28,4.085999965667725
2003-07-29,4.083000183105469
2003-07-30,4.230000019073486
2003-07-31,4.361999988555908
2003-08-01,4.263000011444092
2003-08-04,4.086999893188477
2003-08-05,3.934999942779541
2003-08-06,3.765000104904175
2003-08-07,3.700000047683716
2003-08-08,3.490000009536743
2003-08-11,3.5429999828338623
2003-08-12,3.5450000762939453
2003-08-13,3.6449999809265137
2003-08-14,3.686000108718872
2003-08-15,3.690000057220459
2003-08-18,3.859999895095825
2003-08-19,4.03000020980835
2003-08-20,4.126999855041504
2003-08-21,4.072999954223633
2003-08-22,3.88100004196167
2003-08-25,3.822000026702881
2003-08-26,3.6480000019073486
2003-08-27,3.805000066757202
2003-08-28,3.9030001163482666
2003-08-29,4.033999919891357
2003-09-02,4.146999835968018
2003-09-03,4.550000190734863
2003-09-04,4.659999847412109
2003-09-05,4.638000011444092
2003-09-08,4.89300012588501
2003-09-09,4.690000057220459
2003-09-10,4.491000175476074
2003-09-11,4.572999954223633
2003-09-12,4.695000171661377
2003-09-15,4.735000133514404
2003-09-16,4.840000152587891
2003-09-17,4.940000057220459
2003-09-18,4.949999809265137
2003-09-19,4.918000221252441
2003-09-22,4.802000045776367
2003-09-23,5.070000171661377
2003-09-24,4.75
2003-09-25,4.796000003814697
2003-09-26,4.50600004196167
2003-09-29,4.636000156402588
2003-09-30,4.598999977111816
2003-10-01,4.599999904632568
2003-10-02,4.800000190734863
2003-10-03,5.002999782562256
2003-10-06,5.099999904632568
2003-10-07,4.965000152587891
2003-10-08,4.986000061035156
2003-10-09,5.057000160217285
2003-10-10,4.979000091552734
2003-10-13,5.050000190734863
2003-10-14,5.177999973297119
2003-10-15,5.086999893188477
2003-10-16,5.1479997634887695
2003-10-17,5.041999816894531
2003-10-20,5.02400016784668
2003-10-21,5.170000076293945
2003-10-22,4.998000144958496
2003-10-23,4.802999973297119
2003-10-24,4.729000091552734
2003-10-27,4.769999980926514
2003-10-28,4.769999980926514
2003-10-29,5.316999912261963
2003-10-30,5.525000095367432
2003-10-31,5.5
2003-11-03,5.5970001220703125
2003-11-04,5.603000164031982
2003-11-05,5.605999946594238
2003-11-06,5.552999973297119
2003-11-07,5.508999824523926
2003-11-10,5.360000133514404
2003-11-11,5.304999828338623
2003-11-12,5.558000087738037
2003-11-13,5.489999771118164
2003-11-14,5.28000020980835
2003-11-17,5.119999885559082
2003-11-18,5.039000034332275
2003-11-19,4.9720001220703125
2003-11-20,5.195000171661377
2003-11-21,5.236000061035156
2003-11-24,5.35099983215332
2003-11-25,5.294000148773193
2003-11-26,5.26800012588501
2003-11-28,5.400000095367432
2003-12-01,5.570000171661377
2003-12-02,5.439000129699707
2003-12-03,5.249000072479248
2003-12-04,5.131999969482422
2003-12-05,5.099999904632568
2003-12-08,5.03000020980835
2003-12-09,4.8979997634887695
2003-12-10,4.802000045776367
2003-12-11,5.046000003814697
2003-12-12,5.117000102996826
2003-12-15,4.900000095367432
2003-12-16,4.919000148773193
2003-12-17,4.991000175476074
2003-12-18,5.14300012588501
2003-12-19,5.0980000495910645
2003-12-22,5.060999870300293
2003-12-23,5.211999893188477
2003-12-24,5.150000095367432
2003-12-26,5.202000141143799
2003-12-29,5.348999977111816
2003-12-30,5.26800012588501
2003-12-31,5.248000144958496
2004-01-02,5.175000190734863
2004-01-05,5.4120001792907715
2004-01-06,5.526000022888184
2004-01-07,5.514999866485596
2004-01-08,5.474999904632568
2004-01-09,5.441999912261963
2004-01-12,5.579999923706055
2004-01-13,5.554999828338623
2004-01-14,5.684999942779541
2004-01-15,5.679999828338623
2004-01-16,5.704999923706055
2004-01-20,5.849999904632568
2004-01-21,5.761000156402588
2004-01-22,5.617000102996826
2004-01-23,5.690000057220459
2004-01-26,5.861999988555908
2004-01-27,5.697000026702881
2004-01-28,5.567999839782715
2004-01-29,5.349999904632568
2004-01-30,6.239999771118164
2004-02-02,6.025000095367432
2004-02-03,6.329999923706055
2004-02-04,6.105000019073486
2004-02-05,6.089000225067139
2004-02-06,6.208000183105469
2004-02-09,6.3429999351501465
2004-02-10,6.353000164031982
2004-02-11,6.478000164031982
2004-02-12,6.400000095367432
2004-02-13,6.304999828338623
2004-02-17,6.388999938964844
2004-02-18,6.341000080108643
2004-02-19,6.135000228881836
2004-02-20,6.021999835968018
2004-02-23,6.02400016784668
2004-02-24,5.776000022888184
2004-02-25,6.224999904632568
2004-02-26,6.21999979019165
2004-02-27,6.241000175476074
2004-03-01,6.379000186920166
2004-03-02,6.284999847412109
2004-03-03,6.205999851226807
2004-03-04,6.349999904632568
2004-03-05,6.416999816894531
2004-03-08,6.35099983215332
2004-03-09,6.114999771118164
2004-03-10,5.949999809265137
2004-03-11,5.954999923706055
2004-03-12,6.119999885559082
2004-03-15,5.767000198364258
2004-03-16,5.2729997634887695
2004-03-17,5.263999938964844
2004-03-18,5.210999965667725
2004-03-19,5.076000213623047
2004-03-22,4.739999771118164
2004-03-23,4.889999866485596
2004-03-24,4.770999908447266
2004-03-25,5.132999897003174
2004-03-26,5.201000213623047
2004-03-29,5.3460001945495605
2004-03-30,5.328999996185303
2004-03-31,5.329999923706055
2004-04-01,5.296999931335449
2004-04-02,5.443999767303467
2004-04-05,5.478000164031982
2004-04-06,5.333000183105469
2004-04-07,5.3470001220703125
2004-04-08,5.315000057220459
2004-04-12,5.580999851226807
2004-04-13,5.40500020980835
2004-04-14,5.35099983215332
2004-04-15,5.15500020980835
2004-04-16,5.089000225067139
2004-04-19,5.156000137329102
2004-04-20,5.080999851226807
2004-04-21,5.054999828338623
2004-04-22,5.145999908447266
2004-04-23,5.0980000495910645
2004-04-26,5.189000129699707
2004-04-27,5.239999771118164
2004-04-28,5.354000091552734
2004-04-29,5.183000087738037
2004-04-30,4.804999828338623
2004-05-03,4.836999893188477
2004-05-04,4.920000076293945
2004-05-05,4.929999828338623
2004-05-06,4.702000141143799
2004-05-07,4.494999885559082
2004-05-10,4.386000156402588
2004-05-11,4.598999977111816
2004-05-12,4.442999839782715
2004-05-13,4.507999897003174
2004-05-14,4.573999881744385
2004-05-17,4.488999843597412
2004-05-18,4.539999961853027
2004-05-19,4.702000141143799
2004-05-20,4.703000068664551
2004-05-21,4.708000183105469
2004-05-24,4.815999984741211
2004-05-25,4.880000114440918
2004-05-26,4.803999900817871
2004-05-27,4.789999961853027
2004-05-28,4.804999828338623
2004-06-01,4.89900016784668
2004-06-02,4.854000091552734
2004-06-03,4.650000095367432
2004-06-04,4.683000087738037
2004-06-07,4.7820000648498535
2004-06-08,4.802999973297119
2004-06-09,4.583000183105469
2004-06-10,4.557000160217285
2004-06-14,4.39300012588501
2004-06-15,4.410999774932861
2004-06-16,4.125
2004-06-17,4.0980000495910645
2004-06-18,4.236000061035156
2004-06-21,4.260000228881836
2004-06-22,4.298999786376953
2004-06-23,4.348999977111816
2004-06-24,4.2779998779296875
2004-06-25,4.545000076293945
2004-06-28,4.289000034332275
2004-06-29,4.195000171661377
2004-06-30,4.269999980926514
2004-07-01,4.1529998779296875
2004-07-02,4.071000099182129
2004-07-06,3.8440001010894775
2004-07-07,3.872999906539917
2004-07-08,3.8010001182556152
2004-07-09,3.8499999046325684
2004-07-12,3.8550000190734863
2004-07-13,3.8499999046325684
2004-07-14,3.864000082015991
2004-07-15,3.8559999465942383
2004-07-16,3.7139999866485596
2004-07-19,3.740000009536743
2004-07-20,3.875
2004-07-21,3.7799999713897705
2004-07-22,3.73799991607666
2004-07-23,3.5209999084472656
2004-07-26,3.6489999294281006
2004-07-27,3.759000062942505
2004-07-28,3.805999994277954
2004-07-29,3.9159998893737793
2004-07-30,4.01800012588501
2004-08-02,4.006999969482422
2004-08-03,3.7170000076293945
2004-08-04,3.799999952316284
2004-08-05,3.631999969482422
2004-08-06,3.319999933242798
2004-08-09,3.3429999351501465
2004-08-10,3.4590001106262207
2004-08-11,3.3540000915527344
2004-08-12,3.1570000648498535
2004-08-13,3.1050000190734863
2004-08-16,3.0160000324249268
2004-08-17,3.200000047683716
2004-08-18,3.421999931335449
2004-08-19,3.3329999446868896
2004-08-20,3.4670000076293945
2004-08-23,3.430000066757202
2004-08-24,3.4630000591278076
2004-08-25,3.5399999618530273
2004-08-26,3.4809999465942383
2004-08-27,3.5380001068115234
2004-08-30,3.4619998931884766
2004-08-31,3.4609999656677246
2004-09-01,3.492000102996826
2004-09-02,3.4790000915527344
2004-09-03,3.3299999237060547
2004-09-07,3.447000026702881
2004-09-08,3.4049999713897705
2004-09-09,3.5139999389648438
2004-09-10,3.7100000381469727
2004-09-13,4.313000202178955
2004-09-14,4.3979997634887695
2004-09-15,4.248000144958496
2004-09-16,4.184000015258789
2004-09-17,4.0970001220703125
2004-09-20,4.208000183105469
2004-09-21,4.186999797821045
2004-09-22,4.195000171661377
2004-09-23,4.188000202178955
2004-09-24,4.085999965667725
2004-09-27,4.041999816894531
2004-09-28,3.9630000591278076
2004-09-29,4.125999927520752
2004-09-30,4.109000205993652
2004-10-01,4.188000202178955
2004-10-04,4.500999927520752
2004-10-05,4.541999816894531
2004-10-06,4.514999866485596
2004-10-07,4.276000022888184
2004-10-08,4.251999855041504
2004-10-11,4.228000164031982
2004-10-12,4.260000228881836
2004-10-13,4.380000114440918
2004-10-14,4.295000076293945
2004-10-15,4.316999912261963
2004-10-18,4.400000095367432
2004-10-19,4.449999809265137
2004-10-20,4.460000038146973
2004-10-21,4.642000198364258
2004-10-22,4.547999858856201
2004-10-25,4.716000080108643
2004-10-26,4.671999931335449
2004-10-27,6.118000030517578
2004-10-28,6.228000164031982
2004-10-29,5.998000144958496
2004-11-01,6.019999980926514
2004-11-02,6.271999835968018
2004-11-03,6.216000080108643
2004-11-04,6.241000175476074
2004-11-05,6.310999870300293
2004-11-08,6.300000190734863
2004-11-09,6.255000114440918
2004-11-10,6.517000198364258
2004-11-11,6.5
2004-11-12,6.678999900817871
2004-11-15,6.709000110626221
2004-11-16,6.589000225067139
2004-11-17,6.656000137329102
2004-11-18,6.682000160217285
2004-11-19,6.369999885559082
2004-11-22,6.526000022888184
2004-11-23,6.36299991607666
2004-11-24,6.425000190734863
2004-11-26,6.5
2004-11-29,6.4679999351501465
2004-11-30,6.454999923706055
2004-12-01,6.775000095367432
2004-12-02,6.734000205993652
2004-12-03,6.495999813079834
2004-12-06,6.577000141143799
2004-12-07,6.363999843597412
2004-12-08,6.179999828338623
2004-12-09,6.302000045776367
2004-12-10,6.385000228881836
2004-12-13,6.589000225067139
2004-12-14,5.622000217437744
2004-12-15,6.091000080108643
2004-12-16,6.011000156402588
2004-12-17,5.96999979019165
2004-12-20,6.038000106811523
2004-12-21,6.139999866485596
2004-12-22,6.065999984741211
2004-12-23,6.074999809265137
2004-12-27,6.177999973297119
2004-12-28,6.199999809265137
2004-12-29,6.198999881744385
2004-12-30,6.168000221252441
2004-12-31,6.025000095367432
2005-01-03,5.84499979019165
2005-01-04,5.683000087738037
2005-01-05,5.644000053405762
2005-01-06,5.690999984741211
2005-01-07,5.63100004196167
2005-01-10,5.752999782562256
2005-01-11,5.677000045776367
2005-01-12,5.763000011444092
2005-01-13,5.691999912261963
2005-01-14,5.815999984741211
2005-01-18,5.923999786376953
2005-01-19,5.883999824523926
2005-01-20,5.951000213623047
2005-01-21,5.881999969482422
2005-01-24,5.760000228881836
2005-01-25,5.943999767303467
2005-01-26,6.190000057220459
2005-01-27,6.500999927520752
2005-01-28,6.940000057220459
2005-01-31,7.269999980926514
2005-02-01,7.203000068664551
2005-02-02,7.201000213623047
2005-02-03,7.406000137329102
2005-02-04,7.614999771118164
2005-02-07,7.473999977111816
2005-02-08,7.650000095367432
2005-02-09,6.849999904632568
2005-02-10,6.806000232696533
2005-02-11,6.931000232696533
2005-02-14,7.188000202178955
2005-02-15,7.175000190734863
2005-02-16,7.158999919891357
2005-02-17,7.086999893188477
2005-02-18,7.099999904632568
2005-02-22,7.099999904632568
2005-02-23,7.03000020980835
2005-02-24,7.043000221252441
2005-02-25,7.165999889373779
2005-02-28,7.1020002365112305
2005-03-01,7.175000190734863
2005-03-02,6.949999809265137
2005-03-03,7.03000020980835
2005-03-04,7.0279998779296875
2005-03-07,7.034999847412109
2005-03-08,6.826000213623047
2005-03-09,6.709000110626221
2005-03-10,6.613999843597412
2005-03-11,6.488999843597412
2005-03-14,7.083000183105469
2005-03-15,7.083000183105469
2005-03-16,6.098999977111816
2005-03-17,5.77400016784668
2005-03-18,6.006999969482422
2005-03-21,5.948999881744385
2005-03-22,5.843999862670898
2005-03-23,5.84499979019165
2005-03-24,5.934999942779541
2005-03-28,5.960000038146973
2005-03-29,5.566999912261963
2005-03-30,5.497000217437744
2005-03-31,5.427000045776367
2005-04-01,5.5269999504089355
2005-04-04,5.699999809265137
2005-04-05,5.491000175476074
2005-04-06,5.507999897003174
2005-04-07,5.585999965667725
2005-04-08,5.539000034332275
2005-04-11,5.60099983215332
2005-04-12,5.546999931335449
2005-04-13,5.421999931335449
2005-04-14,5.578000068664551
2005-04-15,5.415999889373779
2005-04-18,5.2769999504089355
2005-04-19,5.419000148773193
2005-04-20,5.559999942779541
2005-04-21,5.61899995803833
2005-04-22,5.449999809265137
2005-04-25,5.645999908447266
2005-04-26,5.699999809265137
2005-04-27,5.59499979019165
2005-04-28,5.699999809265137
2005-04-29,4.3480000495910645
2005-05-02,4.659999847412109
2005-05-03,4.763999938964844
2005-05-04,4.875
2005-05-05,4.7789998054504395
2005-05-06,4.7769999504089355
2005-05-09,4.802999973297119
2005-05-10,4.815999984741211
2005-05-11,4.991000175476074
2005-05-12,5.056000232696533
2005-05-13,5.086999893188477
2005-05-16,5.190000057220459
2005-05-17,5.2129998207092285
2005-05-18,5.311999797821045
2005-05-19,5.335000038146973
2005-05-20,5.307000160217285
2005-05-23,5.456999778747559
2005-05-24,5.586999893188477
2005-05-25,5.49399995803833
2005-05-26,5.5289998054504395
2005-05-27,5.5279998779296875
2005-05-31,5.566999912261963
2005-06-01,5.566999912261963
2005-06-02,5.548999786376953
2005-06-03,5.183000087738037
2005-06-06,5.260000228881836
2005-06-07,5.111000061035156
2005-06-08,5.111000061035156
2005-06-09,5.178999900817871
2005-06-10,5.169000148773193
2005-06-13,5.176000118255615
2005-06-14,5.177000045776367
2005-06-15,5.199999809265137
2005-06-16,5.171000003814697
2005-06-17,5.039999961853027
2005-06-20,5.120999813079834
2005-06-21,5.2210001945495605
2005-06-22,5.275000095367432
2005-06-23,5.406000137329102
2005-06-24,5.289000034332275
2005-06-27,5.218999862670898
2005-06-28,5.289000034332275
2005-06-29,5.302999973297119
2005-06-30,5.303999900817871
2005-07-01,5.400000095367432
2005-07-05,5.431000232696533
2005-07-06,5.421000003814697
2005-07-07,5.550000190734863
2005-07-08,5.815000057220459
2005-07-11,5.872000217437744
2005-07-12,5.822999954223633
2005-07-13,5.802000045776367
2005-07-14,6.4039998054504395
2005-07-15,6.7820000648498535
2005-07-18,6.7220001220703125
2005-07-19,7.0
2005-07-20,7.0329999923706055
2005-07-21,6.925000190734863
2005-07-22,6.78000020980835
2005-07-25,6.875
2005-07-26,6.960000038146973
2005-07-27,6.550000190734863
2005-07-28,6.618000030517578
2005-07-29,7.715000152587891
2005-08-01,7.824999809265137
2005-08-02,7.821000099182129
2005-08-03,7.644999980926514
2005-08-04,7.5370001792907715
2005-08-05,7.339000225067139
2005-08-08,7.265999794006348
2005-08-09,7.335999965667725
2005-08-10,7.511000156402588
2005-08-11,7.7129998207092285
2005-08-12,7.631999969482422
2005-08-15,8.140000343322754
2005-08-16,7.639999866485596
2005-08-17,7.734000205993652
2005-08-18,7.614999771118164
2005-08-19,7.541999816894531
2005-08-22,7.76800012588501
2005-08-23,7.670000076293945
2005-08-24,7.568999767303467
2005-08-25,7.39900016784668
2005-08-26,7.409999847412109
2005-08-29,7.547999858856201
2005-08-30,7.539999961853027
2005-08-31,7.699999809265137
2005-09-01,7.619999885559082
2005-09-02,7.60699987411499
2005-09-06,7.800000190734863
2005-09-07,7.613999843597412
2005-09-08,7.479000091552734
2005-09-09,7.539999961853027
2005-09-12,7.436999797821045
2005-09-13,7.373000144958496
2005-09-14,7.422999858856201
2005-09-15,7.289000034332275
2005-09-16,7.321000099182129
2005-09-19,6.835000038146973
2005-09-20,6.922999858856201
2005-09-21,6.7779998779296875
2005-09-22,6.708000183105469
2005-09-23,6.90500020980835
2005-09-26,6.896999835968018
2005-09-27,6.873000144958496
2005-09-28,6.861000061035156
2005-09-29,7.017000198364258
2005-09-30,7.0289998054504395
2005-10-03,7.123000144958496
2005-10-04,6.960999965667725
2005-10-05,6.942999839782715
2005-10-06,6.620999813079834
2005-10-07,6.74399995803833
2005-10-10,6.708000183105469
2005-10-11,6.699999809265137
2005-10-12,6.732999801635742
2005-10-13,6.821000099182129
2005-10-14,6.885000228881836
2005-10-17,6.952000141143799
2005-10-18,6.935999870300293
2005-10-19,7.021999835968018
2005-10-20,7.047999858856201
2005-10-21,7.23799991607666
2005-10-24,7.513000011444092
2005-10-25,7.52400016784668
2005-10-26,7.519000053405762
2005-10-27,7.458000183105469
2005-10-28,6.75600004196167
2005-10-31,7.090000152587891
2005-11-01,7.090000152587891
2005-11-02,7.28000020980835
2005-11-03,7.354000091552734
2005-11-04,7.340000152587891
2005-11-07,7.308000087738037
2005-11-08,7.25
2005-11-09,7.230999946594238
2005-11-10,7.420000076293945
2005-11-11,7.739999771118164
2005-11-14,7.8460001945495605
2005-11-15,7.697999954223633
2005-11-16,7.640999794006348
2005-11-17,7.744999885559082
2005-11-18,7.820000171661377
2005-11-21,7.809999942779541
2005-11-22,7.728000164031982
2005-11-23,7.749000072479248
2005-11-25,7.736999988555908
2005-11-28,7.464000225067139
2005-11-29,7.497000217437744
2005-11-30,7.38700008392334
2005-12-01,7.561999797821045
2005-12-02,7.46999979019165
2005-12-05,7.318999767303467
2005-12-06,7.5
2005-12-07,7.64900016784668
2005-12-08,7.635000228881836
2005-12-09,7.755000114440918
2005-12-12,7.756999969482422
2005-12-13,7.769000053405762
2005-12-14,7.718999862670898
2005-12-15,7.76200008392334
2005-12-16,8.048999786376953
2005-12-19,8.005999565124512
2005-12-20,7.964000225067139
2005-12-21,8.166000366210938
2005-12-22,8.333999633789062
2005-12-23,8.369999885559082
2005-12-27,8.322999954223633
2005-12-28,8.39799976348877
2005-12-29,8.385000228881836
2005-12-30,8.267000198364258
2006-01-03,8.701000213623047
2006-01-04,8.638999938964844
2006-01-05,8.770999908447266
2006-01-06,9.45199966430664
2006-01-09,9.649999618530273
2006-01-10,9.442999839782715
2006-01-11,9.545000076293945
2006-01-12,9.357999801635742
2006-01-13,9.562999725341797
2006-01-17,9.49899959564209
2006-01-18,9.423999786376953
2006-01-19,9.545999526977539
2006-01-20,9.324000358581543
2006-01-23,9.194999694824219
2006-01-24,9.159000396728516
2006-01-25,9.442999839782715
2006-01-26,9.569999694824219
2006-01-27,9.793999671936035
2006-01-30,9.954000473022461
2006-01-31,9.611000061035156
2006-02-01,9.149999618530273
2006-02-02,9.163000106811523
2006-02-03,9.317999839782715
2006-02-06,9.357000350952148
2006-02-07,9.33899974822998
2006-02-08,9.29699993133545
2006-02-09,9.300000190734863
2006-02-10,9.236000061035156
2006-02-13,9.050999641418457
2006-02-14,9.123000144958496
2006-02-15,9.083999633789062
2006-02-16,9.241000175476074
2006-02-17,9.255999565124512
2006-02-21,9.258000373840332
2006-02-22,9.362000465393066
2006-02-23,9.447999954223633
2006-02-24,9.486000061035156
2006-02-27,9.486000061035156
2006-02-28,9.168000221252441
2006-03-01,9.875
2006-03-02,9.845000267028809
2006-03-03,9.998000144958496
2006-03-06,9.855999946594238
2006-03-07,9.805999755859375
2006-03-08,9.8100004196167
2006-03-09,9.704999923706055
2006-03-10,9.949999809265137
2006-03-13,10.302000045776367
2006-03-14,10.649999618530273
2006-03-15,10.758000373840332
2006-03-16,10.48799991607666
2006-03-17,10.654999732971191
2006-03-20,10.574000358581543
2006-03-21,10.36299991607666
2006-03-22,10.463000297546387
2006-03-23,10.520999908447266
2006-03-24,10.463000297546387
2006-03-27,10.461000442504883
2006-03-28,10.404000282287598
2006-03-29,10.576000213623047
2006-03-30,10.51200008392334
2006-03-31,10.529000282287598
2006-04-03,10.447999954223633
2006-04-04,10.51099967956543
2006-04-05,10.508999824523926
2006-04-06,10.57699966430664
2006-04-07,10.425000190734863
2006-04-10,10.5
2006-04-11,10.444999694824219
2006-04-12,10.336000442504883
2006-04-13,10.272000312805176
2006-04-17,10.305000305175781
2006-04-18,10.317999839782715
2006-04-19,10.609999656677246
2006-04-20,10.618000030517578
2006-04-21,10.645999908447266
2006-04-24,10.57800006866455
2006-04-25,10.810999870300293
2006-04-26,10.557000160217285
2006-04-27,10.119999885559082
2006-04-28,9.37399959564209
2006-05-01,9.852999687194824
2006-05-02,10.015000343322754
2006-05-03,10.109999656677246
2006-05-04,10.305000305175781
2006-05-05,10.581000328063965
2006-05-08,10.711000442504883
2006-05-09,10.715999603271484
2006-05-10,10.741999626159668
2006-05-11,10.52400016784668
2006-05-12,10.324000358581543
2006-05-15,10.5
2006-05-16,10.350000381469727
2006-05-17,10.100000381469727
2006-05-18,9.871999740600586
2006-05-19,9.70300006866455
2006-05-22,9.376999855041504
2006-05-23,9.345000267028809
2006-05-24,9.484999656677246
2006-05-25,9.718000411987305
2006-05-26,9.585000038146973
2006-05-30,9.229999542236328
2006-05-31,9.437999725341797
2006-06-01,9.517000198364258
2006-06-02,9.583999633789062
2006-06-05,9.157999992370605
2006-06-06,9.13599967956543
2006-06-07,9.059000015258789
2006-06-08,9.17199993133545
2006-06-09,8.961000442504883
2006-06-12,8.65999984741211
2006-06-13,8.652000427246094
2006-06-14,8.753999710083008
2006-06-15,9.270000457763672
2006-06-16,9.362000465393066
2006-06-19,9.274999618530273
2006-06-20,9.10200023651123
2006-06-21,9.40999984741211
2006-06-22,9.305000305175781
2006-06-23,9.28499984741211
2006-06-26,9.404999732971191
2006-06-27,9.218999862670898
2006-06-28,9.331999778747559
2006-06-29,9.48799991607666
2006-06-30,9.751999855041504
2006-07-03,9.864999771118164
2006-07-05,9.652999877929688
2006-07-06,9.361000061035156
2006-07-07,8.72700023651123
2006-07-10,8.366000175476074
2006-07-11,8.418000221252441
2006-07-12,8.348999977111816
2006-07-13,8.321999549865723
2006-07-14,8.109000205993652
2006-07-17,7.9120001792907715
2006-07-18,7.951000213623047
2006-07-19,7.98199987411499
2006-07-20,7.872000217437744
2006-07-21,7.914000034332275
2006-07-24,8.055000305175781
2006-07-25,8.289999961853027
2006-07-26,8.298999786376953
2006-07-27,7.974999904632568
2006-07-28,8.482999801635742
2006-07-31,8.244999885559082
2006-08-01,8.175999641418457
2006-08-02,8.593000411987305
2006-08-03,8.72700023651123
2006-08-04,8.673999786376953
2006-08-07,8.644000053405762
2006-08-08,8.71399974822998
2006-08-09,8.803999900817871
2006-08-10,9.104999542236328
2006-08-11,9.069000244140625
2006-08-14,8.58899974822998
2006-08-15,8.776000022888184
2006-08-16,9.008000373840332
2006-08-17,9.130000114440918
2006-08-18,9.317999839782715
2006-08-21,9.109999656677246
2006-08-22,9.185999870300293
2006-08-23,9.085000038146973
2006-08-24,9.097999572753906
2006-08-25,9.005000114440918
2006-08-28,9.13700008392334
2006-08-29,9.154000282287598
2006-08-30,9.180999755859375
2006-08-31,9.119999885559082
2006-09-01,9.16100025177002
2006-09-05,9.277999877929688
2006-09-06,9.097999572753906
2006-09-07,8.944000244140625
2006-09-08,9.071000099182129
2006-09-11,9.267999649047852
2006-09-12,9.430999755859375
2006-09-13,9.383999824523926
2006-09-14,9.574999809265137
2006-09-15,9.58899974822998
2006-09-18,9.59000015258789
2006-09-19,9.571999549865723
2006-09-20,9.866999626159668
2006-09-21,9.6899995803833
2006-09-22,9.611000061035156
2006-09-25,9.8100004196167
2006-09-26,9.913000106811523
2006-09-27,10.072999954223633
2006-09-28,9.984999656677246
2006-09-29,10.182999610900879
2006-10-02,9.993000030517578
2006-10-03,10.071000099182129
2006-10-04,10.413000106811523
2006-10-05,10.423999786376953
2006-10-06,10.479000091552734
2006-10-09,10.635000228881836
2006-10-10,10.781000137329102
2006-10-11,10.821000099182129
2006-10-12,10.91100025177002
2006-10-13,11.00100040435791
2006-10-16,11.043000221252441
2006-10-17,10.958000183105469
2006-10-18,10.942000389099121
2006-10-19,11.017000198364258
2006-10-20,11.07699966430664
2006-10-23,11.114999771118164
2006-10-24,10.972000122070312
2006-10-25,11.071999549865723
2006-10-26,11.555000305175781
2006-10-27,12.019000053405762
2006-10-30,11.91100025177002
2006-10-31,11.9350004196167
2006-11-01,11.748000144958496
2006-11-02,11.939000129699707
2006-11-03,11.890999794006348
2006-11-06,11.859999656677246
2006-11-07,11.928999900817871
2006-11-08,11.979000091552734
2006-11-09,11.869999885559082
2006-11-10,12.501999855041504
2006-11-13,12.760000228881836
2006-11-14,12.916000366210938
2006-11-15,12.765999794006348
2006-11-16,12.47599983215332
2006-11-17,12.48900032043457
2006-11-20,12.434000015258789
2006-11-21,12.649999618530273
2006-11-22,12.62600040435791
2006-11-24,12.595999717712402
2006-11-27,12.086999893188477
2006-11-28,12.13599967956543
2006-11-29,11.968000411987305
2006-11-30,11.847000122070312
2006-12-01,11.906000137329102
2006-12-04,12.26200008392334
2006-12-05,12.182000160217285
2006-12-06,12.031000137329102
2006-12-07,11.777999877929688
2006-12-08,11.619999885559082
2006-12-11,11.79800033569336
2006-12-12,11.699999809265137
2006-12-13,11.692000389099121
2006-12-14,11.505999565124512
2006-12-15,11.309000015258789
2006-12-18,11.230999946594238
2006-12-19,11.625
2006-12-20,11.520000457763672
2006-12-21,11.579999923706055
2006-12-22,11.479999542236328
2006-12-26,11.61400032043457
2006-12-27,11.690999984741211
2006-12-28,11.657999992370605
2006-12-29,11.401000022888184
2007-01-03,11.538000106811523
2007-01-04,11.732000350952148
2007-01-05,11.555999755859375
2007-01-08,11.824000358581543
2007-01-09,12.015000343322754
2007-01-10,11.97700023651123
2007-01-11,12.210000038146973
2007-01-12,12.215999603271484
2007-01-16,12.055000305175781
2007-01-17,12.397000312805176
2007-01-18,11.83899974822998
2007-01-19,12.185999870300293
2007-01-22,12.027999877929688
2007-01-23,12.027000427246094
2007-01-24,12.369999885559082
2007-01-25,12.388999938964844
2007-01-26,12.593999862670898
2007-01-29,12.12600040435791
2007-01-30,12.175000190734863
2007-01-31,12.142000198364258
2007-02-01,12.244999885559082
2007-02-02,12.312000274658203
2007-02-05,12.111000061035156
2007-02-06,12.541000366210938
2007-02-07,12.543000221252441
2007-02-08,12.60200023651123
2007-02-09,12.482000350952148
2007-02-12,12.322999954223633
2007-02-13,12.38599967956543
2007-02-14,12.600000381469727
2007-02-15,12.640000343322754
2007-02-16,12.640000343322754
2007-02-20,12.755999565124512
2007-02-21,12.583999633789062
2007-02-22,12.736000061035156
2007-02-23,12.795000076293945
2007-02-26,13.239999771118164
2007-02-27,12.510000228881836
2007-02-28,12.607000350952148
2007-03-01,12.524999618530273
2007-03-02,12.343000411987305
2007-03-05,12.229999542236328
2007-03-06,12.520999908447266
2007-03-07,12.274999618530273
2007-03-08,12.456000328063965
2007-03-09,12.38700008392334
2007-03-12,12.657999992370605
2007-03-13,12.309000015258789
2007-03-14,12.399999618530273
2007-03-15,12.401000022888184
2007-03-16,12.256999969482422
2007-03-19,12.399999618530273
2007-03-20,12.640000343322754
2007-03-21,12.89799976348877
2007-03-22,12.899999618530273
2007-03-23,12.878000259399414
2007-03-26,12.890000343322754
2007-03-27,12.826000213623047
2007-03-28,12.697999954223633
2007-03-29,12.744999885559082
2007-03-30,12.638999938964844
2007-04-02,12.63700008392334
2007-04-03,12.696000099182129
2007-04-04,12.60200023651123
2007-04-05,12.40999984741211
2007-04-09,12.317999839782715
2007-04-10,12.385000228881836
2007-04-11,12.428000450134277
2007-04-12,11.604999542236328
2007-04-13,11.565999984741211
2007-04-16,11.888999938964844
2007-04-17,11.652999877929688
2007-04-18,11.8100004196167
2007-04-19,11.821000099182129
2007-04-20,11.711000442504883
2007-04-23,11.616000175476074
2007-04-24,11.652999877929688
2007-04-25,11.607999801635742
2007-04-26,11.75
2007-04-27,11.59000015258789
2007-04-30,11.37600040435791
2007-05-01,11.527999877929688
2007-05-02,11.550999641418457
2007-05-03,11.605999946594238
2007-05-04,11.666999816894531
2007-05-07,11.564000129699707
2007-05-08,10.277000427246094
2007-05-09,10.541999816894531
2007-05-10,10.309000015258789
2007-05-11,10.373000144958496
2007-05-14,10.255999565124512
2007-05-15,10.303000450134277
2007-05-16,10.031999588012695
2007-05-17,10.104999542236328
2007-05-18,10.383000373840332
2007-05-21,10.35200023651123
2007-05-22,10.484000205993652
2007-05-23,10.3100004196167
2007-05-24,10.11299991607666
2007-05-25,10.300000190734863
2007-05-29,10.350000381469727
2007-05-30,10.267999649047852
2007-05-31,10.381999969482422
2007-06-01,10.395999908447266
2007-06-04,10.291000366210938
2007-06-05,10.20300006866455
2007-06-06,10.04699993133545
2007-06-07,9.793000221252441
2007-06-08,9.850000381469727
2007-06-11,9.887999534606934
2007-06-12,9.708999633789062
2007-06-13,9.618000030517578
2007-06-14,9.649999618530273
2007-06-15,9.60200023651123
2007-06-18,9.609999656677246
2007-06-19,9.734000205993652
2007-06-20,9.555000305175781
2007-06-21,9.562999725341797
2007-06-22,9.54800033569336
2007-06-25,9.553999900817871
2007-06-26,9.402000427246094
2007-06-27,9.444999694824219
2007-06-28,9.37399959564209
2007-06-29,9.449000358581543
2007-07-02,9.458999633789062
2007-07-03,9.454999923706055
2007-07-05,9.628999710083008
2007-07-06,9.656000137329102
2007-07-09,9.6899995803833
2007-07-10,9.699999809265137
2007-07-11,9.737000465393066
2007-07-12,9.649999618530273
2007-07-13,9.600000381469727
2007-07-16,9.53600025177002
2007-07-17,9.451000213623047
2007-07-18,9.477999687194824
2007-07-19,9.449000358581543
2007-07-20,9.144000053405762
2007-07-23,9.14799976348877
2007-07-24,8.831000328063965
2007-07-25,8.795000076293945
2007-07-26,8.557999610900879
2007-07-27,7.4070000648498535
2007-07-30,7.525000095367432
2007-07-31,7.310999870300293
2007-08-01,7.21999979019165
2007-08-02,7.138000011444092
2007-08-03,6.932000160217285
2007-08-06,6.751999855041504
2007-08-07,6.636000156402588
2007-08-08,6.585999965667725
2007-08-09,6.447999954223633
2007-08-10,7.013999938964844
2007-08-13,6.989999771118164
2007-08-14,6.986000061035156
2007-08-15,7.050000190734863
2007-08-16,6.9019999504089355
2007-08-17,7.005000114440918
2007-08-20,7.068999767303467
2007-08-21,7.001999855041504
2007-08-22,6.956999778747559
2007-08-23,7.236999988555908
2007-08-24,7.605000019073486
2007-08-27,7.324999809265137
2007-08-28,6.993000030517578
2007-08-29,6.834000110626221
2007-08-30,6.815999984741211
2007-08-31,6.923999786376953
2007-09-04,7.052000045776367
2007-09-05,6.830999851226807
2007-09-06,7.052999973297119
2007-09-07,6.964000225067139
2007-09-10,6.941999912261963
2007-09-11,7.078000068664551
2007-09-12,7.005000114440918
2007-09-13,7.065000057220459
2007-09-14,6.890999794006348
2007-09-17,6.728000164031982
2007-09-18,7.080999851226807
2007-09-19,7.107999801635742
2007-09-20,7.151000022888184
2007-09-21,7.230000019073486
2007-09-24,7.184999942779541
2007-09-25,7.248000144958496
2007-09-26,7.4039998054504395
2007-09-27,7.922999858856201
2007-09-28,7.934000015258789
2007-10-01,8.295000076293945
2007-10-02,8.300999641418457
2007-10-03,7.995999813079834
2007-10-04,7.99399995803833
2007-10-05,8.088000297546387
2007-10-08,8.107000350952148
2007-10-09,8.093000411987305
2007-10-10,8.050000190734863
2007-10-11,7.953999996185303
2007-10-12,7.945000171661377
2007-10-15,8.706999778747559
2007-10-16,8.414999961853027
2007-10-17,8.5649995803833
2007-10-18,8.656999588012695
2007-10-19,8.472000122070312
2007-10-22,8.605999946594238
2007-10-23,8.62399959564209
2007-10-24,8.541999816894531
2007-10-25,8.494999885559082
2007-10-26,8.60200023651123
2007-10-29,8.696000099182129
2007-10-30,8.656999588012695
2007-10-31,9.833000183105469
2007-11-01,9.940999984741211
2007-11-02,10.045999526977539
2007-11-05,9.960000038146973
2007-11-06,10.59000015258789
2007-11-07,10.956000328063965
2007-11-08,10.343999862670898
2007-11-09,10.09000015258789
2007-11-12,10.446000099182129
2007-11-13,10.621999740600586
2007-11-14,10.668000221252441
2007-11-15,10.600000381469727
2007-11-16,10.729000091552734
2007-11-19,10.538999557495117
2007-11-20,10.425999641418457
2007-11-21,10.043999671936035
2007-11-23,10.680999755859375
2007-11-26,10.07699966430664
2007-11-27,10.199000358581543
2007-11-28,10.230999946594238
2007-11-29,10.336000442504883
2007-11-30,10.085000038146973
2007-12-03,10.072999954223633
2007-12-04,10.159000396728516
2007-12-05,10.324000358581543
2007-12-06,10.399999618530273
2007-12-07,10.274999618530273
2007-12-10,10.319999694824219
2007-12-11,10.376999855041504
2007-12-12,10.234000205993652
2007-12-13,10.008000373840332
2007-12-14,9.52400016784668
2007-12-17,9.097000122070312
2007-12-18,9.567999839782715
2007-12-19,9.420000076293945
2007-12-20,9.28499984741211
2007-12-21,9.491999626159668
2007-12-24,9.505000114440918
2007-12-26,9.583000183105469
2007-12-27,9.25
2007-12-28,9.496999740600586
2007-12-31,9.510000228881836
2008-01-02,9.008000373840332
2008-01-03,8.864999771118164
2008-01-04,8.401000022888184
2008-01-07,8.468999862670898
2008-01-08,8.104999542236328
2008-01-09,7.933000087738037
2008-01-10,7.611000061035156
2008-01-11,7.2820000648498535
2008-01-14,7.550000190734863
2008-01-15,7.388999938964844
2008-01-16,7.38700008392334
2008-01-17,7.001999855041504
2008-01-18,7.10699987411499
2008-01-22,7.031000137329102
2008-01-23,7.00600004196167
2008-01-24,7.199999809265137
2008-01-25,7.136000156402588
2008-01-28,7.182000160217285
2008-01-29,7.271999835968018
2008-01-30,7.139999866485596
2008-01-31,7.291999816894531
2008-02-01,7.242000102996826
2008-02-04,6.853000164031982
2008-02-05,6.678999900817871
2008-02-06,6.671999931335449
2008-02-07,6.8420000076293945
2008-02-08,6.715000152587891
2008-02-11,6.73199987411499
2008-02-12,6.761000156402588
2008-02-13,6.873000144958496
2008-02-14,6.788000106811523
2008-02-15,6.6579999923706055
2008-02-19,6.711999893188477
2008-02-20,6.984000205993652
2008-02-21,6.771999835968018
2008-02-22,6.72599983215332
2008-02-25,6.883999824523926
2008-02-26,7.048999786376953
2008-02-27,7.008999824523926
2008-02-28,6.783999919891357
2008-02-29,6.6519999504089355
2008-03-03,6.576000213623047
2008-03-04,6.675000190734863
2008-03-05,6.744999885559082
2008-03-06,6.554999828338623
2008-03-07,6.5929999351501465
2008-03-10,6.625
2008-03-11,6.84499979019165
2008-03-12,6.827000141143799
2008-03-13,6.989999771118164
2008-03-14,6.872000217437744
2008-03-17,6.964000225067139
2008-03-18,7.264999866485596
2008-03-19,7.138000011444092
2008-03-20,7.3979997634887695
2008-03-24,7.546000003814697
2008-03-25,7.4730000495910645
2008-03-26,7.434999942779541
2008-03-27,7.166999816894531
2008-03-28,7.355000019073486
2008-03-31,7.39900016784668
2008-04-01,7.671999931335449
2008-04-02,7.583000183105469
2008-04-03,7.797999858856201
2008-04-04,8.034000396728516
2008-04-07,7.8379998207092285
2008-04-08,7.989999771118164
2008-04-09,7.644999980926514
2008-04-10,7.798999786376953
2008-04-11,7.480999946594238
2008-04-14,7.578999996185303
2008-04-15,7.76200008392334
2008-04-16,8.11400032043457
2008-04-17,8.083000183105469
2008-04-18,8.423999786376953
2008-04-21,8.630999565124512
2008-04-22,8.482000350952148
2008-04-23,8.741000175476074
2008-04-24,8.723999977111816
2008-04-25,8.78600025177002
2008-04-28,8.977999687194824
2008-04-29,8.972000122070312
2008-04-30,8.873000144958496
2008-05-01,9.024999618530273
2008-05-02,7.341000080108643
2008-05-05,7.5929999351501465
2008-05-06,7.803999900817871
2008-05-07,7.781000137329102
2008-05-08,7.830999851226807
2008-05-09,7.7170000076293945
2008-05-12,7.834000110626221
2008-05-13,7.690000057220459
2008-05-14,7.64900016784668
2008-05-15,7.823999881744385
2008-05-16,7.830999851226807
2008-05-19,7.747000217437744
2008-05-20,7.9019999504089355
2008-05-21,7.8420000076293945
2008-05-22,7.98799991607666
2008-05-23,7.925000190734863
2008-05-27,8.050000190734863
2008-05-28,7.991000175476074
2008-05-29,8.10200023651123
2008-05-30,7.960999965667725
2008-06-02,7.776000022888184
2008-06-03,7.629000186920166
2008-06-04,7.611999988555908
2008-06-05,7.857999801635742
2008-06-06,7.663000106811523
2008-06-09,7.566999912261963
2008-06-10,7.5329999923706055
2008-06-11,7.376999855041504
2008-06-12,7.421000003814697
2008-06-13,7.502999782562256
2008-06-16,7.489999771118164
2008-06-17,7.5
2008-06-18,7.504000186920166
2008-06-19,7.500999927520752
2008-06-20,7.300000190734863
2008-06-23,7.004000186920166
2008-06-24,6.89900016784668
2008-06-25,7.072999954223633
2008-06-26,6.9710001945495605
2008-06-27,6.829999923706055
2008-06-30,6.474999904632568
2008-07-01,6.36299991607666
2008-07-02,6.23199987411499
2008-07-03,6.3420000076293945
2008-07-07,6.361000061035156
2008-07-08,6.5269999504089355
2008-07-09,6.448999881744385
2008-07-10,6.484000205993652
2008-07-11,6.51200008392334
2008-07-14,6.349999904632568
2008-07-15,6.363999843597412
2008-07-16,6.5289998054504395
2008-07-17,6.414999961853027
2008-07-18,6.302999973297119
2008-07-21,6.2779998779296875
2008-07-22,6.169000148773193
2008-07-23,6.468999862670898
2008-07-24,6.283999919891357
2008-07-25,6.190000057220459
2008-07-28,5.918000221252441
2008-07-29,6.011000156402588
2008-07-30,5.973999977111816
2008-07-31,6.044000148773193
2008-08-01,6.056000232696533
2008-08-04,6.01200008392334
2008-08-05,5.873000144958496
2008-08-06,6.199999809265137
2008-08-07,6.183000087738037
2008-08-08,6.256999969482422
2008-08-11,6.5320000648498535
2008-08-12,6.559000015258789
2008-08-13,6.501999855041504
2008-08-14,6.4629998207092285
2008-08-15,6.593999862670898
2008-08-18,6.5329999923706055
2008-08-19,6.4730000495910645
2008-08-20,6.4070000648498535
2008-08-21,6.416999816894531
2008-08-22,6.679999828338623
2008-08-25,6.49399995803833
2008-08-26,6.410999774932861
2008-08-27,6.513000011444092
2008-08-28,6.498000144958496
2008-08-29,6.415999889373779
2008-09-02,6.419000148773193
2008-09-03,6.4710001945495605
2008-09-04,6.409999847412109
2008-09-05,6.425000190734863
2008-09-08,6.505000114440918
2008-09-09,6.364999771118164
2008-09-10,6.447000026702881
2008-09-11,6.504000186920166
2008-09-12,6.4629998207092285
2008-09-15,6.263000011444092
2008-09-16,6.043000221252441
2008-09-17,5.732999801635742
2008-09-18,5.599999904632568
2008-09-19,5.894999980926514
2008-09-22,5.955999851226807
2008-09-23,5.947999954223633
2008-09-24,5.886000156402588
2008-09-25,5.888000011444092
2008-09-26,6.209000110626221
2008-09-29,5.927999973297119
2008-09-30,5.953000068664551
2008-10-01,5.686999797821045
2008-10-02,5.418000221252441
2008-10-03,5.301000118255615
2008-10-06,4.960999965667725
2008-10-07,4.696000099182129
2008-10-08,4.525000095367432
2008-10-09,4.190999984741211
2008-10-10,4.074999809265137
2008-10-13,4.584000110626221
2008-10-14,4.443999767303467
2008-10-15,4.021999835968018
2008-10-16,4.044000148773193
2008-10-17,4.135000228881836
2008-10-20,4.215000152587891
2008-10-21,4.124000072479248
2008-10-22,4.013000011444092
2008-10-23,4.059999942779541
2008-10-24,4.057000160217285
2008-10-27,3.867000102996826
2008-10-28,4.2179999351501465
2008-10-29,4.192999839782715
2008-10-30,4.355000019073486
2008-10-31,3.937000036239624
2008-11-03,3.9059998989105225
2008-11-04,4.047999858856201
2008-11-05,3.7899999618530273
2008-11-06,3.7339999675750732
2008-11-07,3.753999948501587
2008-11-10,3.73799991607666
2008-11-11,3.6760001182556152
2008-11-12,3.5190000534057617
2008-11-13,3.7130000591278076
2008-11-14,3.5510001182556152
2008-11-17,3.552999973297119
2008-11-18,3.486999988555908
2008-11-19,3.265000104904175
2008-11-20,3.187999963760376
2008-11-21,3.3580000400543213
2008-11-24,3.486999988555908
2008-11-25,3.4549999237060547
2008-11-26,3.6059999465942383
2008-11-28,3.568000078201294
2008-12-01,3.2320001125335693
2008-12-02,3.3459999561309814
2008-12-03,3.4189999103546143
2008-12-04,3.303999900817871
2008-12-05,3.4609999656677246
2008-12-08,3.5250000953674316
2008-12-09,3.4700000286102295
2008-12-10,3.4010000228881836
2008-12-11,3.312000036239624
2008-12-12,3.319000005722046
2008-12-15,3.3399999141693115
2008-12-16,3.5179998874664307
2008-12-17,3.566999912261963
2008-12-18,3.5490000247955322
2008-12-19,3.5940001010894775
2008-12-22,3.4240000247955322
2008-12-23,3.4570000171661377
2008-12-24,3.4839999675750732
2008-12-26,3.500999927520752
2008-12-29,3.515000104904175
2008-12-30,3.6080000400543213
2008-12-31,3.7130000591278076
2009-01-02,3.7279999256134033
2009-01-05,3.7239999771118164
2009-01-06,3.809000015258789
2009-01-07,3.8480000495910645
2009-01-08,3.88700008392334
2009-01-09,3.7960000038146973
2009-01-12,3.75
2009-01-13,3.752000093460083
2009-01-14,3.700000047683716
2009-01-15,3.8380000591278076
2009-01-16,3.7750000953674316
2009-01-20,3.6389999389648438
2009-01-21,3.9089999198913574
2009-01-22,3.749000072479248
2009-01-23,3.7730000019073486
2009-01-26,3.8289999961853027
2009-01-27,3.9179999828338623
2009-01-28,3.999000072479248
2009-01-29,3.9860000610351562
2009-01-30,3.869999885559082
2009-02-02,4.0
2009-02-03,4.01800012588501
2009-02-04,3.950000047683716
2009-02-05,4.058000087738037
2009-02-06,4.166999816894531
2009-02-09,4.185999870300293
2009-02-10,4.002999782562256
2009-02-11,3.997999906539917
2009-02-12,4.01800012588501
2009-02-13,4.054999828338623
2009-02-17,3.882999897003174
2009-02-18,4.048999786376953
2009-02-19,3.953000068664551
2009-02-20,3.9519999027252197
2009-02-23,3.815000057220459
2009-02-24,3.865000009536743
2009-02-25,3.740999937057495
2009-02-26,3.671999931335449
2009-02-27,3.6530001163482666
2009-03-02,3.5160000324249268
2009-03-03,3.4149999618530273
2009-03-04,3.4489998817443848
2009-03-05,3.3559999465942383
2009-03-06,3.380000114440918
2009-03-09,3.263000011444092
2009-03-10,3.438999891281128
2009-03-11,3.4089999198913574
2009-03-12,3.2990000247955322
2009-03-13,3.3469998836517334
2009-03-16,3.2899999618530273
2009-03-17,3.3519999980926514
2009-03-18,3.430000066757202
2009-03-19,3.367000102996826
2009-03-20,3.4600000381469727
2009-03-23,3.6429998874664307
2009-03-24,3.5980000495910645
2009-03-25,3.677000045776367
2009-03-26,3.7769999504089355
2009-03-27,3.4149999618530273
2009-03-30,3.3420000076293945
2009-03-31,3.4189999103546143
2009-04-01,3.61299991607666
2009-04-02,3.746999979019165
2009-04-03,3.812999963760376
2009-04-06,3.816999912261963
2009-04-07,3.736999988555908
2009-04-08,3.7730000019073486
2009-04-09,3.867000102996826
2009-04-13,3.9070000648498535
2009-04-14,3.867000102996826
2009-04-15,3.88700008392334
2009-04-16,3.9700000286102295
2009-04-17,3.999000072479248
2009-04-20,3.8929998874664307
2009-04-21,3.931999921798706
2009-04-22,3.8959999084472656
2009-04-23,3.933000087738037
2009-04-24,3.940999984741211
2009-04-27,3.884000062942505
2009-04-28,3.927999973297119
2009-04-29,3.9630000591278076
2009-04-30,3.8910000324249268
2009-05-01,3.884000062942505
2009-05-04,4.0920000076293945
2009-05-05,4.160999774932861
2009-05-06,4.0960001945495605
2009-05-07,4.130000114440918
2009-05-08,4.38100004196167
2009-05-11,4.38700008392334
2009-05-12,4.422999858856201
2009-05-13,4.478000164031982
2009-05-14,4.454999923706055
2009-05-15,4.5960001945495605
2009-05-18,4.614999771118164
2009-05-19,4.610000133514404
2009-05-20,4.685999870300293
2009-05-21,4.539000034332275
2009-05-22,4.531000137329102
2009-05-26,4.63700008392334
2009-05-27,4.659999847412109
2009-05-28,4.671999931335449
2009-05-29,4.679999828338623
2009-06-01,4.7270002365112305
2009-06-02,4.748000144958496
2009-06-03,4.798999786376953
2009-06-04,4.8520002365112305
2009-06-05,4.892000198364258
2009-06-08,4.883999824523926
2009-06-09,4.894000053405762
2009-06-10,4.929999828338623
2009-06-11,4.922999858856201
2009-06-12,4.880000114440918
2009-06-15,4.771999835968018
2009-06-16,4.685999870300293
2009-06-17,4.699999809265137
2009-06-18,5.025000095367432
2009-06-19,5.211999893188477
2009-06-22,5.0
2009-06-23,4.918000221252441
2009-06-24,4.956999778747559
2009-06-25,4.96999979019165
2009-06-26,5.079999923706055
2009-06-29,5.0229997634887695
2009-06-30,5.021999835968018
2009-07-01,5.093999862670898
2009-07-02,4.933000087738037
2009-07-06,5.184999942779541
2009-07-07,5.0929999351501465
2009-07-08,5.122000217437744
2009-07-09,5.103000164031982
2009-07-10,5.105999946594238
2009-07-13,5.291999816894531
2009-07-14,5.2779998779296875
2009-07-15,5.306000232696533
2009-07-16,5.375999927520752
2009-07-17,5.394999980926514
2009-07-20,5.449999809265137
2009-07-21,5.550000190734863
2009-07-22,5.610000133514404
2009-07-23,5.815000057220459
2009-07-24,5.900000095367432
2009-07-27,5.809999942779541
2009-07-28,5.855999946594238
2009-07-29,5.853000164031982
2009-07-30,5.861000061035156
2009-07-31,6.0920000076293945
2009-08-03,6.184999942779541
2009-08-04,6.423999786376953
2009-08-05,6.415999889373779
2009-08-06,6.368000030517578
2009-08-07,6.3429999351501465
2009-08-10,6.360000133514404
2009-08-11,6.36299991607666
2009-08-12,6.354000091552734
2009-08-13,6.300000190734863
2009-08-14,6.171000003814697
2009-08-17,6.105999946594238
2009-08-18,6.132999897003174
2009-08-19,6.269000053405762
2009-08-20,6.239999771118164
2009-08-21,6.198999881744385
2009-08-24,6.283999919891357
2009-08-25,6.2170000076293945
2009-08-26,6.296999931335449
2009-08-27,6.244999885559082
2009-08-28,6.177999973297119
2009-08-31,6.175000190734863
2009-09-01,6.261000156402588
2009-09-02,6.300000190734863
2009-09-03,6.35099983215332
2009-09-04,6.515999794006348
2009-09-08,6.586999893188477
2009-09-09,6.552999973297119
2009-09-10,6.5
2009-09-11,6.6570000648498535
2009-09-14,6.76200008392334
2009-09-15,6.755000114440918
2009-09-16,6.78000020980835
2009-09-17,6.742000102996826
2009-09-18,6.7230000495910645
2009-09-21,7.173999786376953
2009-09-22,7.275000095367432
2009-09-23,7.150000095367432
2009-09-24,7.188000202178955
2009-09-25,7.131999969482422
2009-09-28,7.159999847412109
2009-09-29,7.193999767303467
2009-09-30,7.1539998054504395
2009-10-01,7.052999973297119
2009-10-02,6.956999778747559
2009-10-05,7.110000133514404
2009-10-06,7.508999824523926
2009-10-07,7.242000102996826
2009-10-08,7.093999862670898
2009-10-09,7.201000213623047
2009-10-12,7.104000091552734
2009-10-13,7.043000221252441
2009-10-14,7.125999927520752
2009-10-15,7.441999912261963
2009-10-16,7.372000217437744
2009-10-19,7.488999843597412
2009-10-20,7.484000205993652
2009-10-21,7.198999881744385
2009-10-22,7.360000133514404
2009-10-23,7.570000171661377
2009-10-26,7.589000225067139
2009-10-27,7.543000221252441
2009-10-28,7.389999866485596
2009-10-29,7.343999862670898
2009-10-30,8.72700023651123
2009-11-02,8.654999732971191
2009-11-03,8.571999549865723
2009-11-04,8.63700008392334
2009-11-05,8.678000450134277
2009-11-06,8.62600040435791
2009-11-09,9.105999946594238
2009-11-10,8.831000328063965
2009-11-11,9.083999633789062
2009-11-12,8.934000015258789
2009-11-13,8.989999771118164
2009-11-16,9.140999794006348
2009-11-17,9.095999717712402
2009-11-18,9.180999755859375
2009-11-19,8.92199993133545
2009-11-20,8.946000099182129
2009-11-23,9.137999534606934
2009-11-24,9.039999961853027
2009-11-25,8.99899959564209
2009-11-27,8.8100004196167
2009-11-30,8.756999969482422
2009-12-01,8.949999809265137
2009-12-02,8.939000129699707
2009-12-03,8.836000442504883
2009-12-04,8.979999542236328
2009-12-07,8.911999702453613
2009-12-08,8.802000045776367
2009-12-09,8.640000343322754
2009-12-10,8.694000244140625
2009-12-11,8.708000183105469
2009-12-14,8.819999694824219
2009-12-15,8.803000450134277
2009-12-16,8.625
2009-12-17,8.281000137329102
2009-12-18,8.819000244140625
2009-12-21,8.87600040435791
2009-12-22,8.932000160217285
2009-12-23,9.366999626159668
2009-12-24,9.53600025177002
2009-12-28,9.461000442504883
2009-12-29,9.487000465393066
2009-12-30,9.371999740600586
2009-12-31,9.402000427246094
2010-01-04,9.616000175476074
2010-01-05,9.784000396728516
2010-01-06,9.633999824523926
2010-01-07,9.24899959564209
2010-01-08,9.5
2010-01-11,9.07699966430664
2010-01-12,9.956999778747559
2010-01-13,9.809000015258789
2010-01-14,9.906999588012695
2010-01-15,10.359000205993652
2010-01-19,10.510000228881836
2010-01-20,10.244000434875488
2010-01-21,9.944999694824219
2010-01-22,9.701000213623047
2010-01-25,9.548999786376953
2010-01-26,9.734999656677246
2010-01-27,9.682999610900879
2010-01-28,9.550000190734863
2010-01-29,9.371999740600586
2010-02-01,9.437000274658203
2010-02-02,9.465999603271484
2010-02-03,9.663999557495117
2010-02-04,7.9029998779296875
2010-02-05,7.913000106811523
2010-02-08,8.12600040435791
2010-02-09,8.241999626159668
2010-02-10,8.402999877929688
2010-02-11,8.454000473022461
2010-02-12,8.479999542236328
2010-02-16,8.61400032043457
2010-02-17,8.600000381469727
2010-02-18,8.503999710083008
2010-02-19,8.565999984741211
2010-02-22,8.63599967956543
2010-02-23,8.612000465393066
2010-02-24,8.718999862670898
2010-02-25,8.723999977111816
2010-02-26,8.862000465393066
2010-03-01,9.067000389099121
2010-03-02,8.831000328063965
2010-03-03,8.897000312805176
2010-03-04,8.928000450134277
2010-03-05,9.133000373840332
2010-03-08,8.654000282287598
2010-03-09,8.538999557495117
2010-03-10,8.649999618530273
2010-03-11,8.668999671936035
2010-03-12,8.748000144958496
2010-03-15,8.706999778747559
2010-03-16,8.647000312805176
2010-03-17,8.583000183105469
2010-03-18,8.501999855041504
2010-03-19,8.927000045776367
2010-03-22,8.911999702453613
2010-03-23,8.9399995803833
2010-03-24,8.75100040435791
2010-03-25,8.630000114440918
2010-03-26,8.5
2010-03-29,8.550999641418457
2010-03-30,8.555999755859375
2010-03-31,8.506999969482422
2010-04-01,8.54699993133545
2010-04-05,8.581000328063965
2010-04-06,8.593000411987305
2010-04-07,8.626999855041504
2010-04-08,8.598999977111816
2010-04-09,8.545999526977539
2010-04-12,8.442000389099121
2010-04-13,8.486000061035156
2010-04-14,8.520000457763672
2010-04-15,8.473999977111816
2010-04-16,8.428999900817871
2010-04-19,8.395000457763672
2010-04-20,8.670999526977539
2010-04-21,8.717000007629395
2010-04-22,8.74899959564209
2010-04-23,8.777999877929688
2010-04-26,8.836999893188477
2010-04-27,8.793000221252441
2010-04-28,8.868000030517578
2010-04-29,9.00100040435791
2010-04-30,7.659999847412109
2010-05-03,7.609000205993652
2010-05-04,7.459000110626221
2010-05-05,7.244999885559082
2010-05-06,6.988999843597412
2010-05-07,6.882999897003174
2010-05-10,7.13100004196167
2010-05-11,7.284999847412109
2010-05-12,7.619999885559082
2010-05-13,7.761000156402588
2010-05-14,7.709000110626221
2010-05-17,7.73799991607666
2010-05-18,7.708000183105469
2010-05-19,7.714000225067139
2010-05-20,7.4679999351501465
2010-05-21,7.639999866485596
2010-05-24,7.599999904632568
2010-05-25,7.613999843597412
2010-05-26,7.495999813079834
2010-05-27,7.827000141143799
2010-05-28,7.705999851226807
2010-06-01,7.508999824523926
2010-06-02,7.610000133514404
2010-06-03,7.750999927520752
2010-06-04,7.460000038146973
2010-06-07,7.315000057220459
2010-06-08,7.22599983215332
2010-06-09,7.2729997634887695
2010-06-10,7.499000072479248
2010-06-11,7.570000171661377
2010-06-14,7.580999851226807
2010-06-15,7.736999988555908
2010-06-16,7.813000202178955
2010-06-17,7.861000061035156
2010-06-18,7.85099983215332
2010-06-21,7.915999889373779
2010-06-22,7.76800012588501
2010-06-23,7.765999794006348
2010-06-24,7.571000099182129
2010-06-25,7.598999977111816
2010-06-28,7.63700008392334
2010-06-29,7.551000118255615
2010-06-30,7.508999824523926
2010-07-01,7.432000160217285
2010-07-02,7.447999954223633
2010-07-06,7.458000183105469
2010-07-07,7.494999885559082
2010-07-08,7.497000217437744
2010-07-09,7.543000221252441
2010-07-12,7.7220001220703125
2010-07-13,7.923999786376953
2010-07-14,7.868000030517578
2010-07-15,7.763000011444092
2010-07-16,7.568999767303467
2010-07-19,7.723999977111816
2010-07-20,8.055000305175781
2010-07-21,7.925000190734863
2010-07-22,8.0
2010-07-23,8.149999618530273
2010-07-26,8.140000343322754
2010-07-27,8.291999816894531
2010-07-28,8.157999992370605
2010-07-29,8.005000114440918
2010-07-30,8.298999786376953
2010-08-02,8.437999725341797
2010-08-03,7.926000118255615
2010-08-04,7.913000106811523
2010-08-05,7.73799991607666
2010-08-06,7.742000102996826
2010-08-09,7.739999771118164
2010-08-10,7.61899995803833
2010-08-11,7.51200008392334
2010-08-12,7.465000152587891
2010-08-13,7.429999828338623
2010-08-16,7.359000205993652
2010-08-17,7.5920000076293945
2010-08-18,7.591000080108643
2010-08-19,7.5920000076293945
2010-08-20,7.692999839782715
2010-08-23,7.690000057220459
2010-08-24,7.623000144958496
2010-08-25,7.7270002365112305
2010-08-26,7.64300012588501
2010-08-27,7.754000186920166
2010-08-30,7.756999969482422
2010-08-31,7.793000221252441
2010-09-01,7.999000072479248
2010-09-02,8.116999626159668
2010-09-03,8.199000358581543
2010-09-07,8.17199993133545
2010-09-08,8.253999710083008
2010-09-09,8.26099967956543
2010-09-10,8.229999542236328
2010-09-13,8.402999877929688
2010-09-14,8.390999794006348
2010-09-15,8.430000305175781
2010-09-16,8.404000282287598
2010-09-17,8.442999839782715
2010-09-20,8.687000274658203
2010-09-21,8.569999694824219
2010-09-22,8.531999588012695
2010-09-23,8.428999900817871
2010-09-24,8.723999977111816
2010-09-27,8.77299976348877
2010-09-28,8.64799976348877
2010-09-29,8.725000381469727
2010-09-30,8.66100025177002
2010-10-01,8.779999732971191
2010-10-04,8.560999870300293
2010-10-05,8.758999824523926
2010-10-06,8.791999816894531
2010-10-07,8.866000175476074
2010-10-08,8.829999923706055
2010-10-11,8.803000450134277
2010-10-12,8.79699993133545
2010-10-13,8.852999687194824
2010-10-14,8.937999725341797
2010-10-15,8.994999885559082
2010-10-18,8.951000213623047
2010-10-19,8.762999534606934
2010-10-20,8.753000259399414
2010-10-21,8.71500015258789
2010-10-22,9.055999755859375
2010-10-25,8.95300006866455
2010-10-26,8.993000030517578
2010-10-27,8.951000213623047
2010-10-28,8.961999893188477
2010-10-29,9.062999725341797
2010-11-01,9.053000450134277
2010-11-02,8.46399974822998
2010-11-03,8.541000366210938
2010-11-04,8.835000038146973
2010-11-05,8.949999809265137
2010-11-08,9.020000457763672
2010-11-09,9.034000396728516
2010-11-10,9.074999809265137
2010-11-11,9.003000259399414
2010-11-12,8.847999572753906
2010-11-15,8.95300006866455
2010-11-16,8.781000137329102
2010-11-17,8.751999855041504
2010-11-18,8.965999603271484
2010-11-19,9.03499984741211
2010-11-22,9.083999633789062
2010-11-23,8.831000328063965
2010-11-24,8.968000411987305
2010-11-26,8.937000274658203
2010-11-29,8.802000045776367
2010-11-30,8.654999732971191
2010-12-01,8.769000053405762
2010-12-02,8.88599967956543
2010-12-03,8.836999893188477
2010-12-06,8.79699993133545
2010-12-07,8.821999549865723
2010-12-08,8.809000015258789
2010-12-09,8.831000328063965
2010-12-10,8.944000244140625
2010-12-13,8.831999778747559
2010-12-14,8.83899974822998
2010-12-15,8.805000305175781
2010-12-16,8.822999954223633
2010-12-17,8.800000190734863
2010-12-20,8.74899959564209
2010-12-21,8.63599967956543
2010-12-22,8.562999725341797
2010-12-23,8.52299976348877
2010-12-27,8.531999588012695
2010-12-28,8.493000030517578
2010-12-29,8.534000396728516
2010-12-30,8.61400032043457
2010-12-31,8.54699993133545
2011-01-03,8.836999893188477
2011-01-04,8.899999618530273
2011-01-05,8.942000389099121
2011-01-06,8.940999984741211
2011-01-07,8.920999526977539
2011-01-10,8.904000282287598
2011-01-11,9.100000381469727
2011-01-12,9.105999946594238
2011-01-13,9.152000427246094
2011-01-14,9.138999938964844
2011-01-18,9.175000190734863
2011-01-19,9.145999908447266
2011-01-20,9.100000381469727
2011-01-21,9.100000381469727
2011-01-24,9.100000381469727
2011-01-25,9.300999641418457
2011-01-26,10.501999855041504
2011-01-27,10.593000411987305
2011-01-28,10.545000076293945
2011-01-31,10.63599967956543
2011-02-01,11.041000366210938
2011-02-02,11.017000198364258
2011-02-03,11.138999938964844
2011-02-04,11.175999641418457
2011-02-07,11.338000297546387
2011-02-08,11.333000183105469
2011-02-09,11.284000396728516
2011-02-10,11.508000373840332
2011-02-11,11.73799991607666
2011-02-14,11.699999809265137
2011-02-15,11.633000373840332
2011-02-16,11.788000106811523
2011-02-17,11.6899995803833
2011-02-18,11.668000221252441
2011-02-22,11.628000259399414
2011-02-23,11.472000122070312
2011-02-24,11.479999542236328
2011-02-25,11.694999694824219
2011-02-28,11.885000228881836
2011-03-01,11.49899959564209
2011-03-02,11.581000328063965
2011-03-03,12.003000259399414
2011-03-04,12.347000122070312
2011-03-07,12.177000045776367
2011-03-08,12.177000045776367
2011-03-09,12.157999992370605
2011-03-10,11.90999984741211
2011-03-11,11.741000175476074
2011-03-14,11.607000350952148
2011-03-15,11.446999549865723
2011-03-16,11.277999877929688
2011-03-17,11.243000030517578
2011-03-18,11.324000358581543
2011-03-21,11.913000106811523
2011-03-22,11.97700023651123
2011-03-23,11.95300006866455
2011-03-24,12.097999572753906
2011-03-25,12.104999542236328
2011-03-28,12.282999992370605
2011-03-29,12.300000190734863
2011-03-30,13.369000434875488
2011-03-31,13.447999954223633
2011-04-01,13.765000343322754
2011-04-04,13.791999816894531
2011-04-05,13.734999656677246
2011-04-06,13.447999954223633
2011-04-07,13.345999717712402
2011-04-08,13.21399974822998
2011-04-11,13.137999534606934
2011-04-12,12.913000106811523
2011-04-13,12.998000144958496
2011-04-14,13.0
2011-04-15,12.899999618530273
2011-04-18,12.685999870300293
2011-04-19,12.588000297546387
2011-04-20,13.178999900817871
2011-04-21,13.168000221252441
2011-04-25,13.003999710083008
2011-04-26,13.138999938964844
2011-04-27,14.003999710083008
2011-04-28,13.899999618530273
2011-04-29,14.130000114440918
2011-05-02,14.069000244140625
2011-05-03,13.670000076293945
2011-05-04,14.027000427246094
2011-05-05,13.47700023651123
2011-05-06,13.529000282287598
2011-05-09,13.493000030517578
2011-05-10,13.664999961853027
2011-05-11,13.63700008392334
2011-05-12,13.795999526977539
2011-05-13,13.529999732971191
2011-05-16,13.178000450134277
2011-05-17,13.100000381469727
2011-05-18,13.149999618530273
2011-05-19,13.82699966430664
2011-05-20,13.883000373840332
2011-05-23,13.541999816894531
2011-05-24,13.40999984741211
2011-05-25,13.644000053405762
2011-05-26,13.600000381469727
2011-05-27,14.571000099182129
2011-05-31,14.619000434875488
2011-06-01,14.968999862670898
2011-06-02,14.319000244140625
2011-06-03,14.336999893188477
2011-06-06,14.199999809265137
2011-06-07,14.072999954223633
2011-06-08,14.138999938964844
2011-06-09,14.244999885559082
2011-06-10,13.982999801635742
2011-06-13,13.980999946594238
2011-06-14,14.27299976348877
2011-06-15,14.140000343322754
2011-06-16,14.277000427246094
2011-06-17,14.050000190734863
2011-06-20,13.965999603271484
2011-06-21,14.529999732971191
2011-06-22,14.968000411987305
2011-06-23,15.878999710083008
2011-06-24,15.77400016784668
2011-06-27,16.023000717163086
2011-06-28,16.277999877929688
2011-06-29,16.343000411987305
2011-06-30,16.26799964904785
2011-07-01,16.641000747680664
2011-07-05,16.773000717163086
2011-07-06,16.575000762939453
2011-07-07,16.641000747680664
2011-07-08,16.472000122070312
2011-07-11,15.991999626159668
2011-07-12,15.663000106811523
2011-07-13,16.32200050354004
2011-07-14,17.131000518798828
2011-07-15,16.9689998626709
2011-07-18,16.881000518798828
2011-07-19,17.597999572753906
2011-07-20,17.40999984741211
2011-07-21,17.058000564575195
2011-07-22,17.167999267578125
2011-07-25,16.941999435424805
2011-07-26,16.711999893188477
2011-07-27,16.312999725341797
2011-07-28,15.949000358581543
2011-07-29,15.937000274658203
2011-08-01,15.99899959564209
2011-08-02,15.192000389099121
2011-08-03,14.737000465393066
2011-08-04,13.704000473022461
2011-08-05,12.84000015258789
2011-08-08,11.567999839782715
2011-08-09,12.322999954223633
2011-08-10,11.371999740600586
2011-08-11,11.979000091552734
2011-08-12,12.26200008392334
2011-08-15,12.743000030517578
2011-08-16,12.470000267028809
2011-08-17,11.991000175476074
2011-08-18,10.800000190734863
2011-08-19,10.592000007629395
2011-08-22,10.722000122070312
2011-08-23,11.345000267028809
2011-08-24,11.623000144958496
2011-08-25,11.093000411987305
2011-08-26,11.47599983215332
2011-08-29,12.168000221252441
2011-08-30,12.12399959564209
2011-08-31,12.288000106811523
2011-09-01,11.836999893188477
2011-09-02,11.10099983215332
2011-09-06,10.942999839782715
2011-09-07,11.196999549865723
2011-09-08,10.885000228881836
2011-09-09,10.42300033569336
2011-09-12,10.579000473022461
2011-09-13,11.329000473022461
2011-09-14,11.829999923706055
2011-09-15,11.87600040435791
2011-09-16,12.15999984741211
2011-09-19,11.90999984741211
2011-09-20,11.508000373840332
2011-09-21,11.475000381469727
2011-09-22,10.819999694824219
2011-09-23,11.541000366210938
2011-09-26,11.83899974822998
2011-09-27,12.232999801635742
2011-09-28,11.657999992370605
2011-09-29,11.694000244140625
2011-09-30,11.406999588012695
2011-10-03,10.510000228881836
2011-10-04,11.258999824523926
2011-10-05,11.699999809265137
2011-10-06,11.699999809265137
2011-10-07,11.598999977111816
2011-10-10,11.880999565124512
2011-10-11,12.20300006866455
2011-10-12,12.449999809265137
2011-10-13,12.902999877929688
2011-10-14,13.57800006866455
2011-10-17,13.11299991607666
2011-10-18,13.239999771118164
2011-10-19,13.055000305175781
2011-10-20,13.109999656677246
2011-10-21,13.303999900817871
2011-10-24,13.824999809265137
2011-10-25,13.352999687194824
2011-10-26,13.395999908447266
2011-10-27,14.15999984741211
2011-10-28,14.336000442504883
2011-10-31,13.177000045776367
2011-11-01,11.654000282287598
2011-11-02,11.727999687194824
2011-11-03,11.770000457763672
2011-11-04,11.63700008392334
2011-11-07,11.630000114440918
2011-11-08,11.991999626159668
2011-11-09,11.79699993133545
2011-11-10,12.404999732971191
2011-11-11,12.980999946594238
2011-11-14,12.932999610900879
2011-11-15,13.293999671936035
2011-11-16,13.145000457763672
2011-11-17,12.699999809265137
2011-11-18,12.446000099182129
2011-11-21,12.211000442504883
2011-11-22,11.902000427246094
2011-11-23,11.29800033569336
2011-11-25,10.972000122070312
2011-11-28,11.824999809265137
2011-11-29,11.8100004196167
2011-11-30,12.312999725341797
2011-12-01,12.22700023651123
2011-12-02,12.131999969482422
2011-12-05,12.585000038146973
2011-12-06,12.454000473022461
2011-12-07,12.293000221252441
2011-12-08,11.937000274658203
2011-12-09,12.147000312805176
2011-12-12,12.055000305175781
2011-12-13,11.460000038146973
2011-12-14,10.651000022888184
2011-12-15,10.685999870300293
2011-12-16,10.868000030517578
2011-12-19,10.53499984741211
2011-12-20,10.71500015258789
2011-12-21,10.479000091552734
2011-12-22,10.72700023651123
2011-12-23,10.734999656677246
2011-12-27,10.720000267028809
2011-12-28,10.552000045776367
2011-12-29,10.89799976348877
2011-12-30,10.831999778747559
2012-01-03,11.128000259399414
2012-01-04,10.699000358581543
2012-01-05,10.572999954223633
2012-01-06,10.737000465393066
2012-01-09,10.49899959564209
2012-01-10,10.62399959564209
2012-01-11,10.631999969482422
2012-01-12,10.534000396728516
2012-01-13,10.62399959564209
2012-01-17,10.46500015258789
2012-01-18,10.854999542236328
2012-01-19,11.09000015258789
2012-01-20,11.520999908447266
2012-01-23,11.125
2012-01-24,11.163000106811523
2012-01-25,11.23900032043457
2012-01-26,11.161999702453613
2012-01-27,11.46500015258789
2012-01-30,11.552000045776367
2012-01-31,11.51200008392334
2012-02-01,11.918999671936035
2012-02-02,12.362000465393066
2012-02-03,12.645000457763672
2012-02-06,12.505000114440918
2012-02-07,12.380000114440918
2012-02-08,12.354000091552734
2012-02-09,12.531999588012695
2012-02-10,12.272000312805176
2012-02-13,12.486000061035156
2012-02-14,12.373000144958496
2012-02-15,12.359000205993652
2012-02-16,12.906000137329102
2012-02-17,12.609999656677246
2012-02-21,13.442999839782715
2012-02-22,13.458000183105469
2012-02-23,13.835000038146973
2012-02-24,13.781999588012695
2012-02-27,13.630000114440918
2012-02-28,13.527000427246094
2012-02-29,13.559000015258789
2012-03-01,13.937999725341797
2012-03-02,13.54699993133545
2012-03-05,13.263999938964844
2012-03-06,12.911999702453613
2012-03-07,12.890000343322754
2012-03-08,13.135000228881836
2012-03-09,13.125
2012-03-12,13.199000358581543
2012-03-13,13.654999732971191
2012-03-14,13.14799976348877
2012-03-15,13.104000091552734
2012-03-16,13.074999809265137
2012-03-19,13.45199966430664
2012-03-20,13.409000396728516
2012-03-21,14.017999649047852
2012-03-22,13.798999786376953
2012-03-23,13.892999649047852
2012-03-26,14.138999938964844
2012-03-27,13.987000465393066
2012-03-28,13.892999649047852
2012-03-29,13.880000114440918
2012-03-30,14.0
2012-04-02,14.319999694824219
2012-04-03,14.74899959564209
2012-04-04,14.517999649047852
2012-04-05,14.526000022888184
2012-04-09,14.333999633789062
2012-04-10,14.210000038146973
2012-04-11,14.404000282287598
2012-04-12,14.680999755859375
2012-04-13,14.710000038146973
2012-04-16,14.619999885559082
2012-04-17,14.890999794006348
2012-04-18,14.494999885559082
2012-04-19,14.588000297546387
2012-04-20,14.520000457763672
2012-04-23,14.081000328063965
2012-04-24,13.831999778747559
2012-04-25,14.102999687194824
2012-04-26,14.196000099182129
2012-04-27,14.111000061035156
2012-04-30,13.977999687194824
2012-05-01,14.022000312805176
2012-05-02,14.204000473022461
2012-05-03,15.62399959564209
2012-05-04,15.232000350952148
2012-05-07,14.932000160217285
2012-05-08,14.743000030517578
2012-05-09,14.57800006866455
2012-05-10,14.21399974822998
2012-05-11,14.284000396728516
2012-05-14,14.102999687194824
2012-05-15,14.152999877929688
2012-05-16,13.795999526977539
2012-05-17,13.600000381469727
2012-05-18,12.904999732971191
2012-05-21,13.168999671936035
2012-05-22,13.038999557495117
2012-05-23,13.081000328063965
2012-05-24,12.694000244140625
2012-05-25,12.675999641418457
2012-05-29,12.708000183105469
2012-05-30,12.208000183105469
2012-05-31,12.197999954223633
2012-06-01,11.890000343322754
2012-06-04,11.993000030517578
2012-06-05,12.01099967956543
2012-06-06,12.359000205993652
2012-06-07,12.196999549865723
2012-06-08,12.215999603271484
2012-06-11,12.064000129699707
2012-06-12,11.95300006866455
2012-06-13,11.76099967956543
2012-06-14,12.013999938964844
2012-06-15,12.432999610900879
2012-06-18,12.49899959564209
2012-06-19,12.741000175476074
2012-06-20,12.890000343322754
2012-06-21,12.460000038146973
2012-06-22,12.913999557495117
2012-06-25,12.524999618530273
2012-06-26,12.699000358581543
2012-06-27,12.961999893188477
2012-06-28,12.810999870300293
2012-06-29,12.986000061035156
2012-07-02,13.026000022888184
2012-07-03,13.286999702453613
2012-07-05,13.493000030517578
2012-07-06,11.956999778747559
2012-07-09,11.821999549865723
2012-07-10,11.331999778747559
2012-07-11,11.348999977111816
2012-07-12,11.480999946594238
2012-07-13,11.656000137329102
2012-07-16,11.663999557495117
2012-07-17,11.473999977111816
2012-07-18,12.0
2012-07-19,11.980999946594238
2012-07-20,11.532999992370605
2012-07-23,11.581000328063965
2012-07-24,11.335000038146973
2012-07-25,11.378000259399414
2012-07-26,11.347999572753906
2012-07-27,11.708000183105469
2012-07-30,11.887999534606934
2012-07-31,11.645999908447266
2012-08-01,11.767999649047852
2012-08-02,11.76200008392334
2012-08-03,12.232999801635742
2012-08-06,12.407999992370605
2012-08-07,12.574999809265137
2012-08-08,12.645000457763672
2012-08-09,12.633999824523926
2012-08-10,12.763999938964844
2012-08-13,12.64900016784668
2012-08-14,12.425999641418457
2012-08-15,12.437000274658203
2012-08-16,12.63700008392334
2012-08-17,12.680999755859375
2012-08-20,12.612000465393066
2012-08-21,12.833000183105469
2012-08-22,12.619000434875488
2012-08-23,12.442999839782715
2012-08-24,12.458000183105469
2012-08-27,12.548999786376953
2012-08-28,12.553000450134277
2012-08-29,12.656000137329102
2012-08-30,12.579999923706055
2012-08-31,12.550999641418457
2012-09-04,12.539999961853027
2012-09-05,12.597999572753906
2012-09-06,12.82800006866455
2012-09-07,12.98900032043457
2012-09-10,12.887999534606934
2012-09-11,12.982999801635742
2012-09-12,13.036999702453613
2012-09-13,13.211000442504883
2012-09-14,13.305000305175781
2012-09-17,13.418999671936035
2012-09-18,13.479000091552734
2012-09-19,13.4350004196167
2012-09-20,13.45199966430664
2012-09-21,13.491999626159668
2012-09-24,13.494999885559082
2012-09-25,13.331000328063965
2012-09-26,13.17199993133545
2012-09-27,13.41100025177002
2012-09-28,13.406999588012695
2012-10-01,13.312000274658203
2012-10-02,13.140999794006348
2012-10-03,12.980999946594238
2012-10-04,12.616999626159668
2012-10-05,12.4399995803833
2012-10-08,12.23900032043457
2012-10-09,11.994999885559082
2012-10-10,11.920999526977539
2012-10-11,11.89900016784668
2012-10-12,11.826000213623047
2012-10-15,11.968000411987305
2012-10-16,12.10200023651123
2012-10-17,11.904999732971191
2012-10-18,11.892999649047852
2012-10-19,11.814000129699707
2012-10-22,11.998000144958496
2012-10-23,11.161999702453613
2012-10-24,11.105999946594238
2012-10-25,11.213000297546387
2012-10-26,10.980999946594238
2012-10-31,9.446999549865723
2012-11-01,9.744000434875488
2012-11-02,9.647000312805176
2012-11-05,9.861000061035156
2012-11-06,9.836999893188477
2012-11-07,9.649999618530273
2012-11-08,9.574000358581543
2012-11-09,9.562000274658203
2012-11-12,9.532999992370605
2012-11-13,9.456999778747559
2012-11-14,9.272000312805176
2012-11-15,9.3149995803833
2012-11-16,9.178000450134277
2012-11-19,8.711999893188477
2012-11-20,8.545000076293945
2012-11-21,8.527000427246094
2012-11-23,8.630000114440918
2012-11-26,8.670000076293945
2012-11-27,8.675000190734863
2012-11-28,8.704000473022461
2012-11-29,8.852999687194824
2012-11-30,8.848999977111816
2012-12-03,8.869000434875488
2012-12-04,8.876999855041504
2012-12-05,8.82800006866455
2012-12-06,8.857999801635742
2012-12-07,8.855999946594238
2012-12-10,9.017999649047852
2012-12-11,9.145000457763672
2012-12-12,9.187000274658203
2012-12-13,9.196999549865723
2012-12-14,9.100000381469727
2012-12-17,9.34000015258789
2012-12-18,9.520999908447266
2012-12-19,9.42300033569336
2012-12-20,9.503999710083008
2012-12-21,9.616000175476074
2012-12-24,9.585000038146973
2012-12-26,9.418999671936035
2012-12-27,9.392999649047852
2012-12-28,9.354999542236328
2012-12-31,9.338000297546387
2013-01-02,9.548999786376953
2013-01-03,9.244999885559082
2013-01-04,9.298999786376953
2013-01-07,9.366999626159668
2013-01-08,9.244999885559082
2013-01-09,9.322999954223633
2013-01-10,9.340999603271484
2013-01-11,9.394000053405762
2013-01-14,9.432999610900879
2013-01-15,9.484000205993652
2013-01-16,9.425999641418457
2013-01-17,9.425999641418457
2013-01-18,9.378999710083008
2013-01-22,9.307999610900879
2013-01-23,9.446000099182129
2013-01-24,9.524999618530273
2013-01-25,10.180999755859375
2013-01-28,9.939000129699707
2013-01-29,10.01099967956543
2013-01-30,10.074000358581543
2013-01-31,10.027000427246094
2013-02-01,10.236000061035156
2013-02-04,9.916000366210938
2013-02-05,10.072999954223633
2013-02-06,9.904000282287598
2013-02-07,9.807999610900879
2013-02-08,9.892999649047852
2013-02-11,9.805000305175781
2013-02-12,9.97599983215332
2013-02-13,9.97700023651123
2013-02-14,9.897000312805176
2013-02-15,10.407999992370605
2013-02-19,10.666000366210938
2013-02-20,10.270999908447266
2013-02-21,10.093000411987305
2013-02-22,10.225000381469727
2013-02-25,9.909000396728516
2013-02-26,10.317999839782715
2013-02-27,10.218999862670898
2013-02-28,10.187999725341797
2013-03-01,10.309000015258789
2013-03-04,10.305000305175781
2013-03-05,11.345000267028809
2013-03-06,11.265000343322754
2013-03-07,11.208000183105469
2013-03-08,11.418999671936035
2013-03-11,11.269000053405762
2013-03-12,11.269000053405762
2013-03-13,11.279999732971191
2013-03-14,11.293000221252441
2013-03-15,11.227999687194824
2013-03-18,10.89900016784668
2013-03-19,10.744999885559082
2013-03-20,10.847000122070312
2013-03-21,10.807000160217285
2013-03-22,10.38599967956543
2013-03-25,10.175999641418457
2013-03-26,10.26099967956543
2013-03-27,10.100000381469727
2013-03-28,10.107999801635742
2013-04-01,10.303000450134277
2013-04-02,10.253000259399414
2013-04-03,10.144000053405762
2013-04-04,10.102999687194824
2013-04-05,10.053999900817871
2013-04-08,10.145000457763672
2013-04-09,10.119000434875488
2013-04-10,10.479000091552734
2013-04-11,10.305999755859375
2013-04-12,10.288000106811523
2013-04-15,10.017999649047852
2013-04-16,10.013999938964844
2013-04-17,9.817000389099121
2013-04-18,9.736000061035156
2013-04-19,9.576000213623047
2013-04-22,9.616999626159668
2013-04-23,9.788000106811523
2013-04-24,9.682999610900879
2013-04-25,9.822999954223633
2013-04-26,9.770999908447266
2013-04-29,9.930000305175781
2013-04-30,9.019000053405762
2013-05-01,8.92199993133545
2013-05-02,9.0
2013-05-03,9.11400032043457
2013-05-06,9.102999687194824
2013-05-07,9.166999816894531
2013-05-08,9.192000389099121
2013-05-09,9.14799976348877
2013-05-10,9.470000267028809
2013-05-13,9.449000358581543
2013-05-14,9.486000061035156
2013-05-15,9.309000015258789
2013-05-16,9.4350004196167
2013-05-17,9.595000267028809
2013-05-20,9.416999816894531
2013-05-21,9.322999954223633
2013-05-22,9.057000160217285
2013-05-23,9.128999710083008
2013-05-24,9.241000175476074
2013-05-28,9.234000205993652
2013-05-29,9.145999908447266
2013-05-30,9.315999984741211
2013-05-31,9.14799976348877
2013-06-03,9.109000205993652
2013-06-04,9.052000045776367
2013-06-05,9.053000450134277
2013-06-06,9.010000228881836
2013-06-07,8.970999717712402
2013-06-10,8.968999862670898
2013-06-11,8.812000274658203
2013-06-12,8.814000129699707
2013-06-13,9.005000114440918
2013-06-14,9.093999862670898
2013-06-17,8.920999526977539
2013-06-18,8.956999778747559
2013-06-19,8.793999671936035
2013-06-20,8.663999557495117
2013-06-21,8.427000045776367
2013-06-24,8.482999801635742
2013-06-25,8.430999755859375
2013-06-26,8.407999992370605
2013-06-27,8.557999610900879
2013-06-28,8.696000099182129
2013-07-01,8.777000427246094
2013-07-02,8.880000114440918
2013-07-03,8.861000061035156
2013-07-05,8.973999977111816
2013-07-08,8.996000289916992
2013-07-09,9.222999572753906
2013-07-10,9.527999877929688
2013-07-11,9.833999633789062
2013-07-12,9.770999908447266
2013-07-15,9.659000396728516
2013-07-16,9.66100025177002
2013-07-17,9.70300006866455
2013-07-18,9.72599983215332
2013-07-19,9.677000045776367
2013-07-22,9.63700008392334
2013-07-23,9.692000389099121
2013-07-24,9.734999656677246
2013-07-25,9.819999694824219
2013-07-26,9.737000465393066
2013-07-29,9.656999588012695
2013-07-30,9.593999862670898
2013-07-31,9.50100040435791
2013-08-01,9.677000045776367
2013-08-02,9.510000228881836
2013-08-05,9.734999656677246
2013-08-06,9.618000030517578
2013-08-07,9.574999809265137
2013-08-08,9.725000381469727
2013-08-09,9.9350004196167
2013-08-12,10.02299976348877
2013-08-13,10.092000007629395
2013-08-14,10.048999786376953
2013-08-15,9.751999855041504
2013-08-16,9.630999565124512
2013-08-19,9.51099967956543
2013-08-20,9.489999771118164
2013-08-21,9.413000106811523
2013-08-22,9.489999771118164
2013-08-23,9.510000228881836
2013-08-26,9.484999656677246
2013-08-27,9.246999740600586
2013-08-28,9.187999725341797
2013-08-29,9.232999801635742
2013-08-30,9.180999755859375
2013-09-03,9.170000076293945
2013-09-04,9.263999938964844
2013-09-05,9.284000396728516
2013-09-06,9.34000015258789
2013-09-09,9.652000427246094
2013-09-10,9.821999549865723
2013-09-11,10.28600025177002
2013-09-12,10.538999557495117
2013-09-13,10.616999626159668
2013-09-16,10.454999923706055
2013-09-17,10.520999908447266
2013-09-18,10.555999755859375
2013-09-19,10.395000457763672
2013-09-20,10.854999542236328
2013-09-23,10.505000114440918
2013-09-24,10.47700023651123
2013-09-25,10.461000442504883
2013-09-26,10.442000389099121
2013-09-27,10.383000373840332
2013-09-30,10.37600040435791
2013-10-01,10.711000442504883
2013-10-02,10.706000328063965
2013-10-03,10.418999671936035
2013-10-04,10.555999755859375
2013-10-07,10.23900032043457
2013-10-08,10.097999572753906
2013-10-09,9.906000137329102
2013-10-10,10.045000076293945
2013-10-11,10.258999824523926
2013-10-14,10.244999885559082
2013-10-15,9.619000434875488
2013-10-16,9.73900032043457
2013-10-17,9.979999542236328
2013-10-18,10.017999649047852
2013-10-21,9.871999740600586
2013-10-22,9.991000175476074
2013-10-23,9.913999557495117
2013-10-24,10.133000373840332
2013-10-25,10.02400016784668
2013-10-28,10.062000274658203
2013-10-29,11.916999816894531
2013-10-30,12.53499984741211
2013-10-31,12.199000358581543
2013-11-01,12.227999687194824
2013-11-04,12.656000137329102
2013-11-05,12.668000221252441
2013-11-06,12.437999725341797
2013-11-07,12.288000106811523
2013-11-08,12.42300033569336
2013-11-11,12.565999984741211
2013-11-12,12.640000343322754
2013-11-13,12.899999618530273
2013-11-14,12.675000190734863
2013-11-15,12.697999954223633
2013-11-18,12.612000465393066
2013-11-19,12.449999809265137
2013-11-20,12.506999969482422
2013-11-21,12.651000022888184
2013-11-22,12.663000106811523
2013-11-25,12.520000457763672
2013-11-26,12.881999969482422
2013-11-27,12.875
2013-11-29,12.932999610900879
2013-12-02,12.543000221252441
2013-12-03,12.711999893188477
2013-12-04,12.725000381469727
2013-12-05,12.815999984741211
2013-12-06,12.657999992370605
2013-12-09,12.762999534606934
2013-12-10,12.404000282287598
2013-12-11,12.295000076293945
2013-12-12,12.218999862670898
2013-12-13,12.418999671936035
2013-12-16,12.49899959564209
2013-12-17,12.399999618530273
2013-12-18,12.479999542236328
2013-12-19,12.236000061035156
2013-12-20,12.232000350952148
2013-12-23,12.494999885559082
2013-12-24,12.48900032043457
2013-12-26,12.45300006866455
2013-12-27,12.470999717712402
2013-12-30,12.380999565124512
2013-12-31,12.423999786376953
2014-01-02,12.352999687194824
2014-01-03,12.326000213623047
2014-01-06,12.144000053405762
2014-01-07,12.295999526977539
2014-01-08,12.244000434875488
2014-01-09,12.126999855041504
2014-01-10,12.307000160217285
2014-01-13,12.11400032043457
2014-01-14,12.362000465393066
2014-01-15,12.404000282287598
2014-01-16,12.284000396728516
2014-01-17,12.293000221252441
2014-01-21,12.390000343322754
2014-01-22,12.234999656677246
2014-01-23,12.190999984741211
2014-01-24,11.911999702453613
2014-01-27,11.625
2014-01-28,12.598999977111816
2014-01-29,12.102999687194824
2014-01-30,12.562999725341797
2014-01-31,12.569999694824219
2014-02-03,12.340999603271484
2014-02-04,12.409000396728516
2014-02-05,12.385000228881836
2014-02-06,12.373000144958496
2014-02-07,12.402000427246094
2014-02-10,12.312000274658203
2014-02-11,12.331999778747559
2014-02-12,12.300999641418457
2014-02-13,13.02400016784668
2014-02-14,13.017000198364258
2014-02-18,13.123000144958496
2014-02-19,12.954000473022461
2014-02-20,13.163000106811523
2014-02-21,13.211000442504883
2014-02-24,13.199999809265137
2014-02-25,13.069999694824219
2014-02-26,13.210000038146973
2014-02-27,13.444999694824219
2014-02-28,12.913000106811523
2014-03-03,12.890000343322754
2014-03-04,12.99899959564209
2014-03-05,12.807000160217285
2014-03-06,13.234000205993652
2014-03-07,13.13599967956543
2014-03-10,12.890999794006348
2014-03-11,12.73900032043457
2014-03-12,12.755999565124512
2014-03-13,12.454999923706055
2014-03-14,12.569000244140625
2014-03-17,12.706000328063965
2014-03-18,12.920999526977539
2014-03-19,12.722000122070312
2014-03-20,12.571999549865723
2014-03-21,12.4350004196167
2014-03-24,11.869000434875488
2014-03-25,11.628999710083008
2014-03-26,11.522000312805176
2014-03-27,11.402000427246094
2014-03-28,11.350000381469727
2014-03-31,11.538999557495117
2014-04-01,11.62600040435791
2014-04-02,11.67300033569336
2014-04-03,11.494999885559082
2014-04-04,11.166000366210938
2014-04-07,10.878000259399414
2014-04-08,10.460000038146973
2014-04-09,10.842000007629395
2014-04-10,10.404999732971191
2014-04-11,10.053999900817871
2014-04-14,10.109000205993652
2014-04-15,10.208999633789062
2014-04-16,10.284000396728516
2014-04-17,10.449999809265137
2014-04-21,10.204000473022461
2014-04-22,10.821000099182129
2014-04-23,10.720999717712402
2014-04-24,12.675999641418457
2014-04-25,12.079999923706055
2014-04-28,12.0
2014-04-29,11.63700008392334
2014-04-30,12.142999649047852
2014-05-01,12.088000297546387
2014-05-02,11.902000427246094
2014-05-05,11.78499984741211
2014-05-06,11.78600025177002
2014-05-07,11.755999565124512
2014-05-08,11.618000030517578
2014-05-09,12.142000198364258
2014-05-12,12.529000282287598
2014-05-13,12.395000457763672
2014-05-14,12.204000473022461
2014-05-15,12.927000045776367
2014-05-16,13.163000106811523
2014-05-19,13.887999534606934
2014-05-20,13.788999557495117
2014-05-21,14.072999954223633
2014-05-22,14.201000213623047
2014-05-23,14.26200008392334
2014-05-27,14.480999946594238
2014-05-28,14.197999954223633
2014-05-29,14.255000114440918
2014-05-30,14.112000465393066
2014-06-02,14.006999969482422
2014-06-03,14.184000015258789
2014-06-04,14.020000457763672
2014-06-05,14.220000267028809
2014-06-06,14.303999900817871
2014-06-09,14.331999778747559
2014-06-10,14.208999633789062
2014-06-11,14.128000259399414
2014-06-12,14.27400016784668
2014-06-13,14.32800006866455
2014-06-16,14.42199993133545
2014-06-17,14.343000411987305
2014-06-18,14.319999694824219
2014-06-19,14.39799976348877
2014-06-20,14.460000038146973
2014-06-23,14.407999992370605
2014-06-24,13.987000465393066
2014-06-25,13.993000030517578
2014-06-26,13.944000244140625
2014-06-27,14.074999809265137
2014-06-30,14.062000274658203
2014-07-01,14.23900032043457
2014-07-02,14.223999977111816
2014-07-03,14.359999656677246
2014-07-07,13.979999542236328
2014-07-08,13.895000457763672
2014-07-09,13.887999534606934
2014-07-10,13.65999984741211
2014-07-11,14.055000305175781
2014-07-14,14.21399974822998
2014-07-15,13.989999771118164
2014-07-16,13.927000045776367
2014-07-17,13.935999870300293
2014-07-18,13.954999923706055
2014-07-21,13.805999755859375
2014-07-22,13.989999771118164
2014-07-23,13.836999893188477
2014-07-24,14.145000457763672
2014-07-25,13.864999771118164
2014-07-28,13.753000259399414
2014-07-29,15.036999702453613
2014-07-30,14.973999977111816
2014-07-31,14.312999725341797
2014-08-01,14.020999908447266
2014-08-04,14.387999534606934
2014-08-05,14.432000160217285
2014-08-06,14.420000076293945
2014-08-07,14.289999961853027
2014-08-08,14.28600025177002
2014-08-11,14.050999641418457
2014-08-12,13.779000282287598
2014-08-13,13.701000213623047
2014-08-14,13.552000045776367
2014-08-15,13.486000061035156
2014-08-18,13.795999526977539
2014-08-19,13.868000030517578
2014-08-20,13.732999801635742
2014-08-21,13.704000473022461
2014-08-22,13.673999786376953
2014-08-25,13.59000015258789
2014-08-26,13.958000183105469
2014-08-27,13.866999626159668
2014-08-28,13.77299976348877
2014-08-29,13.892999649047852
2014-09-02,13.91100025177002
2014-09-03,14.083000183105469
2014-09-04,13.777000427246094
2014-09-05,13.821000099182129
2014-09-08,14.291000366210938
2014-09-09,13.99899959564209
2014-09-10,14.036999702453613
2014-09-11,14.161999702453613
2014-09-12,13.925999641418457
2014-09-15,13.666000366210938
2014-09-16,13.901000022888184
2014-09-17,13.928000450134277
2014-09-18,13.963000297546387
2014-09-19,13.729000091552734
2014-09-22,13.387999534606934
2014-09-23,13.175000190734863
2014-09-24,13.472999572753906
2014-09-25,13.029999732971191
2014-09-26,13.121999740600586
2014-09-29,13.359999656677246
2014-09-30,13.083999633789062
2014-10-01,12.859000205993652
2014-10-02,13.37399959564209
2014-10-03,13.678999900817871
2014-10-06,13.654000282287598
2014-10-07,13.569000244140625
2014-10-08,13.718999862670898
2014-10-09,13.562000274658203
2014-10-10,14.755999565124512
2014-10-13,14.70300006866455
2014-10-14,14.541000366210938
2014-10-15,14.45300006866455
2014-10-16,14.491999626159668
2014-10-17,14.529999732971191
2014-10-20,14.98799991607666
2014-10-21,15.133999824523926
2014-10-22,14.864999771118164
2014-10-23,15.425999641418457
2014-10-24,15.75
2014-10-27,15.420000076293945
2014-10-28,15.810999870300293
2014-10-29,16.0
2014-10-30,16.0
2014-10-31,16.08799934387207
2014-11-03,15.939000129699707
2014-11-04,15.840999603271484
2014-11-05,15.875
2014-11-06,15.838000297546387
2014-11-07,15.744000434875488
2014-11-10,15.85200023651123
2014-11-11,16.020999908447266
2014-11-12,15.998000144958496
2014-11-13,15.998000144958496
2014-11-14,16.674999237060547
2014-11-17,16.41900062561035
2014-11-18,16.881999969482422
2014-11-19,16.70199966430664
2014-11-20,16.700000762939453
2014-11-21,16.577999114990234
2014-11-24,17.388999938964844
2014-11-25,17.10700035095215
2014-11-26,17.386999130249023
2014-11-28,17.173999786376953
2014-12-01,17.125
2014-12-02,17.051000595092773
2014-12-03,16.95800018310547
2014-12-04,16.884000778198242
2014-12-05,16.97599983215332
2014-12-08,16.75
2014-12-09,17.027000427246094
2014-12-10,16.575000762939453
2014-12-11,16.740999221801758
2014-12-12,15.824000358581543
2014-12-15,15.708999633789062
2014-12-16,15.402999877929688
2014-12-17,15.92199993133545
2014-12-18,16.610000610351562
2014-12-19,16.4060001373291
2014-12-22,16.509000778198242
2014-12-23,16.40999984741211
2014-12-24,16.35300064086914
2014-12-26,16.378000259399414
2014-12-29,16.16900062561035
2014-12-30,15.913000106811523
2014-12-31,16.239999771118164
2015-01-02,16.312000274658203
2015-01-05,16.29800033569336
2015-01-06,15.79699993133545
2015-01-07,15.800000190734863
2015-01-08,16.240999221801758
2015-01-09,15.961999893188477
2015-01-12,15.868000030517578
2015-01-13,15.805999755859375
2015-01-14,15.869999885559082
2015-01-15,15.366000175476074
2015-01-16,15.788999557495117
2015-01-20,15.998000144958496
2015-01-21,15.890000343322754
2015-01-22,16.357999801635742
2015-01-23,16.520999908447266
2015-01-26,16.829999923706055
2015-01-27,16.145000457763672
2015-01-28,15.902999877929688
2015-01-29,16.187999725341797
2015-01-30,16.15999984741211
2015-02-02,16.500999450683594
2015-02-03,16.75
2015-02-04,16.895999908447266
2015-02-05,17.422000885009766
2015-02-06,17.516000747680664
2015-02-09,17.533000946044922
2015-02-10,17.783000946044922
2015-02-11,17.805999755859375
2015-02-12,17.875
2015-02-13,18.124000549316406
2015-02-17,17.965999603271484
2015-02-18,17.965999603271484
2015-02-19,17.961999893188477
2015-02-20,17.954999923706055
2015-02-23,17.73900032043457
2015-02-24,17.732999801635742
2015-02-25,17.93000030517578
2015-02-26,17.951000213623047
2015-02-27,17.833999633789062
2015-03-02,17.958999633789062
2015-03-03,17.91900062561035
2015-03-04,17.468000411987305
2015-03-05,17.030000686645508
2015-03-06,16.172000885009766
2015-03-09,16.486000061035156
2015-03-10,16.104000091552734
2015-03-11,16.020999908447266
2015-03-12,16.30299949645996
2015-03-13,16.426000595092773
2015-03-16,16.840999603271484
2015-03-17,16.996000289916992
2015-03-18,17.323999404907227
2015-03-19,17.378000259399414
2015-03-20,17.47599983215332
2015-03-23,17.434999465942383
2015-03-24,17.25
2015-03-25,16.695999145507812
2015-03-26,16.95400047302246
2015-03-27,17.01300048828125
2015-03-30,17.090999603271484
2015-03-31,16.91900062561035
2015-04-01,16.916000366210938
2015-04-02,16.95199966430664
2015-04-06,17.00200080871582
2015-04-07,17.027999877929688
2015-04-08,17.207000732421875
2015-04-09,17.39900016784668
2015-04-10,17.599000930786133
2015-04-13,17.195999145507812
2015-04-14,17.11199951171875
2015-04-15,17.339000701904297
2015-04-16,17.334999084472656
2015-04-17,17.065000534057617
2015-04-20,17.121999740600586
2015-04-21,17.538999557495117
2015-04-22,17.631999969482422
2015-04-23,17.663000106811523
2015-04-24,17.509000778198242
2015-04-27,17.356000900268555
2015-04-28,16.969999313354492
2015-04-29,18.707000732421875
2015-04-30,18.211999893188477
2015-05-01,18.26799964904785
2015-05-04,18.1299991607666
2015-05-05,17.899999618530273
2015-05-06,17.934999465942383
2015-05-07,17.753999710083008
2015-05-08,18.083999633789062
2015-05-11,18.106000900268555
2015-05-12,17.757999420166016
2015-05-13,17.743000030517578
2015-05-14,17.98200035095215
2015-05-15,17.8799991607666
2015-05-18,17.90999984741211
2015-05-19,17.868999481201172
2015-05-20,17.645000457763672
2015-05-21,17.538000106811523
2015-05-22,17.530000686645508
2015-05-26,17.27899932861328
2015-05-27,17.5310001373291
2015-05-28,17.667999267578125
2015-05-29,17.597999572753906
2015-06-01,17.61400032043457
2015-06-02,17.58799934387207
2015-06-03,17.780000686645508
2015-06-04,17.48900032043457
2015-06-05,18.042999267578125
2015-06-08,17.687000274658203
2015-06-09,17.67799949645996
2015-06-10,18.176000595092773
2015-06-11,18.06399917602539
2015-06-12,17.875
2015-06-15,17.409000396728516
2015-06-16,17.6200008392334
2015-06-17,17.68000030517578
2015-06-18,17.86400032043457
2015-06-19,17.768999099731445
2015-06-22,17.86199951171875
2015-06-23,17.86199951171875
2015-06-24,17.42300033569336
2015-06-25,17.388999938964844
2015-06-26,17.38599967956543
2015-06-29,16.788000106811523
2015-06-30,17.007999420166016
2015-07-01,17.006000518798828
2015-07-02,17.256999969482422
2015-07-06,17.246999740600586
2015-07-07,17.360000610351562
2015-07-08,17.222000122070312
2015-07-09,17.444000244140625
2015-07-10,17.56999969482422
2015-07-13,17.709999084472656
2015-07-14,18.06999969482422
2015-07-15,18.28700065612793
2015-07-16,18.6299991607666
2015-07-17,18.562999725341797
2015-07-20,18.399999618530273
2015-07-21,18.149999618530273
2015-07-22,18.371999740600586
2015-07-23,17.98200035095215
2015-07-24,18.14299964904785
2015-07-27,17.816999435424805
2015-07-28,20.201000213623047
2015-07-29,20.447999954223633
2015-07-30,20.481000900268555
2015-07-31,20.385000228881836
2015-08-03,20.350000381469727
2015-08-04,21.486000061035156
2015-08-05,21.625
2015-08-06,21.304000854492188
2015-08-07,21.56100082397461
2015-08-10,21.885000228881836
2015-08-11,21.541000366210938
2015-08-12,21.697999954223633
2015-08-13,21.871000289916992
2015-08-14,21.8799991607666
2015-08-17,22.15999984741211
2015-08-18,21.773000717163086
2015-08-19,21.86199951171875
2015-08-20,20.958999633789062
2015-08-21,20.399999618530273
2015-08-24,19.606000900268555
2015-08-25,19.60300064086914
2015-08-26,20.11400032043457
2015-08-27,20.086999893188477
2015-08-28,20.099000930786133
2015-08-31,19.8700008392334
2015-09-01,19.604000091552734
2015-09-02,19.70199966430664
2015-09-03,19.836999893188477
2015-09-04,19.542999267578125
2015-09-08,20.125
2015-09-09,19.833999633789062
2015-09-10,19.840999603271484
2015-09-11,20.11400032043457
2015-09-14,20.094999313354492
2015-09-15,20.795000076293945
2015-09-16,20.98699951171875
2015-09-17,20.989999771118164
2015-09-18,20.667999267578125
2015-09-21,20.850000381469727
2015-09-22,20.707000732421875
2015-09-23,20.827999114990234
2015-09-24,20.518999099731445
2015-09-25,20.518999099731445
2015-09-28,19.527999877929688
2015-09-29,19.472000122070312
2015-09-30,19.64699935913086
2015-10-01,19.93000030517578
2015-10-02,19.884000778198242
2015-10-05,20.099000930786133
2015-10-06,19.757999420166016
2015-10-07,19.95800018310547
2015-10-08,19.952999114990234
2015-10-09,20.524999618530273
2015-10-12,20.611000061035156
2015-10-13,19.937999725341797
2015-10-14,19.674999237060547
2015-10-15,19.979000091552734
2015-10-16,20.31100082397461
2015-10-19,20.37299919128418
2015-10-20,19.711000442504883
2015-10-21,19.035999298095703
2015-10-22,19.492000579833984
2015-10-23,18.81800079345703
2015-10-26,19.625999450683594
2015-10-27,16.823999404907227
2015-10-28,17.885000228881836
2015-10-29,17.437999725341797
2015-10-30,17.207000732421875
2015-11-02,17.615999221801758
2015-11-03,17.711999893188477
2015-11-04,18.023000717163086
2015-11-05,17.691999435424805
2015-11-06,17.764999389648438
2015-11-09,17.486000061035156
2015-11-10,17.44499969482422
2015-11-11,17.485000610351562
2015-11-12,17.27199935913086
2015-11-13,16.886999130249023
2015-11-16,17.158000946044922
2015-11-17,17.19300079345703
2015-11-18,17.48200035095215
2015-11-19,17.299999237060547
2015-11-20,17.320999145507812
2015-11-23,17.368000030517578
2015-11-24,17.329999923706055
2015-11-25,17.540000915527344
2015-11-27,17.555999755859375
2015-11-30,17.336999893188477
2015-12-01,17.7189998626709
2015-12-02,17.618999481201172
2015-12-03,17.357999801635742
2015-12-04,17.68400001525879
2015-12-07,17.37299919128418
2015-12-08,17.548999786376953
2015-12-09,17.253000259399414
2015-12-10,17.274999618530273
2015-12-11,17.413999557495117
2015-12-14,17.524999618530273
2015-12-15,17.89299964904785
2015-12-16,17.711999893188477
2015-12-17,17.35099983215332
2015-12-18,17.573999404907227
2015-12-21,17.73699951171875
2015-12-22,17.714000701904297
2015-12-23,17.7450008392334
2015-12-24,17.76099967956543
2015-12-28,17.641000747680664
2015-12-29,18.06399917602539
2015-12-30,17.892000198364258
2015-12-31,17.929000854492188
2016-01-04,17.113000869750977
2016-01-05,17.177000045776367
2016-01-06,16.927000045776367
2016-01-07,16.10300064086914
2016-01-08,14.8149995803833
2016-01-11,15.244999885559082
2016-01-12,15.619000434875488
2016-01-13,15.034000396728516
2016-01-14,15.253000259399414
2016-01-15,14.993000030517578
2016-01-19,14.633999824523926
2016-01-20,14.968999862670898
2016-01-21,15.022000312805176
2016-01-22,14.991000175476074
2016-01-25,14.588000297546387
2016-01-26,14.71500015258789
2016-01-27,14.23900032043457
2016-01-28,16.72599983215332
2016-01-29,17.250999450683594
2016-02-01,17.333999633789062
2016-02-02,17.18899917602539
2016-02-03,17.148000717163086
2016-02-04,16.784000396728516
2016-02-05,15.645999908447266
2016-02-08,15.5
2016-02-09,15.196000099182129
2016-02-10,15.015000343322754
2016-02-11,14.956999778747559
2016-02-12,15.1899995803833
2016-02-16,15.236000061035156
2016-02-17,15.65999984741211
2016-02-18,14.932000160217285
2016-02-19,15.324999809265137
2016-02-22,15.460000038146973
2016-02-23,15.258999824523926
2016-02-24,15.657999992370605
2016-02-25,15.8149995803833
2016-02-26,15.857999801635742
2016-02-29,16.089000701904297
2016-03-01,17.23900032043457
2016-03-02,16.823999404907227
2016-03-03,17.077999114990234
2016-03-04,16.898000717163086
2016-03-07,16.875
2016-03-08,16.764999389648438
2016-03-09,16.823999404907227
2016-03-10,16.711999893188477
2016-03-11,17.05900001525879
2016-03-14,16.804000854492188
2016-03-15,16.58099937438965
2016-03-16,16.738000869750977
2016-03-17,16.898000717163086
2016-03-18,17.511999130249023
2016-03-21,17.55500030517578
2016-03-22,17.57699966430664
2016-03-23,16.947999954223633
2016-03-24,17.281999588012695
2016-03-28,17.20199966430664
2016-03-29,17.77899932861328
2016-03-30,18.086999893188477
2016-03-31,17.972000122070312
2016-04-01,18.274999618530273
2016-04-04,18.47100067138672
2016-04-05,18.309999465942383
2016-04-06,18.233999252319336
2016-04-07,17.90999984741211
2016-04-08,17.8799991607666
2016-04-11,18.07200050354004
2016-04-12,18.264999389648438
2016-04-13,18.707000732421875
2016-04-14,18.795000076293945
2016-04-15,18.617000579833984
2016-04-18,18.825000762939453
2016-04-19,18.934999465942383
2016-04-20,18.827999114990234
2016-04-21,18.826000213623047
2016-04-22,19.18000030517578
2016-04-25,18.549999237060547
2016-04-26,18.982999801635742
2016-04-27,18.996999740600586
2016-04-28,18.256999969482422
2016-04-29,17.93199920654297
2016-05-02,18.40999984741211
2016-05-03,18.034000396728516
2016-05-04,18.006999969482422
2016-05-05,17.982999801635742
2016-05-06,18.256999969482422
2016-05-09,18.81599998474121
2016-05-10,19.049999237060547
2016-05-11,18.518999099731445
2016-05-12,18.44499969482422
2016-05-13,18.21500015258789
2016-05-16,18.249000549316406
2016-05-17,17.899999618530273
2016-05-18,18.025999069213867
2016-05-19,17.884000778198242
2016-05-20,17.92799949645996
2016-05-23,18.351999282836914
2016-05-24,18.93899917602539
2016-05-25,18.708999633789062
2016-05-26,18.80299949645996
2016-05-27,19.093000411987305
2016-05-31,18.65399932861328
2016-06-01,18.64699935913086
2016-06-02,19.06999969482422
2016-06-03,18.868999481201172
2016-06-06,19.47100067138672
2016-06-07,19.38800048828125
2016-06-08,19.229999542236328
2016-06-09,19.208999633789062
2016-06-10,18.775999069213867
2016-06-13,18.631999969482422
2016-06-14,18.549999237060547
2016-06-15,18.486000061035156
2016-06-16,18.472000122070312
2016-06-17,17.917999267578125
2016-06-20,18.39699935913086
2016-06-21,18.219999313354492
2016-06-22,17.961999893188477
2016-06-23,18.29400062561035
2016-06-24,17.312000274658203
2016-06-27,16.71299934387207
2016-06-28,16.815000534057617
2016-06-29,17.43199920654297
2016-06-30,17.50200080871582
2016-07-01,17.23900032043457
2016-07-05,17.288000106811523
2016-07-06,17.290000915527344
2016-07-07,17.384000778198242
2016-07-08,17.82900047302246
2016-07-11,18.05500030517578
2016-07-12,18.15999984741211
2016-07-13,18.158000946044922
2016-07-14,18.22100067138672
2016-07-15,18.72100067138672
2016-07-18,18.739999771118164
2016-07-19,18.655000686645508
2016-07-20,19.04800033569336
2016-07-21,18.378999710083008
2016-07-22,18.784000396728516
2016-07-25,18.451000213623047
2016-07-26,18.520999908447266
2016-07-27,18.29800033569336
2016-07-28,18.507999420166016
2016-07-29,17.48900032043457
2016-08-01,17.201000213623047
2016-08-02,16.724000930786133
2016-08-03,16.68400001525879
2016-08-04,16.448999404907227
2016-08-05,16.631999969482422
2016-08-08,16.444000244140625
2016-08-09,16.506000518798828
2016-08-10,16.558000564575195
2016-08-11,16.613000869750977
2016-08-12,16.542999267578125
2016-08-15,16.674999237060547
2016-08-16,16.540000915527344
2016-08-17,16.402000427246094
2016-08-18,16.558000564575195
2016-08-19,16.663999557495117
2016-08-22,16.687999725341797
2016-08-23,16.841999053955078
2016-08-24,16.67799949645996
2016-08-25,16.832000732421875
2016-08-26,16.746999740600586
2016-08-29,16.600000381469727
2016-08-30,16.695999145507812
2016-08-31,16.679000854492188
2016-09-01,16.73200035095215
2016-09-02,16.97800064086914
2016-09-06,17.062999725341797
2016-09-07,17.17099952697754
2016-09-08,17.264999389648438
2016-09-09,17.06999969482422
2016-09-12,17.2450008392334
2016-09-13,16.993000030517578
2016-09-14,16.839000701904297
2016-09-15,16.761999130249023
2016-09-16,16.483999252319336
2016-09-19,16.424999237060547
2016-09-20,16.655000686645508
2016-09-21,16.76300048828125
2016-09-22,17.030000686645508
2016-09-23,17.17799949645996
2016-09-26,17.086999893188477
2016-09-27,16.9060001373291
2016-09-28,17.024999618530273
2016-09-29,16.573999404907227
2016-09-30,16.743999481201172
2016-10-03,16.384000778198242
2016-10-04,17.049999237060547
2016-10-05,17.10099983215332
2016-10-06,17.277000427246094
2016-10-07,17.29800033569336
2016-10-10,17.4689998626709
2016-10-11,17.305999755859375
2016-10-12,17.31599998474121
2016-10-13,17.23699951171875
2016-10-14,17.219999313354492
2016-10-17,17.184999465942383
2016-10-18,17.257999420166016
2016-10-19,17.013999938964844
2016-10-20,16.8439998626709
2016-10-21,16.861000061035156
2016-10-24,17.40399932861328
2016-10-25,17.229000091552734
2016-10-26,17.18000030517578
2016-10-27,17.35300064086914
2016-10-28,19.14699935913086
2016-10-31,19.481000900268555
2016-11-01,19.503999710083008
2016-11-02,19.187000274658203
2016-11-03,18.895999908447266
2016-11-04,19.016000747680664
2016-11-07,19.231000900268555
2016-11-08,19.0
2016-11-09,19.187999725341797
2016-11-10,19.31599998474121
2016-11-11,19.674999237060547
2016-11-14,19.211000442504883
2016-11-15,19.309999465942383
2016-11-16,19.648000717163086
2016-11-17,19.746999740600586
2016-11-18,19.667999267578125
2016-11-21,19.69300079345703
2016-11-22,19.85700035095215
2016-11-23,19.820999145507812
2016-11-25,19.78499984741211
2016-11-28,19.503000259399414
2016-11-29,19.523000717163086
2016-11-30,19.402999877929688
2016-12-01,19.15999984741211
2016-12-02,19.194000244140625
2016-12-05,19.576000213623047
2016-12-06,19.85700035095215
2016-12-07,19.844999313354492
2016-12-08,20.097999572753906
2016-12-09,20.097000122070312
2016-12-12,20.187000274658203
2016-12-13,20.444000244140625
2016-12-14,19.958999633789062
2016-12-15,20.155000686645508
2016-12-16,20.040000915527344
2016-12-19,20.31800079345703
2016-12-20,20.388999938964844
2016-12-21,20.0310001373291
2016-12-22,19.618000030517578
2016-12-23,20.121999740600586
2016-12-27,20.148000717163086
2016-12-28,19.760000228881836
2016-12-29,19.850000381469727
2016-12-30,19.739999771118164
2017-01-03,19.784000396728516
2017-01-04,19.79400062561035
2017-01-05,19.961000442504883
2017-01-06,19.91699981689453
2017-01-09,19.863000869750977
2017-01-10,20.077999114990234
2017-01-11,20.100000381469727
2017-01-12,20.047000885009766
2017-01-13,20.3799991607666
2017-01-17,20.091999053955078
2017-01-18,20.250999450683594
2017-01-19,19.899999618530273
2017-01-20,20.155000686645508
2017-01-23,20.510000228881836
2017-01-24,20.29599952697754
2017-01-25,20.329999923706055
2017-01-26,20.1299991607666
2017-01-27,19.95800018310547
2017-01-30,19.945999145507812
2017-01-31,20.1299991607666
2017-02-01,19.650999069213867
2017-02-02,19.149999618530273
2017-02-03,19.54800033569336
2017-02-06,19.030000686645508
2017-02-07,18.798999786376953
2017-02-08,18.749000549316406
2017-02-09,19.000999450683594
2017-02-10,18.934999465942383
2017-02-13,19.134000778198242
2017-02-14,19.298999786376953
2017-02-15,19.415000915527344
2017-02-16,19.26799964904785
2017-02-17,19.28700065612793
2017-02-21,19.579999923706055
2017-02-22,19.459999084472656
2017-02-23,19.329999923706055
2017-02-24,19.433000564575195
2017-02-27,19.441999435424805
2017-02-28,19.187999725341797
2017-03-01,19.378000259399414
2017-03-02,19.023000717163086
2017-03-03,19.0
2017-03-06,18.795000076293945
2017-03-07,18.756999969482422
2017-03-08,18.916000366210938
2017-03-09,18.761999130249023
2017-03-10,18.69700050354004
2017-03-13,18.885000228881836
2017-03-14,18.86199951171875
2017-03-15,19.00200080871582
2017-03-16,19.104999542236328
2017-03-17,19.18600082397461
2017-03-20,19.242000579833984
2017-03-21,18.798999786376953
2017-03-22,18.69499969482422
2017-03-23,18.641000747680664
2017-03-24,18.61400032043457
2017-03-27,18.694000244140625
2017-03-28,18.77400016784668
2017-03-29,18.7810001373291
2017-03-30,18.82900047302246
2017-03-31,18.780000686645508
2017-04-03,18.743000030517578
2017-04-04,18.625
2017-04-05,18.410999298095703
2017-04-06,18.349000930786133
2017-04-07,18.280000686645508
2017-04-10,18.479000091552734
2017-04-11,18.566999435424805
2017-04-12,18.392000198364258
2017-04-13,18.160999298095703
2017-04-17,18.42300033569336
2017-04-18,18.541000366210938
2017-04-19,18.5939998626709
2017-04-20,18.81100082397461
2017-04-21,18.759000778198242
2017-04-24,19.066999435424805
2017-04-25,19.06800079345703
2017-04-26,19.301000595092773
2017-04-27,19.249000549316406
2017-04-28,19.017000198364258
2017-05-01,19.135000228881836
2017-05-02,18.801000595092773
2017-05-03,18.784000396728516
2017-05-04,18.91699981689453
2017-05-05,19.094999313354492
2017-05-08,19.152000427246094
2017-05-09,18.788000106811523
2017-05-10,18.711000442504883
2017-05-11,18.704999923706055
2017-05-12,18.5310001373291
2017-05-15,18.707000732421875
2017-05-16,18.766000747680664
2017-05-17,18.389999389648438
2017-05-18,18.413000106811523
2017-05-19,18.378000259399414
2017-05-22,18.52199935913086
2017-05-23,18.209999084472656
2017-05-24,18.198999404907227
2017-05-25,18.149999618530273
2017-05-26,18.07699966430664
2017-05-30,18.284000396728516
2017-05-31,18.236000061035156
2017-06-01,18.5939998626709
2017-06-02,18.832000732421875
2017-06-05,18.413000106811523
2017-06-06,18.281999588012695
2017-06-07,18.25200080871582
2017-06-08,18.461000442504883
2017-06-09,18.07900047302246
2017-06-12,18.118999481201172
2017-06-13,18.211999893188477
2017-06-14,18.34000015258789
2017-06-15,18.281999588012695
2017-06-16,18.260000228881836
2017-06-19,18.23900032043457
2017-06-20,18.31399917602539
2017-06-21,18.44700050354004
2017-06-22,18.459999084472656
2017-06-23,18.4950008392334
2017-06-26,18.483999252319336
2017-06-27,18.51099967956543
2017-06-28,18.882999420166016
2017-06-29,18.90999984741211
2017-06-30,19.16699981689453
2017-07-03,18.65399932861328
2017-07-05,18.45199966430664
2017-07-06,18.261999130249023
2017-07-07,18.499000549316406
2017-07-10,18.37700080871582
2017-07-11,18.43400001525879
2017-07-12,18.76799964904785
2017-07-13,18.57900047302246
2017-07-14,18.472999572753906
2017-07-17,18.582000732421875
2017-07-18,18.875
2017-07-19,18.981000900268555
2017-07-20,18.93199920654297
2017-07-21,18.847999572753906
2017-07-24,19.190000534057617
2017-07-25,19.250999450683594
2017-07-26,19.1560001373291
2017-07-27,18.917999267578125
2017-07-28,13.99899959564209
2017-07-31,13.451000213623047
2017-08-01,13.628000259399414
2017-08-02,13.593000411987305
2017-08-03,13.355999946594238
2017-08-04,13.572999954223633
2017-08-07,13.213000297546387
2017-08-08,13.14900016784668
2017-08-09,13.0600004196167
2017-08-10,12.77400016784668
2017-08-11,12.901000022888184
2017-08-14,12.892000198364258
2017-08-15,12.869000434875488
2017-08-16,12.871999740600586
2017-08-17,12.746000289916992
2017-08-18,12.593000411987305
2017-08-21,12.520999908447266
2017-08-22,12.61400032043457
2017-08-23,12.564000129699707
2017-08-24,12.564000129699707
2017-08-25,12.576000213623047
2017-08-28,12.630999565124512
2017-08-29,12.670000076293945
2017-08-30,12.572999954223633
2017-08-31,12.899999618530273
2017-09-01,12.850000381469727
2017-09-05,12.831000328063965
2017-09-06,12.819000244140625
2017-09-07,12.836000442504883
2017-09-08,12.824999809265137
2017-09-11,12.819999694824219
2017-09-12,12.85200023651123
2017-09-13,13.220999717712402
2017-09-14,13.010000228881836
2017-09-15,12.680999755859375
2017-09-18,12.595000267028809
2017-09-19,12.585000038146973
2017-09-20,12.529999732971191
2017-09-21,12.451000213623047
2017-09-22,12.47599983215332
2017-09-25,12.395999908447266
2017-09-26,12.454000473022461
2017-09-27,12.732999801635742
2017-09-28,12.772000312805176
2017-09-29,12.770999908447266
2017-10-02,12.906000137329102
2017-10-03,12.927000045776367
2017-10-04,13.098999977111816
2017-10-05,13.116000175476074
2017-10-06,13.13599967956543
2017-10-09,13.211999893188477
2017-10-10,13.234999656677246
2017-10-11,13.213000297546387
2017-10-12,13.357000350952148
2017-10-13,13.5
2017-10-16,13.583000183105469
2017-10-17,13.58899974822998
2017-10-18,13.600000381469727
2017-10-19,13.555999755859375
2017-10-20,13.699999809265137
2017-10-23,13.687999725341797
2017-10-24,13.704000473022461
2017-10-25,13.78499984741211
2017-10-26,14.095999717712402
2017-10-27,14.086000442504883
2017-10-30,13.581000328063965
2017-10-31,13.22599983215332
2017-11-01,13.454000473022461
2017-11-02,13.39900016784668
2017-11-03,13.368000030517578
2017-11-06,13.430000305175781
2017-11-07,13.371000289916992
2017-11-08,13.439000129699707
2017-11-09,13.33899974822998
2017-11-10,13.350000381469727
2017-11-13,13.222000122070312
2017-11-14,13.317999839782715
2017-11-15,13.223999977111816
2017-11-16,13.342000007629395
2017-11-17,13.37600040435791
2017-11-20,13.458999633789062
2017-11-21,13.699999809265137
2017-11-22,13.746000289916992
2017-11-24,13.743000030517578
2017-11-27,13.630000114440918
2017-11-28,13.819999694824219
2017-11-29,13.659000396728516
2017-11-30,13.675999641418457
2017-12-01,13.5
2017-12-04,13.52299976348877
2017-12-05,13.456000328063965
2017-12-06,13.446999549865723
2017-12-07,13.39900016784668
2017-12-08,13.625
2017-12-11,13.368000030517578
2017-12-12,13.236000061035156
2017-12-13,13.28499984741211
2017-12-14,13.175000190734863
2017-12-15,13.265000343322754
2017-12-18,13.39799976348877
2017-12-19,13.482000350952148
2017-12-20,13.506999969482422
2017-12-21,13.364999771118164
2017-12-22,13.192999839782715
2017-12-26,13.104000091552734
2017-12-27,13.138999938964844
2017-12-28,13.15999984741211
2017-12-29,13.130000114440918
2018-01-02,13.180000305175781
2018-01-03,13.23799991607666
2018-01-04,13.505999565124512
2018-01-05,13.50100040435791
2018-01-08,13.66100025177002
2018-01-09,13.625
2018-01-10,13.661999702453613
2018-01-11,13.836000442504883
2018-01-12,13.975000381469727
2018-01-16,13.831000328063965
2018-01-17,13.960000038146973
2018-01-18,13.885000228881836
2018-01-19,14.097999572753906
2018-01-22,13.92199993133545
2018-01-23,13.90999984741211
2018-01-24,13.829000473022461
2018-01-25,13.732999801635742
2018-01-26,13.779000282287598
2018-01-29,13.795000076293945
2018-01-30,13.838000297546387
2018-01-31,13.77299976348877
2018-02-01,13.913999557495117
2018-02-02,13.57699966430664
2018-02-05,13.159000396728516
2018-02-06,13.300000190734863
2018-02-07,13.35200023651123
2018-02-08,13.152999877929688
2018-02-09,13.062000274658203
2018-02-12,13.286999702453613
2018-02-13,13.451000213623047
2018-02-14,13.583000183105469
2018-02-15,13.78499984741211
2018-02-16,13.755000114440918
2018-02-20,13.798999786376953
2018-02-21,13.677000045776367
2018-02-22,13.737000465393066
2018-02-23,13.79800033569336
2018-02-26,13.769000053405762
2018-02-27,13.515999794006348
2018-02-28,12.79800033569336
2018-03-01,12.38700008392334
2018-03-02,12.543000221252441
2018-03-05,13.413999557495117
2018-03-06,13.319999694824219
2018-03-07,13.324999809265137
2018-03-08,13.420999526977539
2018-03-09,13.626999855041504
2018-03-12,13.607000350952148
2018-03-13,13.503999710083008
2018-03-14,13.343000411987305
2018-03-15,13.336999893188477
2018-03-16,13.175999641418457
2018-03-19,13.085000038146973
2018-03-20,13.071000099182129
2018-03-21,13.072999954223633
2018-03-22,13.086000442504883
2018-03-23,12.97700023651123
2018-03-26,13.069999694824219
2018-03-27,12.842000007629395
2018-03-28,12.770000457763672
2018-03-29,12.89900016784668
2018-04-02,12.553999900817871
2018-04-03,12.682000160217285
2018-04-04,12.680000305175781
2018-04-05,12.758000373840332
2018-04-06,12.586999893188477
2018-04-09,12.543999671936035
2018-04-10,12.75100040435791
2018-04-11,12.869999885559082
2018-04-12,12.95199966430664
2018-04-13,13.017999649047852
2018-04-16,13.236000061035156
2018-04-17,13.463000297546387
2018-04-18,13.482000350952148
2018-04-19,13.423999786376953
2018-04-20,13.154999732971191
2018-04-23,13.152000427246094
2018-04-24,13.034000396728516
2018-04-25,13.157999992370605
2018-04-26,13.229000091552734
2018-04-27,12.668999671936035
2018-04-30,12.746000289916992
2018-05-01,13.081999778747559
2018-05-02,13.031000137329102
2018-05-03,12.911999702453613
2018-05-04,13.020000457763672
2018-05-07,12.993000030517578
2018-05-08,13.104000091552734
2018-05-09,13.0600004196167
2018-05-10,13.017999649047852
2018-05-11,12.928000450134277
2018-05-14,12.713000297546387
2018-05-15,12.746000289916992
2018-05-16,12.880999565124512
2018-05-17,12.947999954223633
2018-05-18,13.079999923706055
2018-05-21,13.017999649047852
2018-05-22,12.975000381469727
2018-05-23,13.010000228881836
2018-05-24,13.095000267028809
2018-05-25,13.071999549865723
2018-05-29,12.927000045776367
2018-05-30,13.223999977111816
2018-05-31,12.956999778747559
2018-06-01,13.041999816894531
2018-06-04,13.112000465393066
2018-06-05,13.130999565124512
2018-06-06,13.178000450134277
2018-06-07,12.989999771118164
2018-06-08,12.996000289916992
2018-06-11,13.109000205993652
2018-06-12,13.251999855041504
2018-06-13,13.272000312805176
2018-06-14,13.315999984741211
2018-06-15,13.473999977111816
2018-06-18,13.57800006866455
2018-06-19,13.550000190734863
2018-06-20,13.5
2018-06-21,13.246000289916992
2018-06-22,13.114999771118164
2018-06-25,12.87600040435791
2018-06-26,12.961000442504883
2018-06-27,12.505999565124512
2018-06-28,12.729999542236328
2018-06-29,12.774999618530273
2018-07-02,12.963000297546387
2018-07-03,13.175999641418457
2018-07-05,13.404999732971191
2018-07-06,13.48799991607666
2018-07-09,13.51200008392334
2018-07-10,13.491999626159668
2018-07-11,13.425999641418457
2018-07-12,13.630999565124512
2018-07-13,13.583000183105469
2018-07-16,13.529999732971191
2018-07-17,13.48799991607666
2018-07-18,13.583000183105469
2018-07-19,13.753999710083008
2018-07-20,13.529000282287598
2018-07-23,13.420000076293945
2018-07-24,13.331999778747559
2018-07-25,13.527000427246094
2018-07-26,13.73799991607666
2018-07-27,12.916000366210938
2018-07-30,12.793000221252441
2018-07-31,13.015000343322754
2018-08-01,13.230999946594238
2018-08-02,13.654999732971191
2018-08-03,13.48900032043457
2018-08-06,13.717000007629395
2018-08-07,13.78600025177002
2018-08-08,13.79699993133545
2018-08-09,13.975000381469727
2018-08-10,14.145999908447266
2018-08-13,14.07800006866455
2018-08-14,14.21500015258789
2018-08-15,14.057000160217285
2018-08-16,14.107000350952148
2018-08-17,13.95300006866455
2018-08-20,14.092000007629395
2018-08-21,14.107000350952148
2018-08-22,14.156000137329102
2018-08-23,14.178999900817871
2018-08-24,14.967000007629395
2018-08-27,14.692999839782715
2018-08-28,14.784000396728516
2018-08-29,14.779999732971191
2018-08-30,14.718000411987305
2018-08-31,14.899999618530273
2018-09-04,14.774999618530273
2018-09-05,14.484000205993652
2018-09-06,14.480999946594238
2018-09-07,14.454000473022461
2018-09-10,14.677000045776367
2018-09-11,14.779999732971191
2018-09-12,14.888999938964844
2018-09-13,14.769000053405762
2018-09-14,14.913000106811523
2018-09-17,14.710000038146973
2018-09-18,14.996000289916992
2018-09-19,14.781000137329102
2018-09-20,14.765000343322754
2018-09-21,14.812000274658203
2018-09-24,14.73799991607666
2018-09-25,14.680999755859375
2018-09-26,14.140999794006348
2018-09-27,14.053999900817871
2018-09-28,14.062000274658203
2018-10-01,13.647000312805176
2018-10-02,13.24899959564209
2018-10-03,13.347999572753906
2018-10-04,13.170000076293945
2018-10-05,13.119999885559082
2018-10-08,13.083999633789062
2018-10-09,13.071000099182129
2018-10-10,12.67199993133545
2018-10-11,12.680000305175781
2018-10-12,12.727999687194824
2018-10-15,12.800999641418457
2018-10-16,13.114999771118164
2018-10-17,13.053999900817871
2018-10-18,12.82699966430664
2018-10-19,12.64799976348877
2018-10-22,12.758000373840332
2018-10-23,12.687000274658203
2018-10-24,12.125
2018-10-25,12.324999809265137
2018-10-26,12.24899959564209
2018-10-29,12.170999526977539
2018-10-30,12.404000282287598
2018-10-31,12.597000122070312
2018-11-01,12.562999725341797
2018-11-02,12.67300033569336
2018-11-05,12.663999557495117
2018-11-06,12.633000373840332
2018-11-07,12.986000061035156
2018-11-08,12.85099983215332
2018-11-09,12.82800006866455
2018-11-12,12.659000396728516
2018-11-13,12.590999603271484
2018-11-14,12.545000076293945
2018-11-15,12.741999626159668
2018-11-16,12.708000183105469
2018-11-19,12.444999694824219
2018-11-20,12.302000045776367
2018-11-21,12.517999649047852
2018-11-23,12.4350004196167
2018-11-26,12.607999801635742
2018-11-27,12.527999877929688
2018-11-28,12.746000289916992
2018-11-29,12.776000022888184
2018-11-30,12.96399974822998
2018-12-03,13.107000350952148
2018-12-04,12.670999526977539
2018-12-06,12.765000343322754
2018-12-07,12.758000373840332
2018-12-10,12.763999938964844
2018-12-11,12.699000358581543
2018-12-12,12.78499984741211
2018-12-13,12.8100004196167
2018-12-14,12.692000389099121
2018-12-17,12.281999588012695
2018-12-18,12.335000038146973
2018-12-19,12.282999992370605
2018-12-20,12.060999870300293
2018-12-21,11.657999992370605
2018-12-24,11.670000076293945
2018-12-26,12.109000205993652
2018-12-27,12.595000267028809
2018-12-28,12.687999725341797
2018-12-31,12.774999618530273
2019-01-02,12.857000350952148
2019-01-03,12.656999588012695
2019-01-04,13.039999961853027
2019-01-07,13.123000144958496
2019-01-08,13.230999946594238
2019-01-09,13.157999992370605
2019-01-10,13.25100040435791
2019-01-11,13.38599967956543
2019-01-14,13.211000442504883
2019-01-15,13.430999755859375
2019-01-16,13.383999824523926
2019-01-17,13.48799991607666
2019-01-18,13.631999969482422
2019-01-22,13.723999977111816
2019-01-23,13.748000144958496
2019-01-24,13.82800006866455
2019-01-25,13.9399995803833
2019-01-28,13.85099983215332
2019-01-29,13.82699966430664
2019-01-30,12.737000465393066
2019-01-31,12.689000129699707
2019-02-01,12.803999900817871
2019-02-04,13.005000114440918
2019-02-05,13.21500015258789
2019-02-06,12.82699966430664
2019-02-07,12.913999557495117
2019-02-08,13.07800006866455
2019-02-11,13.680000305175781
2019-02-12,14.211000442504883
2019-02-13,14.043000221252441
2019-02-14,14.005999565124512
2019-02-15,14.105999946594238
2019-02-19,14.190999984741211
2019-02-20,14.041999816894531
2019-02-21,14.312999725341797
2019-02-22,14.541000366210938
2019-02-25,14.619000434875488
2019-02-26,14.180000305175781
2019-02-27,14.119000434875488
2019-02-28,14.149999618530273
2019-03-01,14.173999786376953
2019-03-04,13.930999755859375
2019-03-05,13.866000175476074
2019-03-06,13.696999549865723
2019-03-07,13.734999656677246
2019-03-08,13.812000274658203
2019-03-11,14.300000190734863
2019-03-12,14.519000053405762
2019-03-13,14.75
2019-03-14,14.800000190734863
2019-03-15,14.833000183105469
2019-03-18,14.782999992370605
2019-03-19,14.739999771118164
2019-03-20,14.753999710083008
2019-03-21,14.961999893188477
2019-03-22,14.383000373840332
2019-03-25,14.409000396728516
2019-03-26,14.5649995803833
2019-03-27,14.362000465393066
2019-03-28,14.479999542236328
2019-03-29,14.425000190734863
2019-04-01,14.734000205993652
2019-04-02,14.619999885559082
2019-04-03,14.793000221252441
2019-04-04,14.456999778747559
2019-04-05,14.652000427246094
2019-04-08,14.442000389099121
2019-04-09,14.413000106811523
2019-04-10,14.77400016784668
2019-04-11,14.85200023651123
2019-04-12,15.0649995803833
2019-04-15,14.954000473022461
2019-04-16,15.112000465393066
2019-04-17,14.810999870300293
2019-04-18,14.64799976348877
2019-04-22,14.734000205993652
2019-04-23,14.916000366210938
2019-04-24,14.954000473022461
2019-04-25,14.800000190734863
2019-04-26,14.942000389099121
2019-04-29,14.92300033569336
2019-04-30,14.970000267028809
2019-05-01,14.10200023651123
2019-05-02,14.083999633789062
2019-05-03,14.102999687194824
2019-05-06,14.145000457763672
2019-05-07,13.88700008392334
2019-05-08,13.79699993133545
2019-05-09,13.812999725341797
2019-05-10,13.925999641418457
2019-05-13,13.505000114440918
2019-05-14,13.649999618530273
2019-05-15,13.621999740600586
2019-05-16,13.805999755859375
2019-05-17,13.684000015258789
2019-05-20,13.626999855041504
2019-05-21,13.730999946594238
2019-05-22,13.626999855041504
2019-05-23,13.392000198364258
2019-05-24,13.407999992370605
2019-05-28,13.532999992370605
2019-05-29,13.375
2019-05-30,13.366000175476074
2019-05-31,13.291000366210938
2019-06-03,13.09000015258789
2019-06-04,13.381999969482422
2019-06-05,13.437999725341797
2019-06-06,13.440999984741211
2019-06-07,13.71399974822998
2019-06-10,13.654999732971191
2019-06-11,13.413999557495117
2019-06-12,13.267999649047852
2019-06-13,13.204999923706055
2019-06-14,13.364999771118164
2019-06-17,14.125
2019-06-18,14.559000015258789
2019-06-19,14.767000198364258
2019-06-20,14.788999557495117
2019-06-21,14.67199993133545
2019-06-24,14.157999992370605
2019-06-25,14.015999794006348
2019-06-26,13.911999702453613
2019-06-27,14.102999687194824
2019-06-28,14.331000328063965
2019-07-01,14.003000259399414
2019-07-02,14.050000190734863
2019-07-03,14.116000175476074
2019-07-05,14.02400016784668
2019-07-08,12.593000411987305
2019-07-09,12.39900016784668
2019-07-10,12.295999526977539
2019-07-11,12.279000282287598
2019-07-12,12.302000045776367
2019-07-15,12.362000465393066
2019-07-16,12.449999809265137
2019-07-17,12.25100040435791
2019-07-18,12.265999794006348
2019-07-19,12.175000190734863
2019-07-22,12.225000381469727
2019-07-23,12.157999992370605
2019-07-24,12.27299976348877
2019-07-25,12.218999862670898
2019-07-26,12.331999778747559
2019-07-29,12.218000411987305
2019-07-30,12.319000244140625
2019-07-31,13.67300033569336
2019-08-01,13.54800033569336
2019-08-02,13.430000305175781
2019-08-05,13.251999855041504
2019-08-06,13.40999984741211
2019-08-07,13.835000038146973
2019-08-08,14.027000427246094
2019-08-09,14.069999694824219
2019-08-12,14.074000358581543
2019-08-13,13.873000144958496
2019-08-14,13.795000076293945
2019-08-15,13.638999938964844
2019-08-16,13.732999801635742
2019-08-19,13.975000381469727
2019-08-20,14.050999641418457
2019-08-21,14.08899974822998
2019-08-22,14.121999740600586
2019-08-23,13.810999870300293
2019-08-26,13.961999893188477
2019-08-27,13.871999740600586
2019-08-28,13.946000099182129
2019-08-29,14.138999938964844
2019-08-30,14.329000473022461
2019-09-03,14.359999656677246
2019-09-04,13.717000007629395
2019-09-05,14.140999794006348
2019-09-06,13.98900032043457
2019-09-09,14.369000434875488
2019-09-10,14.496000289916992
2019-09-11,14.753999710083008
2019-09-12,14.84000015258789
2019-09-13,14.57800006866455
2019-09-16,14.744999885559082
2019-09-17,14.901000022888184
2019-09-18,14.812999725341797
2019-09-19,15.045000076293945
2019-09-20,14.904999732971191
2019-09-23,15.059000015258789
2019-09-24,14.887999534606934
2019-09-25,14.956999778747559
2019-09-26,14.937000274658203
2019-09-27,14.70300006866455
2019-09-30,14.836999893188477
2019-10-01,14.633999824523926
2019-10-02,14.489999771118164
2019-10-03,14.541999816894531
2019-10-04,14.659000396728516
2019-10-07,14.734999656677246
2019-10-08,14.395999908447266
2019-10-09,14.437000274658203
2019-10-10,14.35200023651123
2019-10-11,14.414999961853027
2019-10-14,14.394000053405762
2019-10-15,14.418000221252441
2019-10-16,14.340999603271484
2019-10-17,14.371999740600586
2019-10-18,14.3149995803833
2019-10-21,14.402000427246094
2019-10-22,14.302000045776367
2019-10-23,14.260000228881836
2019-10-24,14.460000038146973
2019-10-25,14.57699966430664
2019-10-28,14.616999626159668
2019-10-29,14.664999961853027
2019-10-30,15.340999603271484
2019-10-31,15.324999809265137
2019-11-01,15.369000434875488
2019-11-04,15.35099983215332
2019-11-05,15.5
2019-11-06,15.496000289916992
2019-11-07,15.57800006866455
2019-11-08,15.61299991607666
2019-11-11,15.592000007629395
2019-11-12,15.805999755859375
2019-11-13,15.696000099182129
2019-11-14,15.663999557495117
2019-11-15,15.640000343322754
2019-11-18,15.52299976348877
2019-11-19,15.74899959564209
2019-11-20,15.402000427246094
2019-11-21,14.949999809265137
2019-11-22,15.15999984741211
2019-11-25,15.276000022888184
2019-11-26,15.239999771118164
2019-11-27,15.26200008392334
2019-11-29,15.032999992370605
2019-12-02,15.008000373840332
2019-12-03,14.998000144958496
2019-12-04,15.15999984741211
2019-12-05,14.986000061035156
2019-12-06,15.15999984741211
2019-12-09,15.229999542236328
2019-12-10,15.270000457763672
2019-12-11,15.04699993133545
2019-12-12,14.6850004196167
2019-12-13,14.53499984741211
2019-12-16,14.652999877929688
2019-12-17,14.734999656677246
2019-12-18,14.581999778747559
2019-12-19,14.595000267028809
2019-12-20,14.520000457763672
2019-12-23,14.432999610900879
2019-12-24,14.4399995803833
2019-12-26,14.505000114440918
2019-12-27,14.47599983215332
2019-12-30,14.20199966430664
2019-12-31,14.262999534606934
2020-01-02,14.430999755859375
2020-01-03,14.357000350952148
2020-01-06,14.425000190734863
2020-01-07,14.38700008392334
2020-01-08,14.371000289916992
2020-01-09,14.350000381469727
2020-01-10,14.23900032043457
2020-01-13,14.458999633789062
2020-01-14,14.47700023651123
2020-01-15,14.626999855041504
2020-01-16,14.67199993133545
2020-01-17,14.673999786376953
2020-01-21,14.595000267028809
2020-01-22,14.592000007629395
2020-01-23,14.574000358581543
2020-01-24,14.315999984741211
2020-01-27,14.253000259399414
2020-01-28,14.399999618530273
2020-01-29,15.260000228881836
2020-01-30,15.270000457763672
2020-01-31,15.20300006866455
2020-02-03,14.947999954223633
2020-02-04,15.180999755859375
2020-02-05,15.284000396728516
2020-02-06,15.223999977111816
2020-02-07,15.265999794006348
2020-02-10,15.145000457763672
2020-02-11,15.210000038146973
2020-02-12,14.984000205993652
2020-02-13,14.807000160217285
2020-02-14,14.883999824523926
2020-02-18,14.79699993133545
2020-02-19,14.960000038146973
2020-02-20,14.979999542236328
2020-02-21,14.994999885559082
2020-02-24,14.588000297546387
2020-02-25,14.005000114440918
2020-02-26,14.01200008392334
2020-02-27,13.621999740600586
2020-02-28,13.515999794006348
2020-03-02,13.67199993133545
2020-03-03,13.439000129699707
2020-03-04,13.616999626159668
2020-03-05,13.687999725341797
2020-03-06,13.628000259399414
2020-03-09,12.942999839782715
2020-03-10,12.998000144958496
2020-03-11,12.414999961853027
2020-03-12,10.852999687194824
2020-03-13,11.133000373840332
2020-03-16,10.666000366210938
2020-03-17,10.935999870300293
2020-03-18,9.220000267028809
2020-03-19,10.538000106811523
2020-03-20,10.074000358581543
2020-03-23,10.246999740600586
2020-03-24,10.689000129699707
2020-03-25,10.413000106811523
2020-03-26,11.053999900817871
2020-03-27,10.630999565124512
2020-03-30,11.02400016784668
2020-03-31,11.8100004196167
2020-04-01,11.33899974822998
2020-04-02,11.449000358581543
2020-04-03,11.222999572753906
2020-04-06,11.602999687194824
2020-04-07,11.770999908447266
2020-04-08,12.300000190734863
2020-04-09,12.541999816894531
2020-04-13,12.208999633789062
2020-04-14,12.649999618530273
2020-04-15,12.260000228881836
2020-04-16,12.413000106811523
2020-04-17,12.652999877929688
2020-04-20,12.692000389099121
2020-04-21,12.270999908447266
2020-04-22,12.50100040435791
2020-04-23,12.597999572753906
2020-04-24,12.555000305175781
2020-04-27,12.92300033569336
2020-04-28,12.885000228881836
2020-04-29,12.748000144958496
2020-04-30,12.633000373840332
2020-05-01,12.258999824523926
2020-05-04,11.854999542236328
2020-05-05,12.081000328063965
2020-05-06,12.199999809265137
2020-05-07,12.347999572753906
2020-05-08,12.467000007629395
2020-05-11,12.381999969482422
2020-05-12,12.01099967956543
2020-05-13,11.494999885559082
2020-05-14,11.321000099182129
2020-05-15,11.557999610900879
2020-05-18,12.012999534606934
2020-05-19,11.906000137329102
2020-05-20,12.12399959564209
2020-05-21,12.071999549865723
2020-05-22,12.237000465393066
2020-05-26,12.470999717712402
2020-05-27,12.592000007629395
2020-05-28,12.534000396728516
2020-05-29,12.447999954223633
2020-06-01,12.260000228881836
2020-06-02,12.109000205993652
2020-06-03,12.963000297546387
2020-06-04,12.529999732971191
2020-06-05,12.520999908447266
2020-06-08,12.63599967956543
2020-06-09,12.567999839782715
2020-06-10,12.392000198364258
2020-06-11,11.734000205993652
2020-06-12,11.802000045776367
2020-06-15,12.267000198364258
2020-06-16,12.196000099182129
2020-06-17,12.17300033569336
2020-06-18,11.946000099182129
2020-06-19,11.819000244140625
2020-06-22,11.871000289916992
2020-06-23,11.753999710083008
2020-06-24,11.437999725341797
2020-06-25,11.779000282287598
2020-06-26,11.600000381469727
2020-06-29,11.850000381469727
2020-06-30,11.829000473022461
2020-07-01,11.779999732971191
2020-07-02,11.734999656677246
2020-07-06,11.975000381469727
2020-07-07,11.809000015258789
2020-07-08,11.821999549865723
2020-07-09,11.737000465393066
2020-07-10,11.765999794006348
2020-07-13,11.579000473022461
2020-07-14,11.666000366210938
2020-07-15,12.045000076293945
2020-07-16,11.845999717712402
2020-07-17,11.833999633789062
2020-07-20,12.050999641418457
2020-07-21,12.104000091552734
2020-07-22,12.121000289916992
2020-07-23,11.97599983215332
2020-07-24,11.694999694824219
2020-07-27,11.765999794006348
2020-07-28,11.781000137329102
2020-07-29,12.27400016784668
2020-07-30,12.21500015258789
2020-07-31,12.392000198364258
2020-08-03,12.366000175476074
2020-08-04,12.331999778747559
2020-08-05,12.395000457763672
2020-08-06,12.335000038146973
2020-08-07,12.33899974822998
2020-08-10,12.362000465393066
2020-08-11,13.48900032043457
2020-08-12,13.704000473022461
2020-08-13,13.699999809265137
2020-08-14,14.663000106811523
2020-08-17,14.383999824523926
2020-08-18,14.314000129699707
2020-08-19,14.166999816894531
2020-08-20,14.413999557495117
2020-08-21,14.508000373840332
2020-08-24,14.857999801635742
2020-08-25,14.696000099182129
2020-08-26,14.605999946594238
2020-08-27,14.652000427246094
2020-08-28,14.689000129699707
2020-08-31,14.444000244140625
2020-09-01,14.881999969482422
2020-09-02,15.0
2020-09-03,14.428000450134277
2020-09-04,14.218999862670898
2020-09-08,13.881999969482422
2020-09-09,14.114999771118164
2020-09-10,13.972000122070312
2020-09-11,14.11299991607666
2020-09-14,14.26200008392334
2020-09-15,15.574999809265137
2020-09-16,17.489999771118164
2020-09-17,16.361000061035156
2020-09-18,15.958999633789062
2020-09-21,15.215999603271484
2020-09-22,15.425000190734863
2020-09-23,14.82800006866455
2020-09-24,14.605999946594238
2020-09-25,14.61299991607666
2020-09-28,15.145999908447266
2020-09-29,14.968999862670898
2020-09-30,15.055999755859375
2020-10-01,14.895999908447266
2020-10-02,14.645999908447266
2020-10-05,14.821000099182129
2020-10-06,15.003999710083008
2020-10-07,15.309000015258789
2020-10-08,16.393999099731445
2020-10-09,16.472999572753906
2020-10-12,16.645999908447266
2020-10-13,16.607999801635742
2020-10-14,16.423999786376953
2020-10-15,16.597000122070312
2020-10-16,16.469999313354492
2020-10-19,16.413999557495117
2020-10-20,16.906999588012695
2020-10-21,18.104999542236328
2020-10-22,18.30500030517578
2020-10-23,18.43000030517578
2020-10-26,17.5
2020-10-27,17.558000564575195
2020-10-28,16.21500015258789
2020-10-29,16.195999145507812
2020-10-30,16.707000732421875
2020-11-02,16.656999588012695
2020-11-03,17.19499969482422
2020-11-04,17.253000259399414
2020-11-05,18.167999267578125
2020-11-06,18.562000274658203
2020-11-09,18.500999450683594
2020-11-10,18.61400032043457
2020-11-11,19.215999603271484
2020-11-12,18.694000244140625
2020-11-13,19.226999282836914
2020-11-16,20.39299964904785
2020-11-17,20.81999969482422
2020-11-18,21.29599952697754
2020-11-19,21.711000442504883
2020-11-20,22.211000442504883
2020-11-23,22.076000213623047
2020-11-24,24.722999572753906
2020-11-25,27.027000427246094
2020-11-27,27.125999450683594
2020-11-30,34.277000427246094
2020-12-01,32.400001525878906
2020-12-02,32.13199996948242
2020-12-03,33.15999984741211
2020-12-04,32.79999923706055
2020-12-07,33.62200164794922
2020-12-08,28.94499969482422
2020-12-09,28.621000289916992
2020-12-10,29.033000946044922
2020-12-11,28.591999053955078
2020-12-14,27.952999114990234
2020-12-15,28.57900047302246
2020-12-16,29.91200065612793
2020-12-17,29.780000686645508
2020-12-18,30.1200008392334
2020-12-21,31.760000228881836
2020-12-22,33.150001525878906
2020-12-23,33.71799850463867
2020-12-24,32.26100158691406
2020-12-28,37.0
2020-12-29,36.606998443603516
2020-12-30,38.99700164794922
2020-12-31,38.85499954223633
2021-01-04,42.52199935913086
2021-01-05,42.862998962402344
2021-01-06,48.05500030517578
2021-01-07,53.57500076293945
2021-01-08,53.16400146484375
2021-01-11,49.54899978637695
2021-01-12,51.42399978637695
2021-01-13,51.92599868774414
2021-01-14,63.099998474121094
2021-01-15,57.80699920654297
2021-01-19,59.22100067138672
2021-01-20,55.082000732421875
2021-01-21,52.04600143432617
2021-01-22,57.702999114990234
2021-01-25,57.141998291015625
2021-01-26,55.98099899291992
2021-01-27,54.0099983215332
2021-01-28,57.8380012512207
2021-01-29,61.73099899291992
2021-02-01,63.45600128173828
2021-02-02,68.79199981689453
2021-02-03,74.11900329589844
2021-02-04,76.55899810791016
2021-02-05,80.5999984741211
2021-02-08,104.0999984741211
2021-02-09,127.29399871826172
2021-02-10,97.447998046875
2021-02-11,100.99400329589844
2021-02-12,103.43099975585938
2021-02-16,95.5
2021-02-17,94.18000030517578
2021-02-18,92.77799987792969
2021-02-19,96.37200164794922
2021-02-22,87.5999984741211
2021-02-23,69.12300109863281
2021-02-24,81.76899719238281
2021-02-25,73.16100311279297
2021-02-26,75.04100036621094
2021-03-01,78.24400329589844
2021-03-02,74.8499984741211
2021-03-03,73.15699768066406
2021-03-04,64.56600189208984
2021-03-05,62.02399826049805
2021-03-08,62.41899871826172
2021-03-09,71.5989990234375
2021-03-10,75.65499877929688
2021-03-11,80.375
2021-03-12,78.4000015258789
2021-03-15,76.9010009765625
2021-03-16,72.42900085449219
2021-03-17,77.0989990234375
2021-03-18,73.20500183105469
2021-03-19,77.7040023803711
2021-03-22,72.45600128173828
2021-03-23,67.72100067138672
2021-03-24,62.15700149536133
2021-03-25,62.090999603271484
2021-03-26,62.400001525878906
2021-03-29,63.13399887084961
2021-03-30,65.39800262451172
2021-03-31,67.87999725341797
2021-04-01,70.35600280761719
2021-04-05,72.05500030517578
2021-04-06,70.45800018310547
2021-04-07,65.62000274658203
2021-04-08,69.01200103759766
2021-04-09,71.0999984741211
2021-04-12,71.8239974975586
2021-04-13,84.85399627685547
2021-04-14,73.55000305175781
2021-04-15,74.01499938964844
2021-04-16,69.36199951171875
2021-04-19,63.75199890136719
2021-04-20,64.6449966430664
2021-04-21,65.0459976196289
2021-04-22,59.81999969482422
2021-04-23,61.30400085449219
2021-04-26,65.88200378417969
2021-04-27,67.6989974975586
2021-04-28,68.08200073242188
2021-04-29,65.5009994506836
2021-04-30,65.71600341796875
2021-05-03,63.5620002746582
2021-05-04,61.6879997253418
2021-05-05,62.345001220703125
2021-05-06,60.90800094604492
2021-05-07,62.04600143432617
2021-05-10,56.94599914550781
2021-05-11,57.69599914550781
2021-05-12,54.1879997253418
2021-05-13,48.80799865722656
2021-05-14,52.13100051879883
2021-05-17,48.935001373291016
2021-05-18,48.720001220703125
2021-05-19,45.486000061035156
2021-05-20,47.26599884033203
2021-05-21,45.051998138427734
2021-05-24,47.244998931884766
2021-05-25,46.96699905395508
2021-05-26,48.27899932861328
2021-05-27,49.3849983215332
2021-05-28,47.0
2021-06-01,47.7760009765625
2021-06-02,49.849998474121094
2021-06-03,48.86399841308594
2021-06-04,48.46699905395508
2021-06-07,46.98099899291992
2021-06-08,45.9379997253418
2021-06-09,51.29899978637695
2021-06-10,50.8650016784668
2021-06-11,51.64400100708008
2021-06-14,59.8489990234375
2021-06-15,63.05400085449219
2021-06-16,61.981998443603516
2021-06-17,63.08100128173828
2021-06-18,64.64600372314453
2021-06-21,58.367000579833984
2021-06-22,55.37200164794922
2021-06-23,55.29999923706055
2021-06-24,58.1879997253418
2021-06-25,55.005001068115234
2021-06-28,62.41699981689453
2021-06-29,66.89900207519531
2021-06-30,66.44999694824219
2021-07-01,65.08599853515625
2021-07-02,63.56100082397461
2021-07-06,63.42900085449219
2021-07-07,63.986000061035156
2021-07-08,61.84400177001953
2021-07-09,62.86600112915039
2021-07-12,58.86899948120117
2021-07-13,57.987998962402344
2021-07-14,56.042999267578125
2021-07-15,54.104000091552734
2021-07-16,52.308998107910156
2021-07-19,49.87200164794922
2021-07-20,50.178001403808594
2021-07-21,55.694000244140625
2021-07-22,55.59400177001953
2021-07-23,53.97100067138672
2021-07-26,68.25
2021-07-27,63.06100082397461
2021-07-28,64.66500091552734
2021-07-29,62.500999450683594
2021-07-30,62.60100173950195
2021-08-02,63.77899932861328
2021-08-03,62.50600051879883
2021-08-04,67.09300231933594
2021-08-05,71.56199645996094
2021-08-06,74.87200164794922
2021-08-09,76.77300262451172
2021-08-10,75.04900360107422
2021-08-11,74.7490005493164
2021-08-12,72.0989990234375
2021-08-13,72.80000305175781
2021-08-16,69.7509994506836
2021-08-17,66.36900329589844
2021-08-18,65.50499725341797
2021-08-19,67.6259994506836
2021-08-20,71.65599822998047
2021-08-23,71.85099792480469
2021-08-24,71.55000305175781
2021-08-25,72.6709976196289
2021-08-26,69.36599731445312
2021-08-27,70.72000122070312
2021-08-30,70.29900360107422
2021-08-31,69.43000030517578
2021-09-01,70.25
2021-09-02,69.57099914550781
2021-09-03,71.22599792480469
2021-09-07,64.8010025024414
2021-09-08,63.86199951171875
2021-09-09,64.06199645996094
2021-09-10,61.55699920654297
2021-09-13,64.2699966430664
2021-09-14,61.847999572753906
2021-09-15,63.29999923706055
2021-09-16,63.29999923706055
2021-09-17,61.42900085449219
2021-09-20,58.8390007019043
2021-09-21,58.10200119018555
2021-09-22,59.96099853515625
2021-09-23,61.65700149536133
2021-09-24,59.93899917602539
2021-09-27,59.474998474121094
2021-09-28,57.35100173950195
2021-09-29,56.63199996948242
2021-09-30,57.84000015258789
2021-10-01,61.24599838256836
2021-10-04,60.724998474121094
2021-10-05,65.10099792480469
2021-10-06,67.38099670410156
2021-10-07,69.27899932861328
2021-10-08,70.88200378417969
2021-10-11,73.18000030517578
2021-10-12,71.06500244140625
2021-10-13,72.62999725341797
2021-10-14,72.3949966430664
2021-10-15,74.98500061035156
2021-10-18,73.96399688720703
2021-10-19,72.7249984741211
2021-10-20,75.81800079345703
2021-10-21,73.54299926757812
2021-10-22,71.85199737548828
2021-10-25,74.60199737548828
2021-10-26,73.48600006103516
2021-10-27,71.50199890136719
2021-10-28,71.71299743652344
2021-10-29,71.50599670410156
2021-11-01,73.61199951171875
2021-11-02,79.41400146484375
2021-11-03,81.0250015258789
2021-11-04,80.0
2021-11-05,79.7509994506836
2021-11-08,86.0
2021-11-09,85.9010009765625
2021-11-10,81.63400268554688
2021-11-11,81.83599853515625
2021-11-12,81.1729965209961
2021-11-15,79.5
2021-11-16,75.2020034790039
2021-11-17,75.30000305175781
2021-11-18,72.73600006103516
2021-11-19,71.83100128173828
2021-11-22,69.00199890136719
2021-11-23,69.677001953125
2021-11-24,70.08999633789062
2021-11-26,66.30000305175781
2021-11-29,69.5479965209961
2021-11-30,72.14299774169922
2021-12-01,70.5469970703125
2021-12-02,68.33599853515625
2021-12-03,63.0989990234375
2021-12-06,59.64699935913086
2021-12-07,62.81700134277344
2021-12-08,63.65399932861328
2021-12-09,59.1879997253418
2021-12-10,60.08399963378906
2021-12-13,57.16400146484375
2021-12-14,58.03799819946289
2021-12-15,59.85900115966797
2021-12-16,56.694000244140625
2021-12-17,57.15800094604492
2021-12-20,54.638999938964844
2021-12-21,56.75
2021-12-22,56.999000549316406
2021-12-23,59.72100067138672
2021-12-27,60.827999114990234
2021-12-28,56.797000885009766
2021-12-29,55.60900115966797
2021-12-30,56.23400115966797
2021-12-31,54.44900131225586
2022-01-03,55.82600021362305
2022-01-04,55.106998443603516
2022-01-05,50.90999984741211
2022-01-06,49.86199951171875
2022-01-07,48.29499816894531
2022-01-10,48.19499969482422
2022-01-11,50.65599822998047
2022-01-12,51.4640007019043
2022-01-13,48.95899963378906
2022-01-14,49.95600128173828
2022-01-18,46.827999114990234
2022-01-19,46.04199981689453
2022-01-20,45.75299835205078
2022-01-21,37.5890007019043
2022-01-24,37.04499816894531
2022-01-25,36.505001068115234
2022-01-26,35.3650016784668
2022-01-27,31.94499969482422
2022-01-28,33.89500045776367
2022-01-31,36.80099868774414
2022-02-01,37.29999923706055
2022-02-02,34.88399887084961
2022-02-03,34.00899887084961
2022-02-04,39.16400146484375
2022-02-07,41.34700012207031
2022-02-08,42.542999267578125
2022-02-09,44.65999984741211
2022-02-10,43.14799880981445
2022-02-11,41.10100173950195
2022-02-14,40.94900131225586
2022-02-15,43.7239990234375
2022-02-16,43.49800109863281
2022-02-17,40.459999084472656
2022-02-18,39.59700012207031
2022-02-22,37.77000045776367
2022-02-23,36.50299835205078
2022-02-24,39.69599914550781
2022-02-25,40.5
2022-02-28,44.29999923706055
2022-03-01,46.472999572753906
2022-03-02,45.92900085449219
2022-03-03,42.869998931884766
2022-03-04,41.0359992980957
2022-03-07,38.89099884033203
2022-03-08,41.0359992980957
2022-03-09,43.67499923706055
2022-03-10,42.112998962402344
2022-03-11,39.082000732421875
2022-03-14,36.99300003051758
2022-03-15,39.61399841308594
2022-03-16,42.87799835205078
2022-03-17,43.409000396728516
2022-03-18,45.428001403808594
2022-03-21,43.64799880981445
2022-03-22,45.994998931884766
2022-03-23,45.069000244140625
2022-03-24,48.391998291015625
2022-03-25,47.242000579833984
2022-03-28,51.0
2022-03-29,52.0
2022-03-30,50.069000244140625
2022-03-31,48.63199996948242
2022-04-01,49.097999572753906
2022-04-04,50.125999450683594
2022-04-05,48.72800064086914
2022-04-06,45.51100158691406
2022-04-07,46.361000061035156
2022-04-08,45.32400131225586
2022-04-11,43.638999938964844
2022-04-12,44.345001220703125
2022-04-13,46.358001708984375
2022-04-14,44.91899871826172
2022-04-18,44.5890007019043
2022-04-19,47.11399841308594
2022-04-20,44.90299987792969
2022-04-21,42.7859992980957
2022-04-22,40.90800094604492
2022-04-25,42.79999923706055
2022-04-26,39.10100173950195
2022-04-27,38.577999114990234
2022-04-28,40.04899978637695
2022-04-29,35.41699981689453
2022-05-02,36.590999603271484
2022-05-03,34.34000015258789
2022-05-04,36.64400100708008
2022-05-05,31.45199966430664
2022-05-06,29.423999786376953
2022-05-09,21.905000686645508
2022-05-10,22.552000045776367
2022-05-11,16.81999969482422
2022-05-12,17.118000030517578
2022-05-13,20.457000732421875
2022-05-16,20.150999069213867
2022-05-17,22.48699951171875
2022-05-18,19.743999481201172
2022-05-19,21.07699966430664
2022-05-20,20.274999618530273
2022-05-23,20.437000274658203
2022-05-24,19.301000595092773
2022-05-25,19.812000274658203
2022-05-26,21.610000610351562
2022-05-27,21.93899917602539
2022-05-31,26.4689998626709
2022-06-01,23.81399917602539
2022-06-02,24.445999145507812
2022-06-03,22.722000122070312
2022-06-06,23.54400062561035
2022-06-07,24.0
2022-06-08,23.288999557495117
2022-06-09,21.775999069213867
2022-06-10,20.336000442504883
2022-06-13,15.21500015258789
2022-06-14,15.687000274658203
2022-06-15,17.134000778198242
2022-06-16,16.134000778198242
2022-06-17,16.760000228881836
2022-06-21,17.895999908447266
2022-06-22,17.090999603271484
2022-06-23,18.83099937438965
2022-06-24,20.54400062561035
2022-06-27,19.67300033569336
2022-06-28,18.61199951171875
2022-06-29,17.9689998626709
2022-06-30,16.43000030517578
2022-07-01,16.677000045776367
2022-07-05,18.76799964904785
2022-07-06,18.829999923706055
2022-07-07,21.951000213623047
2022-07-08,22.128000259399414
2022-07-11,20.09000015258789
2022-07-12,19.25200080871582
2022-07-13,19.55500030517578
2022-07-14,20.458999633789062
2022-07-15,21.398000717163086
2022-07-18,22.562999725341797
2022-07-19,26.716999053955078
2022-07-20,28.87700080871582
2022-07-21,28.97100067138672
2022-07-22,28.191999435424805
2022-07-25,26.586000442504883
2022-07-26,23.763999938964844
2022-07-27,26.239999771118164
2022-07-28,27.57200050354004
2022-07-29,28.606000900268555
2022-08-01,27.573999404907227
2022-08-02,27.826000213623047
2022-08-03,31.368000030517578
2022-08-04,30.930999755859375
2022-08-05,31.915000915527344
2022-08-08,33.000999450683594
2022-08-09,31.937999725341797
2022-08-10,33.58000183105469
2022-08-11,33.69900131225586
2022-08-12,35.284000396728516
2022-08-15,34.90800094604492
2022-08-16,34.263999938964844
2022-08-17,32.52000045776367
2022-08-18,32.4379997253418
2022-08-19,28.299999237060547
2022-08-22,26.80900001525879
2022-08-23,26.579999923706055
2022-08-24,27.44099998474121
2022-08-25,27.2810001373291
2022-08-26,24.920000076293945
2022-08-29,24.496000289916992
2022-08-30,24.023000717163086
2022-08-31,23.1560001373291
2022-09-01,22.091999053955078
2022-09-02,21.805999755859375
2022-09-06,20.424999237060547
2022-09-07,21.861000061035156
2022-09-08,23.450000762939453
2022-09-09,26.19700050354004
2022-09-12,26.29800033569336
2022-09-13,23.125
2022-09-14,22.599000930786133
2022-09-15,21.694000244140625
2022-09-16,20.634000778198242
2022-09-19,20.6200008392334
2022-09-20,19.65999984741211
2022-09-21,19.591999053955078
2022-09-22,19.23200035095215
2022-09-23,19.145000457763672
2022-09-26,20.01799964904785
2022-09-27,20.60700035095215
2022-09-28,22.047000885009766
2022-09-29,21.18199920654297
2022-09-30,21.22599983215332
2022-10-03,22.45199966430664
2022-10-04,24.874000549316406
2022-10-05,24.2189998626709
2022-10-06,24.16699981689453
2022-10-07,22.030000686645508
2022-10-10,22.065000534057617
2022-10-11,21.636999130249023
2022-10-12,21.83799934387207
2022-10-13,22.054000854492188
2022-10-14,20.930999755859375
2022-10-17,22.113000869750977
2022-10-18,23.5
2022-10-19,22.607999801635742
2022-10-20,22.10099983215332
2022-10-21,23.261999130249023
2022-10-24,23.760000228881836
2022-10-25,26.868999481201172
2022-10-26,27.27199935913086
2022-10-27,27.055999755859375
2022-10-28,27.999000549316406
2022-10-31,26.750999450683594
2022-11-01,25.719999313354492
2022-11-02,24.822999954223633
2022-11-03,24.8439998626709
2022-11-04,27.709999084472656
2022-11-07,26.663999557495117
2022-11-08,21.18400001525879
2022-11-09,17.035999298095703
2022-11-10,17.5
2022-11-11,17.51799964904785
2022-11-14,16.59000015258789
2022-11-15,17.152999877929688
2022-11-16,16.944000244140625
2022-11-17,17.38800048828125
2022-11-18,17.011999130249023
2022-11-21,15.722000122070312
2022-11-22,16.70800018310547
2022-11-23,17.638999938964844
2022-11-25,18.299999237060547
2022-11-28,17.66699981689453
2022-11-29,18.200000762939453
2022-11-30,19.80900001525879
2022-12-01,19.898000717163086
2022-12-02,20.694000244140625
2022-12-05,19.566999435424805
2022-12-06,19.552000045776367
2022-12-07,19.349000930786133
2022-12-08,20.256999969482422
2022-12-09,20.325000762939453
2022-12-12,19.615999221801758
2022-12-13,20.180999755859375
2022-12-14,20.273000717163086
2022-12-15,18.799999237060547
2022-12-16,17.375
2022-12-19,17.020999908447266
2022-12-20,16.885000228881836
2022-12-21,16.881999969482422
2022-12-22,16.62299919128418
2022-12-23,16.267000198364258
2022-12-27,14.77400016784668
2022-12-28,13.809000015258789
2022-12-29,13.663000106811523
2022-12-30,14.156999588012695
2023-01-03,14.501999855041504
2023-01-04,16.506000518798828
2023-01-05,15.656000137329102
2023-01-06,16.045000076293945
2023-01-09,17.500999450683594
2023-01-10,19.0
2023-01-11,19.47599983215332
2023-01-12,21.017000198364258
2023-01-13,21.69700050354004
2023-01-17,23.591999053955078
2023-01-18,22.118999481201172
2023-01-19,22.145000457763672
2023-01-20,24.003000259399414
2023-01-23,25.02199935913086
2023-01-24,24.75
2023-01-25,24.583999633789062
2023-01-26,24.531999588012695
2023-01-27,25.836000442504883
2023-01-30,24.569000244140625
2023-01-31,25.17300033569336
2023-02-01,26.79199981689453
2023-02-02,29.21299934387207
2023-02-03,28.47599983215332
2023-02-06,28.204999923706055
2023-02-07,28.386999130249023
2023-02-08,27.59600067138672
2023-02-09,24.90399932861328
2023-02-10,24.336999893188477
2023-02-13,24.924999237060547
2023-02-14,27.11400032043457
2023-02-15,29.84000015258789
2023-02-16,28.402999877929688
2023-02-17,29.405000686645508
2023-02-21,26.992000579833984
2023-02-22,26.857999801635742
2023-02-23,26.575000762939453
2023-02-24,25.579999923706055
2023-02-27,25.864999771118164
2023-02-28,26.226999282836914
2023-03-01,25.791000366210938
2023-03-02,25.288999557495117
2023-03-03,24.69099998474121
2023-03-06,23.7450008392334
2023-03-07,23.143999099731445
2023-03-08,23.27199935913086
2023-03-09,21.082000732421875
2023-03-10,19.201000213623047
2023-03-13,22.31599998474121
2023-03-14,22.94700050354004
2023-03-15,22.7549991607666
2023-03-16,24.107999801635742
2023-03-17,26.766000747680664
2023-03-20,26.395999908447266
2023-03-21,27.33799934387207
2023-03-22,24.68600082397461
2023-03-23,26.33300018310547
2023-03-24,25.66699981689453
2023-03-27,23.895999908447266
2023-03-28,24.826000213623047
2023-03-29,28.402999877929688
2023-03-30,27.92300033569336
2023-03-31,29.23200035095215
2023-04-03,29.73900032043457
2023-04-04,29.898000717163086
2023-04-05,29.083999633789062
2023-04-06,29.010000228881836
2023-04-10,31.277999877929688
2023-04-11,33.23500061035156
2023-04-12,32.28300094604492
2023-04-13,34.071998596191406
2023-04-14,33.375
2023-04-17,31.30299949645996
2023-04-18,32.98500061035156
2023-04-19,31.472000122070312
2023-04-20,29.47100067138672
2023-04-21,29.101999282836914
2023-04-24,28.533000946044922
2023-04-25,29.090999603271484
2023-04-26,29.945999145507812
2023-04-27,31.86400032043457
2023-04-28,32.8380012512207
2023-05-01,30.746999740600586
2023-05-02,32.80099868774414
2023-05-03,30.424999237060547
2023-05-04,31.224000930786133
2023-05-05,32.672000885009766
2023-05-08,29.466999053955078
2023-05-09,30.343000411987305
2023-05-10,31.51099967956543
2023-05-11,28.73699951171875
2023-05-12,27.100000381469727
2023-05-15,28.25
2023-05-16,27.3439998626709
2023-05-17,29.05699920654297
2023-05-18,28.757999420166016
2023-05-19,28.827999114990234
2023-05-22,29.41200065612793
2023-05-23,28.933000564575195
2023-05-24,28.44300079345703
2023-05-25,28.099000930786133
2023-05-26,28.510000228881836
2023-05-30,29.927000045776367
2023-05-31,30.163000106811523
2023-06-01,29.993999481201172
2023-06-02,30.21299934387207
2023-06-05,27.63599967956543
2023-06-06,29.881999969482422
2023-06-07,29.08099937438965
2023-06-08,29.093000411987305
2023-06-09,28.232999801635742
2023-06-12,27.770000457763672
2023-06-13,28.381999969482422
2023-06-14,28.288000106811523
2023-06-15,27.79199981689453
2023-06-16,29.339000701904297
2023-06-20,31.34000015258789
2023-06-21,33.13100051879883
2023-06-22,32.722999572753906
2023-06-23,32.9109992980957
2023-06-26,30.573999404907227
2023-06-27,32.487998962402344
2023-06-28,32.56100082397461
2023-06-29,34.0260009765625
2023-06-30,34.242000579833984
2023-07-03,37.784000396728516
2023-07-05,37.81100082397461
2023-07-06,37.654998779296875
2023-07-07,38.07400131225586
2023-07-10,40.770999908447266
2023-07-11,41.22999954223633
2023-07-12,41.3489990234375
2023-07-13,46.18299865722656
2023-07-14,45.88600158691406
2023-07-17,44.987998962402344
2023-07-18,44.58000183105469
2023-07-19,45.310001373291016
2023-07-20,44.08300018310547
2023-07-21,43.665000915527344
2023-07-24,43.09400177001953
2023-07-25,43.68199920654297
2023-07-26,44.34600067138672
2023-07-27,42.6150016784668
2023-07-28,43.46099853515625
2023-07-31,43.78799819946289
2023-08-01,43.49800109863281
2023-08-02,40.733001708984375
2023-08-03,38.99100112915039
2023-08-04,37.696998596191406
2023-08-07,37.082000732421875
2023-08-08,38.948001861572266
2023-08-09,37.784000396728516
2023-08-10,37.80099868774414
2023-08-11,38.430999755859375
2023-08-14,38.882999420166016
2023-08-15,37.6150016784668
2023-08-16,36.96699905395508
2023-08-17,34.67900085449219
2023-08-18,32.86199951171875
2023-08-21,33.525001525878906
2023-08-22,32.95100021362305
2023-08-23,34.63999938964844
2023-08-24,33.65599822998047
2023-08-25,33.60499954223633
2023-08-28,34.4370002746582
2023-08-29,38.152000427246094
2023-08-30,37.167999267578125
2023-08-31,35.75299835205078
2023-09-01,35.14799880981445
2023-09-05,34.92499923706055
2023-09-06,35.06999969482422
2023-09-07,35.30699920654297
2023-09-08,35.62799835205078
2023-09-11,34.268001556396484
2023-09-12,34.7760009765625
2023-09-13,34.183998107910156
2023-09-14,34.63999938964844
2023-09-15,34.077999114990234
2023-09-18,34.0620002746582
2023-09-19,33.92599868774414
2023-09-20,33.34700012207031
2023-09-21,32.60599899291992
2023-09-22,32.28099822998047
2023-09-25,32.7599983215332
2023-09-26,31.729999542236328
2023-09-27,31.562999725341797
2023-09-28,32.891998291015625
2023-09-29,32.827999114990234
2023-10-02,32.94900131225586
2023-10-03,31.132999420166016
2023-10-04,32.040000915527344
2023-10-05,32.34199905395508
2023-10-06,34.0629997253418
2023-10-09,34.04499816894531
2023-10-10,34.04600143432617
2023-10-11,33.46099853515625
2023-10-12,32.36000061035156
2023-10-13,31.82200050354004
2023-10-16,32.58000183105469
2023-10-17,33.54100036621094
2023-10-18,32.91400146484375
2023-10-19,34.23500061035156
2023-10-20,34.80400085449219
2023-10-23,37.749000549316406
2023-10-24,42.48699951171875
2023-10-25,43.321998596191406
2023-10-26,41.345001220703125
2023-10-27,40.67599868774414
2023-10-30,42.02199935913086
2023-10-31,42.3390007019043
2023-11-01,42.66699981689453
2023-11-02,45.362998962402344
2023-11-03,45.39500045776367
2023-11-06,45.9630012512207
2023-11-07,47.35499954223633
2023-11-08,47.45000076293945
2023-11-09,49.40700149536133
2023-11-10,50.917999267578125
2023-11-13,50.487998962402344
2023-11-14,48.0
2023-11-15,50.595001220703125
2023-11-16,48.90800094604492
2023-11-17,48.62200164794922
2023-11-20,50.85300064086914
2023-11-21,49.30400085449219
2023-11-22,50.78799819946289
2023-11-24,52.02399826049805
2023-11-27,49.53799819946289
2023-11-28,50.58700180053711
2023-11-29,50.709999084472656
2023-11-30,49.83000183105469
2023-12-01,52.768001556396484
2023-12-04,56.321998596191406
2023-12-05,57.75
2023-12-06,56.888999938964844
2023-12-07,57.10900115966797
2023-12-08,59.93899917602539
2023-12-11,55.58000183105469
2023-12-12,55.832000732421875
2023-12-13,58.599998474121094
2023-12-14,58.23699951171875
2023-12-15,57.04100036621094
2023-12-18,57.189998626708984
2023-12-19,57.130001068115234
2023-12-20,57.34700012207031
2023-12-21,58.19499969482422
2023-12-22,61.92399978637695
2023-12-26,60.388999938964844
2023-12-27,67.07099914550781
2023-12-28,66.78800201416016
2023-12-29,63.1619987487793
2024-01-02,68.51499938964844
2024-01-03,63.10599899291992
2024-01-04,65.58100128173828
2024-01-05,63.108001708984375
2024-01-08,59.80099868774414
2024-01-09,57.729000091552734
2024-01-10,56.56700134277344
2024-01-11,53.61800003051758
2024-01-12,48.553001403808594
2024-01-16,48.2140007019043
2024-01-17,49.900001525878906
2024-01-18,48.65999984741211
2024-01-19,48.099998474121094
2024-01-22,47.01900100708008
2024-01-23,45.01900100708008
2024-01-24,45.0989990234375
2024-01-25,45.77799987792969
2024-01-26,49.45000076293945
2024-01-29,51.38100051879883
2024-01-30,51.95100021362305
2024-01-31,50.12099838256836
2024-02-01,50.347999572753906
2024-02-02,50.0099983215332
2024-02-05,49.060001373291016
2024-02-06,49.79999923706055
2024-02-07,50.80099868774414
2024-02-08,58.78099822998047
2024-02-09,64.63200378417969
2024-02-12,71.75199890136719
2024-02-13,68.60199737548828
2024-02-14,76.98799896240234
2024-02-15,71.80000305175781
2024-02-16,69.95600128173828
2024-02-20,70.49800109863281
2024-02-21,67.27999877929688
2024-02-22,71.31500244140625
2024-02-23,68.74400329589844
2024-02-26,79.64800262451172
2024-02-27,87.18000030517578
2024-02-28,96.29499816894531
2024-02-29,102.28399658203125
2024-03-01,107.93900299072266
2024-03-04,133.4010009765625
2024-03-05,105.10099792480469
2024-03-06,124.62100219726562
2024-03-07,130.0019989013672
2024-03-08,142.5590057373047
2024-03-11,148.42300415039062
2024-03-12,159.3350067138672
2024-03-13,176.61500549316406
2024-03-14,167.68499755859375
2024-03-15,178.23599243164062
2024-03-18,150.2760009765625
2024-03-19,141.75
2024-03-20,154.65199279785156
2024-03-21,159.9290008544922
2024-03-22,152.3000030517578
2024-03-25,185.60000610351562
2024-03-26,187.69900512695312
2024-03-27,191.91600036621094
2024-03-28,170.45599365234375
2024-04-01,163.6739959716797
2024-04-02,157.88299560546875
2024-04-03,160.61099243164062
2024-04-04,161.54200744628906
2024-04-05,143.89999389648438
2024-04-08,151.2989959716797
2024-04-09,144.1020050048828
2024-04-10,156.60000610351562
2024-04-11,155.18099975585938
2024-04-12,147.95799255371094
2024-04-15,133.58799743652344
2024-04-16,125.40299987792969
2024-04-17,118.80500030517578
2024-04-18,120.81600189208984
2024-04-19,117.41100311279297
2024-04-22,132.4010009765625
2024-04-23,133.86399841308594
2024-04-24,126.56700134277344
2024-04-25,124.04100036621094
2024-04-26,128.23800659179688
2024-04-29,129.2969970703125
2024-04-30,106.50299835205078
2024-05-01,102.8270034790039
2024-05-02,112.94200134277344
2024-05-03,122.3010025024414
2024-05-06,126.88099670410156
2024-05-07,125.74500274658203
2024-05-08,123.31199645996094
2024-05-09,126.36399841308594
2024-05-10,118.0479965209961
2024-05-13,124.59600067138672
2024-05-14,129.76300048828125
2024-05-15,150.3470001220703
2024-05-16,143.9980010986328
2024-05-17,158.4499969482422
2024-05-20,172.7239990234375
2024-05-21,165.54200744628906
2024-05-22,164.6999969482422
2024-05-23,154.40699768066406
2024-05-24,168.48399353027344
2024-05-28,167.53500366210938
2024-05-29,161.8699951171875
2024-05-30,154.10000610351562
2024-05-31,152.44900512695312
2024-06-03,162.74099731445312
2024-06-04,163.8769989013672
2024-06-05,169.468994140625
2024-06-06,165.66299438476562
2024-06-07,159.6199951171875
2024-06-10,159.99200439453125
2024-06-11,155.5489959716797
2024-06-12,160.36700439453125
2024-06-13,148.38800048828125
2024-06-14,149.5540008544922
2024-06-17,150.7259979248047
2024-06-18,146.9429931640625
2024-06-20,146.5399932861328
2024-06-21,148.37600708007812
2024-06-24,137.21499633789062
2024-06-25,149.57400512695312
2024-06-26,145.7729949951172
2024-06-27,152.5399932861328
2024-06-28,137.7480010986328
2024-07-01,136.5970001220703
2024-07-02,132.0189971923828
2024-07-03,130.20899963378906
2024-07-05,128.1719970703125
2024-07-08,129.05799865722656
2024-07-09,130.177001953125
2024-07-10,130.57200622558594
2024-07-11,135.8560028076172
2024-07-12,139.67599487304688
2024-07-15,161.1280059814453
2024-07-16,166.42999267578125
2024-07-17,159.0
2024-07-18,155.51600646972656
2024-07-19,177.85000610351562
2024-07-22,180.00900268554688
2024-07-23,172.177001953125
2024-07-24,167.2689971923828
2024-07-25,160.64700317382812
2024-07-26,175.27099609375
2024-07-29,168.48500061035156
2024-07-30,160.40699768066406
2024-07-31,161.44400024414062
2024-08-01,151.18099975585938
2024-08-02,144.7989959716797
2024-08-05,130.89999389648438
2024-08-06,136.92100524902344
2024-08-07,124.68499755859375
2024-08-08,135.99000549316406
2024-08-09,135.3699951171875
2024-08-12,131.4600067138672
2024-08-13,135.3800048828125
2024-08-14,130.3699951171875
2024-08-15,131.92999267578125
2024-08-16,133.0399932861328
2024-08-19,135.35000610351562
2024-08-20,133.69000244140625
2024-08-21,141.4199981689453
2024-08-22,133.80999755859375
2024-08-23,150.00999450683594
2024-08-26,146.89999389648438
2024-08-27,140.00999450683594
2024-08-28,132.08999633789062
2024-08-29,132.55999755859375
2024-08-30,132.4199981689453
2024-09-03,122.31999969482422
2024-09-04,124.8499984741211
2024-09-05,119.56999969482422
2024-09-06,114.30000305175781
2024-09-09,124.81999969482422
2024-09-10,129.63999938964844
2024-09-11,129.27999877929688
2024-09-12,130.77000427246094
2024-09-13,141.47000122070312
2024-09-16,134.52999877929688
2024-09-17,131.27000427246094
2024-09-18,132.6699981689453
2024-09-19,144.66000366210938
2024-09-20,144.77999877929688
2024-09-23,149.97000122070312
2024-09-24,153.8800048828125
2024-09-25,151.94000244140625
2024-09-26,165.97999572753906
2024-09-27,176.22000122070312
2024-09-30,168.60000610351562
2024-10-01,162.69000244140625
2024-10-02,164.63999938964844
2024-10-03,163.41000366210938
2024-10-04,176.50999450683594
2024-10-07,186.08999633789062
2024-10-08,192.1999969482422
2024-10-09,188.91000366210938
2024-10-10,183.33999633789062
2024-10-11,212.58999633789062
2024-10-14,201.6699981689453
2024-10-15,194.30999755859375
2024-10-16,194.08999633789062
2024-10-17,193.4199981689453
2024-10-18,215.86000061035156
2024-10-21,219.0500030517578
2024-10-22,219.6999969482422
2024-10-23,213.9499969482422
2024-10-24,235.88999938964844
2024-10-25,234.33999633789062
2024-10-28,255.33999633789062
2024-10-29,258.239990234375
2024-10-30,247.30999755859375
2024-10-31,244.5
2024-11-01,229.7100067138672
2024-11-04,222.99000549316406
2024-11-05,227.8000030517578
2024-11-06,257.80999755859375
2024-11-07,270.80999755859375
2024-11-08,270.4200134277344
2024-11-11,340.0
2024-11-12,356.5899963378906
2024-11-13,328.3800048828125
2024-11-14,327.6700134277344
2024-11-15,340.6499938964844
2024-11-18,384.7900085449219
2024-11-19,430.5400085449219
2024-11-20,473.8299865722656
2024-11-21,397.2799987792969
2024-11-22,421.8800048828125
2024-11-25,403.45001220703125
2024-11-26,353.69000244140625
2024-11-27,388.8399963378906
2024-11-29,387.4700012207031
2024-12-02,380.29998779296875
2024-12-03,373.42999267578125
2024-12-04,406.0
2024-12-05,386.3999938964844
2024-12-06,395.010009765625
2024-12-09,365.3399963378906
2024-12-10,377.32000732421875
2024-12-11,411.3999938964844
2024-12-12,392.19000244140625
2024-12-13,408.6700134277344
2024-12-16,408.5
2024-12-17,386.4200134277344
2024-12-18,349.6400146484375
2024-12-19,326.4599914550781
2024-12-20,364.20001220703125
2024-12-23,332.2300109863281
2024-12-24,358.17999267578125
2024-12-26,341.04998779296875
2024-12-27,330.0
2024-12-30,302.9599914550781
2024-12-31,289.6199951171875
2025-01-02,300.010009765625
2025-01-03,339.6600036621094
2025-01-06,379.0899963378906
2025-01-07,341.42999267578125
2025-01-08,331.70001220703125
2025-01-10,327.9100036621094
2025-01-13,328.3999938964844
2025-01-14,342.1700134277344
2025-01-15,360.6199951171875
2025-01-16,367.0
2025-01-17,396.5
2025-01-21,389.1000061035156
2025-01-22,377.30999755859375
2025-01-23,373.1199951171875
2025-01-24,353.6700134277344
2025-01-27,347.9200134277344
2025-01-28,335.92999267578125
2025-01-29,341.25
2025-01-30,340.0899963378906
2025-01-31,334.7900085449219
2025-02-03,347.0899963378906
2025-02-04,348.30999755859375
2025-02-05,336.70001220703125
2025-02-06,325.4599914550781
2025-02-07,327.55999755859375
2025-02-10,334.6199951171875
2025-02-11,319.4599914550781
2025-02-12,326.82000732421875
2025-02-13,324.9200134277344
2025-02-14,337.7300109863281
2025-02-18,333.9700012207031
2025-02-19,318.6700134277344
2025-02-20,323.9200134277344
2025-02-21,299.69000244140625
2025-02-24,282.760009765625
2025-02-25,250.50999450683594
2025-02-26,263.2699890136719
2025-02-27,240.0500030517578
2025-02-28,255.42999267578125
2025-03-03,250.9199981689453
2025-03-04,275.1499938964844
2025-03-05,308.54998779296875
2025-03-06,304.1099853515625
2025-03-07,287.17999267578125
2025-03-10,239.27000427246094
2025-03-11,260.5899963378906
2025-03-12,262.54998779296875
2025-03-13,263.260009765625
2025-03-14,297.489990234375
2025-03-17,294.2699890136719
2025-03-18,283.19000244140625
2025-03-19,304.2300109863281
2025-03-20,302.07000732421875
2025-03-21,304.0
2025-03-24,335.7200012207031
2025-03-25,341.80999755859375
2025-03-26,329.30999755859375
2025-03-27,324.5899963378906
2025-03-28,289.4100036621094
2025-03-31,288.2699890136719
2025-04-01,306.0199890136719
2025-04-02,312.5400085449219
2025-04-03,282.2799987792969
2025-04-04,293.6099853515625
2025-04-07,268.1400146484375
2025-04-08,237.9499969482422
2025-04-09,296.8599853515625
2025-04-10,272.3399963378906
2025-04-11,299.9800109863281
2025-04-14,311.45001220703125
2025-04-15,310.7200012207031
2025-04-16,311.6600036621094
2025-04-17,317.20001220703125
2025-04-21,317.760009765625
2025-04-22,343.0299987792969
2025-04-23,345.7300109863281
2025-04-24,350.3399963378906
2025-04-25,368.7099914550781
2025-04-28,369.25
2025-04-29,381.45001220703125
2025-04-30,380.1099853515625
2025-05-01,381.6000061035156
2025-05-02,394.3699951171875
2025-05-05,386.5299987792969
2025-05-06,385.6000061035156
2025-05-07,392.4800109863281
2025-05-08,414.3800048828125
2025-05-09,416.0299987792969
2025-05-12,404.8999938964844
2025-05-13,421.6099853515625
2025-05-14,416.75
2025-05-15,397.0299987792969
2025-05-16,399.79998779296875
2025-05-19,413.4200134277344
2025-05-20,416.9200134277344
2025-05-21,402.69000244140625
2025-05-22,399.4599914550781
2025-05-23,369.510009765625
2025-05-27,372.20001220703125
2025-05-28,364.25
2025-05-29,370.6300048828125
2025-05-30,369.05999755859375
2025-06-02,372.2699890136719
2025-06-03,387.42999267578125
2025-06-04,378.1000061035156
2025-06-05,368.7900085449219
2025-06-06,374.4700012207031
2025-06-09,392.1199951171875
2025-06-10,391.17999267578125
2025-06-11,387.1099853515625
2025-06-12,379.760009765625
2025-06-13,382.8699951171875
2025-06-16,382.25
2025-06-17,375.17999267578125
2025-06-18,369.0299987792969
2025-06-20,369.70001220703125
2025-06-23,367.17999267578125
2025-06-24,377.0199890136719
2025-06-25,388.6700134277344
2025-06-26,386.44000244140625
2025-06-27,383.8800048828125
2025-06-30,404.2300109863281
2025-07-01,373.29998779296875
2025-07-02,402.2799987792969
2025-07-03,403.989990234375
2025-07-07,395.6700134277344
2025-07-08,396.94000244140625
2025-07-09,415.4100036621094
2025-07-10,421.739990234375
2025-07-11,434.5799865722656
2025-07-14,451.0199890136719
2025-07-15,442.30999755859375
2025-07-16,455.8999938964844
2025-07-17,451.3399963378906
2025-07-18,423.2200012207031
2025-07-21,426.2799987792969
2025-07-22,426.3999938964844
2025-07-23,412.6700134277344
2025-07-24,414.9200134277344
2025-07-25,405.8900146484375
2025-07-28,403.79998779296875
2025-07-29,394.6600036621094
2025-07-30,395.0400085449219
2025-07-31,401.8599853515625
2025-08-01,366.6300048828125
2025-08-04,389.239990234375
2025-08-05,375.4599914550781
2025-08-06,383.4100036621094
2025-08-07,402.010009765625
2025-08-08,395.1300048828125
2025-08-11,400.25
2025-08-12,394.3900146484375
2025-08-13,389.8999938964844
2025-08-14,372.94000244140625
2025-08-15,366.32000732421875
2025-08-18,363.6000061035156
2025-08-19,336.57000732421875
2025-08-20,344.3699951171875
2025-08-21,337.5799865722656
2025-08-22,358.1300048828125
2025-08-25,343.20001220703125
2025-08-26,351.3599853515625
2025-08-27,342.05999755859375
2025-08-28,338.8399963378906
2025-08-29,334.4100036621094
2025-09-02,341.6199951171875
2025-09-03,330.260009765625
2025-09-04,327.5899963378906
2025-09-05,335.8699951171875
2025-09-08,329.8999938964844
2025-09-09,328.5299987792969
2025-09-10,326.45001220703125
2025-09-11,326.0199890136719
2025-09-12,331.44000244140625
2025-09-15,327.7900085449219
2025-09-16,335.0899963378906
2025-09-17,329.7099914550781
2025-09-18,349.1199951171875
2025-09-19,344.75
2025-09-22,335.92999267578125
2025-09-23,327.7799987792969
2025-09-24,323.30999755859375
2025-09-25,300.70001220703125
2025-09-26,309.05999755859375
2025-09-29,326.4200134277344
2025-09-30,322.2099914550781
2025-10-01,338.4100036621094
2025-10-02,352.3299865722656
2025-10-03,351.6300048828125
2025-10-06,359.69000244140625
2025-10-07,328.3999938964844
2025-10-08,330.79998779296875
2025-10-09,320.2900085449219
2025-10-10,304.7900085449219
2025-10-13,315.4700012207031
2025-10-14,300.6700134277344
2025-10-15,296.760009765625
2025-10-16,283.8399963378906
2025-10-17,289.8699951171875
2025-10-20,296.6099853515625
2025-10-21,301.9100036621094
2025-10-22,280.80999755859375
2025-10-23,284.9200134277344
2025-10-24,289.0799865722656
2025-10-27,295.6300048828125
2025-10-28,284.6400146484375
2025-10-29,275.3599853515625
2025-10-30,254.57000732421875
2025-10-31,269.510009765625
2025-11-03,264.6700134277344
2025-11-04,246.99000549316406
2025-11-05,255.0
2025-11-06,237.1999969482422
2025-11-07,241.92999267578125
2025-11-10,238.8800048828125
2025-11-11,231.35000610351562
2025-11-12,224.61000061035156
2025-11-13,208.5399932861328
2025-11-14,199.75
2025-11-17,195.4199981689453
2025-11-18,206.8000030517578
2025-11-19,186.5
2025-11-20,177.1300048828125
2025-11-21,170.5
2025-11-24,179.0399932861328
2025-11-25,172.19000244140625
2025-11-26,175.63999938964844
2025-11-28,177.17999267578125
2025-12-01,171.4199981689453
2025-12-02,181.3300018310547
2025-12-03,188.38999938964844
2025-12-04,186.00999450683594
2025-12-05,178.99000549316406
2025-12-08,183.69000244140625
2025-12-09,188.99000549316406
2025-12-10,184.63999938964844
2025-12-11,183.3000030517578
2025-12-12,176.4499969482422
2025-12-15,162.0800018310547
2025-12-16,167.5
2025-12-17,160.3800048828125
2025-12-18,158.24000549316406
2025-12-19,164.82000732421875
2025-12-22,164.32000732421875
2025-12-23,157.8800048828125
2025-12-24,158.7100067138672
2025-12-26,158.80999755859375
2025-12-29,155.38999938964844
2025-12-30,155.61000061035156
2025-12-31,151.9499969482422
2026-01-02,157.16000366210938
2026-01-05,164.72000122070312
2026-01-06,157.97000122070312
2026-01-07,161.8300018310547
2026-01-08,166.97000122070312
2026-01-09,157.3300018310547
2026-01-12,162.22999572753906
2026-01-13,172.99000549316406
2026-01-14,179.3300018310547
2026-01-15,170.91000366210938
2026-01-16,173.7100067138672
2026-01-20,160.22999572753906
2026-01-21,163.80999755859375
2026-01-22,160.97999572753906
2026-01-23,163.11000061035156
2026-01-26,160.5800018310547
2026-01-27,161.5800018310547
2026-01-28,158.4499969482422
2026-01-29,143.19000244140625
2026-01-30,149.7100067138672
2026-02-02,139.6300048828125
2026-02-03,133.25999450683594
2026-02-04,129.08999633789062
2026-02-05,106.98999786376953
2026-02-06,134.92999267578125
2026-02-09,138.44000244140625
2026-02-10,133.0
2026-02-11,126.06999969482422
2026-02-12,123.0
2026-02-13,133.8800048828125
2026-02-17,128.6699981689453
2026-02-18,125.19999694824219
2026-02-19,129.4499969482422
2026-02-20,131.0500030517578
2026-02-23,123.70999908447266
2026-02-24,124.61000061035156
2026-02-25,135.64999389648438
2026-02-26,133.39999389648438
2026-02-27,129.5
2026-03-02,137.64999389648438
2026-03-03,132.67999267578125
2026-03-04,146.44000244140625
2026-03-05,139.80999755859375
2026-03-06,133.52999877929688
2026-03-09,138.9499969482422
2026-03-10,138.4600067138672
2026-03-11,138.3300018310547
2026-03-12,137.33999633789062
2026-03-13,139.6699981689453
2026-03-16,147.52000427246094
2026-03-17,150.27999877929688
2026-03-18,140.55999755859375
2026-03-19,138.24000549316406
2026-03-20,135.66000366210938
2026-03-23,138.1999969482422
2026-03-24,136.25
2026-03-25,139.1300048828125
2026-03-26,132.92999267578125
2026-03-27,126.02999877929688
2026-03-30,121.44000244140625
2026-03-31,124.80000305175781
2026-04-01,122.77999877929688
2026-04-02,119.83000183105469
2026-04-06,127.69000244140625
2026-04-07,123.72000122070312
2026-04-08,128.3000030517578
2026-04-09,128.86000061035156
2026-04-10,128.63999938964844
2026-04-13,132.36000061035156
2026-04-14,137.41000366210938
2026-04-15,143.5399932861328
2026-04-16,148.94000244140625
2026-04-17,166.52000427246094
2026-04-20,170.80999755859375
2026-04-21,163.97000122070312
2026-04-22,179.36000061035156
2026-04-23,172.47000122070312
2026-04-24,171.02000427246094
2026-04-27,169.1999969482422
2026-04-28,165.7100067138672
2026-04-29,158.19000244140625
2026-04-30,165.4499969482422
2026-05-01,177.1699981689453
2026-05-04,183.8000030517578
2026-05-05,186.89999389648438
2026-05-06,186.82000732421875
2026-05-07,179.83999633789062
2026-05-08,187.58999633789062
2026-05-11,195.94000244140625
2026-05-12,184.4199981689453
2026-05-13,178.02999877929688
2026-05-14,186.97000122070312
2026-05-15,177.4199981689453
2026-05-18,166.6300048828125
2026-05-19,164.6300048828125
2026-05-20,165.80999755859375
2026-05-21,164.85000610351562
2026-05-22,159.88999938964844
2026-05-26,159.92999267578125
2026-05-27,154.1999969482422
2026-05-28,151.63999938964844
2026-05-29,159.08999633789062
2026-06-01,149.77999877929688
2026-06-02,136.0800018310547
2026-06-03,126.55000305175781
2026-06-04,129.3699951171875
2026-06-05,120.44000244140625
2026-06-08,127.19999694824219
2026-06-09,117.0199966430664
2026-06-10,115.3499984741211
2026-06-11,120.1500015258789
2026-06-12,123.97000122070312
2026-06-15,131.13999938964844
2026-06-16,122.80999755859375
2026-06-17,116.55999755859375
2026-06-18,112.52999877929688
2026-06-22,109.45999908447266
2026-06-23,103.83999633789062
2026-06-24,94.12999725341797
2026-06-25,85.33000183105469
2026-06-26,82.30999755859375
2026-06-29,92.68000030517578
2026-06-30,86.93000030517578
2026-07-01,93.38999938964844
2026-07-02,100.7699966430664
2026-07-06,100.7699966430664
2026-07-07,97.36000061035156
2026-07-08,93.87000274658203
2026-07-09,93.88999938964844
2026-07-10,94.63999938964844
2026-07-13,92.0999984741211
2026-07-14,97.58000183105469
2026-07-15,97.47000122070312
2026-07-16,94.02999877929688
2026-07-17,94.8499984741211
2026-07-20,97.81999969482422
2026-07-21,101.94999694824219
2026-07-22,100.01000213623047
2026-07-23,93.62999725341797
2026-07-24,91.66999816894531
2026-07-27,98.6500015258789
2026-07-28,96.16000366210938
2026-07-29,93.33000183105469
2026-07-30,97.73999786376953
2026-07-31,93.27999877929688
2026-08-03,94.86000061035156
2026-08-04,97.6500015258789
2026-08-05,98.37000274658203
2026-08-06,96.8499984741211
2026-08-07,100.01000213623047
2026-08-10,97.33000183105469
2026-08-11,96.08999633789062
2026-08-12,94.83000183105469
2026-08-13,97.0999984741211
2026-08-14,93.04000091552734
2026-08-17,97.68000030517578
2026-08-18,92.5199966430664
2026-08-19,104.25
2026-08-20,112.38999938964844
2026-08-21,119.25
2026-08-24,122.62999725341797
2026-08-25,126.83000183105469
2026-08-26,123.19000244140625
2026-08-27,137.39999389648438
2026-08-28,127.30999755859375
2026-08-31,132.94000244140625
2026-09-01,124.87999725341797
2026-09-02,123.19000244140625
2026-09-03,144.82000732421875
2026-09-04,142.8000030517578
2026-09-08,136.52000427246094
2026-09-09,132.6999969482422
2026-09-10,128.55999755859375
2026-09-11,130.97000122070312
2026-09-14,136.94000244140625
2026-09-15,129.60000610351562
2026-09-16,126.18000030517578
2026-09-17,132.25
2026-09-18,153.9199981689453
2026-09-21,168.5
2026-09-22,167.3300018310547
2026-09-23,162.1999969482422
2026-09-24,161.61000061035156
2026-09-25,158.61000061035156
2026-09-28,157.13999938964844
2026-09-29,154.6699981689453
2026-09-30,153.08999633789062
2026-10-01,160.5
2026-10-02,160.00999450683594
2026-10-05,164.42999267578125
2026-10-06,164.5500030517578
2026-10-07,153.3699951171875
2026-10-08,151.47000122070312
2026-10-09,154.33999633789062
